run_id,study_id,result_type,code,lo,hi,unit,kind,basis,role,status,attribution
SID0001-PYGCMS,SID0001,polymer,PE,,,,,,field_detection,confirmed,direct
SID0001-PYGCMS,SID0001,polymer,PET,,,,,,field_detection,confirmed,direct
SID0001-PYGCMS,SID0001,polymer,PVC,,,,,,field_detection,confirmed,direct
SID0001-PYGCMS,SID0001,polymer,PA,,,,,,field_detection,confirmed,direct
SID0001-PYGCMS,SID0001,polymer,PA66,,,,,,field_detection,confirmed,direct
SID0001-PYGCMS,SID0001,polymer,PE,,,,,,recovery_spike,known_material,direct
SID0002-ATR_FTIR,SID0002,polymer,PE,,,,,,reported,confirmed,shared
SID0002-PYGCMS,SID0002,polymer,PE,,,,,,reported,confirmed,shared
SID0002-ATR_FTIR,SID0002,polymer,PP,,,,,,reported,confirmed,shared
SID0002-PYGCMS,SID0002,polymer,PP,,,,,,reported,confirmed,shared
SID0002-ATR_FTIR,SID0002,polymer,PET,,,,,,reported,confirmed,shared
SID0002-PYGCMS,SID0002,polymer,PET,,,,,,reported,confirmed,shared
SID0002-ATR_FTIR,SID0002,polymer,PS,,,,,,reported,confirmed,shared
SID0002-PYGCMS,SID0002,polymer,PS,,,,,,reported,confirmed,shared
SID0002-ATR_FTIR,SID0002,polymer,PVC,,,,,,reported,confirmed,shared
SID0002-PYGCMS,SID0002,polymer,PVC,,,,,,reported,confirmed,shared
SID0002-ATR_FTIR,SID0002,polymer,PA,,,,,,reported,confirmed,shared
SID0002-PYGCMS,SID0002,polymer,PA,,,,,,reported,confirmed,shared
SID0002-ATR_FTIR,SID0002,polymer,PU,,,,,,reported,confirmed,shared
SID0002-PYGCMS,SID0002,polymer,PU,,,,,,reported,confirmed,shared
SID0002-ATR_FTIR,SID0002,polymer,PC,,,,,,reported,confirmed,shared
SID0002-PYGCMS,SID0002,polymer,PC,,,,,,reported,confirmed,shared
SID0002-ATR_FTIR,SID0002,polymer,PMMA,,,,,,reported,confirmed,shared
SID0002-PYGCMS,SID0002,polymer,PMMA,,,,,,reported,confirmed,shared
SID0002-ATR_FTIR,SID0002,polymer,PA66,,,,,,reported,confirmed,shared
SID0002-PYGCMS,SID0002,polymer,PA66,,,,,,reported,confirmed,shared
SID0002-ATR_FTIR,SID0002,polymer,PA6,,,,,,reported,confirmed,shared
SID0002-PYGCMS,SID0002,polymer,PA6,,,,,,reported,confirmed,shared
SID0002-ATR_FTIR,SID0002,polymer,SBR,,,,,,reported,confirmed,shared
SID0002-PYGCMS,SID0002,polymer,SBR,,,,,,reported,confirmed,shared
SID0002-ATR_FTIR,SID0002,polymer,ABS,,,,,,reported,confirmed,shared
SID0002-PYGCMS,SID0002,polymer,ABS,,,,,,reported,confirmed,shared
SID0002-ATR_FTIR,SID0002,polymer,RAYON,,,,,,reported,confirmed,shared
SID0002-PYGCMS,SID0002,polymer,RAYON,,,,,,reported,confirmed,shared
SID0003-LDIR,SID0003,polymer,PE,,,,,,field_detection,confirmed,shared
SID0003-PYGCMS,SID0003,polymer,PE,,,,,,field_detection,confirmed,shared
SID0003-LDIR,SID0003,polymer,PP,,,,,,field_detection,confirmed,shared
SID0003-PYGCMS,SID0003,polymer,PP,,,,,,field_detection,confirmed,shared
SID0003-LDIR,SID0003,polymer,PET,,,,,,field_detection,confirmed,shared
SID0003-PYGCMS,SID0003,polymer,PET,,,,,,field_detection,confirmed,shared
SID0003-LDIR,SID0003,polymer,PVC,,,,,,field_detection,confirmed,shared
SID0003-PYGCMS,SID0003,polymer,PVC,,,,,,field_detection,confirmed,shared
SID0003-LDIR,SID0003,polymer,PA,,,,,,field_detection,confirmed,shared
SID0003-PYGCMS,SID0003,polymer,PA,,,,,,field_detection,confirmed,shared
SID0003-LDIR,SID0003,polymer,PU,,,,,,field_detection,confirmed,shared
SID0003-PYGCMS,SID0003,polymer,PU,,,,,,field_detection,confirmed,shared
SID0003-LDIR,SID0003,polymer,PMMA,,,,,,field_detection,confirmed,shared
SID0003-PYGCMS,SID0003,polymer,PMMA,,,,,,field_detection,confirmed,shared
SID0003-LDIR,SID0003,polymer,ACR,,,,,,field_detection,confirmed,shared
SID0003-PYGCMS,SID0003,polymer,ACR,,,,,,field_detection,confirmed,shared
SID0003-LDIR,SID0003,polymer,PE-CL,,,,,,field_detection,confirmed,shared
SID0003-PYGCMS,SID0003,polymer,PE-CL,,,,,,field_detection,confirmed,shared
SID0003-LDIR,SID0003,polymer,EVA,,,,,,field_detection,confirmed,shared
SID0003-PYGCMS,SID0003,polymer,EVA,,,,,,field_detection,confirmed,shared
SID0003-LDIR,SID0003,polymer,PB,,,,,,field_detection,confirmed,shared
SID0003-PYGCMS,SID0003,polymer,PB,,,,,,field_detection,confirmed,shared
SID0003-LDIR,SID0003,polymer,EAA,,,,,,field_detection,confirmed,shared
SID0003-PYGCMS,SID0003,polymer,EAA,,,,,,field_detection,confirmed,shared
SID0003-LDIR,SID0003,polymer,FKM,,,,,,field_detection,confirmed,shared
SID0003-PYGCMS,SID0003,polymer,FKM,,,,,,field_detection,confirmed,shared
SID0003-LDIR,SID0003,polymer,MBS,,,,,,field_detection,confirmed,shared
SID0003-PYGCMS,SID0003,polymer,MBS,,,,,,field_detection,confirmed,shared
SID0003-LDIR,SID0003,polymer,PIB,,,,,,field_detection,confirmed,shared
SID0003-PYGCMS,SID0003,polymer,PIB,,,,,,field_detection,confirmed,shared
SID0003-LDIR,SID0003,polymer,POM,,,,,,field_detection,confirmed,shared
SID0003-PYGCMS,SID0003,polymer,POM,,,,,,field_detection,confirmed,shared
SID0003-LDIR,SID0003,polymer,PA66,,,,,,field_detection,confirmed,shared
SID0003-PYGCMS,SID0003,polymer,PA66,,,,,,field_detection,confirmed,shared
SID0003-LDIR,SID0003,polymer,PE,,,,,,recovery_spike,known_material,shared
SID0003-PYGCMS,SID0003,polymer,PE,,,,,,recovery_spike,known_material,shared
SID0003-LDIR,SID0003,polymer,PA66,,,,,,recovery_spike,known_material,shared
SID0003-PYGCMS,SID0003,polymer,PA66,,,,,,recovery_spike,known_material,shared
SID0003-LDIR,SID0003,polymer,PVC,,,,,,recovery_spike,known_material,shared
SID0003-PYGCMS,SID0003,polymer,PVC,,,,,,recovery_spike,known_material,shared
SID0003-LDIR,SID0003,polymer,PS,,,,,,recovery_spike,known_material,shared
SID0003-PYGCMS,SID0003,polymer,PS,,,,,,recovery_spike,known_material,shared
SID0003-LDIR,SID0003,polymer,PET,,,,,,recovery_spike,known_material,shared
SID0003-PYGCMS,SID0003,polymer,PET,,,,,,recovery_spike,known_material,shared
SID0003-LDIR,SID0003,polymer,PMMA,,,,,,recovery_spike,known_material,shared
SID0003-PYGCMS,SID0003,polymer,PMMA,,,,,,recovery_spike,known_material,shared
SID0003-LDIR,SID0003,polymer,PC,,,,,,recovery_spike,known_material,shared
SID0003-PYGCMS,SID0003,polymer,PC,,,,,,recovery_spike,known_material,shared
SID0003-LDIR,SID0003,polymer,PA6,,,,,,recovery_spike,known_material,shared
SID0003-PYGCMS,SID0003,polymer,PA6,,,,,,recovery_spike,known_material,shared
SID0003-LDIR,SID0003,polymer,PP,,,,,,recovery_spike,known_material,shared
SID0003-PYGCMS,SID0003,polymer,PP,,,,,,recovery_spike,known_material,shared
SID0004-RAMAN,SID0004,polymer,PE,,,,,,reported,confirmed,direct
SID0004-RAMAN,SID0004,polymer,PP,,,,,,reported,confirmed,direct
SID0004-RAMAN,SID0004,polymer,PET,,,,,,reported,confirmed,direct
SID0004-RAMAN,SID0004,polymer,PS,,,,,,reported,confirmed,direct
SID0004-RAMAN,SID0004,polymer,PVC,,,,,,reported,confirmed,direct
SID0004-RAMAN,SID0004,polymer,PA,,,,,,reported,confirmed,direct
SID0004-RAMAN,SID0004,polymer,PMMA,,,,,,reported,confirmed,direct
SID0004-RAMAN,SID0004,polymer,CELL,,,,,,reported,confirmed,direct
SID0005-RAMAN,SID0005,polymer,PE,,,,,,field_detection,confirmed,direct
SID0005-RAMAN,SID0005,polymer,PP,,,,,,field_detection,confirmed,direct
SID0005-RAMAN,SID0005,polymer,PET,,,,,,field_detection,confirmed,direct
SID0005-RAMAN,SID0005,polymer,PS,,,,,,field_detection,confirmed,direct
SID0005-RAMAN,SID0005,polymer,PVC,,,,,,field_detection,confirmed,direct
SID0005-RAMAN,SID0005,polymer,PC,,,,,,field_detection,confirmed,direct
SID0005-RAMAN,SID0005,polymer,POM,,,,,,field_detection,confirmed,direct
SID0005-RAMAN,SID0005,polymer,ACR,,,,,,field_detection,confirmed,direct
SID0007-PYGCMS,SID0007,polymer,PS,,,,,,reported,confirmed,direct
SID0007-PYGCMS,SID0007,polymer,PS,,,,,,recovery_spike,known_material,direct
SID0008-RAMAN,SID0008,polymer,PE-HD,,,,,,exposure_material,confirmed,direct
SID0008-RAMAN,SID0008,polymer,PC,,,,,,exposure_material,confirmed,direct
SID0009-PYGCMS,SID0009,polymer,PE,,,,,,field_detection,confirmed,direct
SID0009-PYGCMS,SID0009,polymer,PP,,,,,,field_detection,confirmed,direct
SID0009-PYGCMS,SID0009,polymer,PS,,,,,,field_detection,confirmed,direct
SID0009-PYGCMS,SID0009,polymer,PVC,,,,,,field_detection,confirmed,direct
SID0010-RAMAN,SID0010,polymer,PE,,,,,,field_detection,confirmed,direct
SID0010-RAMAN,SID0010,polymer,PP,,,,,,field_detection,confirmed,direct
SID0010-RAMAN,SID0010,polymer,PS,,,,,,field_detection,confirmed,direct
SID0010-RAMAN,SID0010,polymer,PVC,,,,,,field_detection,confirmed,direct
SID0010-RAMAN,SID0010,polymer,PA,,,,,,field_detection,confirmed,direct
SID0010-RAMAN,SID0010,polymer,PU,,,,,,field_detection,confirmed,direct
SID0010-RAMAN,SID0010,polymer,PC,,,,,,field_detection,confirmed,direct
SID0010-RAMAN,SID0010,polymer,PMMA,,,,,,field_detection,confirmed,direct
SID0010-RAMAN,SID0010,polymer,EVA,,,,,,field_detection,confirmed,direct
SID0010-RAMAN,SID0010,polymer,PEST,,,,,,field_detection,confirmed,direct
SID0010-RAMAN,SID0010,polymer,PSU,,,,,,field_detection,confirmed,direct
SID0010-RAMAN,SID0010,polymer,PVME,,,,,,field_detection,confirmed,direct
SID0010-RAMAN,SID0010,polymer,PVP,,,,,,field_detection,confirmed,direct
SID0010-RAMAN,SID0010,polymer,EPM,,,,,,field_detection,confirmed,direct
SID0013-RAMAN,SID0013,polymer,PE,,,,,,field_detection,confirmed,shared
SID0013-PYGCMS,SID0013,polymer,PE,,,,,,field_detection,confirmed,shared
SID0013-RAMAN,SID0013,polymer,PS,,,,,,field_detection,confirmed,shared
SID0013-PYGCMS,SID0013,polymer,PS,,,,,,field_detection,confirmed,shared
SID0013-RAMAN,SID0013,polymer,PVC,,,,,,field_detection,confirmed,shared
SID0013-PYGCMS,SID0013,polymer,PVC,,,,,,field_detection,confirmed,shared
SID0013-RAMAN,SID0013,polymer,PC,,,,,,field_detection,confirmed,shared
SID0013-PYGCMS,SID0013,polymer,PC,,,,,,field_detection,confirmed,shared
SID0013-RAMAN,SID0013,polymer,ABS,,,,,,field_detection,confirmed,shared
SID0013-PYGCMS,SID0013,polymer,ABS,,,,,,field_detection,confirmed,shared
SID0013-RAMAN,SID0013,polymer,PTFE,,,,,,field_detection,confirmed,shared
SID0013-PYGCMS,SID0013,polymer,PTFE,,,,,,field_detection,confirmed,shared
SID0014-UFTIR,SID0014,polymer,PE,,,,,,field_detection,confirmed,direct
SID0014-UFTIR,SID0014,polymer,PP,,,,,,field_detection,confirmed,direct
SID0014-UFTIR,SID0014,polymer,PET,,,,,,field_detection,confirmed,direct
SID0014-UFTIR,SID0014,polymer,PS,,,,,,field_detection,confirmed,direct
SID0014-UFTIR,SID0014,polymer,PA,,,,,,field_detection,confirmed,direct
SID0014-UFTIR,SID0014,polymer,PU,,,,,,field_detection,confirmed,direct
SID0014-UFTIR,SID0014,polymer,ABS,,,,,,field_detection,confirmed,direct
SID0014-UFTIR,SID0014,polymer,ACR,,,,,,field_detection,confirmed,direct
SID0014-UFTIR,SID0014,polymer,PA,,,,,,recovery_spike,known_material,direct
SID0014-UFTIR,SID0014,polymer,PS-E,,,,,,recovery_spike,known_material,direct
SID0014-UFTIR,SID0014,polymer,PE-HD,,,,,,recovery_spike,known_material,direct
SID0014-UFTIR,SID0014,polymer,PP,,,,,,recovery_spike,known_material,direct
SID0015-PYGCMS,SID0015,polymer,PE,,,,,,field_detection,confirmed,direct
SID0015-PYGCMS,SID0015,polymer,PP,,,,,,field_detection,confirmed,direct
SID0015-PYGCMS,SID0015,polymer,PET,,,,,,field_detection,confirmed,direct
SID0015-PYGCMS,SID0015,polymer,PS,,,,,,field_detection,confirmed,direct
SID0015-PYGCMS,SID0015,polymer,PMMA,,,,,,field_detection,below_quantification,direct
SID0015-PYGCMS,SID0015,polymer,PVC,,,,,,excluded_target,not_applicable,direct
SID0015-PYGCMS,SID0015,polymer,PE,,,,,,recovery_spike,known_material,direct
SID0015-PYGCMS,SID0015,polymer,PMMA,,,,,,recovery_spike,known_material,direct
SID0015-PYGCMS,SID0015,polymer,PP,,,,,,recovery_spike,known_material,direct
SID0015-PYGCMS,SID0015,polymer,PS,,,,,,recovery_spike,known_material,direct
SID0015-PYGCMS,SID0015,polymer,PET,,,,,,recovery_spike,known_material,direct
SID0016-RAMAN,SID0016,polymer,PET,,,,,,exposure_material,known_material,direct
SID0016-RAMAN,SID0016,polymer,PP,,,,,,exposure_material,known_material,direct
SID0018-PYGCMS,SID0018,polymer,PS,,,,,,field_detection,tentative,direct
SID0018-PYGCMS,SID0018,polymer,PP,,,,,,field_detection,contamination_qualified,direct
SID0018-PYGCMS,SID0018,polymer,PE,,,,,,field_detection,interference,direct
SID0018-PYGCMS,SID0018,polymer,PMMA,,,,,,target_not_detected,below_detection,direct
SID0018-PYGCMS,SID0018,polymer,PET,,,,,,target_not_detected,below_detection,direct
SID0018-PYGCMS,SID0018,polymer,PVC,,,,,,target_not_detected,below_detection,direct
SID0018-PYGCMS,SID0018,polymer,PC,,,,,,target_not_detected,below_detection,direct
SID0018-PYGCMS,SID0018,polymer,PA6,,,,,,target_not_detected,below_detection,direct
SID0018-PYGCMS,SID0018,polymer,PA66,,,,,,target_not_detected,below_detection,direct
SID0018-PYGCMS,SID0018,polymer,PE,,,,,,recovery_spike,known_material,direct
SID0018-PYGCMS,SID0018,polymer,PP,,,,,,recovery_spike,known_material,direct
SID0018-PYGCMS,SID0018,polymer,PMMA,,,,,,recovery_spike,known_material,direct
SID0018-PYGCMS,SID0018,polymer,PC,,,,,,recovery_spike,known_material,direct
SID0018-PYGCMS,SID0018,polymer,PA6,,,,,,recovery_spike,known_material,direct
SID0018-PYGCMS,SID0018,polymer,PA66,,,,,,recovery_spike,known_material,direct
SID0018-PYGCMS,SID0018,polymer,PS,,,,,,recovery_spike,known_material,direct
SID0019-PYGCMS,SID0019,polymer,PE,,,,,,reported,confirmed,shared
SID0019-UFTIR,SID0019,polymer,PE,,,,,,reported,confirmed,shared
SID0019-PYGCMS,SID0019,polymer,PP,,,,,,reported,confirmed,shared
SID0019-UFTIR,SID0019,polymer,PP,,,,,,reported,confirmed,shared
SID0019-PYGCMS,SID0019,polymer,PS,,,,,,reported,confirmed,shared
SID0019-UFTIR,SID0019,polymer,PS,,,,,,reported,confirmed,shared
SID0019-PYGCMS,SID0019,polymer,PVC,,,,,,reported,confirmed,shared
SID0019-UFTIR,SID0019,polymer,PVC,,,,,,reported,confirmed,shared
SID0019-PYGCMS,SID0019,polymer,PC,,,,,,reported,confirmed,shared
SID0019-UFTIR,SID0019,polymer,PC,,,,,,reported,confirmed,shared
SID0019-PYGCMS,SID0019,polymer,PA,,,,,,reported,confirmed,shared
SID0019-UFTIR,SID0019,polymer,PA,,,,,,reported,confirmed,shared
SID0019-PYGCMS,SID0019,polymer,PEST,,,,,,reported,confirmed,shared
SID0019-UFTIR,SID0019,polymer,PEST,,,,,,reported,confirmed,shared
SID0019-PYGCMS,SID0019,polymer,PET,,,,,,reported,confirmed,shared
SID0019-UFTIR,SID0019,polymer,PET,,,,,,reported,confirmed,shared
SID0019-PYGCMS,SID0019,polymer,PE,,,,,,recovery_spike,known_material,shared
SID0019-UFTIR,SID0019,polymer,PE,,,,,,recovery_spike,known_material,shared
SID0019-PYGCMS,SID0019,polymer,PS,,,,,,recovery_spike,known_material,shared
SID0019-UFTIR,SID0019,polymer,PS,,,,,,recovery_spike,known_material,shared
SID0019-PYGCMS,SID0019,polymer,PP,,,,,,recovery_spike,known_material,shared
SID0019-UFTIR,SID0019,polymer,PP,,,,,,recovery_spike,known_material,shared
SID0019-PYGCMS,SID0019,polymer,PVC,,,,,,recovery_spike,known_material,shared
SID0019-UFTIR,SID0019,polymer,PVC,,,,,,recovery_spike,known_material,shared
SID0020-PYGCMS,SID0020,polymer,PE,,,,,,field_detection,confirmed,direct
SID0020-PYGCMS,SID0020,polymer,PP,,,,,,field_detection,confirmed,direct
SID0020-PYGCMS,SID0020,polymer,PET,,,,,,field_detection,confirmed,direct
SID0020-PYGCMS,SID0020,polymer,PS,,,,,,field_detection,confirmed,direct
SID0020-PYGCMS,SID0020,polymer,PVC,,,,,,field_detection,confirmed,direct
SID0020-PYGCMS,SID0020,polymer,PC,,,,,,field_detection,confirmed,direct
SID0020-PYGCMS,SID0020,polymer,PMMA,,,,,,field_detection,confirmed,direct
SID0021-RAMAN,SID0021,polymer,PE,,,,,,field_detection,confirmed,direct
SID0021-RAMAN,SID0021,polymer,PP,,,,,,field_detection,confirmed,direct
SID0021-RAMAN,SID0021,polymer,PET,,,,,,field_detection,confirmed,direct
SID0021-RAMAN,SID0021,polymer,PS,,,,,,field_detection,confirmed,direct
SID0021-RAMAN,SID0021,polymer,PVC,,,,,,field_detection,confirmed,direct
SID0022-PYGCMS,SID0022,polymer,PE,,,,,,field_detection,confirmed,direct
SID0022-PYGCMS,SID0022,polymer,PP,,,,,,field_detection,confirmed,direct
SID0022-PYGCMS,SID0022,polymer,PET,,,,,,field_detection,confirmed,direct
SID0022-PYGCMS,SID0022,polymer,PS,,,,,,field_detection,confirmed,direct
SID0022-PYGCMS,SID0022,polymer,PC,,,,,,field_detection,confirmed,direct
SID0022-PYGCMS,SID0022,polymer,PMMA,,,,,,target_not_reported,contamination_qualified,direct
SID0022-PYGCMS,SID0022,polymer,PVC,,,,,,excluded_target,not_applicable,direct
SID0022-PYGCMS,SID0022,polymer,PE,,,,,,recovery_spike,known_material,direct
SID0022-PYGCMS,SID0022,polymer,PET,,,,,,recovery_spike,known_material,direct
SID0022-PYGCMS,SID0022,polymer,PMMA,,,,,,recovery_spike,known_material,direct
SID0022-PYGCMS,SID0022,polymer,PP,,,,,,recovery_spike,known_material,direct
SID0022-PYGCMS,SID0022,polymer,PC,,,,,,recovery_spike,known_material,direct
SID0022-PYGCMS,SID0022,polymer,PS,,,,,,recovery_spike,known_material,direct
SID0024-RAMAN,SID0024,polymer,PE,,,,,,reported,confirmed,direct
SID0024-RAMAN,SID0024,polymer,PE,,,,,,recovery_spike,known_material,direct
SID0026-RAMAN,SID0026,polymer,PE,,,,,,field_detection,confirmed,shared
SID0026-UFTIR,SID0026,polymer,PE,,,,,,field_detection,confirmed,shared
SID0026-RAMAN,SID0026,polymer,PP,,,,,,field_detection,confirmed,shared
SID0026-UFTIR,SID0026,polymer,PP,,,,,,field_detection,confirmed,shared
SID0026-RAMAN,SID0026,polymer,PET,,,,,,field_detection,confirmed,shared
SID0026-UFTIR,SID0026,polymer,PET,,,,,,field_detection,confirmed,shared
SID0026-RAMAN,SID0026,polymer,PS,,,,,,field_detection,confirmed,shared
SID0026-UFTIR,SID0026,polymer,PS,,,,,,field_detection,confirmed,shared
SID0026-RAMAN,SID0026,polymer,PEST,,,,,,field_detection,confirmed,shared
SID0026-UFTIR,SID0026,polymer,PEST,,,,,,field_detection,confirmed,shared
SID0026-RAMAN,SID0026,polymer,PDMS,,,,,,field_detection,confirmed,shared
SID0026-UFTIR,SID0026,polymer,PDMS,,,,,,field_detection,confirmed,shared
SID0026-RAMAN,SID0026,polymer,EP,,,,,,field_detection,confirmed,shared
SID0026-UFTIR,SID0026,polymer,EP,,,,,,field_detection,confirmed,shared
SID0026-RAMAN,SID0026,polymer,PS,,,,,,recovery_spike,known_material,shared
SID0026-UFTIR,SID0026,polymer,PS,,,,,,recovery_spike,known_material,shared
SID0027-RAMAN,SID0027,polymer,PP,,,,,,field_detection,confirmed,shared
SID0027-UFTIR,SID0027,polymer,PP,,,,,,field_detection,confirmed,shared
SID0027-RAMAN,SID0027,polymer,PVC,,,,,,field_detection,confirmed,shared
SID0027-UFTIR,SID0027,polymer,PVC,,,,,,field_detection,confirmed,shared
SID0027-RAMAN,SID0027,polymer,PA,,,,,,field_detection,confirmed,shared
SID0027-UFTIR,SID0027,polymer,PA,,,,,,field_detection,confirmed,shared
SID0027-RAMAN,SID0027,polymer,RAYON,,,,,,field_detection,confirmed,shared
SID0027-UFTIR,SID0027,polymer,RAYON,,,,,,field_detection,confirmed,shared
SID0027-RAMAN,SID0027,polymer,PEST,,,,,,field_detection,confirmed,shared
SID0027-UFTIR,SID0027,polymer,PEST,,,,,,field_detection,confirmed,shared
SID0027-RAMAN,SID0027,polymer,CELL,,,,,,field_detection,confirmed,shared
SID0027-UFTIR,SID0027,polymer,CELL,,,,,,field_detection,confirmed,shared
SID0028-ATR_FTIR,SID0028,polymer,PE,,,,,,field_detection,confirmed,direct
SID0028-ATR_FTIR,SID0028,polymer,PP,,,,,,field_detection,confirmed,direct
SID0028-ATR_FTIR,SID0028,polymer,PS,,,,,,field_detection,confirmed,direct
SID0028-ATR_FTIR,SID0028,polymer,PA,,,,,,field_detection,confirmed,direct
SID0028-ATR_FTIR,SID0028,polymer,PE-HD,,,,,,field_detection,confirmed,direct
SID0028-ATR_FTIR,SID0028,polymer,EPDM,,,,,,field_detection,confirmed,direct
SID0028-ATR_FTIR,SID0028,polymer,EPM,,,,,,field_detection,confirmed,direct
SID0029-RAMAN,SID0029,polymer,PE,,,,,,reported,confirmed,shared
SID0029-ATR_FTIR,SID0029,polymer,PE,,,,,,reported,confirmed,shared
SID0029-RAMAN,SID0029,polymer,PVAC,,,,,,reported,confirmed,shared
SID0029-ATR_FTIR,SID0029,polymer,PVAC,,,,,,reported,confirmed,shared
SID0029-RAMAN,SID0029,polymer,PS,,,,,,mentioned_uncertain,confirmed,shared
SID0029-ATR_FTIR,SID0029,polymer,PS,,,,,,mentioned_uncertain,confirmed,shared
SID0029-RAMAN,SID0029,polymer,PS,,,,,,recovery_spike,known_material,shared
SID0029-ATR_FTIR,SID0029,polymer,PS,,,,,,recovery_spike,known_material,shared
SID0030-RAMAN,SID0030,polymer,PE,,,,,,field_detection,confirmed,direct
SID0030-RAMAN,SID0030,polymer,PP,,,,,,field_detection,confirmed,direct
SID0030-RAMAN,SID0030,polymer,PET,,,,,,field_detection,confirmed,direct
SID0030-RAMAN,SID0030,polymer,PS,,,,,,field_detection,confirmed,direct
SID0030-RAMAN,SID0030,polymer,PVC,,,,,,field_detection,confirmed,direct
SID0030-RAMAN,SID0030,polymer,PESU,,,,,,field_detection,confirmed,direct
SID0031-RAMAN,SID0031,polymer,PE,,,,,,field_detection,confirmed,direct
SID0031-RAMAN,SID0031,polymer,PU,,,,,,field_detection,confirmed,direct
SID0031-RAMAN,SID0031,polymer,EVA,,,,,,field_detection,confirmed,direct
SID0031-RAMAN,SID0031,polymer,ACR,,,,,,field_detection,confirmed,direct
SID0032-PYGCMS,SID0032,polymer,PE,,,,,,reported,confirmed,direct
SID0032-PYGCMS,SID0032,polymer,PP,,,,,,reported,confirmed,direct
SID0032-PYGCMS,SID0032,polymer,PET,,,,,,reported,confirmed,direct
SID0032-PYGCMS,SID0032,polymer,PS,,,,,,reported,confirmed,direct
SID0032-PYGCMS,SID0032,polymer,PVC,,,,,,reported,confirmed,direct
SID0032-PYGCMS,SID0032,polymer,PC,,,,,,reported,confirmed,direct
SID0032-PYGCMS,SID0032,polymer,PMMA,,,,,,reported,confirmed,direct
SID0032-PYGCMS,SID0032,polymer,PA,,,,,,reported,confirmed,direct
SID0032-PYGCMS,SID0032,polymer,PU,,,,,,reported,confirmed,direct
SID0032-PYGCMS,SID0032,polymer,PA66,,,,,,reported,confirmed,direct
SID0032-PYGCMS,SID0032,polymer,ABS,,,,,,reported,confirmed,direct
SID0032-PYGCMS,SID0032,polymer,SBR,,,,,,reported,confirmed,direct
SID0032-PYGCMS,SID0032,polymer,PE,,,,,,recovery_spike,known_material,direct
SID0032-PYGCMS,SID0032,polymer,PA66,,,,,,recovery_spike,known_material,direct
SID0032-PYGCMS,SID0032,polymer,PP,,,,,,recovery_spike,known_material,direct
SID0032-PYGCMS,SID0032,polymer,PVC,,,,,,recovery_spike,known_material,direct
SID0032-PYGCMS,SID0032,polymer,ABS,,,,,,recovery_spike,known_material,direct
SID0032-PYGCMS,SID0032,polymer,PA6,,,,,,recovery_spike,known_material,direct
SID0032-PYGCMS,SID0032,polymer,PC,,,,,,recovery_spike,known_material,direct
SID0032-PYGCMS,SID0032,polymer,PET,,,,,,recovery_spike,known_material,direct
SID0032-PYGCMS,SID0032,polymer,PMMA,,,,,,recovery_spike,known_material,direct
SID0032-PYGCMS,SID0032,polymer,PS,,,,,,recovery_spike,known_material,direct
SID0032-PYGCMS,SID0032,polymer,PU,,,,,,recovery_spike,known_material,direct
SID0032-PYGCMS,SID0032,polymer,SBR,,,,,,recovery_spike,known_material,direct
SID0034-RAMAN,SID0034,polymer,PE,,,,,,field_detection,confirmed,direct
SID0034-RAMAN,SID0034,polymer,PP,,,,,,field_detection,confirmed,direct
SID0034-RAMAN,SID0034,polymer,PET,,,,,,field_detection,confirmed,direct
SID0034-RAMAN,SID0034,polymer,PS,,,,,,field_detection,confirmed,direct
SID0035-RAMAN,SID0035,polymer,PE,,,,,,field_detection,confirmed,shared
SID0035-UFTIR,SID0035,polymer,PE,,,,,,field_detection,confirmed,shared
SID0035-RAMAN,SID0035,polymer,PP,,,,,,field_detection,confirmed,shared
SID0035-UFTIR,SID0035,polymer,PP,,,,,,field_detection,confirmed,shared
SID0035-RAMAN,SID0035,polymer,PET,,,,,,field_detection,confirmed,shared
SID0035-UFTIR,SID0035,polymer,PET,,,,,,field_detection,confirmed,shared
SID0035-RAMAN,SID0035,polymer,PEST,,,,,,field_detection,confirmed,shared
SID0035-UFTIR,SID0035,polymer,PEST,,,,,,field_detection,confirmed,shared
SID0035-RAMAN,SID0035,polymer,ACR,,,,,,field_detection,confirmed,shared
SID0035-UFTIR,SID0035,polymer,ACR,,,,,,field_detection,confirmed,shared
SID0035-RAMAN,SID0035,polymer,CELL,,,,,,field_detection,confirmed,shared
SID0035-UFTIR,SID0035,polymer,CELL,,,,,,field_detection,confirmed,shared
SID0037-PYGCMS,SID0037,polymer,PP,,,,,,reported,confirmed,direct
SID0037-PYGCMS,SID0037,polymer,PVC,,,,,,reported,confirmed,direct
SID0037-PYGCMS,SID0037,polymer,RAYON,,,,,,reported,confirmed,direct
SID0038-ATR_FTIR,SID0038,polymer,PE,,,,,,field_detection,confirmed,shared
SID0038-UFTIR,SID0038,polymer,PE,,,,,,field_detection,confirmed,shared
SID0038-ATR_FTIR,SID0038,polymer,PP,,,,,,field_detection,confirmed,shared
SID0038-UFTIR,SID0038,polymer,PP,,,,,,field_detection,confirmed,shared
SID0038-ATR_FTIR,SID0038,polymer,PET,,,,,,field_detection,confirmed,shared
SID0038-UFTIR,SID0038,polymer,PET,,,,,,field_detection,confirmed,shared
SID0038-ATR_FTIR,SID0038,polymer,PS,,,,,,field_detection,confirmed,shared
SID0038-UFTIR,SID0038,polymer,PS,,,,,,field_detection,confirmed,shared
SID0038-ATR_FTIR,SID0038,polymer,PVC,,,,,,field_detection,confirmed,shared
SID0038-UFTIR,SID0038,polymer,PVC,,,,,,field_detection,confirmed,shared
SID0038-ATR_FTIR,SID0038,polymer,PA,,,,,,field_detection,confirmed,shared
SID0038-UFTIR,SID0038,polymer,PA,,,,,,field_detection,confirmed,shared
SID0038-ATR_FTIR,SID0038,polymer,PU,,,,,,field_detection,confirmed,shared
SID0038-UFTIR,SID0038,polymer,PU,,,,,,field_detection,confirmed,shared
SID0038-ATR_FTIR,SID0038,polymer,PMMA,,,,,,field_detection,confirmed,shared
SID0038-UFTIR,SID0038,polymer,PMMA,,,,,,field_detection,confirmed,shared
SID0038-ATR_FTIR,SID0038,polymer,EVA,,,,,,field_detection,confirmed,shared
SID0038-UFTIR,SID0038,polymer,EVA,,,,,,field_detection,confirmed,shared
SID0038-ATR_FTIR,SID0038,polymer,POM,,,,,,field_detection,confirmed,shared
SID0038-UFTIR,SID0038,polymer,POM,,,,,,field_detection,confirmed,shared
SID0039-ATR_FTIR,SID0039,polymer,PP,,,,,,field_detection,confirmed,shared
SID0039-UFTIR,SID0039,polymer,PP,,,,,,field_detection,confirmed,shared
SID0039-ATR_FTIR,SID0039,polymer,PS,,,,,,field_detection,confirmed,shared
SID0039-UFTIR,SID0039,polymer,PS,,,,,,field_detection,confirmed,shared
SID0039-ATR_FTIR,SID0039,polymer,PA,,,,,,field_detection,confirmed,shared
SID0039-UFTIR,SID0039,polymer,PA,,,,,,field_detection,confirmed,shared
SID0039-ATR_FTIR,SID0039,polymer,PU,,,,,,field_detection,confirmed,shared
SID0039-UFTIR,SID0039,polymer,PU,,,,,,field_detection,confirmed,shared
SID0040-UFTIR,SID0040,polymer,PS,,,,,,field_detection,confirmed,direct
SID0040-UFTIR,SID0040,polymer,PMMA,,,,,,field_detection,confirmed,direct
SID0040-UFTIR,SID0040,polymer,PA,,,,,,field_detection,confirmed,direct
SID0040-UFTIR,SID0040,polymer,PU,,,,,,field_detection,confirmed,direct
SID0040-UFTIR,SID0040,polymer,PC,,,,,,field_detection,confirmed,direct
SID0040-UFTIR,SID0040,polymer,PTFE,,,,,,field_detection,confirmed,direct
SID0040-UFTIR,SID0040,polymer,CA,,,,,,field_detection,confirmed,direct
SID0041-ATR_FTIR,SID0041,polymer,PP,,,,,,field_detection,confirmed,direct
SID0041-ATR_FTIR,SID0041,polymer,PA,,,,,,field_detection,confirmed,direct
SID0041-ATR_FTIR,SID0041,polymer,PAA,,,,,,field_detection,confirmed,direct
SID0041-ATR_FTIR,SID0041,polymer,PDMS,,,,,,field_detection,confirmed,direct
SID0042-RAMAN,SID0042,polymer,PE,,,,,,field_detection,confirmed,direct
SID0042-RAMAN,SID0042,polymer,PP,,,,,,field_detection,confirmed,direct
SID0042-RAMAN,SID0042,polymer,PET,,,,,,field_detection,confirmed,direct
SID0042-RAMAN,SID0042,polymer,PS,,,,,,field_detection,confirmed,direct
SID0042-RAMAN,SID0042,polymer,PVC,,,,,,field_detection,confirmed,direct
SID0042-RAMAN,SID0042,polymer,PC,,,,,,field_detection,confirmed,direct
SID0042-RAMAN,SID0042,polymer,PMMA,,,,,,field_detection,confirmed,direct
SID0042-RAMAN,SID0042,polymer,PA,,,,,,field_detection,confirmed,direct
SID0042-RAMAN,SID0042,polymer,PU,,,,,,field_detection,confirmed,direct
SID0042-RAMAN,SID0042,polymer,ABS,,,,,,field_detection,confirmed,direct
SID0042-RAMAN,SID0042,polymer,PDMS,,,,,,field_detection,confirmed,direct
SID0042-RAMAN,SID0042,polymer,SBR,,,,,,field_detection,confirmed,direct
SID0042-RAMAN,SID0042,polymer,PAA,,,,,,field_detection,confirmed,direct
SID0042-RAMAN,SID0042,polymer,PE,,,,,,recovery_spike,known_material,direct
SID0043-RAMAN,SID0043,polymer,PET,,,,,,field_detection,confirmed,direct
SID0043-RAMAN,SID0043,polymer,CELL,,,,,,non_plastic_particle,confirmed,direct
SID0044-ATR_FTIR,SID0044,polymer,PE,,,,,,field_detection,confirmed,direct
SID0044-ATR_FTIR,SID0044,polymer,PP,,,,,,field_detection,confirmed,direct
SID0044-ATR_FTIR,SID0044,polymer,PA,,,,,,field_detection,confirmed,direct
SID0044-ATR_FTIR,SID0044,polymer,PEST,,,,,,field_detection,confirmed,direct
SID0044-ATR_FTIR,SID0044,polymer,RAYON,,,,,,field_detection,confirmed,direct
SID0046-RAMAN,SID0046,polymer,PE,,,,,,field_detection,confirmed,direct
SID0046-RAMAN,SID0046,polymer,PP,,,,,,field_detection,confirmed,direct
SID0046-RAMAN,SID0046,polymer,PVS,,,,,,field_detection,identity_unresolved,direct
SID0047-ATR_FTIR,SID0047,polymer,PE,,,,,,field_detection,confirmed,direct
SID0047-ATR_FTIR,SID0047,polymer,PP,,,,,,field_detection,confirmed,direct
SID0047-ATR_FTIR,SID0047,polymer,PET,,,,,,field_detection,confirmed,direct
SID0047-ATR_FTIR,SID0047,polymer,PVC,,,,,,field_detection,confirmed,direct
SID0047-ATR_FTIR,SID0047,polymer,PA,,,,,,field_detection,confirmed,direct
SID0047-ATR_FTIR,SID0047,polymer,PVAC,,,,,,field_detection,confirmed,direct
SID0047-ATR_FTIR,SID0047,polymer,PE-LD,,,,,,field_detection,confirmed,direct
SID0047-ATR_FTIR,SID0047,polymer,PE-HD,,,,,,field_detection,confirmed,direct
SID0047-ATR_FTIR,SID0047,polymer,PAN,,,,,,field_detection,confirmed,direct
SID0048-UFTIR,SID0048,polymer,OTHER,,,,,,field_detection,confirmed,direct
SID0049-UFTIR,SID0049,polymer,PP,,,,,,field_detection,confirmed,direct
SID0049-UFTIR,SID0049,polymer,PET,,,,,,field_detection,confirmed,direct
SID0049-UFTIR,SID0049,polymer,PS,,,,,,field_detection,confirmed,direct
SID0049-UFTIR,SID0049,polymer,PVC,,,,,,field_detection,confirmed,direct
SID0049-UFTIR,SID0049,polymer,PC,,,,,,field_detection,confirmed,direct
SID0049-UFTIR,SID0049,polymer,PA,,,,,,field_detection,confirmed,direct
SID0049-UFTIR,SID0049,polymer,ABS,,,,,,field_detection,confirmed,direct
SID0049-UFTIR,SID0049,polymer,ACR,,,,,,field_detection,confirmed,direct
SID0049-UFTIR,SID0049,polymer,PU,,,,,,field_detection,confirmed,direct
SID0050-ATR_FTIR,SID0050,polymer,PE,,,,,,field_detection,confirmed,direct
SID0050-ATR_FTIR,SID0050,polymer,PP,,,,,,field_detection,confirmed,direct
SID0050-ATR_FTIR,SID0050,polymer,PVC,,,,,,field_detection,confirmed,direct
SID0050-ATR_FTIR,SID0050,polymer,PA,,,,,,field_detection,confirmed,direct
SID0050-ATR_FTIR,SID0050,polymer,PVOH,,,,,,field_detection,confirmed,direct
SID0050-ATR_FTIR,SID0050,polymer,PAN,,,,,,field_detection,confirmed,direct
SID0050-ATR_FTIR,SID0050,polymer,PA6,,,,,,field_detection,confirmed,direct
SID0051-ATR_FTIR,SID0051,polymer,PE,,,,,,reported,confirmed,direct
SID0051-ATR_FTIR,SID0051,polymer,PP,,,,,,reported,confirmed,direct
SID0051-ATR_FTIR,SID0051,polymer,PET,,,,,,reported,confirmed,direct
SID0051-ATR_FTIR,SID0051,polymer,PS,,,,,,reported,confirmed,direct
SID0051-ATR_FTIR,SID0051,polymer,PS-E,,,,,,reported,confirmed,direct
SID0051-ATR_FTIR,SID0051,polymer,CA,,,,,,reported,confirmed,direct
SID0051-ATR_FTIR,SID0051,polymer,PE,,,,,,recovery_spike,known_material,direct
SID0051-ATR_FTIR,SID0051,polymer,PET,,,,,,recovery_spike,known_material,direct
SID0051-ATR_FTIR,SID0051,polymer,PP,,,,,,recovery_spike,known_material,direct
SID0051-ATR_FTIR,SID0051,polymer,PS,,,,,,recovery_spike,known_material,direct
SID0052-UFTIR,SID0052,polymer,PE,,,,,,field_detection,confirmed,direct
SID0052-UFTIR,SID0052,polymer,PP,,,,,,field_detection,confirmed,direct
SID0052-UFTIR,SID0052,polymer,PA,,,,,,field_detection,confirmed,direct
SID0052-UFTIR,SID0052,polymer,PE-HD,,,,,,field_detection,confirmed,direct
SID0052-UFTIR,SID0052,polymer,PE-LD,,,,,,field_detection,confirmed,direct
SID0054-RAMAN,SID0054,polymer,PE,,,,,,field_detection,confirmed,direct
SID0054-RAMAN,SID0054,polymer,PE-LD,,,,,,field_detection,confirmed,direct
SID0055-PYGCMS,SID0055,polymer,PE,,,,,,field_detection,confirmed,direct
SID0055-PYGCMS,SID0055,polymer,PVC,,,,,,field_detection,confirmed,direct
SID0056-RAMAN,SID0056,polymer,PE,,,,,,field_detection,confirmed,direct
SID0056-RAMAN,SID0056,polymer,PP,,,,,,field_detection,confirmed,direct
SID0056-RAMAN,SID0056,polymer,PA,,,,,,field_detection,confirmed,direct
SID0056-RAMAN,SID0056,polymer,PE-LD,,,,,,field_detection,confirmed,direct
SID0057-PYGCMS,SID0057,polymer,PE,,,,,,field_detection,confirmed,direct
SID0057-PYGCMS,SID0057,polymer,PVC,,,,,,field_detection,confirmed,direct
SID0057-PYGCMS,SID0057,polymer,PS,,,,,,field_detection,confirmed,direct
SID0057-PYGCMS,SID0057,polymer,PP,,,,,,field_detection,confirmed,direct
SID0057-PYGCMS,SID0057,polymer,PET,,,,,,field_detection,confirmed,direct
SID0057-PYGCMS,SID0057,polymer,PA66,,,,,,field_detection,confirmed,direct
SID0057-PYGCMS,SID0057,polymer,PC,,,,,,target_not_detected,not_detected,direct
SID0057-PYGCMS,SID0057,polymer,PA6,,,,,,target_not_detected,not_detected,direct
SID0057-PYGCMS,SID0057,polymer,PLA,,,,,,target_not_detected,not_detected,direct
SID0057-PYGCMS,SID0057,polymer,PMMA,,,,,,target_not_detected,not_detected,direct
SID0057-PYGCMS,SID0057,polymer,PBAT,,,,,,target_not_detected,not_detected,direct
SID0057-PYGCMS,SID0057,polymer,PE,,,,,,recovery_spike,known_material,direct
SID0059-RAMAN,SID0059,polymer,PE,,,,,,field_detection,confirmed,shared
SID0059-ATR_FTIR,SID0059,polymer,PE,,,,,,field_detection,confirmed,shared
SID0059-RAMAN,SID0059,polymer,PET,,,,,,field_detection,confirmed,shared
SID0059-ATR_FTIR,SID0059,polymer,PET,,,,,,field_detection,confirmed,shared
SID0059-RAMAN,SID0059,polymer,PVC,,,,,,field_detection,confirmed,shared
SID0059-ATR_FTIR,SID0059,polymer,PVC,,,,,,field_detection,confirmed,shared
SID0059-RAMAN,SID0059,polymer,PS,,,,,,field_detection,confirmed,shared
SID0059-ATR_FTIR,SID0059,polymer,PS,,,,,,field_detection,confirmed,shared
SID0059-RAMAN,SID0059,polymer,PE-CL,,,,,,field_detection,confirmed,shared
SID0059-ATR_FTIR,SID0059,polymer,PE-CL,,,,,,field_detection,confirmed,shared
SID0059-RAMAN,SID0059,polymer,RAYON,,,,,,field_detection,confirmed,shared
SID0059-ATR_FTIR,SID0059,polymer,RAYON,,,,,,field_detection,confirmed,shared
SID0059-RAMAN,SID0059,polymer,PEST,,,,,,field_detection,confirmed,shared
SID0059-ATR_FTIR,SID0059,polymer,PEST,,,,,,field_detection,confirmed,shared
SID0059-RAMAN,SID0059,polymer,PB,,,,,,field_detection,confirmed,shared
SID0059-ATR_FTIR,SID0059,polymer,PB,,,,,,field_detection,confirmed,shared
SID0060-UFTIR,SID0060,polymer,PE,,,,,,field_detection,confirmed,direct
SID0060-UFTIR,SID0060,polymer,PET,,,,,,field_detection,confirmed,direct
SID0060-UFTIR,SID0060,polymer,PS,,,,,,field_detection,confirmed,direct
SID0060-UFTIR,SID0060,polymer,PP,,,,,,field_detection,confirmed,direct
SID0060-UFTIR,SID0060,polymer,PVC,,,,,,field_detection,confirmed,direct
SID0060-UFTIR,SID0060,polymer,PA,,,,,,field_detection,confirmed,direct
SID0061-UFTIR,SID0061,polymer,PE,,,,,,field_detection,confirmed,direct
SID0061-UFTIR,SID0061,polymer,PP,,,,,,field_detection,confirmed,direct
SID0061-UFTIR,SID0061,polymer,PE-HD,,,,,,field_detection,confirmed,direct
SID0061-UFTIR,SID0061,polymer,EVA,,,,,,field_detection,confirmed,direct
SID0061-UFTIR,SID0061,polymer,EPM,,,,,,field_detection,confirmed,direct
SID0062-ATR_FTIR,SID0062,polymer,PVC,,,,,,field_detection,confirmed,direct
SID0062-ATR_FTIR,SID0062,polymer,RAYON,,,,,,field_detection,confirmed,direct
SID0062-ATR_FTIR,SID0062,polymer,CELL,,,,,,field_detection,confirmed,direct
SID0063-UFTIR,SID0063,polymer,PP,,,,,,reported,confirmed,direct
SID0063-UFTIR,SID0063,polymer,PS,,,,,,reported,confirmed,direct
SID0063-UFTIR,SID0063,polymer,PU,,,,,,reported,confirmed,direct
SID0063-UFTIR,SID0063,polymer,NBR,,,,,,reported,confirmed,direct
SID0063-UFTIR,SID0063,polymer,PA,,,,,,reported,confirmed,direct
SID0066-UFTIR,SID0066,polymer,PE,,,,,,field_detection,confirmed,direct
SID0066-UFTIR,SID0066,polymer,PP,,,,,,field_detection,confirmed,direct
SID0066-UFTIR,SID0066,polymer,PS,,,,,,field_detection,confirmed,direct
SID0066-UFTIR,SID0066,polymer,PA,,,,,,field_detection,confirmed,direct
SID0066-UFTIR,SID0066,polymer,EPM,,,,,,field_detection,confirmed,direct
SID0066-UFTIR,SID0066,polymer,PEST,,,,,,field_detection,confirmed,direct
SID0066-UFTIR,SID0066,polymer,RAYON,,,,,,field_detection,confirmed,direct
SID0068-ATR_FTIR,SID0068,polymer,PE,,,,,,exposure_material,confirmed,shared
SID0068-UFTIR,SID0068,polymer,PE,,,,,,exposure_material,confirmed,shared
SID0068-ATR_FTIR,SID0068,polymer,PS,,,,,,exposure_material,confirmed,shared
SID0068-UFTIR,SID0068,polymer,PS,,,,,,exposure_material,confirmed,shared
SID0068-ATR_FTIR,SID0068,polymer,PVC,,,,,,exposure_material,confirmed,shared
SID0068-UFTIR,SID0068,polymer,PVC,,,,,,exposure_material,confirmed,shared
SID0068-ATR_FTIR,SID0068,polymer,PE-LD,,,,,,exposure_material,confirmed,shared
SID0068-UFTIR,SID0068,polymer,PE-LD,,,,,,exposure_material,confirmed,shared
SID0068-ATR_FTIR,SID0068,polymer,PE-HD,,,,,,exposure_material,confirmed,shared
SID0068-UFTIR,SID0068,polymer,PE-HD,,,,,,exposure_material,confirmed,shared
SID0068-ATR_FTIR,SID0068,polymer,PE,,,,,,recovery_spike,known_material,shared
SID0068-UFTIR,SID0068,polymer,PE,,,,,,recovery_spike,known_material,shared
SID0068-ATR_FTIR,SID0068,polymer,PVC,,,,,,recovery_spike,known_material,shared
SID0068-UFTIR,SID0068,polymer,PVC,,,,,,recovery_spike,known_material,shared
SID0068-ATR_FTIR,SID0068,polymer,PS,,,,,,recovery_spike,known_material,shared
SID0068-UFTIR,SID0068,polymer,PS,,,,,,recovery_spike,known_material,shared
SID0069-ATR_FTIR,SID0069,polymer,PE,,,,,,reported,confirmed,direct
SID0069-ATR_FTIR,SID0069,polymer,PP,,,,,,reported,confirmed,direct
SID0069-ATR_FTIR,SID0069,polymer,PS,,,,,,reported,confirmed,direct
SID0069-ATR_FTIR,SID0069,polymer,PVC,,,,,,reported,confirmed,direct
SID0069-ATR_FTIR,SID0069,polymer,PET,,,,,,reported,confirmed,direct
SID0069-ATR_FTIR,SID0069,polymer,PC,,,,,,reported,confirmed,direct
SID0069-ATR_FTIR,SID0069,polymer,PE-LD,,,,,,reported,confirmed,direct
SID0069-ATR_FTIR,SID0069,polymer,PE-HD,,,,,,reported,confirmed,direct
SID0069-ATR_FTIR,SID0069,polymer,PS-E,,,,,,reported,confirmed,direct
SID0069-ATR_FTIR,SID0069,polymer,PE,,,,,,recovery_spike,known_material,direct
SID0069-ATR_FTIR,SID0069,polymer,PET,,,,,,recovery_spike,known_material,direct
SID0069-ATR_FTIR,SID0069,polymer,PVC,,,,,,recovery_spike,known_material,direct
SID0069-ATR_FTIR,SID0069,polymer,PP,,,,,,recovery_spike,known_material,direct
SID0069-ATR_FTIR,SID0069,polymer,PC,,,,,,recovery_spike,known_material,direct
SID0069-ATR_FTIR,SID0069,polymer,PS,,,,,,recovery_spike,known_material,direct
SID0070-UFTIR,SID0070,polymer,PE,,,,,,field_detection,confirmed,shared
SID0070-ATR_FTIR,SID0070,polymer,PE,,,,,,field_detection,confirmed,shared
SID0070-UFTIR,SID0070,polymer,PP,,,,,,field_detection,confirmed,shared
SID0070-ATR_FTIR,SID0070,polymer,PP,,,,,,field_detection,confirmed,shared
SID0070-UFTIR,SID0070,polymer,EVA,,,,,,field_detection,confirmed,shared
SID0070-ATR_FTIR,SID0070,polymer,EVA,,,,,,field_detection,confirmed,shared
SID0070-UFTIR,SID0070,polymer,PB,,,,,,field_detection,confirmed,shared
SID0070-ATR_FTIR,SID0070,polymer,PB,,,,,,field_detection,confirmed,shared
SID0071-RAMAN,SID0071,polymer,PE,,,,,,field_detection,confirmed,direct
SID0071-RAMAN,SID0071,polymer,PE-HD,,,,,,field_detection,confirmed,direct
SID0071-RAMAN,SID0071,polymer,PE-LD,,,,,,field_detection,confirmed,direct
SID0072-UFTIR,SID0072,polymer,PE,,,,,,field_detection,confirmed,direct
SID0072-UFTIR,SID0072,polymer,PP,,,,,,field_detection,confirmed,direct
SID0072-UFTIR,SID0072,polymer,PS,,,,,,field_detection,confirmed,direct
SID0072-UFTIR,SID0072,polymer,EPDM,,,,,,field_detection,confirmed,direct
SID0072-UFTIR,SID0072,polymer,PBT,,,,,,field_detection,confirmed,direct
SID0072-UFTIR,SID0072,polymer,PET,,,,,,field_detection,confirmed,direct
SID0072-UFTIR,SID0072,polymer,EPM,,,,,,field_detection,confirmed,direct
SID0072-UFTIR,SID0072,polymer,PS,,,,,,recovery_spike,known_material,direct
SID0073-ATR_FTIR,SID0073,polymer,PE,,,,,,field_detection,confirmed,direct
SID0073-ATR_FTIR,SID0073,polymer,PP,,,,,,field_detection,confirmed,direct
SID0073-ATR_FTIR,SID0073,polymer,PET,,,,,,field_detection,confirmed,direct
SID0073-ATR_FTIR,SID0073,polymer,PS,,,,,,field_detection,confirmed,direct
SID0073-ATR_FTIR,SID0073,polymer,PA,,,,,,field_detection,confirmed,direct
SID0073-ATR_FTIR,SID0073,polymer,PA6,,,,,,field_detection,confirmed,direct
SID0074-PYGCMS,SID0074,polymer,PE,,,,,,field_detection,confirmed,direct
SID0074-PYGCMS,SID0074,polymer,PP,,,,,,field_detection,confirmed,direct
SID0074-PYGCMS,SID0074,polymer,PET,,,,,,field_detection,confirmed,direct
SID0074-PYGCMS,SID0074,polymer,PS,,,,,,field_detection,confirmed,direct
SID0074-PYGCMS,SID0074,polymer,PVC,,,,,,field_detection,confirmed,direct
SID0074-PYGCMS,SID0074,polymer,PA,,,,,,field_detection,confirmed,direct
SID0074-PYGCMS,SID0074,polymer,PMMA,,,,,,field_detection,confirmed,direct
SID0074-PYGCMS,SID0074,polymer,PA66,,,,,,field_detection,confirmed,direct
SID0074-PYGCMS,SID0074,polymer,PA6,,,,,,field_detection,confirmed,direct
SID0074-PYGCMS,SID0074,polymer,PBAT,,,,,,mentioned_uncertain,confirmed,direct
SID0074-PYGCMS,SID0074,polymer,PLA,,,,,,mentioned_uncertain,confirmed,direct
SID0074-PYGCMS,SID0074,polymer,PC,,,,,,mentioned_uncertain,confirmed,direct
SID0074-PYGCMS,SID0074,polymer,PE,,,,,,recovery_spike,known_material,direct
SID0074-PYGCMS,SID0074,polymer,PC,,,,,,recovery_spike,known_material,direct
SID0074-PYGCMS,SID0074,polymer,PP,,,,,,recovery_spike,known_material,direct
SID0074-PYGCMS,SID0074,polymer,PS,,,,,,recovery_spike,known_material,direct
SID0074-PYGCMS,SID0074,polymer,PA6,,,,,,recovery_spike,known_material,direct
SID0074-PYGCMS,SID0074,polymer,PET,,,,,,recovery_spike,known_material,direct
SID0074-PYGCMS,SID0074,polymer,PLA,,,,,,recovery_spike,known_material,direct
SID0074-PYGCMS,SID0074,polymer,PVC,,,,,,recovery_spike,known_material,direct
SID0074-PYGCMS,SID0074,polymer,PA66,,,,,,recovery_spike,known_material,direct
SID0074-PYGCMS,SID0074,polymer,PBAT,,,,,,recovery_spike,known_material,direct
SID0074-PYGCMS,SID0074,polymer,PMMA,,,,,,recovery_spike,known_material,direct
SID0075-RAMAN,SID0075,polymer,PE,,,,,,field_detection,confirmed,direct
SID0075-RAMAN,SID0075,polymer,PP,,,,,,field_detection,confirmed,direct
SID0075-RAMAN,SID0075,polymer,PET,,,,,,field_detection,confirmed,direct
SID0075-RAMAN,SID0075,polymer,PS,,,,,,field_detection,confirmed,direct
SID0075-RAMAN,SID0075,polymer,PE-LD,,,,,,field_detection,confirmed,direct
SID0075-RAMAN,SID0075,polymer,PE-HD,,,,,,field_detection,confirmed,direct
SID0076-RAMAN,SID0076,polymer,PE,,,,,,field_detection,confirmed,direct
SID0076-RAMAN,SID0076,polymer,PA,,,,,,field_detection,confirmed,direct
SID0076-RAMAN,SID0076,polymer,PC,,,,,,field_detection,confirmed,direct
SID0076-RAMAN,SID0076,polymer,PE-LD,,,,,,field_detection,confirmed,direct
SID0077-ATR_FTIR,SID0077,polymer,PE,,,,,,field_detection,confirmed,direct
SID0077-ATR_FTIR,SID0077,polymer,PP,,,,,,field_detection,confirmed,direct
SID0077-ATR_FTIR,SID0077,polymer,PA,,,,,,field_detection,confirmed,direct
SID0077-ATR_FTIR,SID0077,polymer,PS,,,,,,field_detection,confirmed,direct
SID0077-ATR_FTIR,SID0077,polymer,PET,,,,,,field_detection,confirmed,direct
SID0077-ATR_FTIR,SID0077,polymer,PU,,,,,,field_detection,confirmed,direct
SID0077-ATR_FTIR,SID0077,polymer,PMMA,,,,,,field_detection,confirmed,direct
SID0077-ATR_FTIR,SID0077,polymer,PEST,,,,,,field_detection,confirmed,direct
SID0077-ATR_FTIR,SID0077,polymer,EVA,,,,,,field_detection,confirmed,direct
SID0077-ATR_FTIR,SID0077,polymer,PB,,,,,,field_detection,confirmed,direct
SID0077-ATR_FTIR,SID0077,polymer,RAYON,,,,,,field_detection,confirmed,direct
SID0077-ATR_FTIR,SID0077,polymer,ACR,,,,,,field_detection,confirmed,direct
SID0077-ATR_FTIR,SID0077,polymer,PE,,,,,,recovery_spike,known_material,direct
SID0077-ATR_FTIR,SID0077,polymer,PA,,,,,,recovery_spike,known_material,direct
SID0077-ATR_FTIR,SID0077,polymer,PP,,,,,,recovery_spike,known_material,direct
SID0077-ATR_FTIR,SID0077,polymer,PS,,,,,,recovery_spike,known_material,direct
SID0078-ATR_FTIR,SID0078,polymer,PE,,,,,,field_detection,confirmed,direct
SID0078-ATR_FTIR,SID0078,polymer,PP,,,,,,field_detection,confirmed,direct
SID0078-ATR_FTIR,SID0078,polymer,PE-HD,,,,,,field_detection,confirmed,direct
SID0078-ATR_FTIR,SID0078,polymer,PE-LD,,,,,,field_detection,confirmed,direct
SID0079-ATR_FTIR,SID0079,polymer,PE,,,,,,field_detection,confirmed,direct
SID0079-ATR_FTIR,SID0079,polymer,PP,,,,,,field_detection,confirmed,direct
SID0079-ATR_FTIR,SID0079,polymer,PVC,,,,,,field_detection,confirmed,direct
SID0079-ATR_FTIR,SID0079,polymer,PU,,,,,,field_detection,confirmed,direct
SID0079-ATR_FTIR,SID0079,polymer,PA,,,,,,field_detection,confirmed,direct
SID0079-ATR_FTIR,SID0079,polymer,PS,,,,,,field_detection,confirmed,direct
SID0079-ATR_FTIR,SID0079,polymer,PVOH,,,,,,field_detection,confirmed,direct
SID0079-ATR_FTIR,SID0079,polymer,PVC,,,,,,recovery_spike,known_material,direct
SID0079-ATR_FTIR,SID0079,polymer,PE,,,,,,recovery_spike,known_material,direct
SID0080-UFTIR,SID0080,polymer,PE,,,,,,field_detection,confirmed,direct
SID0080-UFTIR,SID0080,polymer,PP,,,,,,field_detection,confirmed,direct
SID0080-UFTIR,SID0080,polymer,PA,,,,,,field_detection,confirmed,direct
SID0080-UFTIR,SID0080,polymer,EVA,,,,,,field_detection,confirmed,direct
SID0080-UFTIR,SID0080,polymer,CELL,,,,,,field_detection,confirmed,direct
SID0081-ATR_FTIR,SID0081,polymer,PE,,,,,,field_detection,confirmed,direct
SID0081-ATR_FTIR,SID0081,polymer,PP,,,,,,field_detection,confirmed,direct
SID0081-ATR_FTIR,SID0081,polymer,PET,,,,,,field_detection,confirmed,direct
SID0081-ATR_FTIR,SID0081,polymer,PEST,,,,,,field_detection,confirmed,direct
SID0081-ATR_FTIR,SID0081,polymer,EVA,,,,,,field_detection,confirmed,direct
SID0081-ATR_FTIR,SID0081,polymer,CA,,,,,,field_detection,confirmed,direct
SID0081-ATR_FTIR,SID0081,polymer,CELL,,,,,,field_detection,confirmed,direct
SID0082-UFTIR,SID0082,polymer,PP,,,,,,field_detection,confirmed,direct
SID0082-UFTIR,SID0082,polymer,PET,,,,,,field_detection,confirmed,direct
SID0082-UFTIR,SID0082,polymer,PAN,,,,,,field_detection,confirmed,direct
SID0082-UFTIR,SID0082,polymer,CELL,,,,,,field_detection,confirmed,direct
SID0082-UFTIR,SID0082,polymer,PS,,,,,,field_detection,confirmed,direct
SID0082-UFTIR,SID0082,polymer,PE,,,,,,field_detection,confirmed,direct
SID0082-UFTIR,SID0082,polymer,PEST,,,,,,field_detection,confirmed,direct
SID0082-UFTIR,SID0082,polymer,PA,,,,,,field_detection,confirmed,direct
SID0083-ATR_FTIR,SID0083,polymer,PE,,,,,,field_detection,confirmed,direct
SID0083-ATR_FTIR,SID0083,polymer,PP,,,,,,field_detection,confirmed,direct
SID0083-ATR_FTIR,SID0083,polymer,PVC,,,,,,field_detection,confirmed,direct
SID0083-ATR_FTIR,SID0083,polymer,PS,,,,,,field_detection,confirmed,direct
SID0083-ATR_FTIR,SID0083,polymer,PA,,,,,,field_detection,confirmed,direct
SID0083-ATR_FTIR,SID0083,polymer,PMMA,,,,,,field_detection,confirmed,direct
SID0083-ATR_FTIR,SID0083,polymer,PC,,,,,,field_detection,confirmed,direct
SID0083-ATR_FTIR,SID0083,polymer,PTFE,,,,,,field_detection,confirmed,direct
SID0083-ATR_FTIR,SID0083,polymer,CA,,,,,,field_detection,confirmed,direct
SID0083-ATR_FTIR,SID0083,polymer,ABS,,,,,,field_detection,confirmed,direct
SID0083-ATR_FTIR,SID0083,polymer,MF,,,,,,field_detection,confirmed,direct
SID0083-ATR_FTIR,SID0083,polymer,CELL,,,,,,field_detection,confirmed,direct
SID0083-ATR_FTIR,SID0083,polymer,ACR,,,,,,field_detection,confirmed,direct
SID0084-UFTIR,SID0084,polymer,PE,,,,,,field_detection,confirmed,direct
SID0084-UFTIR,SID0084,polymer,PP,,,,,,field_detection,confirmed,direct
SID0084-UFTIR,SID0084,polymer,PVC,,,,,,field_detection,confirmed,direct
SID0084-UFTIR,SID0084,polymer,PS,,,,,,field_detection,confirmed,direct
SID0084-UFTIR,SID0084,polymer,PVAC,,,,,,field_detection,confirmed,direct
SID0084-UFTIR,SID0084,polymer,EPDM,,,,,,field_detection,confirmed,direct
SID0084-UFTIR,SID0084,polymer,CA,,,,,,field_detection,confirmed,direct
SID0084-UFTIR,SID0084,polymer,RAYON,,,,,,field_detection,confirmed,direct
SID0084-UFTIR,SID0084,polymer,PVDF,,,,,,field_detection,confirmed,direct
SID0084-UFTIR,SID0084,polymer,PLA,,,,,,field_detection,confirmed,direct
SID0084-UFTIR,SID0084,polymer,POM,,,,,,field_detection,confirmed,direct
SID0084-UFTIR,SID0084,polymer,CELL,,,,,,field_detection,confirmed,direct
SID0085-RAMAN,SID0085,polymer,PE,,,,,,field_detection,confirmed,direct
SID0085-RAMAN,SID0085,polymer,PP,,,,,,field_detection,confirmed,direct
SID0085-RAMAN,SID0085,polymer,PET,,,,,,field_detection,confirmed,direct
SID0085-RAMAN,SID0085,polymer,PS,,,,,,field_detection,confirmed,direct
SID0085-RAMAN,SID0085,polymer,PVC,,,,,,field_detection,confirmed,direct
SID0085-RAMAN,SID0085,polymer,PU,,,,,,field_detection,confirmed,direct
SID0085-RAMAN,SID0085,polymer,PA,,,,,,field_detection,confirmed,direct
SID0085-RAMAN,SID0085,polymer,PMMA,,,,,,field_detection,confirmed,direct
SID0085-RAMAN,SID0085,polymer,PC,,,,,,field_detection,confirmed,direct
SID0085-RAMAN,SID0085,polymer,PLA,,,,,,field_detection,confirmed,direct
SID0085-RAMAN,SID0085,polymer,PEST,,,,,,field_detection,confirmed,direct
SID0085-RAMAN,SID0085,polymer,ACR,,,,,,field_detection,confirmed,direct
SID0085-RAMAN,SID0085,polymer,CA,,,,,,field_detection,confirmed,direct
SID0085-RAMAN,SID0085,polymer,PSU,,,,,,field_detection,confirmed,direct
SID0085-RAMAN,SID0085,polymer,EVA,,,,,,field_detection,confirmed,direct
SID0085-RAMAN,SID0085,polymer,SAN,,,,,,field_detection,confirmed,direct
SID0085-RAMAN,SID0085,polymer,ABS,,,,,,field_detection,confirmed,direct
SID0085-RAMAN,SID0085,polymer,PE,,,,,,recovery_spike,known_material,direct
SID0086-UFTIR,SID0086,polymer,PEST,,,,,,field_detection,confirmed,direct
SID0086-UFTIR,SID0086,polymer,PA,,,,,,field_detection,confirmed,direct
SID0086-UFTIR,SID0086,polymer,PE,,,,,,field_detection,confirmed,direct
SID0086-UFTIR,SID0086,polymer,OTHER,,,,,,field_detection,identity_unresolved,direct
SID0088-ATR_FTIR,SID0088,polymer,PE,,,,,,field_detection,confirmed,direct
SID0088-ATR_FTIR,SID0088,polymer,PP,,,,,,field_detection,confirmed,direct
SID0088-ATR_FTIR,SID0088,polymer,PET,,,,,,field_detection,confirmed,direct
SID0088-ATR_FTIR,SID0088,polymer,PEST,,,,,,field_detection,confirmed,direct
SID0089-RAMAN,SID0089,polymer,PE,,,,,,field_detection,confirmed,direct
SID0089-RAMAN,SID0089,polymer,PP,,,,,,field_detection,confirmed,direct
SID0089-RAMAN,SID0089,polymer,PS,,,,,,field_detection,confirmed,direct
SID0089-RAMAN,SID0089,polymer,PA,,,,,,field_detection,confirmed,direct
SID0089-RAMAN,SID0089,polymer,PMMA,,,,,,field_detection,confirmed,direct
SID0089-RAMAN,SID0089,polymer,PEST,,,,,,field_detection,confirmed,direct
SID0089-RAMAN,SID0089,polymer,ABS,,,,,,field_detection,confirmed,direct
SID0089-RAMAN,SID0089,polymer,SAN,,,,,,field_detection,confirmed,direct
SID0089-RAMAN,SID0089,polymer,CELL,,,,,,field_detection,confirmed,direct
SID0090-UFTIR,SID0090,polymer,PS,,,,,,field_detection,confirmed,direct
SID0090-UFTIR,SID0090,polymer,PA,,,,,,field_detection,confirmed,direct
SID0090-UFTIR,SID0090,polymer,PET,,,,,,field_detection,confirmed,direct
SID0090-UFTIR,SID0090,polymer,PU,,,,,,field_detection,confirmed,direct
SID0090-UFTIR,SID0090,polymer,PTFE,,,,,,field_detection,confirmed,direct
SID0090-UFTIR,SID0090,polymer,ABS,,,,,,field_detection,confirmed,direct
SID0090-UFTIR,SID0090,polymer,CELL,,,,,,field_detection,confirmed,direct
SID0090-UFTIR,SID0090,polymer,ACR,,,,,,field_detection,confirmed,direct
SID0090-UFTIR,SID0090,polymer,RAYON,,,,,,field_detection,confirmed,direct
SID0091-RAMAN,SID0091,polymer,PE,,,,,,field_detection,confirmed,direct
SID0091-RAMAN,SID0091,polymer,PP,,,,,,field_detection,confirmed,direct
SID0091-RAMAN,SID0091,polymer,PET,,,,,,field_detection,confirmed,direct
SID0091-RAMAN,SID0091,polymer,PS,,,,,,field_detection,confirmed,direct
SID0091-RAMAN,SID0091,polymer,PVC,,,,,,field_detection,confirmed,direct
SID0091-RAMAN,SID0091,polymer,PC,,,,,,field_detection,confirmed,direct
SID0091-RAMAN,SID0091,polymer,PTFE,,,,,,field_detection,confirmed,direct
SID0091-RAMAN,SID0091,polymer,ABS,,,,,,field_detection,confirmed,direct
SID0092-UFTIR,SID0092,polymer,PE,,,,,,field_detection,confirmed,direct
SID0092-UFTIR,SID0092,polymer,PP,,,,,,field_detection,confirmed,direct
SID0092-UFTIR,SID0092,polymer,PET,,,,,,field_detection,confirmed,direct
SID0092-UFTIR,SID0092,polymer,PS,,,,,,field_detection,confirmed,direct
SID0092-UFTIR,SID0092,polymer,PVC,,,,,,field_detection,confirmed,direct
SID0092-UFTIR,SID0092,polymer,PU,,,,,,field_detection,confirmed,direct
SID0092-UFTIR,SID0092,polymer,PA,,,,,,field_detection,confirmed,direct
SID0092-UFTIR,SID0092,polymer,PE-LD,,,,,,field_detection,confirmed,direct
SID0092-UFTIR,SID0092,polymer,PE-HD,,,,,,field_detection,confirmed,direct
SID0092-UFTIR,SID0092,polymer,PEST,,,,,,field_detection,confirmed,direct
SID0092-UFTIR,SID0092,polymer,CELL,,,,,,field_detection,confirmed,direct
SID0092-UFTIR,SID0092,polymer,RAYON,,,,,,field_detection,confirmed,direct
SID0092-UFTIR,SID0092,polymer,PE,,,,,,recovery_spike,known_material,direct
SID0092-UFTIR,SID0092,polymer,PP,,,,,,recovery_spike,known_material,direct
SID0093-ATR_FTIR,SID0093,polymer,PE,,,,,,field_detection,confirmed,direct
SID0093-ATR_FTIR,SID0093,polymer,PP,,,,,,field_detection,confirmed,direct
SID0093-ATR_FTIR,SID0093,polymer,PET,,,,,,field_detection,confirmed,direct
SID0093-ATR_FTIR,SID0093,polymer,PS,,,,,,field_detection,confirmed,direct
SID0093-ATR_FTIR,SID0093,polymer,PVC,,,,,,field_detection,confirmed,direct
SID0093-ATR_FTIR,SID0093,polymer,PA,,,,,,field_detection,confirmed,direct
SID0093-ATR_FTIR,SID0093,polymer,RAYON,,,,,,field_detection,confirmed,direct
SID0093-ATR_FTIR,SID0093,polymer,ACR,,,,,,field_detection,confirmed,direct
SID0093-ATR_FTIR,SID0093,polymer,PEST,,,,,,field_detection,confirmed,direct
SID0093-ATR_FTIR,SID0093,polymer,PAN,,,,,,field_detection,confirmed,direct
SID0094-ATR_FTIR,SID0094,polymer,PE,,,,,,field_detection,confirmed,shared
SID0094-UFTIR,SID0094,polymer,PE,,,,,,field_detection,confirmed,shared
SID0094-RAMAN,SID0094,polymer,PE,,,,,,field_detection,confirmed,shared
SID0094-ATR_FTIR,SID0094,polymer,PP,,,,,,field_detection,confirmed,shared
SID0094-UFTIR,SID0094,polymer,PP,,,,,,field_detection,confirmed,shared
SID0094-RAMAN,SID0094,polymer,PP,,,,,,field_detection,confirmed,shared
SID0094-ATR_FTIR,SID0094,polymer,PET,,,,,,field_detection,confirmed,shared
SID0094-UFTIR,SID0094,polymer,PET,,,,,,field_detection,confirmed,shared
SID0094-RAMAN,SID0094,polymer,PET,,,,,,field_detection,confirmed,shared
SID0094-ATR_FTIR,SID0094,polymer,PVC,,,,,,field_detection,confirmed,shared
SID0094-UFTIR,SID0094,polymer,PVC,,,,,,field_detection,confirmed,shared
SID0094-RAMAN,SID0094,polymer,PVC,,,,,,field_detection,confirmed,shared
SID0094-ATR_FTIR,SID0094,polymer,PU,,,,,,field_detection,confirmed,shared
SID0094-UFTIR,SID0094,polymer,PU,,,,,,field_detection,confirmed,shared
SID0094-RAMAN,SID0094,polymer,PU,,,,,,field_detection,confirmed,shared
SID0094-ATR_FTIR,SID0094,polymer,ABS,,,,,,field_detection,confirmed,shared
SID0094-UFTIR,SID0094,polymer,ABS,,,,,,field_detection,confirmed,shared
SID0094-RAMAN,SID0094,polymer,ABS,,,,,,field_detection,confirmed,shared
SID0094-ATR_FTIR,SID0094,polymer,PEST,,,,,,field_detection,confirmed,shared
SID0094-UFTIR,SID0094,polymer,PEST,,,,,,field_detection,confirmed,shared
SID0094-RAMAN,SID0094,polymer,PEST,,,,,,field_detection,confirmed,shared
SID0094-ATR_FTIR,SID0094,polymer,CELL,,,,,,field_detection,confirmed,shared
SID0094-UFTIR,SID0094,polymer,CELL,,,,,,field_detection,confirmed,shared
SID0094-RAMAN,SID0094,polymer,CELL,,,,,,field_detection,confirmed,shared
SID0094-ATR_FTIR,SID0094,polymer,PCL,,,,,,field_detection,confirmed,shared
SID0094-UFTIR,SID0094,polymer,PCL,,,,,,field_detection,confirmed,shared
SID0094-RAMAN,SID0094,polymer,PCL,,,,,,field_detection,confirmed,shared
SID0094-ATR_FTIR,SID0094,polymer,ACR,,,,,,field_detection,confirmed,shared
SID0094-UFTIR,SID0094,polymer,ACR,,,,,,field_detection,confirmed,shared
SID0094-RAMAN,SID0094,polymer,ACR,,,,,,field_detection,confirmed,shared
SID0094-ATR_FTIR,SID0094,polymer,SEBS,,,,,,field_detection,confirmed,shared
SID0094-UFTIR,SID0094,polymer,SEBS,,,,,,field_detection,confirmed,shared
SID0094-RAMAN,SID0094,polymer,SEBS,,,,,,field_detection,confirmed,shared
SID0095-RAMAN,SID0095,polymer,PE,,,,,,field_detection,confirmed,direct
SID0095-RAMAN,SID0095,polymer,PP,,,,,,field_detection,confirmed,direct
SID0095-RAMAN,SID0095,polymer,PET,,,,,,field_detection,confirmed,direct
SID0095-RAMAN,SID0095,polymer,PS,,,,,,field_detection,confirmed,direct
SID0095-RAMAN,SID0095,polymer,PEST,,,,,,field_detection,confirmed,direct
SID0095-RAMAN,SID0095,polymer,EPM,,,,,,field_detection,confirmed,direct
SID0096-UFTIR,SID0096,polymer,PE,,,,,,field_detection,confirmed,direct
SID0096-UFTIR,SID0096,polymer,PVOH,,,,,,field_detection,confirmed,direct
SID0096-UFTIR,SID0096,polymer,ABS,,,,,,field_detection,confirmed,direct
SID0096-UFTIR,SID0096,polymer,PCL,,,,,,field_detection,confirmed,direct
SID0097-ATR_FTIR,SID0097,polymer,PE,,,,,,field_detection,confirmed,shared
SID0097-UFTIR,SID0097,polymer,PE,,,,,,field_detection,confirmed,shared
SID0097-ATR_FTIR,SID0097,polymer,PP,,,,,,field_detection,confirmed,shared
SID0097-UFTIR,SID0097,polymer,PP,,,,,,field_detection,confirmed,shared
SID0097-ATR_FTIR,SID0097,polymer,PET,,,,,,field_detection,confirmed,shared
SID0097-UFTIR,SID0097,polymer,PET,,,,,,field_detection,confirmed,shared
SID0097-ATR_FTIR,SID0097,polymer,PA,,,,,,field_detection,confirmed,shared
SID0097-UFTIR,SID0097,polymer,PA,,,,,,field_detection,confirmed,shared
SID0097-ATR_FTIR,SID0097,polymer,PET,,,,,,recovery_spike,known_material,shared
SID0097-UFTIR,SID0097,polymer,PET,,,,,,recovery_spike,known_material,shared
SID0101-ATR_FTIR,SID0101,polymer,PE,,,,,,field_detection,confirmed,shared
SID0101-UFTIR,SID0101,polymer,PE,,,,,,field_detection,confirmed,shared
SID0101-ATR_FTIR,SID0101,polymer,PET,,,,,,field_detection,confirmed,shared
SID0101-UFTIR,SID0101,polymer,PET,,,,,,field_detection,confirmed,shared
SID0101-ATR_FTIR,SID0101,polymer,PVC,,,,,,field_detection,confirmed,shared
SID0101-UFTIR,SID0101,polymer,PVC,,,,,,field_detection,confirmed,shared
SID0101-ATR_FTIR,SID0101,polymer,PTFE,,,,,,field_detection,confirmed,shared
SID0101-UFTIR,SID0101,polymer,PTFE,,,,,,field_detection,confirmed,shared
SID0101-ATR_FTIR,SID0101,polymer,PEST,,,,,,field_detection,confirmed,shared
SID0101-UFTIR,SID0101,polymer,PEST,,,,,,field_detection,confirmed,shared
SID0101-ATR_FTIR,SID0101,polymer,PAA,,,,,,field_detection,identity_unresolved,shared
SID0101-UFTIR,SID0101,polymer,PAA,,,,,,field_detection,identity_unresolved,shared
SID0102-UFTIR,SID0102,polymer,PE,,,,,,field_detection,confirmed,direct
SID0102-UFTIR,SID0102,polymer,PP,,,,,,field_detection,confirmed,direct
SID0102-UFTIR,SID0102,polymer,PS,,,,,,field_detection,confirmed,direct
SID0102-UFTIR,SID0102,polymer,PVC,,,,,,field_detection,confirmed,direct
SID0102-UFTIR,SID0102,polymer,PA,,,,,,field_detection,confirmed,direct
SID0102-UFTIR,SID0102,polymer,EPDM,,,,,,field_detection,confirmed,direct
SID0102-UFTIR,SID0102,polymer,PVDF,,,,,,field_detection,confirmed,direct
SID0102-UFTIR,SID0102,polymer,PEST,,,,,,field_detection,confirmed,direct
SID0103-ATR_FTIR,SID0103,polymer,PE,,,,,,field_detection,confirmed,shared
SID0103-UFTIR,SID0103,polymer,PE,,,,,,field_detection,confirmed,shared
SID0103-ATR_FTIR,SID0103,polymer,PP,,,,,,field_detection,confirmed,shared
SID0103-UFTIR,SID0103,polymer,PP,,,,,,field_detection,confirmed,shared
SID0103-ATR_FTIR,SID0103,polymer,PS,,,,,,field_detection,confirmed,shared
SID0103-UFTIR,SID0103,polymer,PS,,,,,,field_detection,confirmed,shared
SID0103-ATR_FTIR,SID0103,polymer,PA,,,,,,field_detection,confirmed,shared
SID0103-UFTIR,SID0103,polymer,PA,,,,,,field_detection,confirmed,shared
SID0103-ATR_FTIR,SID0103,polymer,PEST,,,,,,field_detection,confirmed,shared
SID0103-UFTIR,SID0103,polymer,PEST,,,,,,field_detection,confirmed,shared
SID0103-ATR_FTIR,SID0103,polymer,PVAC,,,,,,field_detection,confirmed,shared
SID0103-UFTIR,SID0103,polymer,PVAC,,,,,,field_detection,confirmed,shared
SID0103-ATR_FTIR,SID0103,polymer,PIB,,,,,,field_detection,confirmed,shared
SID0103-UFTIR,SID0103,polymer,PIB,,,,,,field_detection,confirmed,shared
SID0103-ATR_FTIR,SID0103,polymer,EP,,,,,,field_detection,confirmed,shared
SID0103-UFTIR,SID0103,polymer,EP,,,,,,field_detection,confirmed,shared
SID0103-ATR_FTIR,SID0103,polymer,PAN,,,,,,field_detection,confirmed,shared
SID0103-UFTIR,SID0103,polymer,PAN,,,,,,field_detection,confirmed,shared
SID0103-ATR_FTIR,SID0103,polymer,RAYON,,,,,,field_detection,confirmed,shared
SID0103-UFTIR,SID0103,polymer,RAYON,,,,,,field_detection,confirmed,shared
SID0103-ATR_FTIR,SID0103,polymer,PP,,,,,,recovery_spike,known_material,shared
SID0103-UFTIR,SID0103,polymer,PP,,,,,,recovery_spike,known_material,shared
SID0103-ATR_FTIR,SID0103,polymer,PA,,,,,,recovery_spike,known_material,shared
SID0103-UFTIR,SID0103,polymer,PA,,,,,,recovery_spike,known_material,shared
SID0103-ATR_FTIR,SID0103,polymer,OTHER,,,,,,recovery_spike,known_material,shared
SID0103-UFTIR,SID0103,polymer,OTHER,,,,,,recovery_spike,known_material,shared
SID0104-ATR_FTIR,SID0104,polymer,PE,,,,,,field_detection,confirmed,direct
SID0104-ATR_FTIR,SID0104,polymer,PA,,,,,,field_detection,confirmed,direct
SID0104-ATR_FTIR,SID0104,polymer,PEST,,,,,,field_detection,confirmed,direct
SID0104-ATR_FTIR,SID0104,polymer,PET,,,,,,field_detection,confirmed,direct
SID0106-ATR_FTIR,SID0106,polymer,PET,,,,,,field_detection,confirmed,shared
SID0106-UFTIR,SID0106,polymer,PET,,,,,,field_detection,confirmed,shared
SID0106-ATR_FTIR,SID0106,polymer,PU,,,,,,field_detection,confirmed,shared
SID0106-UFTIR,SID0106,polymer,PU,,,,,,field_detection,confirmed,shared
SID0106-ATR_FTIR,SID0106,polymer,PA,,,,,,field_detection,confirmed,shared
SID0106-UFTIR,SID0106,polymer,PA,,,,,,field_detection,confirmed,shared
SID0106-ATR_FTIR,SID0106,polymer,PE-LD,,,,,,field_detection,confirmed,shared
SID0106-UFTIR,SID0106,polymer,PE-LD,,,,,,field_detection,confirmed,shared
SID0108-ATR_FTIR,SID0108,polymer,PE,,,,,,field_detection,confirmed,shared
SID0108-UFTIR,SID0108,polymer,PE,,,,,,field_detection,confirmed,shared
SID0108-ATR_FTIR,SID0108,polymer,PP,,,,,,field_detection,confirmed,shared
SID0108-UFTIR,SID0108,polymer,PP,,,,,,field_detection,confirmed,shared
SID0108-ATR_FTIR,SID0108,polymer,PS,,,,,,field_detection,confirmed,shared
SID0108-UFTIR,SID0108,polymer,PS,,,,,,field_detection,confirmed,shared
SID0108-ATR_FTIR,SID0108,polymer,PA,,,,,,field_detection,confirmed,shared
SID0108-UFTIR,SID0108,polymer,PA,,,,,,field_detection,confirmed,shared
SID0108-ATR_FTIR,SID0108,polymer,PEST,,,,,,field_detection,confirmed,shared
SID0108-UFTIR,SID0108,polymer,PEST,,,,,,field_detection,confirmed,shared
SID0109-RAMAN,SID0109,polymer,PE,,,,,,field_detection,confirmed,direct
SID0109-RAMAN,SID0109,polymer,PS,,,,,,field_detection,confirmed,direct
SID0109-RAMAN,SID0109,polymer,PA,,,,,,field_detection,confirmed,direct
SID0109-RAMAN,SID0109,polymer,PE-LD,,,,,,field_detection,confirmed,direct
SID0109-RAMAN,SID0109,polymer,PE-HD,,,,,,field_detection,confirmed,direct
SID0109-RAMAN,SID0109,polymer,EVA,,,,,,field_detection,confirmed,direct
SID0109-RAMAN,SID0109,polymer,ACR,,,,,,field_detection,confirmed,direct
SID0109-RAMAN,SID0109,polymer,PVC,,,,,,field_detection,confirmed,direct
SID0112-PYGCMS,SID0112,polymer,PE,,,,,,field_detection,confirmed,direct
SID0112-PYGCMS,SID0112,polymer,PP,,,,,,field_detection,confirmed,direct
SID0112-PYGCMS,SID0112,polymer,PET,,,,,,field_detection,confirmed,direct
SID0112-PYGCMS,SID0112,polymer,PS,,,,,,field_detection,confirmed,direct
SID0112-PYGCMS,SID0112,polymer,PMMA,,,,,,field_detection,confirmed,direct
SID0112-PYGCMS,SID0112,polymer,PS-E,,,,,,field_detection,confirmed,direct
SID0112-PYGCMS,SID0112,polymer,ABS,,,,,,field_detection,confirmed,direct
SID0112-PYGCMS,SID0112,polymer,PE,,,,,,recovery_spike,known_material,direct
SID0112-PYGCMS,SID0112,polymer,PET,,,,,,recovery_spike,known_material,direct
SID0112-PYGCMS,SID0112,polymer,PMMA,,,,,,recovery_spike,known_material,direct
SID0112-PYGCMS,SID0112,polymer,PP,,,,,,recovery_spike,known_material,direct
SID0112-PYGCMS,SID0112,polymer,PS,,,,,,recovery_spike,known_material,direct
SID0113-PYGCMS,SID0113,polymer,PMMA,,,,,,field_detection,confirmed,direct
SID0113-PYGCMS,SID0113,polymer,PET,,,,,,field_detection,confirmed,direct
SID0113-PYGCMS,SID0113,polymer,PVC,,,,,,field_detection,confirmed,direct
SID0113-PYGCMS,SID0113,polymer,PE,,,,,,field_detection,confirmed,direct
SID0113-PYGCMS,SID0113,polymer,PP,,,,,,field_detection,confirmed,direct
SID0113-PYGCMS,SID0113,polymer,PS,,,,,,field_detection,confirmed,direct
SID0113-PYGCMS,SID0113,polymer,PC,,,,,,field_detection,confirmed,direct
SID0113-PYGCMS,SID0113,polymer,PE,,,,,,recovery_spike,known_material,direct
SID0113-PYGCMS,SID0113,polymer,PET,,,,,,recovery_spike,known_material,direct
SID0113-PYGCMS,SID0113,polymer,PVC,,,,,,recovery_spike,known_material,direct
SID0113-PYGCMS,SID0113,polymer,PP,,,,,,recovery_spike,known_material,direct
SID0113-PYGCMS,SID0113,polymer,PC,,,,,,recovery_spike,known_material,direct
SID0113-PYGCMS,SID0113,polymer,PS,,,,,,recovery_spike,known_material,direct
SID0114-ATR_FTIR,SID0114,polymer,PE,,,,,,field_detection,confirmed,shared
SID0114-PYGCMS,SID0114,polymer,PE,,,,,,field_detection,confirmed,shared
SID0114-ATR_FTIR,SID0114,polymer,PP,,,,,,field_detection,confirmed,shared
SID0114-PYGCMS,SID0114,polymer,PP,,,,,,field_detection,confirmed,shared
SID0114-ATR_FTIR,SID0114,polymer,PET,,,,,,field_detection,confirmed,shared
SID0114-PYGCMS,SID0114,polymer,PET,,,,,,field_detection,confirmed,shared
SID0114-ATR_FTIR,SID0114,polymer,PVOH,,,,,,field_detection,confirmed,shared
SID0114-PYGCMS,SID0114,polymer,PVOH,,,,,,field_detection,confirmed,shared
SID0114-ATR_FTIR,SID0114,polymer,PMMA,,,,,,mentioned_uncertain,confirmed,shared
SID0114-PYGCMS,SID0114,polymer,PMMA,,,,,,mentioned_uncertain,confirmed,shared
SID0114-ATR_FTIR,SID0114,polymer,PVC,,,,,,mentioned_uncertain,confirmed,shared
SID0114-PYGCMS,SID0114,polymer,PVC,,,,,,mentioned_uncertain,confirmed,shared
SID0114-ATR_FTIR,SID0114,polymer,PS,,,,,,mentioned_uncertain,confirmed,shared
SID0114-PYGCMS,SID0114,polymer,PS,,,,,,mentioned_uncertain,confirmed,shared
SID0114-ATR_FTIR,SID0114,polymer,PC,,,,,,mentioned_uncertain,confirmed,shared
SID0114-PYGCMS,SID0114,polymer,PC,,,,,,mentioned_uncertain,confirmed,shared
SID0114-ATR_FTIR,SID0114,polymer,PET,,,,,,recovery_spike,known_material,shared
SID0114-PYGCMS,SID0114,polymer,PET,,,,,,recovery_spike,known_material,shared
SID0114-ATR_FTIR,SID0114,polymer,PMMA,,,,,,recovery_spike,known_material,shared
SID0114-PYGCMS,SID0114,polymer,PMMA,,,,,,recovery_spike,known_material,shared
SID0114-ATR_FTIR,SID0114,polymer,PVC,,,,,,recovery_spike,known_material,shared
SID0114-PYGCMS,SID0114,polymer,PVC,,,,,,recovery_spike,known_material,shared
SID0114-ATR_FTIR,SID0114,polymer,PP,,,,,,recovery_spike,known_material,shared
SID0114-PYGCMS,SID0114,polymer,PP,,,,,,recovery_spike,known_material,shared
SID0114-ATR_FTIR,SID0114,polymer,PC,,,,,,recovery_spike,known_material,shared
SID0114-PYGCMS,SID0114,polymer,PC,,,,,,recovery_spike,known_material,shared
SID0114-ATR_FTIR,SID0114,polymer,PE,,,,,,recovery_spike,known_material,shared
SID0114-PYGCMS,SID0114,polymer,PE,,,,,,recovery_spike,known_material,shared
SID0114-ATR_FTIR,SID0114,polymer,PS,,,,,,recovery_spike,known_material,shared
SID0114-PYGCMS,SID0114,polymer,PS,,,,,,recovery_spike,known_material,shared
SID0115-UFTIR,SID0115,polymer,PE,,,,,,field_detection,confirmed,direct
SID0115-UFTIR,SID0115,polymer,PP,,,,,,field_detection,confirmed,direct
SID0115-UFTIR,SID0115,polymer,PVC,,,,,,field_detection,confirmed,direct
SID0115-UFTIR,SID0115,polymer,PLA,,,,,,field_detection,confirmed,direct
SID0115-UFTIR,SID0115,polymer,PEST,,,,,,field_detection,confirmed,direct
SID0115-UFTIR,SID0115,polymer,EVA,,,,,,field_detection,confirmed,direct
SID0115-UFTIR,SID0115,polymer,RAYON,,,,,,field_detection,confirmed,direct
SID0115-UFTIR,SID0115,polymer,PAN,,,,,,field_detection,confirmed,direct
SID0115-UFTIR,SID0115,polymer,EP,,,,,,field_detection,confirmed,direct
SID0115-UFTIR,SID0115,polymer,OTHER,,,,,,recovery_spike,known_material,direct
SID0116-PYGCMS,SID0116,polymer,PE,,,,,,reported,confirmed,direct
SID0116-PYGCMS,SID0116,polymer,PP,,,,,,reported,confirmed,direct
SID0116-PYGCMS,SID0116,polymer,PS,,,,,,reported,confirmed,direct
SID0116-PYGCMS,SID0116,polymer,PMMA,,,,,,reported,confirmed,direct
SID0116-PYGCMS,SID0116,polymer,PET,,,,,,mentioned_uncertain,confirmed,direct
SID0116-PYGCMS,SID0116,polymer,PVC,,,,,,mentioned_uncertain,confirmed,direct
SID0116-PYGCMS,SID0116,polymer,PE,,,,,,recovery_spike,known_material,direct
SID0116-PYGCMS,SID0116,polymer,PET,,,,,,recovery_spike,known_material,direct
SID0116-PYGCMS,SID0116,polymer,PMMA,,,,,,recovery_spike,known_material,direct
SID0116-PYGCMS,SID0116,polymer,PVC,,,,,,recovery_spike,known_material,direct
SID0116-PYGCMS,SID0116,polymer,PP,,,,,,recovery_spike,known_material,direct
SID0116-PYGCMS,SID0116,polymer,PS,,,,,,recovery_spike,known_material,direct
SID0118-PYGCMS,SID0118,polymer,PS,,,,,,exposure_material,known_material,direct
SID0118-PYGCMS,SID0118,polymer,PS,,,,,,recovery_spike,known_material,direct
SID0119-RAMAN,SID0119,polymer,PP,,,,,,field_detection,confirmed,direct
SID0119-RAMAN,SID0119,polymer,PET,,,,,,field_detection,confirmed,direct
SID0120-PYGCMS,SID0120,polymer,PE,,,,,,field_detection,confirmed,direct
SID0120-PYGCMS,SID0120,polymer,PP,,,,,,field_detection,confirmed,direct
SID0120-PYGCMS,SID0120,polymer,PS,,,,,,field_detection,confirmed,direct
SID0120-PYGCMS,SID0120,polymer,PVC,,,,,,field_detection,confirmed,direct
SID0120-PYGCMS,SID0120,polymer,PET,,,,,,field_detection,confirmed,direct
SID0120-PYGCMS,SID0120,polymer,PA,,,,,,field_detection,confirmed,direct
SID0120-PYGCMS,SID0120,polymer,PMMA,,,,,,field_detection,confirmed,direct
SID0120-PYGCMS,SID0120,polymer,PA6,,,,,,field_detection,confirmed,direct
SID0120-PYGCMS,SID0120,polymer,ABS,,,,,,field_detection,confirmed,direct
SID0120-PYGCMS,SID0120,polymer,PC,,,,,,field_detection,confirmed,direct
SID0120-PYGCMS,SID0120,polymer,SBR,,,,,,mentioned_uncertain,confirmed,direct
SID0120-PYGCMS,SID0120,polymer,PA66,,,,,,mentioned_uncertain,confirmed,direct
SID0120-PYGCMS,SID0120,polymer,PU,,,,,,mentioned_uncertain,confirmed,direct
SID0121-RAMAN,SID0121,polymer,PE,,,,,,reported,confirmed,shared
SID0121-FTIR,SID0121,polymer,PE,,,,,,reported,confirmed,shared
SID0121-RAMAN,SID0121,polymer,PE-LD,,,,,,mentioned_uncertain,confirmed,shared
SID0121-FTIR,SID0121,polymer,PE-LD,,,,,,mentioned_uncertain,confirmed,shared
SID0121-RAMAN,SID0121,polymer,PE,,,,,,recovery_spike,known_material,shared
SID0121-FTIR,SID0121,polymer,PE,,,,,,recovery_spike,known_material,shared
SID0123-RAMAN,SID0123,polymer,PE,,,,,,field_detection,confirmed,direct
SID0123-RAMAN,SID0123,polymer,PP,,,,,,field_detection,confirmed,direct
SID0123-RAMAN,SID0123,polymer,PS,,,,,,field_detection,confirmed,direct
SID0123-RAMAN,SID0123,polymer,PVC,,,,,,field_detection,confirmed,direct
SID0123-RAMAN,SID0123,polymer,PET,,,,,,field_detection,confirmed,direct
SID0123-RAMAN,SID0123,polymer,PA,,,,,,field_detection,confirmed,direct
SID0125-RAMAN,SID0125,polymer,OTHER,,,,,,field_detection,confirmed,direct
SID0125-RAMAN,SID0125,polymer,PET,,,,,,mentioned_uncertain,confirmed,direct
SID0125-RAMAN,SID0125,polymer,PVC,,,,,,mentioned_uncertain,confirmed,direct
SID0125-RAMAN,SID0125,polymer,PE,,,,,,mentioned_uncertain,confirmed,direct
SID0125-RAMAN,SID0125,polymer,PP,,,,,,mentioned_uncertain,confirmed,direct
SID0125-RAMAN,SID0125,polymer,PS,,,,,,mentioned_uncertain,confirmed,direct
SID0125-RAMAN,SID0125,polymer,PA,,,,,,mentioned_uncertain,confirmed,direct
SID0125-RAMAN,SID0125,polymer,PU,,,,,,mentioned_uncertain,confirmed,direct
SID0126-RAMAN,SID0126,polymer,PE,,,,,,field_detection,confirmed,shared
SID0126-ATR_FTIR,SID0126,polymer,PE,,,,,,field_detection,confirmed,shared
SID0126-UFTIR,SID0126,polymer,PE,,,,,,field_detection,confirmed,shared
SID0126-RAMAN,SID0126,polymer,PP,,,,,,field_detection,confirmed,shared
SID0126-ATR_FTIR,SID0126,polymer,PP,,,,,,field_detection,confirmed,shared
SID0126-UFTIR,SID0126,polymer,PP,,,,,,field_detection,confirmed,shared
SID0126-RAMAN,SID0126,polymer,PU,,,,,,field_detection,confirmed,shared
SID0126-ATR_FTIR,SID0126,polymer,PU,,,,,,field_detection,confirmed,shared
SID0126-UFTIR,SID0126,polymer,PU,,,,,,field_detection,confirmed,shared
SID0126-RAMAN,SID0126,polymer,PA,,,,,,field_detection,confirmed,shared
SID0126-ATR_FTIR,SID0126,polymer,PA,,,,,,field_detection,confirmed,shared
SID0126-UFTIR,SID0126,polymer,PA,,,,,,field_detection,confirmed,shared
SID0126-RAMAN,SID0126,polymer,PE-LD,,,,,,field_detection,confirmed,shared
SID0126-ATR_FTIR,SID0126,polymer,PE-LD,,,,,,field_detection,confirmed,shared
SID0126-UFTIR,SID0126,polymer,PE-LD,,,,,,field_detection,confirmed,shared
SID0126-RAMAN,SID0126,polymer,PE-HD,,,,,,field_detection,confirmed,shared
SID0126-ATR_FTIR,SID0126,polymer,PE-HD,,,,,,field_detection,confirmed,shared
SID0126-UFTIR,SID0126,polymer,PE-HD,,,,,,field_detection,confirmed,shared
SID0126-RAMAN,SID0126,polymer,PA66,,,,,,field_detection,confirmed,shared
SID0126-ATR_FTIR,SID0126,polymer,PA66,,,,,,field_detection,confirmed,shared
SID0126-UFTIR,SID0126,polymer,PA66,,,,,,field_detection,confirmed,shared
SID0126-RAMAN,SID0126,polymer,PE,,,,,,recovery_spike,known_material,shared
SID0126-ATR_FTIR,SID0126,polymer,PE,,,,,,recovery_spike,known_material,shared
SID0126-UFTIR,SID0126,polymer,PE,,,,,,recovery_spike,known_material,shared
SID0126-RAMAN,SID0126,polymer,PET,,,,,,recovery_spike,known_material,shared
SID0126-ATR_FTIR,SID0126,polymer,PET,,,,,,recovery_spike,known_material,shared
SID0126-UFTIR,SID0126,polymer,PET,,,,,,recovery_spike,known_material,shared
SID0126-RAMAN,SID0126,polymer,PVC,,,,,,recovery_spike,known_material,shared
SID0126-ATR_FTIR,SID0126,polymer,PVC,,,,,,recovery_spike,known_material,shared
SID0126-UFTIR,SID0126,polymer,PVC,,,,,,recovery_spike,known_material,shared
SID0127-RAMAN,SID0127,polymer,PE,,,,,,reported,confirmed,direct
SID0127-RAMAN,SID0127,polymer,PP,,,,,,reported,confirmed,direct
SID0127-RAMAN,SID0127,polymer,PET,,,,,,reported,confirmed,direct
SID0127-RAMAN,SID0127,polymer,PU,,,,,,reported,confirmed,direct
SID0127-RAMAN,SID0127,polymer,PA,,,,,,reported,confirmed,direct
SID0127-RAMAN,SID0127,polymer,ALK,,,,,,reported,confirmed,direct
SID0127-RAMAN,SID0127,polymer,CELL,,,,,,mentioned_uncertain,confirmed,direct
SID0127-RAMAN,SID0127,polymer,PE,,,,,,recovery_spike,known_material,direct
SID0127-RAMAN,SID0127,polymer,PET,,,,,,recovery_spike,known_material,direct
SID0127-RAMAN,SID0127,polymer,PA,,,,,,recovery_spike,known_material,direct
SID0127-RAMAN,SID0127,polymer,PP,,,,,,recovery_spike,known_material,direct
SID0127-RAMAN,SID0127,polymer,PS,,,,,,recovery_spike,known_material,direct
SID0127-RAMAN,SID0127,polymer,OTHER,,,,,,recovery_spike,known_material,direct
SID0129-ATR_FTIR,SID0129,polymer,PE,,,,,,field_detection,confirmed,shared
SID0129-UFTIR,SID0129,polymer,PE,,,,,,field_detection,confirmed,shared
SID0129-ATR_FTIR,SID0129,polymer,PP,,,,,,field_detection,confirmed,shared
SID0129-UFTIR,SID0129,polymer,PP,,,,,,field_detection,confirmed,shared
SID0129-ATR_FTIR,SID0129,polymer,PET,,,,,,field_detection,confirmed,shared
SID0129-UFTIR,SID0129,polymer,PET,,,,,,field_detection,confirmed,shared
SID0129-ATR_FTIR,SID0129,polymer,PS,,,,,,field_detection,confirmed,shared
SID0129-UFTIR,SID0129,polymer,PS,,,,,,field_detection,confirmed,shared
SID0129-ATR_FTIR,SID0129,polymer,PMMA,,,,,,field_detection,confirmed,shared
SID0129-UFTIR,SID0129,polymer,PMMA,,,,,,field_detection,confirmed,shared
SID0129-ATR_FTIR,SID0129,polymer,PE-HD,,,,,,field_detection,confirmed,shared
SID0129-UFTIR,SID0129,polymer,PE-HD,,,,,,field_detection,confirmed,shared
SID0130-ATR_FTIR,SID0130,polymer,PE,,,,,,field_detection,confirmed,direct
SID0130-ATR_FTIR,SID0130,polymer,PP,,,,,,field_detection,confirmed,direct
SID0130-ATR_FTIR,SID0130,polymer,PET,,,,,,field_detection,confirmed,direct
SID0130-ATR_FTIR,SID0130,polymer,PS,,,,,,field_detection,confirmed,direct
SID0131-UFTIR,SID0131,polymer,PE,,,,,,field_detection,confirmed,shared
SID0131-PYGCMS,SID0131,polymer,PE,,,,,,field_detection,confirmed,shared
SID0131-UFTIR,SID0131,polymer,PS,,,,,,field_detection,confirmed,shared
SID0131-PYGCMS,SID0131,polymer,PS,,,,,,field_detection,confirmed,shared
SID0131-UFTIR,SID0131,polymer,PVC,,,,,,field_detection,confirmed,shared
SID0131-PYGCMS,SID0131,polymer,PVC,,,,,,field_detection,confirmed,shared
SID0131-UFTIR,SID0131,polymer,PA,,,,,,field_detection,confirmed,shared
SID0131-PYGCMS,SID0131,polymer,PA,,,,,,field_detection,confirmed,shared
SID0131-UFTIR,SID0131,polymer,PA66,,,,,,field_detection,confirmed,shared
SID0131-PYGCMS,SID0131,polymer,PA66,,,,,,field_detection,confirmed,shared
SID0131-UFTIR,SID0131,polymer,PE,,,,,,recovery_spike,known_material,shared
SID0131-PYGCMS,SID0131,polymer,PE,,,,,,recovery_spike,known_material,shared
SID0132-RAMAN,SID0132,polymer,PE,,,,,,exposure_material,confirmed,shared
SID0132-FTIR,SID0132,polymer,PE,,,,,,exposure_material,confirmed,shared
SID0132-RAMAN,SID0132,polymer,PET,,,,,,exposure_material,confirmed,shared
SID0132-FTIR,SID0132,polymer,PET,,,,,,exposure_material,confirmed,shared
SID0132-RAMAN,SID0132,polymer,PS,,,,,,exposure_material,confirmed,shared
SID0132-FTIR,SID0132,polymer,PS,,,,,,exposure_material,confirmed,shared
SID0132-RAMAN,SID0132,polymer,PMMA,,,,,,exposure_material,confirmed,shared
SID0132-FTIR,SID0132,polymer,PMMA,,,,,,exposure_material,confirmed,shared
SID0132-RAMAN,SID0132,polymer,PU,,,,,,exposure_material,confirmed,shared
SID0132-FTIR,SID0132,polymer,PU,,,,,,exposure_material,confirmed,shared
SID0132-RAMAN,SID0132,polymer,PE-LD,,,,,,exposure_material,confirmed,shared
SID0132-FTIR,SID0132,polymer,PE-LD,,,,,,exposure_material,confirmed,shared
SID0132-RAMAN,SID0132,polymer,ACR,,,,,,exposure_material,confirmed,shared
SID0132-FTIR,SID0132,polymer,ACR,,,,,,exposure_material,confirmed,shared
SID0132-RAMAN,SID0132,polymer,PE,,,,,,recovery_spike,known_material,shared
SID0132-FTIR,SID0132,polymer,PE,,,,,,recovery_spike,known_material,shared
SID0132-RAMAN,SID0132,polymer,PET,,,,,,recovery_spike,known_material,shared
SID0132-FTIR,SID0132,polymer,PET,,,,,,recovery_spike,known_material,shared
SID0132-RAMAN,SID0132,polymer,PS,,,,,,recovery_spike,known_material,shared
SID0132-FTIR,SID0132,polymer,PS,,,,,,recovery_spike,known_material,shared
SID0132-RAMAN,SID0132,polymer,OTHER,,,,,,recovery_spike,known_material,shared
SID0132-FTIR,SID0132,polymer,OTHER,,,,,,recovery_spike,known_material,shared
SID0132-RAMAN,SID0132,polymer,ACR,,,,,,recovery_spike,known_material,shared
SID0132-FTIR,SID0132,polymer,ACR,,,,,,recovery_spike,known_material,shared
SID0133-ATR_FTIR,SID0133,polymer,PE,,,,,,field_detection,confirmed,direct
SID0133-ATR_FTIR,SID0133,polymer,PP,,,,,,field_detection,confirmed,direct
SID0133-ATR_FTIR,SID0133,polymer,PET,,,,,,field_detection,confirmed,direct
SID0133-ATR_FTIR,SID0133,polymer,PA,,,,,,field_detection,confirmed,direct
SID0133-ATR_FTIR,SID0133,polymer,PAN,,,,,,field_detection,confirmed,direct
SID0133-ATR_FTIR,SID0133,polymer,RAYON,,,,,,field_detection,confirmed,direct
SID0133-ATR_FTIR,SID0133,polymer,PEST,,,,,,field_detection,confirmed,direct
SID0133-ATR_FTIR,SID0133,polymer,CELL,,,,,,field_detection,confirmed,direct
SID0134-RAMAN,SID0134,polymer,PE,,,,,,field_detection,confirmed,direct
SID0134-RAMAN,SID0134,polymer,PP,,,,,,field_detection,confirmed,direct
SID0134-RAMAN,SID0134,polymer,PET,,,,,,field_detection,confirmed,direct
SID0134-RAMAN,SID0134,polymer,PA,,,,,,field_detection,confirmed,direct
SID0134-RAMAN,SID0134,polymer,CELL,,,,,,field_detection,confirmed,direct
SID0134-RAMAN,SID0134,polymer,PCL,,,,,,field_detection,confirmed,direct
SID0134-RAMAN,SID0134,polymer,PVOH,,,,,,field_detection,confirmed,direct
SID0134-RAMAN,SID0134,polymer,PVS,,,,,,field_detection,confirmed,direct
SID0134-RAMAN,SID0134,polymer,PC,,,,,,field_detection,confirmed,direct
SID0134-RAMAN,SID0134,polymer,PE,,,,,,recovery_spike,known_material,direct
SID0135-ATR_FTIR,SID0135,polymer,PP,,,,,,field_detection,confirmed,shared
SID0135-UFTIR,SID0135,polymer,PP,,,,,,field_detection,confirmed,shared
SID0135-ATR_FTIR,SID0135,polymer,PET,,,,,,field_detection,confirmed,shared
SID0135-UFTIR,SID0135,polymer,PET,,,,,,field_detection,confirmed,shared
SID0135-ATR_FTIR,SID0135,polymer,CELL,,,,,,field_detection,confirmed,shared
SID0135-UFTIR,SID0135,polymer,CELL,,,,,,field_detection,confirmed,shared
SID0135-ATR_FTIR,SID0135,polymer,RAYON,,,,,,field_detection,confirmed,shared
SID0135-UFTIR,SID0135,polymer,RAYON,,,,,,field_detection,confirmed,shared
SID0135-ATR_FTIR,SID0135,polymer,PE,,,,,,field_detection,confirmed,shared
SID0135-UFTIR,SID0135,polymer,PE,,,,,,field_detection,confirmed,shared
SID0136-UFTIR,SID0136,polymer,PE,,,,,,field_detection,confirmed,direct
SID0136-UFTIR,SID0136,polymer,PP,,,,,,field_detection,confirmed,direct
SID0136-UFTIR,SID0136,polymer,PS,,,,,,field_detection,confirmed,direct
SID0136-UFTIR,SID0136,polymer,PA,,,,,,field_detection,confirmed,direct
SID0136-UFTIR,SID0136,polymer,PC,,,,,,field_detection,confirmed,direct
SID0136-UFTIR,SID0136,polymer,RAYON,,,,,,field_detection,confirmed,direct
SID0136-UFTIR,SID0136,polymer,PEST,,,,,,field_detection,confirmed,direct
SID0136-UFTIR,SID0136,polymer,PE,,,,,,recovery_spike,known_material,direct
SID0136-UFTIR,SID0136,polymer,PP,,,,,,recovery_spike,known_material,direct
SID0136-UFTIR,SID0136,polymer,PS,,,,,,recovery_spike,known_material,direct
SID0137-RAMAN,SID0137,polymer,PE,,,,,,field_detection,confirmed,direct
SID0137-RAMAN,SID0137,polymer,PP,,,,,,field_detection,confirmed,direct
SID0137-RAMAN,SID0137,polymer,PVC,,,,,,field_detection,confirmed,direct
SID0137-RAMAN,SID0137,polymer,PS,,,,,,field_detection,confirmed,direct
SID0137-RAMAN,SID0137,polymer,PA,,,,,,field_detection,confirmed,direct
SID0137-RAMAN,SID0137,polymer,PC,,,,,,field_detection,confirmed,direct
SID0137-RAMAN,SID0137,polymer,PVOH,,,,,,field_detection,confirmed,direct
SID0137-RAMAN,SID0137,polymer,ABS,,,,,,field_detection,confirmed,direct
SID0137-RAMAN,SID0137,polymer,PEST,,,,,,field_detection,confirmed,direct
SID0137-RAMAN,SID0137,polymer,EVA,,,,,,field_detection,confirmed,direct
SID0137-RAMAN,SID0137,polymer,PE-CL,,,,,,field_detection,confirmed,direct
SID0138-ATR_FTIR,SID0138,polymer,PP,,,,,,field_detection,confirmed,shared
SID0138-UFTIR,SID0138,polymer,PP,,,,,,field_detection,confirmed,shared
SID0138-ATR_FTIR,SID0138,polymer,PS,,,,,,field_detection,confirmed,shared
SID0138-UFTIR,SID0138,polymer,PS,,,,,,field_detection,confirmed,shared
SID0138-ATR_FTIR,SID0138,polymer,PVC,,,,,,field_detection,confirmed,shared
SID0138-UFTIR,SID0138,polymer,PVC,,,,,,field_detection,confirmed,shared
SID0138-ATR_FTIR,SID0138,polymer,PMMA,,,,,,field_detection,confirmed,shared
SID0138-UFTIR,SID0138,polymer,PMMA,,,,,,field_detection,confirmed,shared
SID0138-ATR_FTIR,SID0138,polymer,PAN,,,,,,field_detection,confirmed,shared
SID0138-UFTIR,SID0138,polymer,PAN,,,,,,field_detection,confirmed,shared
SID0138-ATR_FTIR,SID0138,polymer,PU,,,,,,field_detection,confirmed,shared
SID0138-UFTIR,SID0138,polymer,PU,,,,,,field_detection,confirmed,shared
SID0138-ATR_FTIR,SID0138,polymer,PC,,,,,,field_detection,confirmed,shared
SID0138-UFTIR,SID0138,polymer,PC,,,,,,field_detection,confirmed,shared
SID0138-ATR_FTIR,SID0138,polymer,ABS,,,,,,field_detection,confirmed,shared
SID0138-UFTIR,SID0138,polymer,ABS,,,,,,field_detection,confirmed,shared
SID0138-ATR_FTIR,SID0138,polymer,PTFE,,,,,,field_detection,confirmed,shared
SID0138-UFTIR,SID0138,polymer,PTFE,,,,,,field_detection,confirmed,shared
SID0138-ATR_FTIR,SID0138,polymer,EVA,,,,,,field_detection,confirmed,shared
SID0138-UFTIR,SID0138,polymer,EVA,,,,,,field_detection,confirmed,shared
SID0139-RAMAN,SID0139,polymer,PP,,,,,,field_detection,confirmed,direct
SID0139-RAMAN,SID0139,polymer,PET,,,,,,field_detection,confirmed,direct
SID0139-RAMAN,SID0139,polymer,PAN,,,,,,field_detection,confirmed,direct
SID0139-RAMAN,SID0139,polymer,CELL,,,,,,field_detection,confirmed,direct
SID0140-PYGCMS,SID0140,polymer,PE,,,,,,field_detection,confirmed,direct
SID0140-PYGCMS,SID0140,polymer,PP,,,,,,field_detection,confirmed,direct
SID0140-PYGCMS,SID0140,polymer,PET,,,,,,field_detection,confirmed,direct
SID0140-PYGCMS,SID0140,polymer,PS,,,,,,field_detection,confirmed,direct
SID0140-PYGCMS,SID0140,polymer,PVC,,,,,,field_detection,confirmed,direct
SID0140-PYGCMS,SID0140,polymer,PMMA,,,,,,field_detection,confirmed,direct
SID0140-PYGCMS,SID0140,polymer,PA,,,,,,field_detection,confirmed,direct
SID0140-PYGCMS,SID0140,polymer,PA66,,,,,,field_detection,confirmed,direct
SID0140-PYGCMS,SID0140,polymer,PE,,,,,,recovery_spike,known_material,direct
SID0141-ATR_FTIR,SID0141,polymer,PE,,,,,,field_detection,confirmed,shared
SID0141-UFTIR,SID0141,polymer,PE,,,,,,field_detection,confirmed,shared
SID0141-ATR_FTIR,SID0141,polymer,PP,,,,,,field_detection,confirmed,shared
SID0141-UFTIR,SID0141,polymer,PP,,,,,,field_detection,confirmed,shared
SID0141-ATR_FTIR,SID0141,polymer,PVC,,,,,,field_detection,confirmed,shared
SID0141-UFTIR,SID0141,polymer,PVC,,,,,,field_detection,confirmed,shared
SID0141-ATR_FTIR,SID0141,polymer,PMMA,,,,,,field_detection,confirmed,shared
SID0141-UFTIR,SID0141,polymer,PMMA,,,,,,field_detection,confirmed,shared
SID0141-ATR_FTIR,SID0141,polymer,PA,,,,,,field_detection,confirmed,shared
SID0141-UFTIR,SID0141,polymer,PA,,,,,,field_detection,confirmed,shared
SID0141-ATR_FTIR,SID0141,polymer,PC,,,,,,field_detection,confirmed,shared
SID0141-UFTIR,SID0141,polymer,PC,,,,,,field_detection,confirmed,shared
SID0141-ATR_FTIR,SID0141,polymer,PU,,,,,,field_detection,confirmed,shared
SID0141-UFTIR,SID0141,polymer,PU,,,,,,field_detection,confirmed,shared
SID0141-ATR_FTIR,SID0141,polymer,EVA,,,,,,field_detection,confirmed,shared
SID0141-UFTIR,SID0141,polymer,EVA,,,,,,field_detection,confirmed,shared
SID0141-ATR_FTIR,SID0141,polymer,ABS,,,,,,field_detection,confirmed,shared
SID0141-UFTIR,SID0141,polymer,ABS,,,,,,field_detection,confirmed,shared
SID0141-ATR_FTIR,SID0141,polymer,PB,,,,,,field_detection,confirmed,shared
SID0141-UFTIR,SID0141,polymer,PB,,,,,,field_detection,confirmed,shared
SID0141-ATR_FTIR,SID0141,polymer,PE-HD,,,,,,field_detection,confirmed,shared
SID0141-UFTIR,SID0141,polymer,PE-HD,,,,,,field_detection,confirmed,shared
SID0141-ATR_FTIR,SID0141,polymer,NBR,,,,,,field_detection,confirmed,shared
SID0141-UFTIR,SID0141,polymer,NBR,,,,,,field_detection,confirmed,shared
SID0143-ATR_FTIR,SID0143,polymer,PS,,,,,,recovery_spike,known_material,shared
SID0143-UFTIR,SID0143,polymer,PS,,,,,,recovery_spike,known_material,shared
SID0144-ATR_FTIR,SID0144,polymer,PA,,,,,,field_detection,confirmed,direct
SID0144-ATR_FTIR,SID0144,polymer,RAYON,,,,,,field_detection,confirmed,direct
SID0144-ATR_FTIR,SID0144,polymer,CELL,,,,,,field_detection,confirmed,direct
SID0145-UFTIR,SID0145,polymer,PE,,,,,,reported,confirmed,shared
SID0145-LCMS,SID0145,polymer,PE,,,,,,reported,confirmed,shared
SID0145-UFTIR,SID0145,polymer,PA,,,,,,reported,confirmed,shared
SID0145-LCMS,SID0145,polymer,PA,,,,,,reported,confirmed,shared
SID0145-UFTIR,SID0145,polymer,PMMA,,,,,,reported,confirmed,shared
SID0145-LCMS,SID0145,polymer,PMMA,,,,,,reported,confirmed,shared
SID0145-UFTIR,SID0145,polymer,PU,,,,,,reported,confirmed,shared
SID0145-LCMS,SID0145,polymer,PU,,,,,,reported,confirmed,shared
SID0145-UFTIR,SID0145,polymer,PEST,,,,,,reported,confirmed,shared
SID0145-LCMS,SID0145,polymer,PEST,,,,,,reported,confirmed,shared
SID0145-UFTIR,SID0145,polymer,CELL,,,,,,reported,confirmed,shared
SID0145-LCMS,SID0145,polymer,CELL,,,,,,reported,confirmed,shared
SID0145-UFTIR,SID0145,polymer,ACR,,,,,,reported,confirmed,shared
SID0145-LCMS,SID0145,polymer,ACR,,,,,,reported,confirmed,shared
SID0146-RAMAN,SID0146,polymer,PE,,,,,,field_detection,confirmed,direct
SID0146-RAMAN,SID0146,polymer,PP,,,,,,field_detection,confirmed,direct
SID0146-RAMAN,SID0146,polymer,PVC,,,,,,field_detection,confirmed,direct
SID0146-RAMAN,SID0146,polymer,EVA,,,,,,field_detection,confirmed,direct
SID0147-UFTIR,SID0147,polymer,PE,,,,,,field_detection,confirmed,direct
SID0147-UFTIR,SID0147,polymer,PP,,,,,,field_detection,confirmed,direct
SID0147-UFTIR,SID0147,polymer,PET,,,,,,field_detection,confirmed,direct
SID0148-UFTIR,SID0148,polymer,PE,,,,,,reported,confirmed,shared
SID0148-LDIR,SID0148,polymer,PE,,,,,,reported,confirmed,shared
SID0148-UFTIR,SID0148,polymer,PP,,,,,,reported,confirmed,shared
SID0148-LDIR,SID0148,polymer,PP,,,,,,reported,confirmed,shared
SID0148-UFTIR,SID0148,polymer,PET,,,,,,reported,confirmed,shared
SID0148-LDIR,SID0148,polymer,PET,,,,,,reported,confirmed,shared
SID0148-UFTIR,SID0148,polymer,PVC,,,,,,reported,confirmed,shared
SID0148-LDIR,SID0148,polymer,PVC,,,,,,reported,confirmed,shared
SID0148-UFTIR,SID0148,polymer,PMMA,,,,,,reported,confirmed,shared
SID0148-LDIR,SID0148,polymer,PMMA,,,,,,reported,confirmed,shared
SID0148-UFTIR,SID0148,polymer,PU,,,,,,reported,confirmed,shared
SID0148-LDIR,SID0148,polymer,PU,,,,,,reported,confirmed,shared
SID0148-UFTIR,SID0148,polymer,PTFE,,,,,,reported,confirmed,shared
SID0148-LDIR,SID0148,polymer,PTFE,,,,,,reported,confirmed,shared
SID0148-UFTIR,SID0148,polymer,EVA,,,,,,reported,confirmed,shared
SID0148-LDIR,SID0148,polymer,EVA,,,,,,reported,confirmed,shared
SID0148-UFTIR,SID0148,polymer,PPS,,,,,,reported,confirmed,shared
SID0148-LDIR,SID0148,polymer,PPS,,,,,,reported,confirmed,shared
SID0148-UFTIR,SID0148,polymer,SBR,,,,,,reported,confirmed,shared
SID0148-LDIR,SID0148,polymer,SBR,,,,,,reported,confirmed,shared
SID0148-UFTIR,SID0148,polymer,POM,,,,,,reported,confirmed,shared
SID0148-LDIR,SID0148,polymer,POM,,,,,,reported,confirmed,shared
SID0148-UFTIR,SID0148,polymer,PS,,,,,,reported,confirmed,shared
SID0148-LDIR,SID0148,polymer,PS,,,,,,reported,confirmed,shared
SID0148-UFTIR,SID0148,polymer,PE,,,,,,recovery_spike,known_material,shared
SID0148-LDIR,SID0148,polymer,PE,,,,,,recovery_spike,known_material,shared
SID0149-RAMAN,SID0149,polymer,PE,,,,,,field_detection,confirmed,direct
SID0149-RAMAN,SID0149,polymer,PP,,,,,,field_detection,confirmed,direct
SID0149-RAMAN,SID0149,polymer,PET,,,,,,field_detection,confirmed,direct
SID0149-RAMAN,SID0149,polymer,PS,,,,,,field_detection,confirmed,direct
SID0149-RAMAN,SID0149,polymer,PU,,,,,,field_detection,confirmed,direct
SID0149-RAMAN,SID0149,polymer,PEST,,,,,,field_detection,confirmed,direct
SID0149-RAMAN,SID0149,polymer,CELL,,,,,,field_detection,confirmed,direct
SID0149-RAMAN,SID0149,polymer,PE,,,,,,recovery_spike,known_material,direct
SID0149-RAMAN,SID0149,polymer,PS,,,,,,recovery_spike,known_material,direct
SID0149-RAMAN,SID0149,polymer,PEST,,,,,,recovery_spike,known_material,direct
SID0150-RAMAN,SID0150,polymer,PE,,,,,,field_detection,confirmed,direct
SID0150-RAMAN,SID0150,polymer,PP,,,,,,field_detection,confirmed,direct
SID0150-RAMAN,SID0150,polymer,PET,,,,,,field_detection,confirmed,direct
SID0150-RAMAN,SID0150,polymer,PS,,,,,,field_detection,confirmed,direct
SID0150-RAMAN,SID0150,polymer,PMMA,,,,,,field_detection,confirmed,direct
SID0151-UFTIR,SID0151,polymer,PE,,,,,,field_detection,confirmed,direct
SID0151-UFTIR,SID0151,polymer,PP,,,,,,field_detection,confirmed,direct
SID0151-UFTIR,SID0151,polymer,PET,,,,,,field_detection,confirmed,direct
SID0151-UFTIR,SID0151,polymer,PS,,,,,,field_detection,confirmed,direct
SID0151-UFTIR,SID0151,polymer,PVC,,,,,,field_detection,confirmed,direct
SID0152-PYGCMS,SID0152,polymer,PE,,,,,,field_detection,confirmed,shared
SID0152-UFTIR,SID0152,polymer,PE,,,,,,field_detection,confirmed,shared
SID0152-PYGCMS,SID0152,polymer,PP,,,,,,field_detection,confirmed,shared
SID0152-UFTIR,SID0152,polymer,PP,,,,,,field_detection,confirmed,shared
SID0152-PYGCMS,SID0152,polymer,PET,,,,,,field_detection,confirmed,shared
SID0152-UFTIR,SID0152,polymer,PET,,,,,,field_detection,confirmed,shared
SID0152-PYGCMS,SID0152,polymer,PVC,,,,,,field_detection,confirmed,shared
SID0152-UFTIR,SID0152,polymer,PVC,,,,,,field_detection,confirmed,shared
SID0152-PYGCMS,SID0152,polymer,PA,,,,,,field_detection,confirmed,shared
SID0152-UFTIR,SID0152,polymer,PA,,,,,,field_detection,confirmed,shared
SID0152-PYGCMS,SID0152,polymer,PC,,,,,,field_detection,confirmed,shared
SID0152-UFTIR,SID0152,polymer,PC,,,,,,field_detection,confirmed,shared
SID0152-PYGCMS,SID0152,polymer,PEST,,,,,,field_detection,confirmed,shared
SID0152-UFTIR,SID0152,polymer,PEST,,,,,,field_detection,confirmed,shared
SID0152-PYGCMS,SID0152,polymer,RAYON,,,,,,field_detection,confirmed,shared
SID0152-UFTIR,SID0152,polymer,RAYON,,,,,,field_detection,confirmed,shared
SID0152-PYGCMS,SID0152,polymer,PVOH,,,,,,field_detection,confirmed,shared
SID0152-UFTIR,SID0152,polymer,PVOH,,,,,,field_detection,confirmed,shared
SID0152-PYGCMS,SID0152,polymer,PMMA,,,,,,mentioned_uncertain,confirmed,shared
SID0152-UFTIR,SID0152,polymer,PMMA,,,,,,mentioned_uncertain,confirmed,shared
SID0152-PYGCMS,SID0152,polymer,PS,,,,,,mentioned_uncertain,confirmed,shared
SID0152-UFTIR,SID0152,polymer,PS,,,,,,mentioned_uncertain,confirmed,shared
SID0155-RAMAN,SID0155,polymer,PE,,,,,,field_detection,contamination_qualified,direct
SID0155-RAMAN,SID0155,polymer,PET,,,,,,field_detection,contamination_qualified,direct
SID0155-RAMAN,SID0155,polymer,PLA,,,,,,field_detection,contamination_qualified,direct
SID0155-RAMAN,SID0155,polymer,PMMA,,,,,,field_detection,contamination_qualified,direct
SID0155-RAMAN,SID0155,polymer,PP,,,,,,field_detection,contamination_qualified,direct
SID0155-RAMAN,SID0155,polymer,PPTA,,,,,,field_detection,contamination_qualified,direct
SID0155-RAMAN,SID0155,polymer,PS,,,,,,field_detection,contamination_qualified,direct
SID0155-RAMAN,SID0155,polymer,PTFE,,,,,,blank_finding,confirmed,direct
SID0155-RAMAN,SID0155,polymer,PVC,,,,,,blank_finding,confirmed,direct
SID0155-RAMAN,SID0155,polymer,PESU,,,,,,library_only,not_applicable,direct
SID0155-RAMAN,SID0155,polymer,POM,,,,,,library_only,not_applicable,direct
SID0155-RAMAN,SID0155,polymer,PDMS,,,,,,library_only,identity_unresolved,direct
SID0157-UFTIR,SID0157,polymer,PE,,,,,,field_detection,confirmed,direct
SID0157-UFTIR,SID0157,polymer,PP,,,,,,field_detection,confirmed,direct
SID0157-UFTIR,SID0157,polymer,PET,,,,,,field_detection,confirmed,direct
SID0157-UFTIR,SID0157,polymer,PS,,,,,,field_detection,confirmed,direct
SID0157-UFTIR,SID0157,polymer,PVC,,,,,,field_detection,confirmed,direct
SID0157-UFTIR,SID0157,polymer,PU,,,,,,field_detection,confirmed,direct
SID0157-UFTIR,SID0157,polymer,PA,,,,,,field_detection,confirmed,direct
SID0157-UFTIR,SID0157,polymer,PAN,,,,,,field_detection,confirmed,direct
SID0157-UFTIR,SID0157,polymer,EVA,,,,,,field_detection,confirmed,direct
SID0157-UFTIR,SID0157,polymer,EP,,,,,,field_detection,confirmed,direct
SID0158-ATR_FTIR,SID0158,polymer,PET,,,,,,field_detection,confirmed,shared
SID0158-UFTIR,SID0158,polymer,PET,,,,,,field_detection,confirmed,shared
SID0158-ATR_FTIR,SID0158,polymer,PC,,,,,,field_detection,confirmed,shared
SID0158-UFTIR,SID0158,polymer,PC,,,,,,field_detection,confirmed,shared
SID0158-ATR_FTIR,SID0158,polymer,PA,,,,,,field_detection,confirmed,shared
SID0158-UFTIR,SID0158,polymer,PA,,,,,,field_detection,confirmed,shared
SID0158-ATR_FTIR,SID0158,polymer,PP,,,,,,field_detection,confirmed,shared
SID0158-UFTIR,SID0158,polymer,PP,,,,,,field_detection,confirmed,shared
SID0158-ATR_FTIR,SID0158,polymer,PE,,,,,,field_detection,confirmed,shared
SID0158-UFTIR,SID0158,polymer,PE,,,,,,field_detection,confirmed,shared
SID0158-ATR_FTIR,SID0158,polymer,RAYON,,,,,,field_detection,confirmed,shared
SID0158-UFTIR,SID0158,polymer,RAYON,,,,,,field_detection,confirmed,shared
SID0158-ATR_FTIR,SID0158,polymer,EPM,,,,,,field_detection,confirmed,shared
SID0158-UFTIR,SID0158,polymer,EPM,,,,,,field_detection,confirmed,shared
SID0159-UFTIR,SID0159,polymer,PA,,,,,,field_detection,confirmed,direct
SID0159-UFTIR,SID0159,polymer,PET,,,,,,field_detection,confirmed,direct
SID0159-UFTIR,SID0159,polymer,PE,,,,,,field_detection,confirmed,direct
SID0159-UFTIR,SID0159,polymer,PP,,,,,,field_detection,confirmed,direct
SID0159-UFTIR,SID0159,polymer,EVA,,,,,,field_detection,confirmed,direct
SID0159-UFTIR,SID0159,polymer,PIB,,,,,,field_detection,confirmed,direct
SID0159-UFTIR,SID0159,polymer,CELL,,,,,,field_detection,confirmed,direct
SID0159-UFTIR,SID0159,polymer,PLA,,,,,,field_detection,confirmed,direct
SID0159-UFTIR,SID0159,polymer,PEST,,,,,,field_detection,confirmed,direct
SID0160-RAMAN,SID0160,polymer,PE,,,,,,field_detection,confirmed,direct
SID0160-RAMAN,SID0160,polymer,PA,,,,,,field_detection,confirmed,direct
SID0160-RAMAN,SID0160,polymer,PET,,,,,,field_detection,confirmed,direct
SID0160-RAMAN,SID0160,polymer,PS,,,,,,field_detection,confirmed,direct
SID0160-RAMAN,SID0160,polymer,PEST,,,,,,field_detection,confirmed,direct
SID0161-RAMAN,SID0161,polymer,PE,,,,,,field_detection,confirmed,direct
SID0161-RAMAN,SID0161,polymer,PE-HD,,,,,,field_detection,confirmed,direct
SID0161-RAMAN,SID0161,polymer,PP,,,,,,field_detection,confirmed,direct
SID0162-ATR_FTIR,SID0162,polymer,PET,,,,,,field_detection,confirmed,shared
SID0162-UFTIR,SID0162,polymer,PET,,,,,,field_detection,confirmed,shared
SID0162-ATR_FTIR,SID0162,polymer,PE-LD,,,,,,field_detection,confirmed,shared
SID0162-UFTIR,SID0162,polymer,PE-LD,,,,,,field_detection,confirmed,shared
SID0162-ATR_FTIR,SID0162,polymer,PE-HD,,,,,,field_detection,confirmed,shared
SID0162-UFTIR,SID0162,polymer,PE-HD,,,,,,field_detection,confirmed,shared
SID0162-ATR_FTIR,SID0162,polymer,EVA,,,,,,field_detection,confirmed,shared
SID0162-UFTIR,SID0162,polymer,EVA,,,,,,field_detection,confirmed,shared
SID0162-ATR_FTIR,SID0162,polymer,PP,,,,,,field_detection,confirmed,shared
SID0162-UFTIR,SID0162,polymer,PP,,,,,,field_detection,confirmed,shared
SID0162-ATR_FTIR,SID0162,polymer,PPTA,,,,,,field_detection,confirmed,shared
SID0162-UFTIR,SID0162,polymer,PPTA,,,,,,field_detection,confirmed,shared
SID0162-ATR_FTIR,SID0162,polymer,CELL,,,,,,field_detection,confirmed,shared
SID0162-UFTIR,SID0162,polymer,CELL,,,,,,field_detection,confirmed,shared
SID0162-ATR_FTIR,SID0162,polymer,CA,,,,,,field_detection,confirmed,shared
SID0162-UFTIR,SID0162,polymer,CA,,,,,,field_detection,confirmed,shared
SID0162-ATR_FTIR,SID0162,polymer,RAYON,,,,,,field_detection,confirmed,shared
SID0162-UFTIR,SID0162,polymer,RAYON,,,,,,field_detection,confirmed,shared
SID0162-ATR_FTIR,SID0162,polymer,PE,,,,,,field_detection,confirmed,shared
SID0162-UFTIR,SID0162,polymer,PE,,,,,,field_detection,confirmed,shared
SID0162-ATR_FTIR,SID0162,polymer,PVC,,,,,,field_detection,confirmed,shared
SID0162-UFTIR,SID0162,polymer,PVC,,,,,,field_detection,confirmed,shared
SID0167-FTIR,SID0167,polymer,PA,,,,,,field_detection,confirmed,direct
SID0167-FTIR,SID0167,polymer,PET,,,,,,field_detection,confirmed,direct
SID0167-FTIR,SID0167,polymer,PE-HD,,,,,,field_detection,confirmed,direct
SID0167-FTIR,SID0167,polymer,PE-CL,,,,,,field_detection,confirmed,direct
SID0167-FTIR,SID0167,polymer,EPM,,,,,,field_detection,confirmed,direct
SID0167-FTIR,SID0167,polymer,PE,,,,,,field_detection,confirmed,direct
SID0170-FTIR,SID0170,polymer,PVC,,,,,,exposure_material,confirmed,direct
SID0170-FTIR,SID0170,polymer,EVA,,,,,,exposure_material,confirmed,direct
SID0170-FTIR,SID0170,polymer,PET,,,,,,exposure_material,confirmed,direct
SID0170-FTIR,SID0170,polymer,PE,,,,,,exposure_material,confirmed,direct
SID0170-FTIR,SID0170,polymer,PP,,,,,,exposure_material,confirmed,direct
SID0170-FTIR,SID0170,polymer,PS,,,,,,exposure_material,confirmed,direct
SID0170-FTIR,SID0170,polymer,PA,,,,,,exposure_material,confirmed,direct
SID0170-FTIR,SID0170,polymer,PU,,,,,,exposure_material,confirmed,direct
SID0170-FTIR,SID0170,polymer,ACR,,,,,,exposure_material,confirmed,direct
SID0170-FTIR,SID0170,polymer,PTFE,,,,,,exposure_material,confirmed,direct
SID0170-FTIR,SID0170,polymer,PMMA,,,,,,exposure_material,confirmed,direct
SID0170-FTIR,SID0170,polymer,ABS,,,,,,exposure_material,confirmed,direct
SID0170-FTIR,SID0170,polymer,POM,,,,,,exposure_material,confirmed,direct
SID0170-FTIR,SID0170,polymer,PC,,,,,,exposure_material,confirmed,direct
SID0171-RAMAN,SID0171,polymer,ACR,,,,,,field_detection,confirmed,shared
SID0171-ATR_FTIR,SID0171,polymer,ACR,,,,,,field_detection,confirmed,shared
SID0171-RAMAN,SID0171,polymer,CELL,,,,,,field_detection,confirmed,shared
SID0171-ATR_FTIR,SID0171,polymer,CELL,,,,,,field_detection,confirmed,shared
SID0171-RAMAN,SID0171,polymer,RAYON,,,,,,field_detection,confirmed,shared
SID0171-ATR_FTIR,SID0171,polymer,RAYON,,,,,,field_detection,confirmed,shared
SID0171-RAMAN,SID0171,polymer,PMMA,,,,,,field_detection,confirmed,shared
SID0171-ATR_FTIR,SID0171,polymer,PMMA,,,,,,field_detection,confirmed,shared
SID0171-RAMAN,SID0171,polymer,PE-HD,,,,,,field_detection,confirmed,shared
SID0171-ATR_FTIR,SID0171,polymer,PE-HD,,,,,,field_detection,confirmed,shared
SID0171-RAMAN,SID0171,polymer,PS-E,,,,,,field_detection,confirmed,shared
SID0171-ATR_FTIR,SID0171,polymer,PS-E,,,,,,field_detection,confirmed,shared
SID0171-RAMAN,SID0171,polymer,PET,,,,,,field_detection,confirmed,shared
SID0171-ATR_FTIR,SID0171,polymer,PET,,,,,,field_detection,confirmed,shared
SID0171-RAMAN,SID0171,polymer,PVC,,,,,,field_detection,confirmed,shared
SID0171-ATR_FTIR,SID0171,polymer,PVC,,,,,,field_detection,confirmed,shared
SID0171-RAMAN,SID0171,polymer,PE,,,,,,recovery_spike,known_material,shared
SID0171-ATR_FTIR,SID0171,polymer,PE,,,,,,recovery_spike,known_material,shared
SID0171-RAMAN,SID0171,polymer,PVC,,,,,,recovery_spike,known_material,shared
SID0171-ATR_FTIR,SID0171,polymer,PVC,,,,,,recovery_spike,known_material,shared
SID0171-RAMAN,SID0171,polymer,PET,,,,,,recovery_spike,known_material,shared
SID0171-ATR_FTIR,SID0171,polymer,PET,,,,,,recovery_spike,known_material,shared
SID0171-RAMAN,SID0171,polymer,PS,,,,,,recovery_spike,known_material,shared
SID0171-ATR_FTIR,SID0171,polymer,PS,,,,,,recovery_spike,known_material,shared
SID0172-UFTIR,SID0172,polymer,PET,,,,,,field_detection,confirmed,direct
SID0172-UFTIR,SID0172,polymer,PE,,,,,,field_detection,confirmed,direct
SID0172-UFTIR,SID0172,polymer,PP,,,,,,field_detection,confirmed,direct
SID0173-RAMAN,SID0173,polymer,PET,,,,,,field_detection,confirmed,direct
SID0173-RAMAN,SID0173,polymer,PEST,,,,,,field_detection,confirmed,direct
SID0173-RAMAN,SID0173,polymer,PE,,,,,,field_detection,confirmed,direct
SID0173-RAMAN,SID0173,polymer,POM,,,,,,field_detection,confirmed,direct
SID0173-RAMAN,SID0173,polymer,PVP,,,,,,field_detection,confirmed,direct
SID0173-RAMAN,SID0173,polymer,PU,,,,,,field_detection,confirmed,direct
SID0173-RAMAN,SID0173,polymer,PA,,,,,,field_detection,confirmed,direct
SID0174-ATR_FTIR,SID0174,polymer,PET,,,,,,field_detection,confirmed,direct
SID0174-ATR_FTIR,SID0174,polymer,PPS,,,,,,field_detection,confirmed,direct
SID0174-ATR_FTIR,SID0174,polymer,PEST,,,,,,field_detection,confirmed,direct
SID0174-ATR_FTIR,SID0174,polymer,PVC,,,,,,field_detection,confirmed,direct
SID0174-ATR_FTIR,SID0174,polymer,PE,,,,,,field_detection,confirmed,direct
SID0174-ATR_FTIR,SID0174,polymer,PP,,,,,,field_detection,confirmed,direct
SID0174-ATR_FTIR,SID0174,polymer,PA,,,,,,field_detection,confirmed,direct
SID0174-ATR_FTIR,SID0174,polymer,PU,,,,,,field_detection,confirmed,direct
SID0174-ATR_FTIR,SID0174,polymer,PIB,,,,,,field_detection,confirmed,direct
SID0174-ATR_FTIR,SID0174,polymer,CELL,,,,,,field_detection,confirmed,direct
SID0174-ATR_FTIR,SID0174,polymer,PVOH,,,,,,field_detection,confirmed,direct
SID0175-ATR_FTIR,SID0175,polymer,PP,,,,,,field_detection,confirmed,direct
SID0175-ATR_FTIR,SID0175,polymer,PS,,,,,,field_detection,confirmed,direct
SID0175-ATR_FTIR,SID0175,polymer,PA,,,,,,field_detection,confirmed,direct
SID0175-ATR_FTIR,SID0175,polymer,PAN,,,,,,field_detection,confirmed,direct
SID0176-FTIR,SID0176,polymer,PE,,,,,,recovery_spike,known_material,direct
SID0176-FTIR,SID0176,polymer,PS,,,,,,recovery_spike,known_material,direct
SID0176-FTIR,SID0176,polymer,OTHER,,,,,,recovery_spike,known_material,direct
SID0176-FTIR,SID0176,polymer,PEST,,,,,,recovery_spike,known_material,direct
SID0178-RAMAN,SID0178,polymer,PVC,,,,,,field_detection,confirmed,direct
SID0178-RAMAN,SID0178,polymer,PTFE,,,,,,field_detection,confirmed,direct
SID0178-RAMAN,SID0178,polymer,PET,,,,,,field_detection,confirmed,direct
SID0178-RAMAN,SID0178,polymer,PAN,,,,,,field_detection,confirmed,direct
SID0178-RAMAN,SID0178,polymer,PE,,,,,,field_detection,confirmed,direct
SID0178-RAMAN,SID0178,polymer,PP,,,,,,field_detection,confirmed,direct
SID0178-RAMAN,SID0178,polymer,PS,,,,,,field_detection,confirmed,direct
SID0180-UFTIR,SID0180,polymer,PS,,,,,,field_detection,confirmed,direct
SID0180-UFTIR,SID0180,polymer,PET,,,,,,field_detection,confirmed,direct
SID0180-UFTIR,SID0180,polymer,PVC,,,,,,field_detection,confirmed,direct
SID0180-UFTIR,SID0180,polymer,PE,,,,,,field_detection,confirmed,direct
SID0180-UFTIR,SID0180,polymer,PP,,,,,,field_detection,confirmed,direct
SID0180-UFTIR,SID0180,polymer,PU,,,,,,field_detection,confirmed,direct
SID0180-UFTIR,SID0180,polymer,PEST,,,,,,field_detection,confirmed,direct
SID0180-UFTIR,SID0180,polymer,PA,,,,,,field_detection,confirmed,direct
SID0180-UFTIR,SID0180,polymer,PA6,,,,,,field_detection,confirmed,direct
SID0180-UFTIR,SID0180,polymer,CELL,,,,,,field_detection,confirmed,direct
SID0180-UFTIR,SID0180,polymer,RAYON,,,,,,field_detection,confirmed,direct
SID0181-ATR_FTIR,SID0181,polymer,PE,,,,,,field_detection,confirmed,direct
SID0181-ATR_FTIR,SID0181,polymer,PU,,,,,,field_detection,confirmed,direct
SID0181-ATR_FTIR,SID0181,polymer,PS,,,,,,field_detection,confirmed,direct
SID0182-UFTIR,SID0182,polymer,PVC,,,,,,field_detection,confirmed,direct
SID0182-UFTIR,SID0182,polymer,PEST,,,,,,field_detection,confirmed,direct
SID0182-UFTIR,SID0182,polymer,PA,,,,,,field_detection,confirmed,direct
SID0182-UFTIR,SID0182,polymer,PMMA,,,,,,field_detection,confirmed,direct
SID0182-UFTIR,SID0182,polymer,PE,,,,,,field_detection,confirmed,direct
SID0182-UFTIR,SID0182,polymer,PP,,,,,,field_detection,confirmed,direct
SID0182-UFTIR,SID0182,polymer,PVOH,,,,,,field_detection,confirmed,direct
SID0182-UFTIR,SID0182,polymer,RAYON,,,,,,field_detection,confirmed,direct
SID0182-UFTIR,SID0182,polymer,CELL,,,,,,field_detection,confirmed,direct
SID0183-RAMAN,SID0183,polymer,PE,,,,,,field_detection,confirmed,direct
SID0183-RAMAN,SID0183,polymer,PET,,,,,,field_detection,confirmed,direct
SID0183-RAMAN,SID0183,polymer,SEBS,,,,,,field_detection,confirmed,direct
SID0183-RAMAN,SID0183,polymer,CELL,,,,,,field_detection,confirmed,direct
SID0183-RAMAN,SID0183,polymer,PS,,,,,,field_detection,confirmed,direct
SID0183-RAMAN,SID0183,polymer,PS,,,,,,recovery_spike,known_material,direct
SID0185-ATR_FTIR,SID0185,polymer,PA,,,,,,field_detection,confirmed,direct
SID0185-ATR_FTIR,SID0185,polymer,PVAC,,,,,,field_detection,confirmed,direct
SID0185-ATR_FTIR,SID0185,polymer,PU,,,,,,field_detection,confirmed,direct
SID0185-ATR_FTIR,SID0185,polymer,PP,,,,,,field_detection,confirmed,direct
SID0187-ATR_FTIR,SID0187,polymer,EPM,,,,,,reported,confirmed,direct
SID0187-ATR_FTIR,SID0187,polymer,ACR,,,,,,reported,confirmed,direct
SID0187-ATR_FTIR,SID0187,polymer,PA,,,,,,reported,confirmed,direct
SID0189-UFTIR,SID0189,polymer,RAYON,,,,,,field_detection,confirmed,direct
SID0189-UFTIR,SID0189,polymer,PEST,,,,,,field_detection,confirmed,direct
SID0189-UFTIR,SID0189,polymer,PET,,,,,,field_detection,confirmed,direct
SID0189-UFTIR,SID0189,polymer,PE,,,,,,field_detection,confirmed,direct
SID0189-UFTIR,SID0189,polymer,PP,,,,,,field_detection,confirmed,direct
SID0189-UFTIR,SID0189,polymer,PA,,,,,,field_detection,confirmed,direct
SID0191-ATR_FTIR,SID0191,polymer,PVC,,,,,,field_detection,confirmed,direct
SID0191-ATR_FTIR,SID0191,polymer,PE-LD,,,,,,field_detection,confirmed,direct
SID0191-ATR_FTIR,SID0191,polymer,PS,,,,,,field_detection,confirmed,direct
SID0191-ATR_FTIR,SID0191,polymer,PP,,,,,,field_detection,confirmed,direct
SID0191-ATR_FTIR,SID0191,polymer,PE,,,,,,field_detection,confirmed,direct
SID0192-RAMAN,SID0192,polymer,PET,,,,,,field_detection,confirmed,direct
SID0192-RAMAN,SID0192,polymer,CELL,,,,,,field_detection,confirmed,direct
SID0192-RAMAN,SID0192,polymer,PA,,,,,,field_detection,confirmed,direct
SID0192-RAMAN,SID0192,polymer,PP,,,,,,field_detection,confirmed,direct
SID0192-RAMAN,SID0192,polymer,PE,,,,,,field_detection,confirmed,direct
SID0192-RAMAN,SID0192,polymer,PEST,,,,,,field_detection,confirmed,direct
SID0193-ATR_FTIR,SID0193,polymer,PA,,,,,,field_detection,confirmed,direct
SID0193-ATR_FTIR,SID0193,polymer,PET,,,,,,field_detection,confirmed,direct
SID0193-ATR_FTIR,SID0193,polymer,PAA,,,,,,field_detection,confirmed,direct
SID0193-ATR_FTIR,SID0193,polymer,PE,,,,,,field_detection,confirmed,direct
SID0193-ATR_FTIR,SID0193,polymer,PU,,,,,,field_detection,confirmed,direct
SID0193-ATR_FTIR,SID0193,polymer,CELL,,,,,,field_detection,confirmed,direct
SID0193-ATR_FTIR,SID0193,polymer,ACR,,,,,,field_detection,confirmed,direct
SID0194-ATR_FTIR,SID0194,polymer,PS,,,,,,field_detection,confirmed,direct
SID0194-ATR_FTIR,SID0194,polymer,PE,,,,,,field_detection,confirmed,direct
SID0196-ATR_FTIR,SID0196,polymer,PE,,,,,,field_detection,confirmed,direct
SID0196-ATR_FTIR,SID0196,polymer,PE-CL,,,,,,field_detection,confirmed,direct
SID0196-ATR_FTIR,SID0196,polymer,PET,,,,,,field_detection,confirmed,direct
SID0196-ATR_FTIR,SID0196,polymer,PVC,,,,,,field_detection,confirmed,direct
SID0196-ATR_FTIR,SID0196,polymer,PEEK,,,,,,field_detection,confirmed,direct
SID0196-ATR_FTIR,SID0196,polymer,PA,,,,,,field_detection,confirmed,direct
SID0197-RAMAN,SID0197,polymer,PE,,,,,,field_detection,confirmed,shared
SID0197-ATR_FTIR,SID0197,polymer,PE,,,,,,field_detection,confirmed,shared
SID0197-RAMAN,SID0197,polymer,PP,,,,,,field_detection,confirmed,shared
SID0197-ATR_FTIR,SID0197,polymer,PP,,,,,,field_detection,confirmed,shared
SID0197-RAMAN,SID0197,polymer,PS,,,,,,field_detection,confirmed,shared
SID0197-ATR_FTIR,SID0197,polymer,PS,,,,,,field_detection,confirmed,shared
SID0197-RAMAN,SID0197,polymer,PVC,,,,,,field_detection,confirmed,shared
SID0197-ATR_FTIR,SID0197,polymer,PVC,,,,,,field_detection,confirmed,shared
SID0198-UFTIR,SID0198,polymer,PET,,,,,,field_detection,confirmed,direct
SID0198-UFTIR,SID0198,polymer,PP,,,,,,field_detection,confirmed,direct
SID0198-UFTIR,SID0198,polymer,PS,,,,,,field_detection,confirmed,direct
SID0198-UFTIR,SID0198,polymer,PA,,,,,,field_detection,confirmed,direct
SID0198-UFTIR,SID0198,polymer,RAYON,,,,,,field_detection,confirmed,direct
SID0198-UFTIR,SID0198,polymer,PE,,,,,,field_detection,confirmed,direct
SID0199-UFTIR,SID0199,polymer,PE,,,,,,field_detection,confirmed,direct
SID0199-UFTIR,SID0199,polymer,PET,,,,,,field_detection,confirmed,direct
SID0199-UFTIR,SID0199,polymer,PP,,,,,,field_detection,confirmed,direct
SID0199-UFTIR,SID0199,polymer,PVC,,,,,,field_detection,confirmed,direct
SID0199-UFTIR,SID0199,polymer,PS,,,,,,field_detection,confirmed,direct
SID0199-UFTIR,SID0199,polymer,PE,,,,,,exposure_material,known_material,direct
SID0200-RAMAN,SID0200,polymer,PET,,,,,,field_detection,confirmed,direct
SID0200-RAMAN,SID0200,polymer,CELL,,,,,,field_detection,confirmed,direct
SID0200-RAMAN,SID0200,polymer,PA,,,,,,field_detection,confirmed,direct
SID0202-ATR_FTIR,SID0202,polymer,PET,,,,,,field_detection,confirmed,direct
SID0202-ATR_FTIR,SID0202,polymer,EVA,,,,,,field_detection,confirmed,direct
SID0205-ATR_FTIR,SID0205,polymer,PEST,,,,,,field_detection,confirmed,shared
SID0205-UFTIR,SID0205,polymer,PEST,,,,,,field_detection,confirmed,shared
SID0205-ATR_FTIR,SID0205,polymer,ACR,,,,,,field_detection,confirmed,shared
SID0205-UFTIR,SID0205,polymer,ACR,,,,,,field_detection,confirmed,shared
SID0205-ATR_FTIR,SID0205,polymer,PU,,,,,,field_detection,confirmed,shared
SID0205-UFTIR,SID0205,polymer,PU,,,,,,field_detection,confirmed,shared
SID0205-ATR_FTIR,SID0205,polymer,PE,,,,,,field_detection,confirmed,shared
SID0205-UFTIR,SID0205,polymer,PE,,,,,,field_detection,confirmed,shared
SID0205-ATR_FTIR,SID0205,polymer,PVC,,,,,,field_detection,confirmed,shared
SID0205-UFTIR,SID0205,polymer,PVC,,,,,,field_detection,confirmed,shared
SID0206-ATR_FTIR,SID0206,polymer,PET,,,,,,field_detection,confirmed,direct
SID0206-ATR_FTIR,SID0206,polymer,PE,,,,,,field_detection,confirmed,direct
SID0206-ATR_FTIR,SID0206,polymer,PP,,,,,,field_detection,confirmed,direct
SID0206-ATR_FTIR,SID0206,polymer,PA,,,,,,field_detection,confirmed,direct
SID0206-ATR_FTIR,SID0206,polymer,PS,,,,,,field_detection,confirmed,direct
SID0206-ATR_FTIR,SID0206,polymer,PE,,,,,,recovery_spike,known_material,direct
SID0208-UFTIR,SID0208,polymer,PET,,,,,,field_detection,confirmed,direct
SID0208-UFTIR,SID0208,polymer,PP,,,,,,field_detection,confirmed,direct
SID0208-UFTIR,SID0208,polymer,PA,,,,,,field_detection,confirmed,direct
SID0208-UFTIR,SID0208,polymer,PE,,,,,,field_detection,confirmed,direct
SID0208-UFTIR,SID0208,polymer,PU,,,,,,field_detection,confirmed,direct
SID0209-FTIR,SID0209,polymer,PS,,,,,,reported,confirmed,direct
SID0209-FTIR,SID0209,polymer,PS,,,,,,recovery_spike,known_material,direct
SID0210-RAMAN,SID0210,polymer,PS,,,,,,reported,confirmed,shared
SID0210-UFTIR,SID0210,polymer,PS,,,,,,reported,confirmed,shared
SID0210-RAMAN,SID0210,polymer,PP,,,,,,reported,confirmed,shared
SID0210-UFTIR,SID0210,polymer,PP,,,,,,reported,confirmed,shared
SID0210-RAMAN,SID0210,polymer,PE,,,,,,reported,confirmed,shared
SID0210-UFTIR,SID0210,polymer,PE,,,,,,reported,confirmed,shared
SID0210-RAMAN,SID0210,polymer,PEST,,,,,,mentioned_uncertain,confirmed,shared
SID0210-UFTIR,SID0210,polymer,PEST,,,,,,mentioned_uncertain,confirmed,shared
SID0210-RAMAN,SID0210,polymer,PS,,,,,,recovery_spike,known_material,shared
SID0210-UFTIR,SID0210,polymer,PS,,,,,,recovery_spike,known_material,shared
SID0212-ATR_FTIR,SID0212,polymer,PE-LD,,,,,,environmental_sample,confirmed,direct
SID0212-ATR_FTIR,SID0212,polymer,PE-HD,,,,,,environmental_sample,confirmed,direct
SID0212-ATR_FTIR,SID0212,polymer,PP,,,,,,environmental_sample,confirmed,direct
SID0212-ATR_FTIR,SID0212,polymer,PS,,,,,,environmental_sample,confirmed,direct
SID0212-ATR_FTIR,SID0212,polymer,PU,,,,,,environmental_sample,confirmed,direct
SID0212-ATR_FTIR,SID0212,polymer,PA,,,,,,environmental_sample,confirmed,direct
SID0212-ATR_FTIR,SID0212,polymer,PE,,,,,,environmental_sample,confirmed,direct
SID0213-ATR_FTIR,SID0213,polymer,PE,,,,,,field_detection,confirmed,direct
SID0213-ATR_FTIR,SID0213,polymer,EPDM,,,,,,field_detection,confirmed,direct
SID0213-ATR_FTIR,SID0213,polymer,PDMS,,,,,,field_detection,confirmed,direct
SID0213-ATR_FTIR,SID0213,polymer,EAA,,,,,,field_detection,confirmed,direct
SID0213-ATR_FTIR,SID0213,polymer,PET,,,,,,field_detection,confirmed,direct
SID0213-ATR_FTIR,SID0213,polymer,PP,,,,,,field_detection,confirmed,direct
SID0213-ATR_FTIR,SID0213,polymer,PS,,,,,,field_detection,confirmed,direct
SID0213-ATR_FTIR,SID0213,polymer,PU,,,,,,field_detection,confirmed,direct
SID0213-ATR_FTIR,SID0213,polymer,RAYON,,,,,,field_detection,confirmed,direct
SID0213-ATR_FTIR,SID0213,polymer,ABS,,,,,,field_detection,confirmed,direct
SID0213-ATR_FTIR,SID0213,polymer,PA,,,,,,field_detection,confirmed,direct
SID0213-ATR_FTIR,SID0213,polymer,PVOH,,,,,,field_detection,confirmed,direct
SID0213-ATR_FTIR,SID0213,polymer,ACR,,,,,,field_detection,confirmed,direct
SID0213-ATR_FTIR,SID0213,polymer,CELL,,,,,,field_detection,confirmed,direct
SID0214-UFTIR,SID0214,polymer,PE,,,,,,field_detection,confirmed,direct
SID0214-UFTIR,SID0214,polymer,PE-HD,,,,,,exposure_material,known_material,direct
SID0216-ATR_FTIR,SID0216,polymer,PET,,,,,,field_detection,confirmed,shared
SID0216-UFTIR,SID0216,polymer,PET,,,,,,field_detection,confirmed,shared
SID0216-ATR_FTIR,SID0216,polymer,PP,,,,,,field_detection,confirmed,shared
SID0216-UFTIR,SID0216,polymer,PP,,,,,,field_detection,confirmed,shared
SID0216-ATR_FTIR,SID0216,polymer,PE,,,,,,field_detection,confirmed,shared
SID0216-UFTIR,SID0216,polymer,PE,,,,,,field_detection,confirmed,shared
SID0216-ATR_FTIR,SID0216,polymer,PVC,,,,,,field_detection,confirmed,shared
SID0216-UFTIR,SID0216,polymer,PVC,,,,,,field_detection,confirmed,shared
SID0216-ATR_FTIR,SID0216,polymer,PS,,,,,,field_detection,confirmed,shared
SID0216-UFTIR,SID0216,polymer,PS,,,,,,field_detection,confirmed,shared
SID0216-ATR_FTIR,SID0216,polymer,PA,,,,,,field_detection,confirmed,shared
SID0216-UFTIR,SID0216,polymer,PA,,,,,,field_detection,confirmed,shared
SID0216-ATR_FTIR,SID0216,polymer,RAYON,,,,,,field_detection,confirmed,shared
SID0216-UFTIR,SID0216,polymer,RAYON,,,,,,field_detection,confirmed,shared
SID0218-RAMAN,SID0218,polymer,PP,,,,,,field_detection,confirmed,direct
SID0218-RAMAN,SID0218,polymer,PE,,,,,,field_detection,confirmed,direct
SID0218-RAMAN,SID0218,polymer,PVC,,,,,,field_detection,confirmed,direct
SID0218-RAMAN,SID0218,polymer,PA,,,,,,field_detection,confirmed,direct
SID0218-RAMAN,SID0218,polymer,PS,,,,,,field_detection,confirmed,direct
SID0218-RAMAN,SID0218,polymer,PU,,,,,,field_detection,confirmed,direct
SID0218-RAMAN,SID0218,polymer,CA,,,,,,field_detection,confirmed,direct
SID0218-RAMAN,SID0218,polymer,CELL,,,,,,field_detection,confirmed,direct
SID0219-RAMAN,SID0219,polymer,PA,,,,,,field_detection,confirmed,direct
SID0219-RAMAN,SID0219,polymer,PVDF,,,,,,field_detection,confirmed,direct
SID0219-RAMAN,SID0219,polymer,PU,,,,,,field_detection,confirmed,direct
SID0219-RAMAN,SID0219,polymer,PEST,,,,,,field_detection,confirmed,direct
SID0219-RAMAN,SID0219,polymer,PP,,,,,,field_detection,confirmed,direct
SID0219-RAMAN,SID0219,polymer,PE,,,,,,field_detection,confirmed,direct
SID0219-RAMAN,SID0219,polymer,PE-LD,,,,,,field_detection,confirmed,direct
SID0220-UFTIR,SID0220,polymer,PET,,,,,,field_detection,confirmed,direct
SID0220-UFTIR,SID0220,polymer,RAYON,,,,,,field_detection,confirmed,direct
SID0220-UFTIR,SID0220,polymer,CELL,,,,,,field_detection,confirmed,direct
SID0220-UFTIR,SID0220,polymer,PU,,,,,,field_detection,confirmed,direct
SID0220-UFTIR,SID0220,polymer,PAA,,,,,,field_detection,confirmed,direct
SID0220-UFTIR,SID0220,polymer,PEST,,,,,,field_detection,confirmed,direct
SID0221-RAMAN,SID0221,polymer,PE,,,,,,field_detection,confirmed,direct
SID0221-RAMAN,SID0221,polymer,PMMA,,,,,,field_detection,confirmed,direct
SID0221-RAMAN,SID0221,polymer,PP,,,,,,field_detection,confirmed,direct
SID0221-RAMAN,SID0221,polymer,PEST,,,,,,field_detection,confirmed,direct
SID0221-RAMAN,SID0221,polymer,PET,,,,,,field_detection,confirmed,direct
SID0222-ATR_FTIR,SID0222,polymer,PE,,,,,,field_detection,confirmed,direct
SID0222-ATR_FTIR,SID0222,polymer,PP,,,,,,field_detection,confirmed,direct
SID0222-ATR_FTIR,SID0222,polymer,PU,,,,,,field_detection,confirmed,direct
SID0223-RAMAN,SID0223,polymer,PET,,,,,,field_detection,tentative,direct
SID0223-RAMAN,SID0223,polymer,PVC,,,,,,field_detection,tentative,direct
SID0223-RAMAN,SID0223,polymer,PA,,,,,,field_detection,tentative,direct
SID0223-RAMAN,SID0223,polymer,PE,,,,,,field_detection,confirmed,direct
SID0223-RAMAN,SID0223,polymer,PP,,,,,,field_detection,confirmed,direct
SID0223-RAMAN,SID0223,polymer,PS,,,,,,field_detection,confirmed,direct
SID0223-RAMAN,SID0223,polymer,PC,,,,,,field_detection,confirmed,direct
SID0223-RAMAN,SID0223,polymer,ABS,,,,,,field_detection,confirmed,direct
SID0224-UFTIR,SID0224,polymer,PE,,,,,,field_detection,confirmed,direct
SID0225-UFTIR,SID0225,polymer,PET,,,,,,field_detection,confirmed,direct
SID0225-UFTIR,SID0225,polymer,PCL,,,,,,field_detection,confirmed,direct
SID0225-UFTIR,SID0225,polymer,ACR,,,,,,field_detection,confirmed,direct
SID0225-UFTIR,SID0225,polymer,PE,,,,,,field_detection,confirmed,direct
SID0225-UFTIR,SID0225,polymer,PB,,,,,,field_detection,confirmed,direct
SID0225-UFTIR,SID0225,polymer,PC,,,,,,field_detection,confirmed,direct
SID0225-UFTIR,SID0225,polymer,PMMA,,,,,,field_detection,confirmed,direct
SID0225-UFTIR,SID0225,polymer,PIB,,,,,,field_detection,confirmed,direct
SID0225-UFTIR,SID0225,polymer,ABS,,,,,,field_detection,confirmed,direct
SID0225-UFTIR,SID0225,polymer,MBS,,,,,,field_detection,confirmed,direct
SID0225-UFTIR,SID0225,polymer,PLA,,,,,,field_detection,confirmed,direct
SID0225-UFTIR,SID0225,polymer,PVC,,,,,,field_detection,confirmed,direct
SID0225-UFTIR,SID0225,polymer,PP,,,,,,field_detection,confirmed,direct
SID0225-UFTIR,SID0225,polymer,PS,,,,,,field_detection,confirmed,direct
SID0225-UFTIR,SID0225,polymer,PU,,,,,,field_detection,confirmed,direct
SID0225-UFTIR,SID0225,polymer,EP,,,,,,field_detection,confirmed,direct
SID0225-UFTIR,SID0225,polymer,PBAT,,,,,,field_detection,confirmed,direct
SID0225-UFTIR,SID0225,polymer,PTFE,,,,,,field_detection,confirmed,direct
SID0225-UFTIR,SID0225,polymer,PE-CL,,,,,,field_detection,confirmed,direct
SID0225-UFTIR,SID0225,polymer,EVA,,,,,,field_detection,confirmed,direct
SID0225-UFTIR,SID0225,polymer,EAA,,,,,,field_detection,confirmed,direct
SID0225-UFTIR,SID0225,polymer,SBR,,,,,,field_detection,confirmed,direct
SID0225-UFTIR,SID0225,polymer,FKM,,,,,,field_detection,confirmed,direct
SID0225-UFTIR,SID0225,polymer,POM,,,,,,field_detection,confirmed,direct
SID0225-UFTIR,SID0225,polymer,PF,,,,,,field_detection,confirmed,direct
SID0225-UFTIR,SID0225,polymer,PSU,,,,,,field_detection,confirmed,direct
SID0225-UFTIR,SID0225,polymer,PE,,,,,,recovery_spike,known_material,direct
SID0225-UFTIR,SID0225,polymer,PP,,,,,,recovery_spike,known_material,direct
SID0225-UFTIR,SID0225,polymer,PS,,,,,,recovery_spike,known_material,direct
SID0227-ATR_FTIR,SID0227,polymer,PS,,,,,,field_detection,confirmed,direct
SID0227-ATR_FTIR,SID0227,polymer,PP,,,,,,field_detection,confirmed,direct
SID0227-ATR_FTIR,SID0227,polymer,PE-LD,,,,,,field_detection,confirmed,direct
SID0227-ATR_FTIR,SID0227,polymer,PE-HD,,,,,,field_detection,confirmed,direct
SID0227-ATR_FTIR,SID0227,polymer,PET,,,,,,field_detection,confirmed,direct
SID0227-ATR_FTIR,SID0227,polymer,PA,,,,,,field_detection,confirmed,direct
SID0227-ATR_FTIR,SID0227,polymer,PC,,,,,,field_detection,confirmed,direct
SID0227-ATR_FTIR,SID0227,polymer,ACR,,,,,,field_detection,confirmed,direct
SID0227-ATR_FTIR,SID0227,polymer,PTFE,,,,,,field_detection,confirmed,direct
SID0227-ATR_FTIR,SID0227,polymer,PMMA,,,,,,field_detection,confirmed,direct
SID0227-ATR_FTIR,SID0227,polymer,PVC,,,,,,field_detection,confirmed,direct
SID0227-ATR_FTIR,SID0227,polymer,EVA,,,,,,field_detection,confirmed,direct
SID0227-ATR_FTIR,SID0227,polymer,ABS,,,,,,field_detection,confirmed,direct
SID0227-ATR_FTIR,SID0227,polymer,CA,,,,,,field_detection,confirmed,direct
SID0227-ATR_FTIR,SID0227,polymer,PE,,,,,,field_detection,confirmed,direct
SID0227-ATR_FTIR,SID0227,polymer,RAYON,,,,,,field_detection,confirmed,direct
SID0228-TEDGCMS,SID0228,polymer,PE,,,,,,field_detection,confirmed,direct
SID0228-TEDGCMS,SID0228,polymer,EVA,,,,,,field_detection,confirmed,direct
SID0228-TEDGCMS,SID0228,polymer,PE-LD,,,,,,field_detection,confirmed,direct
SID0228-TEDGCMS,SID0228,polymer,PE-HD,,,,,,field_detection,confirmed,direct
SID0228-TEDGCMS,SID0228,polymer,PA,,,,,,field_detection,confirmed,direct
SID0228-TEDGCMS,SID0228,polymer,PTFE,,,,,,field_detection,confirmed,direct
SID0230-RAMAN,SID0230,polymer,NBR,,,,,,field_detection,confirmed,direct
SID0230-RAMAN,SID0230,polymer,PDMS,,,,,,field_detection,identity_unresolved,direct
SID0230-RAMAN,SID0230,polymer,PP,,,,,,field_detection,confirmed,direct
SID0230-RAMAN,SID0230,polymer,PA66,,,,,,field_detection,confirmed,direct
SID0230-RAMAN,SID0230,polymer,PVC,,,,,,field_detection,confirmed,direct
SID0232-UFTIR,SID0232,polymer,PE,,,,,,reported,confirmed,shared
SID0232-ATR_FTIR,SID0232,polymer,PE,,,,,,reported,confirmed,shared
SID0232-UFTIR,SID0232,polymer,PA66,,,,,,reported,confirmed,shared
SID0232-ATR_FTIR,SID0232,polymer,PA66,,,,,,reported,confirmed,shared
SID0232-UFTIR,SID0232,polymer,PC,,,,,,reported,confirmed,shared
SID0232-ATR_FTIR,SID0232,polymer,PC,,,,,,reported,confirmed,shared
SID0232-UFTIR,SID0232,polymer,PMMA,,,,,,reported,confirmed,shared
SID0232-ATR_FTIR,SID0232,polymer,PMMA,,,,,,reported,confirmed,shared
SID0232-UFTIR,SID0232,polymer,PET,,,,,,reported,confirmed,shared
SID0232-ATR_FTIR,SID0232,polymer,PET,,,,,,reported,confirmed,shared
SID0232-UFTIR,SID0232,polymer,PP,,,,,,reported,confirmed,shared
SID0232-ATR_FTIR,SID0232,polymer,PP,,,,,,reported,confirmed,shared
SID0232-UFTIR,SID0232,polymer,PS,,,,,,reported,confirmed,shared
SID0232-ATR_FTIR,SID0232,polymer,PS,,,,,,reported,confirmed,shared
SID0232-UFTIR,SID0232,polymer,PVC,,,,,,reported,confirmed,shared
SID0232-ATR_FTIR,SID0232,polymer,PVC,,,,,,reported,confirmed,shared
SID0232-UFTIR,SID0232,polymer,PE-LD,,,,,,reported,confirmed,shared
SID0232-ATR_FTIR,SID0232,polymer,PE-LD,,,,,,reported,confirmed,shared
SID0232-UFTIR,SID0232,polymer,PE-HD,,,,,,reported,confirmed,shared
SID0232-ATR_FTIR,SID0232,polymer,PE-HD,,,,,,reported,confirmed,shared
SID0232-UFTIR,SID0232,polymer,PA,,,,,,reported,confirmed,shared
SID0232-ATR_FTIR,SID0232,polymer,PA,,,,,,reported,confirmed,shared
SID0232-UFTIR,SID0232,polymer,PE,,,,,,recovery_spike,known_material,shared
SID0232-ATR_FTIR,SID0232,polymer,PE,,,,,,recovery_spike,known_material,shared
SID0232-UFTIR,SID0232,polymer,PA66,,,,,,recovery_spike,known_material,shared
SID0232-ATR_FTIR,SID0232,polymer,PA66,,,,,,recovery_spike,known_material,shared
SID0232-UFTIR,SID0232,polymer,PMMA,,,,,,recovery_spike,known_material,shared
SID0232-ATR_FTIR,SID0232,polymer,PMMA,,,,,,recovery_spike,known_material,shared
SID0232-UFTIR,SID0232,polymer,PET,,,,,,recovery_spike,known_material,shared
SID0232-ATR_FTIR,SID0232,polymer,PET,,,,,,recovery_spike,known_material,shared
SID0232-UFTIR,SID0232,polymer,PVC,,,,,,recovery_spike,known_material,shared
SID0232-ATR_FTIR,SID0232,polymer,PVC,,,,,,recovery_spike,known_material,shared
SID0232-UFTIR,SID0232,polymer,PP,,,,,,recovery_spike,known_material,shared
SID0232-ATR_FTIR,SID0232,polymer,PP,,,,,,recovery_spike,known_material,shared
SID0232-UFTIR,SID0232,polymer,PS,,,,,,recovery_spike,known_material,shared
SID0232-ATR_FTIR,SID0232,polymer,PS,,,,,,recovery_spike,known_material,shared
SID0233-ATR_FTIR,SID0233,polymer,PET,,,,,,field_detection,confirmed,direct
SID0233-ATR_FTIR,SID0233,polymer,PEST,,,,,,field_detection,confirmed,direct
SID0234-PYGCMS,SID0234,polymer,PE,,,,,,reported,confirmed,shared
SID0234-TEDGCMS,SID0234,polymer,PE,,,,,,reported,confirmed,shared
SID0234-FTIR,SID0234,polymer,PE,,,,,,reported,confirmed,shared
SID0234-PYGCMS,SID0234,polymer,PP,,,,,,reported,confirmed,shared
SID0234-TEDGCMS,SID0234,polymer,PP,,,,,,reported,confirmed,shared
SID0234-FTIR,SID0234,polymer,PP,,,,,,reported,confirmed,shared
SID0234-PYGCMS,SID0234,polymer,PS,,,,,,reported,confirmed,shared
SID0234-TEDGCMS,SID0234,polymer,PS,,,,,,reported,confirmed,shared
SID0234-FTIR,SID0234,polymer,PS,,,,,,reported,confirmed,shared
SID0234-PYGCMS,SID0234,polymer,PVC,,,,,,reported,confirmed,shared
SID0234-TEDGCMS,SID0234,polymer,PVC,,,,,,reported,confirmed,shared
SID0234-FTIR,SID0234,polymer,PVC,,,,,,reported,confirmed,shared
SID0234-PYGCMS,SID0234,polymer,PE,,,,,,recovery_spike,known_material,shared
SID0234-TEDGCMS,SID0234,polymer,PE,,,,,,recovery_spike,known_material,shared
SID0234-FTIR,SID0234,polymer,PE,,,,,,recovery_spike,known_material,shared
SID0234-PYGCMS,SID0234,polymer,PVC,,,,,,recovery_spike,known_material,shared
SID0234-TEDGCMS,SID0234,polymer,PVC,,,,,,recovery_spike,known_material,shared
SID0234-FTIR,SID0234,polymer,PVC,,,,,,recovery_spike,known_material,shared
SID0234-PYGCMS,SID0234,polymer,PP,,,,,,recovery_spike,known_material,shared
SID0234-TEDGCMS,SID0234,polymer,PP,,,,,,recovery_spike,known_material,shared
SID0234-FTIR,SID0234,polymer,PP,,,,,,recovery_spike,known_material,shared
SID0234-PYGCMS,SID0234,polymer,PS,,,,,,recovery_spike,known_material,shared
SID0234-TEDGCMS,SID0234,polymer,PS,,,,,,recovery_spike,known_material,shared
SID0234-FTIR,SID0234,polymer,PS,,,,,,recovery_spike,known_material,shared
SID0235-RAMAN,SID0235,polymer,PET,,,,,,field_detection,confirmed,direct
SID0235-RAMAN,SID0235,polymer,PE,,,,,,field_detection,confirmed,direct
SID0235-RAMAN,SID0235,polymer,ABS,,,,,,field_detection,confirmed,direct
SID0235-RAMAN,SID0235,polymer,PP,,,,,,field_detection,confirmed,direct
SID0235-RAMAN,SID0235,polymer,PA,,,,,,field_detection,confirmed,direct
SID0235-RAMAN,SID0235,polymer,PAN,,,,,,field_detection,confirmed,direct
SID0235-RAMAN,SID0235,polymer,PVC,,,,,,field_detection,confirmed,direct
SID0235-RAMAN,SID0235,polymer,CELL,,,,,,field_detection,confirmed,direct
SID0235-RAMAN,SID0235,polymer,PEST,,,,,,field_detection,confirmed,direct
SID0236-RAMAN,SID0236,polymer,PA,,,,,,field_detection,confirmed,direct
SID0236-RAMAN,SID0236,polymer,PS,,,,,,field_detection,confirmed,direct
SID0236-RAMAN,SID0236,polymer,PP,,,,,,field_detection,confirmed,direct
SID0236-RAMAN,SID0236,polymer,PC,,,,,,field_detection,confirmed,direct
SID0237-PYGCMS,SID0237,polymer,PVC,,,,,,field_detection,confirmed,direct
SID0237-PYGCMS,SID0237,polymer,PET,,,,,,field_detection,confirmed,direct
SID0237-PYGCMS,SID0237,polymer,PA6,,,,,,field_detection,confirmed,direct
SID0237-PYGCMS,SID0237,polymer,PA,,,,,,field_detection,confirmed,direct
SID0237-PYGCMS,SID0237,polymer,PDMS,,,,,,field_detection,confirmed,direct
SID0237-PYGCMS,SID0237,polymer,EP,,,,,,field_detection,confirmed,direct
SID0238-RAMAN,SID0238,polymer,PP,,,,,,field_detection,confirmed,shared
SID0238-ATR_FTIR,SID0238,polymer,PP,,,,,,field_detection,confirmed,shared
SID0238-RAMAN,SID0238,polymer,PEST,,,,,,field_detection,confirmed,shared
SID0238-ATR_FTIR,SID0238,polymer,PEST,,,,,,field_detection,confirmed,shared
SID0238-RAMAN,SID0238,polymer,PET,,,,,,field_detection,confirmed,shared
SID0238-ATR_FTIR,SID0238,polymer,PET,,,,,,field_detection,confirmed,shared
SID0238-RAMAN,SID0238,polymer,PS,,,,,,field_detection,confirmed,shared
SID0238-ATR_FTIR,SID0238,polymer,PS,,,,,,field_detection,confirmed,shared
SID0238-RAMAN,SID0238,polymer,PE,,,,,,field_detection,confirmed,shared
SID0238-ATR_FTIR,SID0238,polymer,PE,,,,,,field_detection,confirmed,shared
SID0238-RAMAN,SID0238,polymer,PE-LD,,,,,,field_detection,confirmed,shared
SID0238-ATR_FTIR,SID0238,polymer,PE-LD,,,,,,field_detection,confirmed,shared
SID0238-RAMAN,SID0238,polymer,PE-HD,,,,,,field_detection,confirmed,shared
SID0238-ATR_FTIR,SID0238,polymer,PE-HD,,,,,,field_detection,confirmed,shared
SID0238-RAMAN,SID0238,polymer,CELL,,,,,,field_detection,confirmed,shared
SID0238-ATR_FTIR,SID0238,polymer,CELL,,,,,,field_detection,confirmed,shared
SID0238-RAMAN,SID0238,polymer,RAYON,,,,,,field_detection,confirmed,shared
SID0238-ATR_FTIR,SID0238,polymer,RAYON,,,,,,field_detection,confirmed,shared
SID0239-UFTIR,SID0239,polymer,PE,,,,,,reported,confirmed,direct
SID0239-UFTIR,SID0239,polymer,PS,,,,,,reported,confirmed,direct
SID0239-UFTIR,SID0239,polymer,PP,,,,,,reported,confirmed,direct
SID0239-UFTIR,SID0239,polymer,PET,,,,,,reported,confirmed,direct
SID0239-UFTIR,SID0239,polymer,EPDM,,,,,,reported,confirmed,direct
SID0239-UFTIR,SID0239,polymer,PVC,,,,,,reported,confirmed,direct
SID0239-UFTIR,SID0239,polymer,SBR,,,,,,reported,confirmed,direct
SID0239-UFTIR,SID0239,polymer,ACR,,,,,,reported,confirmed,direct
SID0239-UFTIR,SID0239,polymer,PEST,,,,,,reported,confirmed,direct
SID0239-UFTIR,SID0239,polymer,PP,,,,,,recovery_spike,known_material,direct
SID0239-UFTIR,SID0239,polymer,PA,,,,,,recovery_spike,known_material,direct
SID0239-UFTIR,SID0239,polymer,PS-E,,,,,,recovery_spike,known_material,direct
SID0239-UFTIR,SID0239,polymer,PET,,,,,,recovery_spike,known_material,direct
SID0239-UFTIR,SID0239,polymer,PS,,,,,,recovery_spike,known_material,direct
SID0240-RAMAN,SID0240,polymer,PP,,,,,,field_detection,confirmed,direct
SID0240-RAMAN,SID0240,polymer,CELL,,,,,,field_detection,confirmed,direct
SID0240-RAMAN,SID0240,polymer,PVOH,,,,,,field_detection,confirmed,direct
SID0240-RAMAN,SID0240,polymer,PA6,,,,,,field_detection,confirmed,direct
SID0240-RAMAN,SID0240,polymer,PA66,,,,,,field_detection,confirmed,direct
SID0240-RAMAN,SID0240,polymer,PVC,,,,,,field_detection,confirmed,direct
SID0240-RAMAN,SID0240,polymer,PS,,,,,,field_detection,confirmed,direct
SID0240-RAMAN,SID0240,polymer,PEST,,,,,,field_detection,confirmed,direct
SID0240-RAMAN,SID0240,polymer,PA,,,,,,field_detection,confirmed,direct
SID0240-RAMAN,SID0240,polymer,PE,,,,,,field_detection,confirmed,direct
SID0242-UFTIR,SID0242,polymer,PP,,,,,,field_detection,confirmed,direct
SID0242-UFTIR,SID0242,polymer,PE,,,,,,field_detection,confirmed,direct
SID0242-UFTIR,SID0242,polymer,PA,,,,,,field_detection,confirmed,direct
SID0242-UFTIR,SID0242,polymer,PS,,,,,,field_detection,confirmed,direct
SID0242-UFTIR,SID0242,polymer,PVC,,,,,,field_detection,confirmed,direct
SID0242-UFTIR,SID0242,polymer,PET,,,,,,field_detection,confirmed,direct
SID0242-UFTIR,SID0242,polymer,PC,,,,,,field_detection,confirmed,direct
SID0244-RAMAN,SID0244,polymer,PET,,,,,,field_detection,confirmed,direct
SID0245-ATR_FTIR,SID0245,polymer,PEST,,,,,,field_detection,confirmed,direct
SID0245-ATR_FTIR,SID0245,polymer,PE,,,,,,field_detection,confirmed,direct
SID0245-ATR_FTIR,SID0245,polymer,RAYON,,,,,,field_detection,confirmed,direct
SID0245-ATR_FTIR,SID0245,polymer,PP,,,,,,field_detection,confirmed,direct
SID0245-ATR_FTIR,SID0245,polymer,PA,,,,,,field_detection,confirmed,direct
SID0245-ATR_FTIR,SID0245,polymer,PS,,,,,,field_detection,confirmed,direct
SID0245-ATR_FTIR,SID0245,polymer,PVC,,,,,,field_detection,confirmed,direct
SID0245-ATR_FTIR,SID0245,polymer,PET,,,,,,field_detection,confirmed,direct
SID0245-ATR_FTIR,SID0245,polymer,PE,,,,,,recovery_spike,known_material,direct
SID0245-ATR_FTIR,SID0245,polymer,PP,,,,,,recovery_spike,known_material,direct
SID0246-UFTIR,SID0246,polymer,PS,,,,,,field_detection,confirmed,shared
SID0246-ATR_FTIR,SID0246,polymer,PS,,,,,,field_detection,confirmed,shared
SID0246-UFTIR,SID0246,polymer,PE,,,,,,field_detection,confirmed,shared
SID0246-ATR_FTIR,SID0246,polymer,PE,,,,,,field_detection,confirmed,shared
SID0246-UFTIR,SID0246,polymer,PP,,,,,,field_detection,confirmed,shared
SID0246-ATR_FTIR,SID0246,polymer,PP,,,,,,field_detection,confirmed,shared
SID0246-UFTIR,SID0246,polymer,PET,,,,,,field_detection,confirmed,shared
SID0246-ATR_FTIR,SID0246,polymer,PET,,,,,,field_detection,confirmed,shared
SID0246-UFTIR,SID0246,polymer,PA,,,,,,field_detection,confirmed,shared
SID0246-ATR_FTIR,SID0246,polymer,PA,,,,,,field_detection,confirmed,shared
SID0246-UFTIR,SID0246,polymer,PVC,,,,,,field_detection,confirmed,shared
SID0246-ATR_FTIR,SID0246,polymer,PVC,,,,,,field_detection,confirmed,shared
SID0246-UFTIR,SID0246,polymer,PAN,,,,,,field_detection,confirmed,shared
SID0246-ATR_FTIR,SID0246,polymer,PAN,,,,,,field_detection,confirmed,shared
SID0246-UFTIR,SID0246,polymer,EVA,,,,,,field_detection,confirmed,shared
SID0246-ATR_FTIR,SID0246,polymer,EVA,,,,,,field_detection,confirmed,shared
SID0247-RAMAN,SID0247,polymer,PS,,,,,,reported,confirmed,direct
SID0247-RAMAN,SID0247,polymer,PP,,,,,,reported,confirmed,direct
SID0247-RAMAN,SID0247,polymer,PET,,,,,,reported,confirmed,direct
SID0247-RAMAN,SID0247,polymer,PA,,,,,,reported,confirmed,direct
SID0247-RAMAN,SID0247,polymer,PAN,,,,,,reported,confirmed,direct
SID0247-RAMAN,SID0247,polymer,ACR,,,,,,reported,confirmed,direct
SID0247-RAMAN,SID0247,polymer,RAYON,,,,,,reported,confirmed,direct
SID0247-RAMAN,SID0247,polymer,PVC,,,,,,reported,confirmed,direct
SID0247-RAMAN,SID0247,polymer,PE-LD,,,,,,reported,confirmed,direct
SID0247-RAMAN,SID0247,polymer,PE,,,,,,reported,confirmed,direct
SID0247-RAMAN,SID0247,polymer,PS,,,,,,recovery_spike,known_material,direct
SID0247-RAMAN,SID0247,polymer,PET,,,,,,recovery_spike,known_material,direct
SID0247-RAMAN,SID0247,polymer,PVC,,,,,,recovery_spike,known_material,direct
SID0247-RAMAN,SID0247,polymer,PA,,,,,,recovery_spike,known_material,direct
SID0247-RAMAN,SID0247,polymer,PP,,,,,,recovery_spike,known_material,direct
SID0247-RAMAN,SID0247,polymer,PE,,,,,,recovery_spike,known_material,direct
SID0247-RAMAN,SID0247,polymer,OTHER,,,,,,recovery_spike,known_material,direct
SID0248-ATR_FTIR,SID0248,polymer,PA,,,,,,reported,confirmed,shared
SID0248-PYGCMS,SID0248,polymer,PA,,,,,,reported,confirmed,shared
SID0248-ATR_FTIR,SID0248,polymer,PE,,,,,,reported,confirmed,shared
SID0248-PYGCMS,SID0248,polymer,PE,,,,,,reported,confirmed,shared
SID0248-ATR_FTIR,SID0248,polymer,PA,,,,,,recovery_spike,known_material,shared
SID0248-PYGCMS,SID0248,polymer,PA,,,,,,recovery_spike,known_material,shared
SID0248-ATR_FTIR,SID0248,polymer,PE,,,,,,recovery_spike,known_material,shared
SID0248-PYGCMS,SID0248,polymer,PE,,,,,,recovery_spike,known_material,shared
SID0248-ATR_FTIR,SID0248,polymer,PA6,,,,,,recovery_spike,known_material,shared
SID0248-PYGCMS,SID0248,polymer,PA6,,,,,,recovery_spike,known_material,shared
SID0249-UFTIR,SID0249,polymer,PE,,,,,,field_detection,confirmed,direct
SID0249-UFTIR,SID0249,polymer,PA,,,,,,field_detection,confirmed,direct
SID0249-UFTIR,SID0249,polymer,EPDM,,,,,,field_detection,confirmed,direct
SID0249-UFTIR,SID0249,polymer,EVA,,,,,,field_detection,confirmed,direct
SID0249-UFTIR,SID0249,polymer,PET,,,,,,field_detection,confirmed,direct
SID0249-UFTIR,SID0249,polymer,PU,,,,,,field_detection,confirmed,direct
SID0249-UFTIR,SID0249,polymer,PS,,,,,,field_detection,confirmed,direct
SID0249-UFTIR,SID0249,polymer,ALK,,,,,,field_detection,confirmed,direct
SID0249-UFTIR,SID0249,polymer,PVC,,,,,,field_detection,confirmed,direct
SID0249-UFTIR,SID0249,polymer,ACR,,,,,,field_detection,confirmed,direct
SID0249-UFTIR,SID0249,polymer,PP,,,,,,field_detection,confirmed,direct
SID0249-UFTIR,SID0249,polymer,EAA,,,,,,field_detection,confirmed,direct
SID0249-UFTIR,SID0249,polymer,POM,,,,,,field_detection,confirmed,direct
SID0249-UFTIR,SID0249,polymer,PDMS,,,,,,field_detection,confirmed,direct
SID0249-UFTIR,SID0249,polymer,PMMA,,,,,,field_detection,confirmed,direct
SID0249-UFTIR,SID0249,polymer,PHB,,,,,,field_detection,confirmed,direct
SID0249-UFTIR,SID0249,polymer,PP,,,,,,recovery_spike,known_material,direct
SID0249-UFTIR,SID0249,polymer,PVC,,,,,,recovery_spike,known_material,direct
SID0250-ATR_FTIR,SID0250,polymer,PP,,,,,,field_detection,confirmed,direct
SID0250-ATR_FTIR,SID0250,polymer,PE-HD,,,,,,field_detection,confirmed,direct
SID0250-ATR_FTIR,SID0250,polymer,PET,,,,,,field_detection,confirmed,direct
SID0250-ATR_FTIR,SID0250,polymer,PE,,,,,,field_detection,confirmed,direct
SID0251-ATR_FTIR,SID0251,polymer,PP,,,,,,field_detection,confirmed,direct
SID0251-ATR_FTIR,SID0251,polymer,PE,,,,,,field_detection,confirmed,direct
SID0251-ATR_FTIR,SID0251,polymer,PET,,,,,,field_detection,confirmed,direct
SID0251-ATR_FTIR,SID0251,polymer,PS,,,,,,field_detection,confirmed,direct
SID0251-ATR_FTIR,SID0251,polymer,RAYON,,,,,,field_detection,confirmed,direct
SID0251-ATR_FTIR,SID0251,polymer,CELL,,,,,,field_detection,confirmed,direct
SID0251-ATR_FTIR,SID0251,polymer,PE,,,,,,recovery_spike,known_material,direct
SID0252-ATR_FTIR,SID0252,polymer,PP,,,,,,field_detection,confirmed,direct
SID0252-ATR_FTIR,SID0252,polymer,EVA,,,,,,field_detection,confirmed,direct
SID0252-ATR_FTIR,SID0252,polymer,PE,,,,,,field_detection,confirmed,direct
SID0253-LDIR,SID0253,polymer,PP,,,,,,exposure_material,confirmed,direct
SID0253-LDIR,SID0253,polymer,CELL,,,,,,exposure_material,confirmed,direct
SID0253-LDIR,SID0253,polymer,PS,,,,,,mentioned_uncertain,confirmed,direct
SID0255-RAMAN,SID0255,polymer,PE,,,,,,field_detection,confirmed,shared
SID0255-PYGCMS,SID0255,polymer,PE,,,,,,field_detection,confirmed,shared
SID0255-RAMAN,SID0255,polymer,PEST,,,,,,field_detection,confirmed,shared
SID0255-PYGCMS,SID0255,polymer,PEST,,,,,,field_detection,confirmed,shared
SID0255-RAMAN,SID0255,polymer,PET,,,,,,field_detection,confirmed,shared
SID0255-PYGCMS,SID0255,polymer,PET,,,,,,field_detection,confirmed,shared
SID0255-RAMAN,SID0255,polymer,PP,,,,,,field_detection,confirmed,shared
SID0255-PYGCMS,SID0255,polymer,PP,,,,,,field_detection,confirmed,shared
SID0255-RAMAN,SID0255,polymer,ACR,,,,,,field_detection,confirmed,shared
SID0255-PYGCMS,SID0255,polymer,ACR,,,,,,field_detection,confirmed,shared
SID0255-RAMAN,SID0255,polymer,PVC,,,,,,field_detection,confirmed,shared
SID0255-PYGCMS,SID0255,polymer,PVC,,,,,,field_detection,confirmed,shared
SID0255-RAMAN,SID0255,polymer,PC,,,,,,field_detection,confirmed,shared
SID0255-PYGCMS,SID0255,polymer,PC,,,,,,field_detection,confirmed,shared
SID0255-RAMAN,SID0255,polymer,PMMA,,,,,,field_detection,confirmed,shared
SID0255-PYGCMS,SID0255,polymer,PMMA,,,,,,field_detection,confirmed,shared
SID0256-UFTIR,SID0256,polymer,PE,,,,,,field_detection,confirmed,direct
SID0256-UFTIR,SID0256,polymer,PA,,,,,,field_detection,confirmed,direct
SID0256-UFTIR,SID0256,polymer,PMMA,,,,,,field_detection,confirmed,direct
SID0256-UFTIR,SID0256,polymer,PDMS,,,,,,field_detection,confirmed,direct
SID0256-UFTIR,SID0256,polymer,PVC,,,,,,field_detection,confirmed,direct
SID0256-UFTIR,SID0256,polymer,PP,,,,,,field_detection,confirmed,direct
SID0256-UFTIR,SID0256,polymer,PS,,,,,,field_detection,confirmed,direct
SID0256-UFTIR,SID0256,polymer,ALK,,,,,,field_detection,confirmed,direct
SID0256-UFTIR,SID0256,polymer,PU,,,,,,field_detection,confirmed,direct
SID0256-UFTIR,SID0256,polymer,PBT,,,,,,field_detection,confirmed,direct
SID0256-UFTIR,SID0256,polymer,PVOH,,,,,,field_detection,confirmed,direct
SID0256-UFTIR,SID0256,polymer,PET,,,,,,field_detection,confirmed,direct
SID0256-UFTIR,SID0256,polymer,ACR,,,,,,field_detection,confirmed,direct
SID0258-ATR_FTIR,SID0258,polymer,PA,,,,,,field_detection,confirmed,direct
SID0258-ATR_FTIR,SID0258,polymer,PET,,,,,,field_detection,confirmed,direct
SID0258-ATR_FTIR,SID0258,polymer,PEST,,,,,,field_detection,confirmed,direct
SID0258-ATR_FTIR,SID0258,polymer,PE,,,,,,field_detection,confirmed,direct
SID0258-ATR_FTIR,SID0258,polymer,PP,,,,,,field_detection,confirmed,direct
SID0259-PYGCMS,SID0259,polymer,PS,,,,,,field_detection,confirmed,direct
SID0259-PYGCMS,SID0259,polymer,PE,,,,,,field_detection,confirmed,direct
SID0259-PYGCMS,SID0259,polymer,PP,,,,,,field_detection,confirmed,direct
SID0259-PYGCMS,SID0259,polymer,PMMA,,,,,,field_detection,tentative,direct
SID0259-PYGCMS,SID0259,polymer,PET,,,,,,field_detection,tentative,direct
SID0260-UFTIR,SID0260,polymer,PP,,,,,,field_detection,confirmed,direct
SID0260-UFTIR,SID0260,polymer,PET,,,,,,field_detection,confirmed,direct
SID0260-UFTIR,SID0260,polymer,OTHER,,,,,,field_detection,confirmed,direct
SID0260-UFTIR,SID0260,polymer,PE,,,,,,field_detection,confirmed,direct
SID0260-UFTIR,SID0260,polymer,PE,,,,,,field_detection,confirmed,direct
SID0260-UFTIR,SID0260,polymer,PET,,,,,,field_detection,confirmed,direct
SID0260-UFTIR,SID0260,polymer,PP,,,,,,field_detection,confirmed,direct
SID0260-UFTIR,SID0260,polymer,PEST,,,,,,field_detection,confirmed,direct
SID0260-UFTIR,SID0260,polymer,PS,,,,,,field_detection,confirmed,direct
SID0260-UFTIR,SID0260,polymer,OTHER,,,,,,field_detection,confirmed,direct
SID0260-UFTIR,SID0260,polymer,SEBS,,,,,,field_detection,confirmed,direct
SID0260-UFTIR,SID0260,polymer,PET,,,,,,field_detection,confirmed,direct
SID0260-UFTIR,SID0260,polymer,OTHER,,,,,,field_detection,confirmed,direct
SID0260-UFTIR,SID0260,polymer,PE,,,,,,field_detection,confirmed,direct
SID0260-UFTIR,SID0260,polymer,PMMA,,,,,,field_detection,confirmed,direct
SID0260-UFTIR,SID0260,polymer,PU,,,,,,field_detection,confirmed,direct
SID0260-UFTIR,SID0260,polymer,PP,,,,,,field_detection,confirmed,direct
SID0260-UFTIR,SID0260,polymer,PTFE,,,,,,field_detection,confirmed,direct
SID0260-UFTIR,SID0260,polymer,PET,,,,,,field_detection,confirmed,direct
SID0260-UFTIR,SID0260,polymer,OTHER,,,,,,field_detection,confirmed,direct
SID0260-UFTIR,SID0260,polymer,PS,,,,,,field_detection,confirmed,direct
SID0260-UFTIR,SID0260,polymer,PAN,,,,,,field_detection,confirmed,direct
SID0260-UFTIR,SID0260,polymer,PE,,,,,,field_detection,confirmed,direct
SID0261-PYGCMS,SID0261,polymer,PET,,,,,,field_detection,confirmed,direct
SID0261-PYGCMS,SID0261,polymer,PS,,,,,,field_detection,confirmed,direct
SID0261-PYGCMS,SID0261,polymer,PVC,,,,,,field_detection,confirmed,direct
SID0261-PYGCMS,SID0261,polymer,PP,,,,,,field_detection,confirmed,direct
SID0261-PYGCMS,SID0261,polymer,PVC,,,,,,field_detection,confirmed,direct
SID0261-PYGCMS,SID0261,polymer,PMMA,,,,,,field_detection,confirmed,direct
SID0261-PYGCMS,SID0261,polymer,PC,,,,,,field_detection,confirmed,direct
SID0261-PYGCMS,SID0261,polymer,PS,,,,,,field_detection,confirmed,direct
SID0261-PYGCMS,SID0261,polymer,PP,,,,,,field_detection,confirmed,direct
SID0263-PYGCMS,SID0263,polymer,PMMA,,,,,,field_detection,confirmed,direct
SID0263-PYGCMS,SID0263,polymer,PP,,,,,,field_detection,confirmed,direct
SID0263-PYGCMS,SID0263,polymer,PE,,,,,,field_detection,confirmed,direct
SID0263-PYGCMS,SID0263,polymer,PET,,,,,,field_detection,confirmed,direct
SID0263-PYGCMS,SID0263,polymer,PVC,,,,,,field_detection,confirmed,direct
SID0263-PYGCMS,SID0263,polymer,PC,,,,,,field_detection,confirmed,direct
SID0263-PYGCMS,SID0263,polymer,ABS,,,,,,field_detection,confirmed,direct
SID0263-PYGCMS,SID0263,polymer,PS,,,,,,field_detection,confirmed,direct
SID0262-RAMAN,SID0262,polymer,PS,,,,,,field_detection,confirmed,direct
SID0262-RAMAN,SID0262,polymer,PC,,,,,,field_detection,confirmed,direct
SID0262-RAMAN,SID0262,polymer,PE,,,,,,field_detection,confirmed,direct
SID0262-RAMAN,SID0262,polymer,ABS,,,,,,field_detection,confirmed,direct
SID0262-RAMAN,SID0262,polymer,PTFE,,,,,,field_detection,confirmed,direct
SID0262-RAMAN,SID0262,polymer,PVC,,,,,,field_detection,confirmed,direct
SID0262-RAMAN,SID0262,polymer,PP,,,,,,field_detection,confirmed,direct
SID0262-RAMAN,SID0262,polymer,PET,,,,,,field_detection,confirmed,direct
SID0264-ATR_FTIR,SID0264,polymer,PE,,,,,,field_detection,confirmed,shared
SID0264-PYGCMS,SID0264,polymer,PE,,,,,,field_detection,confirmed,shared
SID0264-UFTIR,SID0264,polymer,PE,,,,,,field_detection,confirmed,shared
SID0264-ATR_FTIR,SID0264,polymer,PA66,,,,,,field_detection,confirmed,shared
SID0264-PYGCMS,SID0264,polymer,PA66,,,,,,field_detection,confirmed,shared
SID0264-UFTIR,SID0264,polymer,PA66,,,,,,field_detection,confirmed,shared
SID0264-ATR_FTIR,SID0264,polymer,ABS,,,,,,field_detection,confirmed,shared
SID0264-PYGCMS,SID0264,polymer,ABS,,,,,,field_detection,confirmed,shared
SID0264-UFTIR,SID0264,polymer,ABS,,,,,,field_detection,confirmed,shared
SID0264-ATR_FTIR,SID0264,polymer,PET,,,,,,field_detection,confirmed,shared
SID0264-PYGCMS,SID0264,polymer,PET,,,,,,field_detection,confirmed,shared
SID0264-UFTIR,SID0264,polymer,PET,,,,,,field_detection,confirmed,shared
SID0264-ATR_FTIR,SID0264,polymer,PVC,,,,,,field_detection,confirmed,shared
SID0264-PYGCMS,SID0264,polymer,PVC,,,,,,field_detection,confirmed,shared
SID0264-UFTIR,SID0264,polymer,PVC,,,,,,field_detection,confirmed,shared
SID0264-ATR_FTIR,SID0264,polymer,SBR,,,,,,field_detection,confirmed,shared
SID0264-PYGCMS,SID0264,polymer,SBR,,,,,,field_detection,confirmed,shared
SID0264-UFTIR,SID0264,polymer,SBR,,,,,,field_detection,confirmed,shared
SID0264-ATR_FTIR,SID0264,polymer,PE,,,,,,field_detection,confirmed,shared
SID0264-PYGCMS,SID0264,polymer,PE,,,,,,field_detection,confirmed,shared
SID0264-UFTIR,SID0264,polymer,PE,,,,,,field_detection,confirmed,shared
SID0264-ATR_FTIR,SID0264,polymer,PP,,,,,,field_detection,confirmed,shared
SID0264-PYGCMS,SID0264,polymer,PP,,,,,,field_detection,confirmed,shared
SID0264-UFTIR,SID0264,polymer,PP,,,,,,field_detection,confirmed,shared
SID0264-ATR_FTIR,SID0264,polymer,PS,,,,,,field_detection,confirmed,shared
SID0264-PYGCMS,SID0264,polymer,PS,,,,,,field_detection,confirmed,shared
SID0264-UFTIR,SID0264,polymer,PS,,,,,,field_detection,confirmed,shared
SID0264-ATR_FTIR,SID0264,polymer,ABS,,,,,,field_detection,confirmed,shared
SID0264-PYGCMS,SID0264,polymer,ABS,,,,,,field_detection,confirmed,shared
SID0264-UFTIR,SID0264,polymer,ABS,,,,,,field_detection,confirmed,shared
SID0264-ATR_FTIR,SID0264,polymer,SBR,,,,,,field_detection,confirmed,shared
SID0264-PYGCMS,SID0264,polymer,SBR,,,,,,field_detection,confirmed,shared
SID0264-UFTIR,SID0264,polymer,SBR,,,,,,field_detection,confirmed,shared
SID0264-ATR_FTIR,SID0264,polymer,PMMA,,,,,,field_detection,confirmed,shared
SID0264-PYGCMS,SID0264,polymer,PMMA,,,,,,field_detection,confirmed,shared
SID0264-UFTIR,SID0264,polymer,PMMA,,,,,,field_detection,confirmed,shared
SID0264-ATR_FTIR,SID0264,polymer,PC,,,,,,field_detection,confirmed,shared
SID0264-PYGCMS,SID0264,polymer,PC,,,,,,field_detection,confirmed,shared
SID0264-UFTIR,SID0264,polymer,PC,,,,,,field_detection,confirmed,shared
SID0264-ATR_FTIR,SID0264,polymer,PVC,,,,,,field_detection,confirmed,shared
SID0264-PYGCMS,SID0264,polymer,PVC,,,,,,field_detection,confirmed,shared
SID0264-UFTIR,SID0264,polymer,PVC,,,,,,field_detection,confirmed,shared
SID0264-ATR_FTIR,SID0264,polymer,PU,,,,,,field_detection,confirmed,shared
SID0264-PYGCMS,SID0264,polymer,PU,,,,,,field_detection,confirmed,shared
SID0264-UFTIR,SID0264,polymer,PU,,,,,,field_detection,confirmed,shared
SID0264-ATR_FTIR,SID0264,polymer,PET,,,,,,field_detection,confirmed,shared
SID0264-PYGCMS,SID0264,polymer,PET,,,,,,field_detection,confirmed,shared
SID0264-UFTIR,SID0264,polymer,PET,,,,,,field_detection,confirmed,shared
SID0264-ATR_FTIR,SID0264,polymer,PA6,,,,,,field_detection,confirmed,shared
SID0264-PYGCMS,SID0264,polymer,PA6,,,,,,field_detection,confirmed,shared
SID0264-UFTIR,SID0264,polymer,PA6,,,,,,field_detection,confirmed,shared
SID0264-ATR_FTIR,SID0264,polymer,PA66,,,,,,field_detection,confirmed,shared
SID0264-PYGCMS,SID0264,polymer,PA66,,,,,,field_detection,confirmed,shared
SID0264-UFTIR,SID0264,polymer,PA66,,,,,,field_detection,confirmed,shared
SID0264-ATR_FTIR,SID0264,polymer,PE,,,,,,field_detection,confirmed,shared
SID0264-PYGCMS,SID0264,polymer,PE,,,,,,field_detection,confirmed,shared
SID0264-UFTIR,SID0264,polymer,PE,,,,,,field_detection,confirmed,shared
SID0264-ATR_FTIR,SID0264,polymer,PP,,,,,,field_detection,confirmed,shared
SID0264-PYGCMS,SID0264,polymer,PP,,,,,,field_detection,confirmed,shared
SID0264-UFTIR,SID0264,polymer,PP,,,,,,field_detection,confirmed,shared
SID0264-ATR_FTIR,SID0264,polymer,PS,,,,,,field_detection,confirmed,shared
SID0264-PYGCMS,SID0264,polymer,PS,,,,,,field_detection,confirmed,shared
SID0264-UFTIR,SID0264,polymer,PS,,,,,,field_detection,confirmed,shared
SID0264-ATR_FTIR,SID0264,polymer,ABS,,,,,,field_detection,confirmed,shared
SID0264-PYGCMS,SID0264,polymer,ABS,,,,,,field_detection,confirmed,shared
SID0264-UFTIR,SID0264,polymer,ABS,,,,,,field_detection,confirmed,shared
SID0264-ATR_FTIR,SID0264,polymer,SBR,,,,,,field_detection,confirmed,shared
SID0264-PYGCMS,SID0264,polymer,SBR,,,,,,field_detection,confirmed,shared
SID0264-UFTIR,SID0264,polymer,SBR,,,,,,field_detection,confirmed,shared
SID0264-ATR_FTIR,SID0264,polymer,PMMA,,,,,,field_detection,confirmed,shared
SID0264-PYGCMS,SID0264,polymer,PMMA,,,,,,field_detection,confirmed,shared
SID0264-UFTIR,SID0264,polymer,PMMA,,,,,,field_detection,confirmed,shared
SID0264-ATR_FTIR,SID0264,polymer,PC,,,,,,field_detection,confirmed,shared
SID0264-PYGCMS,SID0264,polymer,PC,,,,,,field_detection,confirmed,shared
SID0264-UFTIR,SID0264,polymer,PC,,,,,,field_detection,confirmed,shared
SID0264-ATR_FTIR,SID0264,polymer,PVC,,,,,,field_detection,confirmed,shared
SID0264-PYGCMS,SID0264,polymer,PVC,,,,,,field_detection,confirmed,shared
SID0264-UFTIR,SID0264,polymer,PVC,,,,,,field_detection,confirmed,shared
SID0264-ATR_FTIR,SID0264,polymer,PU,,,,,,field_detection,confirmed,shared
SID0264-PYGCMS,SID0264,polymer,PU,,,,,,field_detection,confirmed,shared
SID0264-UFTIR,SID0264,polymer,PU,,,,,,field_detection,confirmed,shared
SID0264-ATR_FTIR,SID0264,polymer,PET,,,,,,field_detection,confirmed,shared
SID0264-PYGCMS,SID0264,polymer,PET,,,,,,field_detection,confirmed,shared
SID0264-UFTIR,SID0264,polymer,PET,,,,,,field_detection,confirmed,shared
SID0264-ATR_FTIR,SID0264,polymer,PA6,,,,,,field_detection,confirmed,shared
SID0264-PYGCMS,SID0264,polymer,PA6,,,,,,field_detection,confirmed,shared
SID0264-UFTIR,SID0264,polymer,PA6,,,,,,field_detection,confirmed,shared
SID0264-ATR_FTIR,SID0264,polymer,PA66,,,,,,field_detection,confirmed,shared
SID0264-PYGCMS,SID0264,polymer,PA66,,,,,,field_detection,confirmed,shared
SID0264-UFTIR,SID0264,polymer,PA66,,,,,,field_detection,confirmed,shared
SID0264-ATR_FTIR,SID0264,polymer,PE,,,,,,field_detection,confirmed,shared
SID0264-PYGCMS,SID0264,polymer,PE,,,,,,field_detection,confirmed,shared
SID0264-UFTIR,SID0264,polymer,PE,,,,,,field_detection,confirmed,shared
SID0264-ATR_FTIR,SID0264,polymer,PP,,,,,,field_detection,confirmed,shared
SID0264-PYGCMS,SID0264,polymer,PP,,,,,,field_detection,confirmed,shared
SID0264-UFTIR,SID0264,polymer,PP,,,,,,field_detection,confirmed,shared
SID0264-ATR_FTIR,SID0264,polymer,PS,,,,,,field_detection,confirmed,shared
SID0264-PYGCMS,SID0264,polymer,PS,,,,,,field_detection,confirmed,shared
SID0264-UFTIR,SID0264,polymer,PS,,,,,,field_detection,confirmed,shared
SID0264-ATR_FTIR,SID0264,polymer,ABS,,,,,,field_detection,confirmed,shared
SID0264-PYGCMS,SID0264,polymer,ABS,,,,,,field_detection,confirmed,shared
SID0264-UFTIR,SID0264,polymer,ABS,,,,,,field_detection,confirmed,shared
SID0264-ATR_FTIR,SID0264,polymer,SBR,,,,,,field_detection,confirmed,shared
SID0264-PYGCMS,SID0264,polymer,SBR,,,,,,field_detection,confirmed,shared
SID0264-UFTIR,SID0264,polymer,SBR,,,,,,field_detection,confirmed,shared
SID0264-ATR_FTIR,SID0264,polymer,PMMA,,,,,,field_detection,confirmed,shared
SID0264-PYGCMS,SID0264,polymer,PMMA,,,,,,field_detection,confirmed,shared
SID0264-UFTIR,SID0264,polymer,PMMA,,,,,,field_detection,confirmed,shared
SID0264-ATR_FTIR,SID0264,polymer,PC,,,,,,field_detection,confirmed,shared
SID0264-PYGCMS,SID0264,polymer,PC,,,,,,field_detection,confirmed,shared
SID0264-UFTIR,SID0264,polymer,PC,,,,,,field_detection,confirmed,shared
SID0264-ATR_FTIR,SID0264,polymer,PVC,,,,,,field_detection,confirmed,shared
SID0264-PYGCMS,SID0264,polymer,PVC,,,,,,field_detection,confirmed,shared
SID0264-UFTIR,SID0264,polymer,PVC,,,,,,field_detection,confirmed,shared
SID0264-ATR_FTIR,SID0264,polymer,PU,,,,,,field_detection,confirmed,shared
SID0264-PYGCMS,SID0264,polymer,PU,,,,,,field_detection,confirmed,shared
SID0264-UFTIR,SID0264,polymer,PU,,,,,,field_detection,confirmed,shared
SID0264-ATR_FTIR,SID0264,polymer,PET,,,,,,field_detection,confirmed,shared
SID0264-PYGCMS,SID0264,polymer,PET,,,,,,field_detection,confirmed,shared
SID0264-UFTIR,SID0264,polymer,PET,,,,,,field_detection,confirmed,shared
SID0264-ATR_FTIR,SID0264,polymer,PA6,,,,,,field_detection,confirmed,shared
SID0264-PYGCMS,SID0264,polymer,PA6,,,,,,field_detection,confirmed,shared
SID0264-UFTIR,SID0264,polymer,PA6,,,,,,field_detection,confirmed,shared
SID0264-ATR_FTIR,SID0264,polymer,PA66,,,,,,field_detection,confirmed,shared
SID0264-PYGCMS,SID0264,polymer,PA66,,,,,,field_detection,confirmed,shared
SID0264-UFTIR,SID0264,polymer,PA66,,,,,,field_detection,confirmed,shared
SID0264-ATR_FTIR,SID0264,polymer,PE,,,,,,field_detection,confirmed,shared
SID0264-PYGCMS,SID0264,polymer,PE,,,,,,field_detection,confirmed,shared
SID0264-UFTIR,SID0264,polymer,PE,,,,,,field_detection,confirmed,shared
SID0264-ATR_FTIR,SID0264,polymer,PP,,,,,,field_detection,confirmed,shared
SID0264-PYGCMS,SID0264,polymer,PP,,,,,,field_detection,confirmed,shared
SID0264-UFTIR,SID0264,polymer,PP,,,,,,field_detection,confirmed,shared
SID0264-ATR_FTIR,SID0264,polymer,PS,,,,,,field_detection,confirmed,shared
SID0264-PYGCMS,SID0264,polymer,PS,,,,,,field_detection,confirmed,shared
SID0264-UFTIR,SID0264,polymer,PS,,,,,,field_detection,confirmed,shared
SID0264-ATR_FTIR,SID0264,polymer,ABS,,,,,,field_detection,confirmed,shared
SID0264-PYGCMS,SID0264,polymer,ABS,,,,,,field_detection,confirmed,shared
SID0264-UFTIR,SID0264,polymer,ABS,,,,,,field_detection,confirmed,shared
SID0264-ATR_FTIR,SID0264,polymer,SBR,,,,,,field_detection,confirmed,shared
SID0264-PYGCMS,SID0264,polymer,SBR,,,,,,field_detection,confirmed,shared
SID0264-UFTIR,SID0264,polymer,SBR,,,,,,field_detection,confirmed,shared
SID0264-ATR_FTIR,SID0264,polymer,PMMA,,,,,,field_detection,confirmed,shared
SID0264-PYGCMS,SID0264,polymer,PMMA,,,,,,field_detection,confirmed,shared
SID0264-UFTIR,SID0264,polymer,PMMA,,,,,,field_detection,confirmed,shared
SID0264-ATR_FTIR,SID0264,polymer,PC,,,,,,field_detection,confirmed,shared
SID0264-PYGCMS,SID0264,polymer,PC,,,,,,field_detection,confirmed,shared
SID0264-UFTIR,SID0264,polymer,PC,,,,,,field_detection,confirmed,shared
SID0264-ATR_FTIR,SID0264,polymer,PVC,,,,,,field_detection,confirmed,shared
SID0264-PYGCMS,SID0264,polymer,PVC,,,,,,field_detection,confirmed,shared
SID0264-UFTIR,SID0264,polymer,PVC,,,,,,field_detection,confirmed,shared
SID0264-ATR_FTIR,SID0264,polymer,PU,,,,,,field_detection,confirmed,shared
SID0264-PYGCMS,SID0264,polymer,PU,,,,,,field_detection,confirmed,shared
SID0264-UFTIR,SID0264,polymer,PU,,,,,,field_detection,confirmed,shared
SID0264-ATR_FTIR,SID0264,polymer,PET,,,,,,field_detection,confirmed,shared
SID0264-PYGCMS,SID0264,polymer,PET,,,,,,field_detection,confirmed,shared
SID0264-UFTIR,SID0264,polymer,PET,,,,,,field_detection,confirmed,shared
SID0264-ATR_FTIR,SID0264,polymer,PA6,,,,,,field_detection,confirmed,shared
SID0264-PYGCMS,SID0264,polymer,PA6,,,,,,field_detection,confirmed,shared
SID0264-UFTIR,SID0264,polymer,PA6,,,,,,field_detection,confirmed,shared
SID0264-ATR_FTIR,SID0264,polymer,PA66,,,,,,field_detection,confirmed,shared
SID0264-PYGCMS,SID0264,polymer,PA66,,,,,,field_detection,confirmed,shared
SID0264-UFTIR,SID0264,polymer,PA66,,,,,,field_detection,confirmed,shared
SID0264-ATR_FTIR,SID0264,polymer,PE,,,,,,field_detection,confirmed,shared
SID0264-PYGCMS,SID0264,polymer,PE,,,,,,field_detection,confirmed,shared
SID0264-UFTIR,SID0264,polymer,PE,,,,,,field_detection,confirmed,shared
SID0264-ATR_FTIR,SID0264,polymer,PP,,,,,,field_detection,confirmed,shared
SID0264-PYGCMS,SID0264,polymer,PP,,,,,,field_detection,confirmed,shared
SID0264-UFTIR,SID0264,polymer,PP,,,,,,field_detection,confirmed,shared
SID0264-ATR_FTIR,SID0264,polymer,PS,,,,,,field_detection,confirmed,shared
SID0264-PYGCMS,SID0264,polymer,PS,,,,,,field_detection,confirmed,shared
SID0264-UFTIR,SID0264,polymer,PS,,,,,,field_detection,confirmed,shared
SID0264-ATR_FTIR,SID0264,polymer,ABS,,,,,,field_detection,confirmed,shared
SID0264-PYGCMS,SID0264,polymer,ABS,,,,,,field_detection,confirmed,shared
SID0264-UFTIR,SID0264,polymer,ABS,,,,,,field_detection,confirmed,shared
SID0264-ATR_FTIR,SID0264,polymer,SBR,,,,,,field_detection,confirmed,shared
SID0264-PYGCMS,SID0264,polymer,SBR,,,,,,field_detection,confirmed,shared
SID0264-UFTIR,SID0264,polymer,SBR,,,,,,field_detection,confirmed,shared
SID0264-ATR_FTIR,SID0264,polymer,PMMA,,,,,,field_detection,confirmed,shared
SID0264-PYGCMS,SID0264,polymer,PMMA,,,,,,field_detection,confirmed,shared
SID0264-UFTIR,SID0264,polymer,PMMA,,,,,,field_detection,confirmed,shared
SID0264-ATR_FTIR,SID0264,polymer,PC,,,,,,field_detection,confirmed,shared
SID0264-PYGCMS,SID0264,polymer,PC,,,,,,field_detection,confirmed,shared
SID0264-UFTIR,SID0264,polymer,PC,,,,,,field_detection,confirmed,shared
SID0264-ATR_FTIR,SID0264,polymer,PVC,,,,,,field_detection,confirmed,shared
SID0264-PYGCMS,SID0264,polymer,PVC,,,,,,field_detection,confirmed,shared
SID0264-UFTIR,SID0264,polymer,PVC,,,,,,field_detection,confirmed,shared
SID0264-ATR_FTIR,SID0264,polymer,PU,,,,,,field_detection,confirmed,shared
SID0264-PYGCMS,SID0264,polymer,PU,,,,,,field_detection,confirmed,shared
SID0264-UFTIR,SID0264,polymer,PU,,,,,,field_detection,confirmed,shared
SID0264-ATR_FTIR,SID0264,polymer,PET,,,,,,field_detection,confirmed,shared
SID0264-PYGCMS,SID0264,polymer,PET,,,,,,field_detection,confirmed,shared
SID0264-UFTIR,SID0264,polymer,PET,,,,,,field_detection,confirmed,shared
SID0264-ATR_FTIR,SID0264,polymer,PA6,,,,,,field_detection,confirmed,shared
SID0264-PYGCMS,SID0264,polymer,PA6,,,,,,field_detection,confirmed,shared
SID0264-UFTIR,SID0264,polymer,PA6,,,,,,field_detection,confirmed,shared
SID0264-ATR_FTIR,SID0264,polymer,PA66,,,,,,field_detection,confirmed,shared
SID0264-PYGCMS,SID0264,polymer,PA66,,,,,,field_detection,confirmed,shared
SID0264-UFTIR,SID0264,polymer,PA66,,,,,,field_detection,confirmed,shared
SID0264-ATR_FTIR,SID0264,polymer,PE,,,,,,field_detection,confirmed,shared
SID0264-PYGCMS,SID0264,polymer,PE,,,,,,field_detection,confirmed,shared
SID0264-UFTIR,SID0264,polymer,PE,,,,,,field_detection,confirmed,shared
SID0264-ATR_FTIR,SID0264,polymer,PP,,,,,,field_detection,confirmed,shared
SID0264-PYGCMS,SID0264,polymer,PP,,,,,,field_detection,confirmed,shared
SID0264-UFTIR,SID0264,polymer,PP,,,,,,field_detection,confirmed,shared
SID0264-ATR_FTIR,SID0264,polymer,PS,,,,,,field_detection,confirmed,shared
SID0264-PYGCMS,SID0264,polymer,PS,,,,,,field_detection,confirmed,shared
SID0264-UFTIR,SID0264,polymer,PS,,,,,,field_detection,confirmed,shared
SID0264-ATR_FTIR,SID0264,polymer,ABS,,,,,,field_detection,confirmed,shared
SID0264-PYGCMS,SID0264,polymer,ABS,,,,,,field_detection,confirmed,shared
SID0264-UFTIR,SID0264,polymer,ABS,,,,,,field_detection,confirmed,shared
SID0264-ATR_FTIR,SID0264,polymer,SBR,,,,,,field_detection,confirmed,shared
SID0264-PYGCMS,SID0264,polymer,SBR,,,,,,field_detection,confirmed,shared
SID0264-UFTIR,SID0264,polymer,SBR,,,,,,field_detection,confirmed,shared
SID0264-ATR_FTIR,SID0264,polymer,PMMA,,,,,,field_detection,confirmed,shared
SID0264-PYGCMS,SID0264,polymer,PMMA,,,,,,field_detection,confirmed,shared
SID0264-UFTIR,SID0264,polymer,PMMA,,,,,,field_detection,confirmed,shared
SID0264-ATR_FTIR,SID0264,polymer,PC,,,,,,field_detection,confirmed,shared
SID0264-PYGCMS,SID0264,polymer,PC,,,,,,field_detection,confirmed,shared
SID0264-UFTIR,SID0264,polymer,PC,,,,,,field_detection,confirmed,shared
SID0264-ATR_FTIR,SID0264,polymer,PVC,,,,,,field_detection,confirmed,shared
SID0264-PYGCMS,SID0264,polymer,PVC,,,,,,field_detection,confirmed,shared
SID0264-UFTIR,SID0264,polymer,PVC,,,,,,field_detection,confirmed,shared
SID0264-ATR_FTIR,SID0264,polymer,PU,,,,,,field_detection,confirmed,shared
SID0264-PYGCMS,SID0264,polymer,PU,,,,,,field_detection,confirmed,shared
SID0264-UFTIR,SID0264,polymer,PU,,,,,,field_detection,confirmed,shared
SID0264-ATR_FTIR,SID0264,polymer,PET,,,,,,field_detection,confirmed,shared
SID0264-PYGCMS,SID0264,polymer,PET,,,,,,field_detection,confirmed,shared
SID0264-UFTIR,SID0264,polymer,PET,,,,,,field_detection,confirmed,shared
SID0264-ATR_FTIR,SID0264,polymer,PA6,,,,,,field_detection,confirmed,shared
SID0264-PYGCMS,SID0264,polymer,PA6,,,,,,field_detection,confirmed,shared
SID0264-UFTIR,SID0264,polymer,PA6,,,,,,field_detection,confirmed,shared
SID0264-ATR_FTIR,SID0264,polymer,PA66,,,,,,field_detection,confirmed,shared
SID0264-PYGCMS,SID0264,polymer,PA66,,,,,,field_detection,confirmed,shared
SID0264-UFTIR,SID0264,polymer,PA66,,,,,,field_detection,confirmed,shared
SID0264-ATR_FTIR,SID0264,polymer,PE,,,,,,field_detection,confirmed,shared
SID0264-PYGCMS,SID0264,polymer,PE,,,,,,field_detection,confirmed,shared
SID0264-UFTIR,SID0264,polymer,PE,,,,,,field_detection,confirmed,shared
SID0264-ATR_FTIR,SID0264,polymer,PP,,,,,,field_detection,confirmed,shared
SID0264-PYGCMS,SID0264,polymer,PP,,,,,,field_detection,confirmed,shared
SID0264-UFTIR,SID0264,polymer,PP,,,,,,field_detection,confirmed,shared
SID0264-ATR_FTIR,SID0264,polymer,PS,,,,,,field_detection,confirmed,shared
SID0264-PYGCMS,SID0264,polymer,PS,,,,,,field_detection,confirmed,shared
SID0264-UFTIR,SID0264,polymer,PS,,,,,,field_detection,confirmed,shared
SID0264-ATR_FTIR,SID0264,polymer,ABS,,,,,,target_not_detected,not_detected,shared
SID0264-PYGCMS,SID0264,polymer,ABS,,,,,,target_not_detected,not_detected,shared
SID0264-UFTIR,SID0264,polymer,ABS,,,,,,target_not_detected,not_detected,shared
SID0264-ATR_FTIR,SID0264,polymer,SBR,,,,,,field_detection,confirmed,shared
SID0264-PYGCMS,SID0264,polymer,SBR,,,,,,field_detection,confirmed,shared
SID0264-UFTIR,SID0264,polymer,SBR,,,,,,field_detection,confirmed,shared
SID0264-ATR_FTIR,SID0264,polymer,PMMA,,,,,,field_detection,confirmed,shared
SID0264-PYGCMS,SID0264,polymer,PMMA,,,,,,field_detection,confirmed,shared
SID0264-UFTIR,SID0264,polymer,PMMA,,,,,,field_detection,confirmed,shared
SID0264-ATR_FTIR,SID0264,polymer,PC,,,,,,field_detection,confirmed,shared
SID0264-PYGCMS,SID0264,polymer,PC,,,,,,field_detection,confirmed,shared
SID0264-UFTIR,SID0264,polymer,PC,,,,,,field_detection,confirmed,shared
SID0264-ATR_FTIR,SID0264,polymer,PVC,,,,,,field_detection,confirmed,shared
SID0264-PYGCMS,SID0264,polymer,PVC,,,,,,field_detection,confirmed,shared
SID0264-UFTIR,SID0264,polymer,PVC,,,,,,field_detection,confirmed,shared
SID0264-ATR_FTIR,SID0264,polymer,PU,,,,,,field_detection,confirmed,shared
SID0264-PYGCMS,SID0264,polymer,PU,,,,,,field_detection,confirmed,shared
SID0264-UFTIR,SID0264,polymer,PU,,,,,,field_detection,confirmed,shared
SID0264-ATR_FTIR,SID0264,polymer,PET,,,,,,field_detection,confirmed,shared
SID0264-PYGCMS,SID0264,polymer,PET,,,,,,field_detection,confirmed,shared
SID0264-UFTIR,SID0264,polymer,PET,,,,,,field_detection,confirmed,shared
SID0264-ATR_FTIR,SID0264,polymer,PA6,,,,,,field_detection,confirmed,shared
SID0264-PYGCMS,SID0264,polymer,PA6,,,,,,field_detection,confirmed,shared
SID0264-UFTIR,SID0264,polymer,PA6,,,,,,field_detection,confirmed,shared
SID0264-ATR_FTIR,SID0264,polymer,PA66,,,,,,field_detection,confirmed,shared
SID0264-PYGCMS,SID0264,polymer,PA66,,,,,,field_detection,confirmed,shared
SID0264-UFTIR,SID0264,polymer,PA66,,,,,,field_detection,confirmed,shared
SID0264-ATR_FTIR,SID0264,polymer,PE,,,,,,field_detection,confirmed,shared
SID0264-PYGCMS,SID0264,polymer,PE,,,,,,field_detection,confirmed,shared
SID0264-UFTIR,SID0264,polymer,PE,,,,,,field_detection,confirmed,shared
SID0264-ATR_FTIR,SID0264,polymer,PP,,,,,,field_detection,confirmed,shared
SID0264-PYGCMS,SID0264,polymer,PP,,,,,,field_detection,confirmed,shared
SID0264-UFTIR,SID0264,polymer,PP,,,,,,field_detection,confirmed,shared
SID0264-ATR_FTIR,SID0264,polymer,PS,,,,,,field_detection,confirmed,shared
SID0264-PYGCMS,SID0264,polymer,PS,,,,,,field_detection,confirmed,shared
SID0264-UFTIR,SID0264,polymer,PS,,,,,,field_detection,confirmed,shared
SID0264-ATR_FTIR,SID0264,polymer,ABS,,,,,,field_detection,confirmed,shared
SID0264-PYGCMS,SID0264,polymer,ABS,,,,,,field_detection,confirmed,shared
SID0264-UFTIR,SID0264,polymer,ABS,,,,,,field_detection,confirmed,shared
SID0264-ATR_FTIR,SID0264,polymer,SBR,,,,,,field_detection,confirmed,shared
SID0264-PYGCMS,SID0264,polymer,SBR,,,,,,field_detection,confirmed,shared
SID0264-UFTIR,SID0264,polymer,SBR,,,,,,field_detection,confirmed,shared
SID0264-ATR_FTIR,SID0264,polymer,PMMA,,,,,,field_detection,confirmed,shared
SID0264-PYGCMS,SID0264,polymer,PMMA,,,,,,field_detection,confirmed,shared
SID0264-UFTIR,SID0264,polymer,PMMA,,,,,,field_detection,confirmed,shared
SID0264-ATR_FTIR,SID0264,polymer,PC,,,,,,field_detection,confirmed,shared
SID0264-PYGCMS,SID0264,polymer,PC,,,,,,field_detection,confirmed,shared
SID0264-UFTIR,SID0264,polymer,PC,,,,,,field_detection,confirmed,shared
SID0264-ATR_FTIR,SID0264,polymer,PVC,,,,,,field_detection,confirmed,shared
SID0264-PYGCMS,SID0264,polymer,PVC,,,,,,field_detection,confirmed,shared
SID0264-UFTIR,SID0264,polymer,PVC,,,,,,field_detection,confirmed,shared
SID0264-ATR_FTIR,SID0264,polymer,PU,,,,,,field_detection,confirmed,shared
SID0264-PYGCMS,SID0264,polymer,PU,,,,,,field_detection,confirmed,shared
SID0264-UFTIR,SID0264,polymer,PU,,,,,,field_detection,confirmed,shared
SID0264-ATR_FTIR,SID0264,polymer,PET,,,,,,field_detection,confirmed,shared
SID0264-PYGCMS,SID0264,polymer,PET,,,,,,field_detection,confirmed,shared
SID0264-UFTIR,SID0264,polymer,PET,,,,,,field_detection,confirmed,shared
SID0264-ATR_FTIR,SID0264,polymer,PA6,,,,,,field_detection,confirmed,shared
SID0264-PYGCMS,SID0264,polymer,PA6,,,,,,field_detection,confirmed,shared
SID0264-UFTIR,SID0264,polymer,PA6,,,,,,field_detection,confirmed,shared
SID0264-ATR_FTIR,SID0264,polymer,PA66,,,,,,field_detection,confirmed,shared
SID0264-PYGCMS,SID0264,polymer,PA66,,,,,,field_detection,confirmed,shared
SID0264-UFTIR,SID0264,polymer,PA66,,,,,,field_detection,confirmed,shared
SID0265-UFTIR,SID0265,polymer,RAYON,,,,,,field_detection,tentative,direct
SID0265-UFTIR,SID0265,polymer,RAYON,,,,,,field_detection,tentative,direct
SID0265-UFTIR,SID0265,polymer,PET,,,,,,field_detection,confirmed,direct
SID0265-UFTIR,SID0265,polymer,PP,,,,,,field_detection,confirmed,direct
SID0266-UFTIR,SID0266,polymer,PP,,,,,,field_detection,confirmed,direct
SID0266-UFTIR,SID0266,polymer,PET,,,,,,field_detection,confirmed,direct
SID0266-UFTIR,SID0266,polymer,PMMA,,,,,,target_not_detected,not_detected,direct
SID0267-FTIR,SID0267,polymer,FKM,,,,,,field_detection,confirmed,direct
SID0267-FTIR,SID0267,polymer,PE,,,,,,field_detection,confirmed,direct
SID0267-FTIR,SID0267,polymer,ACR,,,,,,field_detection,confirmed,direct
SID0267-FTIR,SID0267,polymer,PU,,,,,,field_detection,confirmed,direct
SID0267-FTIR,SID0267,polymer,PE-CL,,,,,,field_detection,confirmed,direct
SID0267-FTIR,SID0267,polymer,EAA,,,,,,field_detection,confirmed,direct
SID0267-FTIR,SID0267,polymer,PET,,,,,,field_detection,confirmed,direct
SID0267-FTIR,SID0267,polymer,PP,,,,,,field_detection,confirmed,direct
SID0267-FTIR,SID0267,polymer,PS,,,,,,field_detection,confirmed,direct
SID0267-FTIR,SID0267,polymer,PVC,,,,,,field_detection,confirmed,direct
SID0267-FTIR,SID0267,polymer,PB,,,,,,field_detection,confirmed,direct
SID0267-FTIR,SID0267,polymer,EVA,,,,,,field_detection,confirmed,direct
SID0267-FTIR,SID0267,polymer,EP,,,,,,field_detection,confirmed,direct
SID0268-RAMAN,SID0268,polymer,PTFE,,,,,,field_detection,confirmed,shared
SID0268-PYGCMS,SID0268,polymer,PTFE,,,,,,field_detection,confirmed,shared
SID0268-RAMAN,SID0268,polymer,PS,,,,,,field_detection,confirmed,shared
SID0268-PYGCMS,SID0268,polymer,PS,,,,,,field_detection,confirmed,shared
SID0268-RAMAN,SID0268,polymer,ABS,,,,,,field_detection,confirmed,shared
SID0268-PYGCMS,SID0268,polymer,ABS,,,,,,field_detection,confirmed,shared
SID0268-RAMAN,SID0268,polymer,PC,,,,,,field_detection,confirmed,shared
SID0268-PYGCMS,SID0268,polymer,PC,,,,,,field_detection,confirmed,shared
SID0268-RAMAN,SID0268,polymer,PP,,,,,,field_detection,confirmed,shared
SID0268-PYGCMS,SID0268,polymer,PP,,,,,,field_detection,confirmed,shared
SID0268-RAMAN,SID0268,polymer,PE,,,,,,field_detection,confirmed,shared
SID0268-PYGCMS,SID0268,polymer,PE,,,,,,field_detection,confirmed,shared
SID0268-RAMAN,SID0268,polymer,PVC,,,,,,field_detection,confirmed,shared
SID0268-PYGCMS,SID0268,polymer,PVC,,,,,,field_detection,confirmed,shared
SID0269-PYGCMS,SID0269,polymer,PS,,,,,,field_detection,confirmed,shared
SID0269-FTIR,SID0269,polymer,PS,,,,,,field_detection,confirmed,shared
SID0269-PYGCMS,SID0269,polymer,PE,,,,,,field_detection,confirmed,shared
SID0269-FTIR,SID0269,polymer,PE,,,,,,field_detection,confirmed,shared
SID0269-PYGCMS,SID0269,polymer,PP,,,,,,field_detection,confirmed,shared
SID0269-FTIR,SID0269,polymer,PP,,,,,,field_detection,confirmed,shared
SID0269-PYGCMS,SID0269,polymer,PVC,,,,,,field_detection,confirmed,shared
SID0269-FTIR,SID0269,polymer,PVC,,,,,,field_detection,confirmed,shared
SID0269-PYGCMS,SID0269,polymer,PMMA,,,,,,field_detection,confirmed,shared
SID0269-FTIR,SID0269,polymer,PMMA,,,,,,field_detection,confirmed,shared
SID0269-PYGCMS,SID0269,polymer,PA66,,,,,,field_detection,confirmed,shared
SID0269-FTIR,SID0269,polymer,PA66,,,,,,field_detection,confirmed,shared
SID0269-PYGCMS,SID0269,polymer,PC,,,,,,target_not_detected,not_detected,shared
SID0269-FTIR,SID0269,polymer,PC,,,,,,target_not_detected,not_detected,shared
SID0269-PYGCMS,SID0269,polymer,PET,,,,,,target_not_detected,not_detected,shared
SID0269-FTIR,SID0269,polymer,PET,,,,,,target_not_detected,not_detected,shared
SID0269-PYGCMS,SID0269,polymer,PA6,,,,,,target_not_detected,not_detected,shared
SID0269-FTIR,SID0269,polymer,PA6,,,,,,target_not_detected,not_detected,shared
SID0269-PYGCMS,SID0269,polymer,PLA,,,,,,target_not_detected,not_detected,shared
SID0269-FTIR,SID0269,polymer,PLA,,,,,,target_not_detected,not_detected,shared
SID0269-PYGCMS,SID0269,polymer,PBAT,,,,,,target_not_detected,not_detected,shared
SID0269-FTIR,SID0269,polymer,PBAT,,,,,,target_not_detected,not_detected,shared
SID0269-PYGCMS,SID0269,polymer,PS,,,,,,field_detection,confirmed,shared
SID0269-FTIR,SID0269,polymer,PS,,,,,,field_detection,confirmed,shared
SID0269-PYGCMS,SID0269,polymer,PE,,,,,,field_detection,confirmed,shared
SID0269-FTIR,SID0269,polymer,PE,,,,,,field_detection,confirmed,shared
SID0269-PYGCMS,SID0269,polymer,PP,,,,,,field_detection,confirmed,shared
SID0269-FTIR,SID0269,polymer,PP,,,,,,field_detection,confirmed,shared
SID0269-PYGCMS,SID0269,polymer,PVC,,,,,,field_detection,confirmed,shared
SID0269-FTIR,SID0269,polymer,PVC,,,,,,field_detection,confirmed,shared
SID0269-PYGCMS,SID0269,polymer,PMMA,,,,,,field_detection,confirmed,shared
SID0269-FTIR,SID0269,polymer,PMMA,,,,,,field_detection,confirmed,shared
SID0269-PYGCMS,SID0269,polymer,PC,,,,,,target_not_detected,not_detected,shared
SID0269-FTIR,SID0269,polymer,PC,,,,,,target_not_detected,not_detected,shared
SID0269-PYGCMS,SID0269,polymer,PET,,,,,,target_not_detected,not_detected,shared
SID0269-FTIR,SID0269,polymer,PET,,,,,,target_not_detected,not_detected,shared
SID0269-PYGCMS,SID0269,polymer,PA6,,,,,,target_not_detected,not_detected,shared
SID0269-FTIR,SID0269,polymer,PA6,,,,,,target_not_detected,not_detected,shared
SID0269-PYGCMS,SID0269,polymer,PA66,,,,,,target_not_detected,not_detected,shared
SID0269-FTIR,SID0269,polymer,PA66,,,,,,target_not_detected,not_detected,shared
SID0269-PYGCMS,SID0269,polymer,PLA,,,,,,target_not_detected,not_detected,shared
SID0269-FTIR,SID0269,polymer,PLA,,,,,,target_not_detected,not_detected,shared
SID0269-PYGCMS,SID0269,polymer,PBAT,,,,,,target_not_detected,not_detected,shared
SID0269-FTIR,SID0269,polymer,PBAT,,,,,,target_not_detected,not_detected,shared
SID0269-PYGCMS,SID0269,polymer,PS,,,,,,field_detection,confirmed,shared
SID0269-FTIR,SID0269,polymer,PS,,,,,,field_detection,confirmed,shared
SID0269-PYGCMS,SID0269,polymer,PE,,,,,,field_detection,confirmed,shared
SID0269-FTIR,SID0269,polymer,PE,,,,,,field_detection,confirmed,shared
SID0269-PYGCMS,SID0269,polymer,PP,,,,,,field_detection,confirmed,shared
SID0269-FTIR,SID0269,polymer,PP,,,,,,field_detection,confirmed,shared
SID0269-PYGCMS,SID0269,polymer,PVC,,,,,,field_detection,confirmed,shared
SID0269-FTIR,SID0269,polymer,PVC,,,,,,field_detection,confirmed,shared
SID0269-PYGCMS,SID0269,polymer,PA66,,,,,,field_detection,confirmed,shared
SID0269-FTIR,SID0269,polymer,PA66,,,,,,field_detection,confirmed,shared
SID0269-PYGCMS,SID0269,polymer,PMMA,,,,,,target_not_detected,not_detected,shared
SID0269-FTIR,SID0269,polymer,PMMA,,,,,,target_not_detected,not_detected,shared
SID0269-PYGCMS,SID0269,polymer,PC,,,,,,target_not_detected,not_detected,shared
SID0269-FTIR,SID0269,polymer,PC,,,,,,target_not_detected,not_detected,shared
SID0269-PYGCMS,SID0269,polymer,PET,,,,,,target_not_detected,not_detected,shared
SID0269-FTIR,SID0269,polymer,PET,,,,,,target_not_detected,not_detected,shared
SID0269-PYGCMS,SID0269,polymer,PA6,,,,,,target_not_detected,not_detected,shared
SID0269-FTIR,SID0269,polymer,PA6,,,,,,target_not_detected,not_detected,shared
SID0269-PYGCMS,SID0269,polymer,PLA,,,,,,target_not_detected,not_detected,shared
SID0269-FTIR,SID0269,polymer,PLA,,,,,,target_not_detected,not_detected,shared
SID0269-PYGCMS,SID0269,polymer,PBAT,,,,,,target_not_detected,not_detected,shared
SID0269-FTIR,SID0269,polymer,PBAT,,,,,,target_not_detected,not_detected,shared
SID0269-PYGCMS,SID0269,polymer,PB,,,,,,field_detection,confirmed,shared
SID0269-FTIR,SID0269,polymer,PB,,,,,,field_detection,confirmed,shared
SID0269-PYGCMS,SID0269,polymer,ACR,,,,,,field_detection,confirmed,shared
SID0269-FTIR,SID0269,polymer,ACR,,,,,,field_detection,confirmed,shared
SID0269-PYGCMS,SID0269,polymer,PE,,,,,,field_detection,confirmed,shared
SID0269-FTIR,SID0269,polymer,PE,,,,,,field_detection,confirmed,shared
SID0269-PYGCMS,SID0269,polymer,PVC,,,,,,field_detection,confirmed,shared
SID0269-FTIR,SID0269,polymer,PVC,,,,,,field_detection,confirmed,shared
SID0269-PYGCMS,SID0269,polymer,PET,,,,,,field_detection,confirmed,shared
SID0269-FTIR,SID0269,polymer,PET,,,,,,field_detection,confirmed,shared
SID0269-PYGCMS,SID0269,polymer,OTHER,,,,,,field_detection,confirmed,shared
SID0269-FTIR,SID0269,polymer,OTHER,,,,,,field_detection,confirmed,shared
SID0269-PYGCMS,SID0269,polymer,PP,,,,,,field_detection,confirmed,shared
SID0269-FTIR,SID0269,polymer,PP,,,,,,field_detection,confirmed,shared
SID0269-PYGCMS,SID0269,polymer,FKM,,,,,,field_detection,contamination_qualified,shared
SID0269-FTIR,SID0269,polymer,FKM,,,,,,field_detection,contamination_qualified,shared
SID0269-PYGCMS,SID0269,polymer,PF,,,,,,field_detection,confirmed,shared
SID0269-FTIR,SID0269,polymer,PF,,,,,,field_detection,confirmed,shared
SID0269-PYGCMS,SID0269,polymer,PU,,,,,,field_detection,contamination_qualified,shared
SID0269-FTIR,SID0269,polymer,PU,,,,,,field_detection,contamination_qualified,shared
SID0269-PYGCMS,SID0269,polymer,ACR,,,,,,field_detection,confirmed,shared
SID0269-FTIR,SID0269,polymer,ACR,,,,,,field_detection,confirmed,shared
SID0269-PYGCMS,SID0269,polymer,PET,,,,,,field_detection,confirmed,shared
SID0269-FTIR,SID0269,polymer,PET,,,,,,field_detection,confirmed,shared
SID0269-PYGCMS,SID0269,polymer,PU,,,,,,field_detection,contamination_qualified,shared
SID0269-FTIR,SID0269,polymer,PU,,,,,,field_detection,contamination_qualified,shared
SID0269-PYGCMS,SID0269,polymer,PB,,,,,,field_detection,confirmed,shared
SID0269-FTIR,SID0269,polymer,PB,,,,,,field_detection,confirmed,shared
SID0269-PYGCMS,SID0269,polymer,PVC,,,,,,field_detection,confirmed,shared
SID0269-FTIR,SID0269,polymer,PVC,,,,,,field_detection,confirmed,shared
SID0269-PYGCMS,SID0269,polymer,FKM,,,,,,field_detection,contamination_qualified,shared
SID0269-FTIR,SID0269,polymer,FKM,,,,,,field_detection,contamination_qualified,shared
SID0269-PYGCMS,SID0269,polymer,PE,,,,,,field_detection,confirmed,shared
SID0269-FTIR,SID0269,polymer,PE,,,,,,field_detection,confirmed,shared
SID0269-PYGCMS,SID0269,polymer,EAA,,,,,,field_detection,confirmed,shared
SID0269-FTIR,SID0269,polymer,EAA,,,,,,field_detection,confirmed,shared
SID0269-PYGCMS,SID0269,polymer,OTHER,,,,,,field_detection,confirmed,shared
SID0269-FTIR,SID0269,polymer,OTHER,,,,,,field_detection,confirmed,shared
SID0269-PYGCMS,SID0269,polymer,PLA,,,,,,field_detection,confirmed,shared
SID0269-FTIR,SID0269,polymer,PLA,,,,,,field_detection,confirmed,shared
SID0269-PYGCMS,SID0269,polymer,FKM,,,,,,field_detection,contamination_qualified,shared
SID0269-FTIR,SID0269,polymer,FKM,,,,,,field_detection,contamination_qualified,shared
SID0269-PYGCMS,SID0269,polymer,PVC,,,,,,field_detection,confirmed,shared
SID0269-FTIR,SID0269,polymer,PVC,,,,,,field_detection,confirmed,shared
SID0269-PYGCMS,SID0269,polymer,PB,,,,,,field_detection,confirmed,shared
SID0269-FTIR,SID0269,polymer,PB,,,,,,field_detection,confirmed,shared
SID0269-PYGCMS,SID0269,polymer,ACR,,,,,,field_detection,confirmed,shared
SID0269-FTIR,SID0269,polymer,ACR,,,,,,field_detection,confirmed,shared
SID0269-PYGCMS,SID0269,polymer,PET,,,,,,field_detection,confirmed,shared
SID0269-FTIR,SID0269,polymer,PET,,,,,,field_detection,confirmed,shared
SID0269-PYGCMS,SID0269,polymer,OTHER,,,,,,field_detection,confirmed,shared
SID0269-FTIR,SID0269,polymer,OTHER,,,,,,field_detection,confirmed,shared
SID0270-PYGCMS,SID0270,polymer,PE,,,,,,field_detection,confirmed,direct
SID0270-PYGCMS,SID0270,polymer,PP,,,,,,field_detection,confirmed,direct
SID0270-PYGCMS,SID0270,polymer,PS,,,,,,field_detection,confirmed,direct
SID0270-PYGCMS,SID0270,polymer,PVC,,,,,,field_detection,confirmed,direct
SID0270-PYGCMS,SID0270,polymer,PP,,,,,,field_detection,confirmed,direct
SID0270-PYGCMS,SID0270,polymer,PS,,,,,,field_detection,confirmed,direct
SID0270-PYGCMS,SID0270,polymer,ABS,,,,,,field_detection,confirmed,direct
SID0270-PYGCMS,SID0270,polymer,PVC,,,,,,field_detection,confirmed,direct
SID0270-PYGCMS,SID0270,polymer,PMMA,,,,,,field_detection,confirmed,direct
SID0270-PYGCMS,SID0270,polymer,PMMA,,,,,,field_detection,confirmed,direct
SID0270-PYGCMS,SID0270,polymer,SBR,,,,,,field_detection,confirmed,direct
SID0270-PYGCMS,SID0270,polymer,ABS,,,,,,field_detection,confirmed,direct
SID0270-PYGCMS,SID0270,polymer,PET,,,,,,field_detection,confirmed,direct
SID0270-PYGCMS,SID0270,polymer,PC,,,,,,field_detection,confirmed,direct
SID0270-PYGCMS,SID0270,polymer,PA6,,,,,,field_detection,confirmed,direct
SID0270-PYGCMS,SID0270,polymer,PU,,,,,,field_detection,confirmed,direct
SID0270-PYGCMS,SID0270,polymer,PA66,,,,,,field_detection,confirmed,direct
SID0270-PYGCMS,SID0270,polymer,PE,,,,,,field_detection,confirmed,direct
SID0270-PYGCMS,SID0270,polymer,SBR,,,,,,field_detection,confirmed,direct
SID0272-FTIR,SID0272,polymer,PB,,,,,,field_detection,confirmed,direct
SID0272-FTIR,SID0272,polymer,PE-CL,,,,,,field_detection,confirmed,direct
SID0272-FTIR,SID0272,polymer,PP,,,,,,field_detection,confirmed,direct
SID0272-FTIR,SID0272,polymer,PET,,,,,,field_detection,confirmed,direct
SID0272-FTIR,SID0272,polymer,FKM,,,,,,field_detection,confirmed,direct
SID0272-FTIR,SID0272,polymer,PE,,,,,,field_detection,confirmed,direct
SID0272-FTIR,SID0272,polymer,PVC,,,,,,field_detection,confirmed,direct
SID0272-FTIR,SID0272,polymer,PS,,,,,,field_detection,confirmed,direct
SID0272-FTIR,SID0272,polymer,OTHER,,,,,,field_detection,confirmed,direct
SID0272-FTIR,SID0272,polymer,PU,,,,,,field_detection,confirmed,direct
SID0272-FTIR,SID0272,polymer,EAA,,,,,,field_detection,confirmed,direct
SID0272-FTIR,SID0272,polymer,EP,,,,,,field_detection,confirmed,direct
SID0272-FTIR,SID0272,polymer,ABS,,,,,,field_detection,confirmed,direct
SID0272-FTIR,SID0272,polymer,PLA,,,,,,field_detection,confirmed,direct
SID0274-PYGCMS,SID0274,polymer,PE-LD,,,,,,field_detection,confirmed,direct
SID0274-PYGCMS,SID0274,polymer,PS,,,,,,field_detection,confirmed,direct
SID0274-PYGCMS,SID0274,polymer,PP,,,,,,field_detection,confirmed,direct
SID0274-PYGCMS,SID0274,polymer,PET,,,,,,field_detection,confirmed,direct
SID0275-RAMAN,SID0275,polymer,PP,,,,,,field_detection,confirmed,shared
SID0275-UFTIR,SID0275,polymer,PP,,,,,,field_detection,confirmed,shared
SID0275-RAMAN,SID0275,polymer,PE,,,,,,field_detection,confirmed,shared
SID0275-UFTIR,SID0275,polymer,PE,,,,,,field_detection,confirmed,shared
SID0275-RAMAN,SID0275,polymer,PET,,,,,,field_detection,confirmed,shared
SID0275-UFTIR,SID0275,polymer,PET,,,,,,field_detection,confirmed,shared
SID0275-RAMAN,SID0275,polymer,PS,,,,,,field_detection,confirmed,shared
SID0275-UFTIR,SID0275,polymer,PS,,,,,,field_detection,confirmed,shared
SID0275-RAMAN,SID0275,polymer,PA,,,,,,field_detection,confirmed,shared
SID0275-UFTIR,SID0275,polymer,PA,,,,,,field_detection,confirmed,shared
SID0276-PYGCMS,SID0276,polymer,PS,,,,,,field_detection,confirmed,direct
SID0276-PYGCMS,SID0276,polymer,PS,,,,,,field_detection,confirmed,direct
SID0276-PYGCMS,SID0276,polymer,PE,,,,,,field_detection,confirmed,direct
SID0276-PYGCMS,SID0276,polymer,PE,,,,,,field_detection,confirmed,direct
SID0276-PYGCMS,SID0276,polymer,PP,,,,,,field_detection,confirmed,direct
SID0276-PYGCMS,SID0276,polymer,PP,,,,,,field_detection,confirmed,direct
SID0276-PYGCMS,SID0276,polymer,PMMA,,,,,,field_detection,confirmed,direct
SID0276-PYGCMS,SID0276,polymer,PMMA,,,,,,field_detection,confirmed,direct
SID0276-PYGCMS,SID0276,polymer,PVC,,,,,,field_detection,confirmed,direct
SID0276-PYGCMS,SID0276,polymer,PVC,,,,,,field_detection,confirmed,direct
SID0276-PYGCMS,SID0276,polymer,PC,,,,,,target_not_detected,not_detected,direct
SID0276-PYGCMS,SID0276,polymer,PC,,,,,,target_not_detected,not_detected,direct
SID0276-PYGCMS,SID0276,polymer,PET,,,,,,target_not_detected,not_detected,direct
SID0276-PYGCMS,SID0276,polymer,PET,,,,,,target_not_detected,not_detected,direct
SID0276-PYGCMS,SID0276,polymer,PA6,,,,,,target_not_detected,not_detected,direct
SID0276-PYGCMS,SID0276,polymer,PA6,,,,,,target_not_detected,not_detected,direct
SID0276-PYGCMS,SID0276,polymer,PA66,,,,,,field_detection,confirmed,direct
SID0276-PYGCMS,SID0276,polymer,PA66,,,,,,field_detection,confirmed,direct
SID0276-PYGCMS,SID0276,polymer,PLA,,,,,,target_not_detected,not_detected,direct
SID0276-PYGCMS,SID0276,polymer,PLA,,,,,,target_not_detected,not_detected,direct
SID0276-PYGCMS,SID0276,polymer,PBAT,,,,,,target_not_detected,not_detected,direct
SID0276-PYGCMS,SID0276,polymer,PBAT,,,,,,target_not_detected,not_detected,direct
SID0276-PYGCMS,SID0276,polymer,PS,,,,,,field_detection,confirmed,direct
SID0276-PYGCMS,SID0276,polymer,PE,,,,,,field_detection,confirmed,direct
SID0276-PYGCMS,SID0276,polymer,PP,,,,,,field_detection,confirmed,direct
SID0276-PYGCMS,SID0276,polymer,PMMA,,,,,,field_detection,confirmed,direct
SID0276-PYGCMS,SID0276,polymer,PVC,,,,,,field_detection,confirmed,direct
SID0276-PYGCMS,SID0276,polymer,PA66,,,,,,field_detection,confirmed,direct
SID0276-PYGCMS,SID0276,polymer,PS,,,,,,field_detection,confirmed,direct
SID0276-PYGCMS,SID0276,polymer,PE,,,,,,field_detection,confirmed,direct
SID0276-PYGCMS,SID0276,polymer,PP,,,,,,field_detection,confirmed,direct
SID0276-PYGCMS,SID0276,polymer,PMMA,,,,,,field_detection,confirmed,direct
SID0276-PYGCMS,SID0276,polymer,PVC,,,,,,field_detection,confirmed,direct
SID0276-PYGCMS,SID0276,polymer,PA66,,,,,,field_detection,confirmed,direct
SID0276-PYGCMS,SID0276,polymer,PS,,,,,,field_detection,confirmed,direct
SID0276-PYGCMS,SID0276,polymer,PE,,,,,,field_detection,confirmed,direct
SID0276-PYGCMS,SID0276,polymer,PP,,,,,,field_detection,confirmed,direct
SID0276-PYGCMS,SID0276,polymer,PMMA,,,,,,field_detection,confirmed,direct
SID0276-PYGCMS,SID0276,polymer,PVC,,,,,,field_detection,confirmed,direct
SID0276-PYGCMS,SID0276,polymer,PA66,,,,,,field_detection,confirmed,direct
SID0276-PYGCMS,SID0276,polymer,PS,,,,,,field_detection,confirmed,direct
SID0276-PYGCMS,SID0276,polymer,PE,,,,,,field_detection,confirmed,direct
SID0276-PYGCMS,SID0276,polymer,PP,,,,,,field_detection,confirmed,direct
SID0276-PYGCMS,SID0276,polymer,PMMA,,,,,,field_detection,confirmed,direct
SID0276-PYGCMS,SID0276,polymer,PVC,,,,,,field_detection,confirmed,direct
SID0276-PYGCMS,SID0276,polymer,PA66,,,,,,field_detection,confirmed,direct
SID0278-PYGCMS,SID0278,polymer,PS,,,,,,field_detection,confirmed,direct
SID0278-PYGCMS,SID0278,polymer,PS,,,,,,field_detection,confirmed,direct
SID0278-PYGCMS,SID0278,polymer,PS,,,,,,field_detection,confirmed,direct
SID0278-PYGCMS,SID0278,polymer,PE,,,,,,field_detection,confirmed,direct
SID0278-PYGCMS,SID0278,polymer,PE,,,,,,field_detection,confirmed,direct
SID0278-PYGCMS,SID0278,polymer,PE,,,,,,field_detection,confirmed,direct
SID0278-PYGCMS,SID0278,polymer,PVC,,,,,,field_detection,confirmed,direct
SID0278-PYGCMS,SID0278,polymer,PVC,,,,,,field_detection,confirmed,direct
SID0278-PYGCMS,SID0278,polymer,PVC,,,,,,field_detection,confirmed,direct
SID0278-PYGCMS,SID0278,polymer,PC,,,,,,target_not_detected,not_detected,direct
SID0278-PYGCMS,SID0278,polymer,PC,,,,,,target_not_detected,not_detected,direct
SID0278-PYGCMS,SID0278,polymer,PC,,,,,,target_not_detected,not_detected,direct
SID0278-PYGCMS,SID0278,polymer,PA66,,,,,,field_detection,confirmed,direct
SID0278-PYGCMS,SID0278,polymer,PLA,,,,,,target_not_detected,not_detected,direct
SID0278-PYGCMS,SID0278,polymer,PLA,,,,,,target_not_detected,not_detected,direct
SID0278-PYGCMS,SID0278,polymer,PLA,,,,,,target_not_detected,not_detected,direct
SID0278-PYGCMS,SID0278,polymer,PBAT,,,,,,target_not_detected,not_detected,direct
SID0278-PYGCMS,SID0278,polymer,PBAT,,,,,,target_not_detected,not_detected,direct
SID0278-PYGCMS,SID0278,polymer,PBAT,,,,,,target_not_detected,not_detected,direct
SID0280-PYGCMS,SID0280,polymer,PA,,,,,,field_detection,confirmed,shared
SID0280-UFTIR,SID0280,polymer,PA,,,,,,field_detection,confirmed,shared
SID0280-PYGCMS,SID0280,polymer,PE,,,,,,field_detection,contamination_qualified,shared
SID0280-UFTIR,SID0280,polymer,PE,,,,,,field_detection,contamination_qualified,shared
SID0280-PYGCMS,SID0280,polymer,PMMA,,,,,,field_detection,confirmed,shared
SID0280-UFTIR,SID0280,polymer,PMMA,,,,,,field_detection,confirmed,shared
SID0280-PYGCMS,SID0280,polymer,PS,,,,,,field_detection,confirmed,shared
SID0280-UFTIR,SID0280,polymer,PS,,,,,,field_detection,confirmed,shared
SID0280-PYGCMS,SID0280,polymer,PTFE,,,,,,field_detection,contamination_qualified,shared
SID0280-UFTIR,SID0280,polymer,PTFE,,,,,,field_detection,contamination_qualified,shared
SID0280-PYGCMS,SID0280,polymer,PET,,,,,,field_detection,confirmed,shared
SID0280-UFTIR,SID0280,polymer,PET,,,,,,field_detection,confirmed,shared
SID0280-PYGCMS,SID0280,polymer,PU,,,,,,field_detection,contamination_qualified,shared
SID0280-UFTIR,SID0280,polymer,PU,,,,,,field_detection,contamination_qualified,shared
SID0280-PYGCMS,SID0280,polymer,RAYON,,,,,,field_detection,contamination_qualified,shared
SID0280-UFTIR,SID0280,polymer,RAYON,,,,,,field_detection,contamination_qualified,shared
SID0280-PYGCMS,SID0280,polymer,SBR,,,,,,target_not_detected,below_detection,shared
SID0280-UFTIR,SID0280,polymer,SBR,,,,,,target_not_detected,below_detection,shared
SID0280-PYGCMS,SID0280,polymer,PVC,,,,,,target_not_detected,below_detection,shared
SID0280-UFTIR,SID0280,polymer,PVC,,,,,,target_not_detected,below_detection,shared
SID0280-PYGCMS,SID0280,polymer,PU,,,,,,target_not_detected,below_detection,shared
SID0280-UFTIR,SID0280,polymer,PU,,,,,,target_not_detected,below_detection,shared
SID0280-PYGCMS,SID0280,polymer,PS,,,,,,target_not_detected,below_detection,shared
SID0280-UFTIR,SID0280,polymer,PS,,,,,,target_not_detected,below_detection,shared
SID0280-PYGCMS,SID0280,polymer,PP,,,,,,target_not_detected,below_detection,shared
SID0280-UFTIR,SID0280,polymer,PP,,,,,,target_not_detected,below_detection,shared
SID0280-PYGCMS,SID0280,polymer,PMMA,,,,,,target_not_detected,below_detection,shared
SID0280-UFTIR,SID0280,polymer,PMMA,,,,,,target_not_detected,below_detection,shared
SID0280-PYGCMS,SID0280,polymer,PET,,,,,,target_not_detected,below_detection,shared
SID0280-UFTIR,SID0280,polymer,PET,,,,,,target_not_detected,below_detection,shared
SID0280-PYGCMS,SID0280,polymer,PE,,,,,,target_not_detected,below_detection,shared
SID0280-UFTIR,SID0280,polymer,PE,,,,,,target_not_detected,below_detection,shared
SID0280-PYGCMS,SID0280,polymer,PA66,,,,,,target_not_detected,below_detection,shared
SID0280-UFTIR,SID0280,polymer,PA66,,,,,,target_not_detected,below_detection,shared
SID0280-PYGCMS,SID0280,polymer,PA6,,,,,,target_not_detected,below_detection,shared
SID0280-UFTIR,SID0280,polymer,PA6,,,,,,target_not_detected,below_detection,shared
SID0280-PYGCMS,SID0280,polymer,PC,,,,,,field_detection,tentative,shared
SID0280-UFTIR,SID0280,polymer,PC,,,,,,field_detection,tentative,shared
SID0280-PYGCMS,SID0280,polymer,ABS,,,,,,field_detection,contamination_qualified,shared
SID0280-UFTIR,SID0280,polymer,ABS,,,,,,field_detection,contamination_qualified,shared
SID0282-PYGCMS,SID0282,polymer,PA66,,,,,,field_detection,confirmed,shared
SID0282-FTIR,SID0282,polymer,PA66,,,,,,field_detection,confirmed,shared
SID0282-PYGCMS,SID0282,polymer,PS,,,,,,target_not_detected,not_detected,shared
SID0282-FTIR,SID0282,polymer,PS,,,,,,target_not_detected,not_detected,shared
SID0282-PYGCMS,SID0282,polymer,PE,,,,,,field_detection,confirmed,shared
SID0282-FTIR,SID0282,polymer,PE,,,,,,field_detection,confirmed,shared
SID0282-PYGCMS,SID0282,polymer,PVC,,,,,,field_detection,confirmed,shared
SID0282-FTIR,SID0282,polymer,PVC,,,,,,field_detection,confirmed,shared
SID0282-PYGCMS,SID0282,polymer,PP,,,,,,field_detection,confirmed,shared
SID0282-FTIR,SID0282,polymer,PP,,,,,,field_detection,confirmed,shared
SID0282-PYGCMS,SID0282,polymer,PS,,,,,,target_not_detected,not_detected,shared
SID0282-FTIR,SID0282,polymer,PS,,,,,,target_not_detected,not_detected,shared
SID0282-PYGCMS,SID0282,polymer,PE,,,,,,field_detection,confirmed,shared
SID0282-FTIR,SID0282,polymer,PE,,,,,,field_detection,confirmed,shared
SID0282-PYGCMS,SID0282,polymer,PVC,,,,,,field_detection,confirmed,shared
SID0282-FTIR,SID0282,polymer,PVC,,,,,,field_detection,confirmed,shared
SID0282-PYGCMS,SID0282,polymer,PS,,,,,,target_not_detected,not_detected,shared
SID0282-FTIR,SID0282,polymer,PS,,,,,,target_not_detected,not_detected,shared
SID0282-PYGCMS,SID0282,polymer,PE,,,,,,field_detection,confirmed,shared
SID0282-FTIR,SID0282,polymer,PE,,,,,,field_detection,confirmed,shared
SID0282-PYGCMS,SID0282,polymer,PMMA,,,,,,field_detection,confirmed,shared
SID0282-FTIR,SID0282,polymer,PMMA,,,,,,field_detection,confirmed,shared
SID0282-PYGCMS,SID0282,polymer,PP,,,,,,field_detection,confirmed,shared
SID0282-FTIR,SID0282,polymer,PP,,,,,,field_detection,confirmed,shared
SID0282-PYGCMS,SID0282,polymer,PVC,,,,,,field_detection,confirmed,shared
SID0282-FTIR,SID0282,polymer,PVC,,,,,,field_detection,confirmed,shared
SID0282-PYGCMS,SID0282,polymer,PS,,,,,,target_not_detected,not_detected,shared
SID0282-FTIR,SID0282,polymer,PS,,,,,,target_not_detected,not_detected,shared
SID0282-PYGCMS,SID0282,polymer,PE,,,,,,field_detection,confirmed,shared
SID0282-FTIR,SID0282,polymer,PE,,,,,,field_detection,confirmed,shared
SID0282-PYGCMS,SID0282,polymer,PVC,,,,,,field_detection,confirmed,shared
SID0282-FTIR,SID0282,polymer,PVC,,,,,,field_detection,confirmed,shared
SID0282-PYGCMS,SID0282,polymer,PS,,,,,,target_not_detected,not_detected,shared
SID0282-FTIR,SID0282,polymer,PS,,,,,,target_not_detected,not_detected,shared
SID0284-PYGCMS,SID0284,polymer,PS,,,,,,field_detection,confirmed,shared
SID0284-FTIR,SID0284,polymer,PS,,,,,,field_detection,confirmed,shared
SID0284-PYGCMS,SID0284,polymer,PE,,,,,,field_detection,confirmed,shared
SID0284-FTIR,SID0284,polymer,PE,,,,,,field_detection,confirmed,shared
SID0284-PYGCMS,SID0284,polymer,PP,,,,,,field_detection,confirmed,shared
SID0284-FTIR,SID0284,polymer,PP,,,,,,field_detection,confirmed,shared
SID0284-PYGCMS,SID0284,polymer,PVC,,,,,,field_detection,confirmed,shared
SID0284-FTIR,SID0284,polymer,PVC,,,,,,field_detection,confirmed,shared
SID0284-PYGCMS,SID0284,polymer,PA66,,,,,,field_detection,confirmed,shared
SID0284-FTIR,SID0284,polymer,PA66,,,,,,field_detection,confirmed,shared
SID0284-PYGCMS,SID0284,polymer,PS,,,,,,field_detection,confirmed,shared
SID0284-FTIR,SID0284,polymer,PS,,,,,,field_detection,confirmed,shared
SID0284-PYGCMS,SID0284,polymer,PE,,,,,,field_detection,confirmed,shared
SID0284-FTIR,SID0284,polymer,PE,,,,,,field_detection,confirmed,shared
SID0284-PYGCMS,SID0284,polymer,PP,,,,,,field_detection,confirmed,shared
SID0284-FTIR,SID0284,polymer,PP,,,,,,field_detection,confirmed,shared
SID0284-PYGCMS,SID0284,polymer,PVC,,,,,,field_detection,confirmed,shared
SID0284-FTIR,SID0284,polymer,PVC,,,,,,field_detection,confirmed,shared
SID0284-PYGCMS,SID0284,polymer,PA66,,,,,,field_detection,confirmed,shared
SID0284-FTIR,SID0284,polymer,PA66,,,,,,field_detection,confirmed,shared
SID0285-PYGCMS,SID0285,polymer,PE,,,,,,field_detection,confirmed,direct
SID0285-PYGCMS,SID0285,polymer,PVC,,,,,,field_detection,confirmed,direct
SID0285-PYGCMS,SID0285,polymer,PE,,,,,,field_detection,confirmed,direct
SID0285-PYGCMS,SID0285,polymer,PVC,,,,,,field_detection,confirmed,direct
SID0285-PYGCMS,SID0285,polymer,PET,,,,,,target_not_detected,not_detected,direct
SID0285-PYGCMS,SID0285,polymer,PET,,,,,,target_not_detected,not_detected,direct
SID0285-PYGCMS,SID0285,polymer,PS,,,,,,field_detection,confirmed,direct
SID0285-PYGCMS,SID0285,polymer,PE,,,,,,field_detection,confirmed,direct
SID0285-PYGCMS,SID0285,polymer,PP,,,,,,field_detection,confirmed,direct
SID0285-PYGCMS,SID0285,polymer,PVC,,,,,,field_detection,confirmed,direct
SID0285-PYGCMS,SID0285,polymer,PMMA,,,,,,target_not_detected,not_detected,direct
SID0285-PYGCMS,SID0285,polymer,PC,,,,,,target_not_detected,not_detected,direct
SID0285-PYGCMS,SID0285,polymer,PET,,,,,,target_not_detected,not_detected,direct
SID0285-PYGCMS,SID0285,polymer,PA6,,,,,,target_not_detected,not_detected,direct
SID0285-PYGCMS,SID0285,polymer,PA66,,,,,,target_not_detected,not_detected,direct
SID0286-PYGCMS,SID0286,polymer,PE,,,,,,field_detection,confirmed,shared
SID0286-FTIR,SID0286,polymer,PE,,,,,,field_detection,confirmed,shared
SID0286-PYGCMS,SID0286,polymer,PVC,,,,,,field_detection,confirmed,shared
SID0286-FTIR,SID0286,polymer,PVC,,,,,,field_detection,confirmed,shared
SID0286-PYGCMS,SID0286,polymer,PMMA,,,,,,field_detection,confirmed,shared
SID0286-FTIR,SID0286,polymer,PMMA,,,,,,field_detection,confirmed,shared
SID0286-PYGCMS,SID0286,polymer,PP,,,,,,field_detection,confirmed,shared
SID0286-FTIR,SID0286,polymer,PP,,,,,,field_detection,confirmed,shared
SID0286-PYGCMS,SID0286,polymer,PS,,,,,,field_detection,confirmed,shared
SID0286-FTIR,SID0286,polymer,PS,,,,,,field_detection,confirmed,shared
SID0286-PYGCMS,SID0286,polymer,PA66,,,,,,field_detection,confirmed,shared
SID0286-FTIR,SID0286,polymer,PA66,,,,,,field_detection,confirmed,shared
SID0286-PYGCMS,SID0286,polymer,PC,,,,,,target_not_detected,not_detected,shared
SID0286-FTIR,SID0286,polymer,PC,,,,,,target_not_detected,not_detected,shared
SID0286-PYGCMS,SID0286,polymer,PET,,,,,,target_not_detected,not_detected,shared
SID0286-FTIR,SID0286,polymer,PET,,,,,,target_not_detected,not_detected,shared
SID0286-PYGCMS,SID0286,polymer,PA6,,,,,,target_not_detected,not_detected,shared
SID0286-FTIR,SID0286,polymer,PA6,,,,,,target_not_detected,not_detected,shared
SID0286-PYGCMS,SID0286,polymer,PLA,,,,,,target_not_detected,not_detected,shared
SID0286-FTIR,SID0286,polymer,PLA,,,,,,target_not_detected,not_detected,shared
SID0286-PYGCMS,SID0286,polymer,PBAT,,,,,,target_not_detected,not_detected,shared
SID0286-FTIR,SID0286,polymer,PBAT,,,,,,target_not_detected,not_detected,shared
SID0286-PYGCMS,SID0286,polymer,PE,,,,,,field_detection,confirmed,shared
SID0286-FTIR,SID0286,polymer,PE,,,,,,field_detection,confirmed,shared
SID0286-PYGCMS,SID0286,polymer,PVC,,,,,,field_detection,confirmed,shared
SID0286-FTIR,SID0286,polymer,PVC,,,,,,field_detection,confirmed,shared
SID0286-PYGCMS,SID0286,polymer,PMMA,,,,,,field_detection,confirmed,shared
SID0286-FTIR,SID0286,polymer,PMMA,,,,,,field_detection,confirmed,shared
SID0286-PYGCMS,SID0286,polymer,PP,,,,,,field_detection,confirmed,shared
SID0286-FTIR,SID0286,polymer,PP,,,,,,field_detection,confirmed,shared
SID0286-PYGCMS,SID0286,polymer,PS,,,,,,field_detection,confirmed,shared
SID0286-FTIR,SID0286,polymer,PS,,,,,,field_detection,confirmed,shared
SID0286-PYGCMS,SID0286,polymer,PA66,,,,,,field_detection,confirmed,shared
SID0286-FTIR,SID0286,polymer,PA66,,,,,,field_detection,confirmed,shared
SID0286-PYGCMS,SID0286,polymer,PE,,,,,,field_detection,confirmed,shared
SID0286-FTIR,SID0286,polymer,PE,,,,,,field_detection,confirmed,shared
SID0286-PYGCMS,SID0286,polymer,PVC,,,,,,field_detection,confirmed,shared
SID0286-FTIR,SID0286,polymer,PVC,,,,,,field_detection,confirmed,shared
SID0286-PYGCMS,SID0286,polymer,PMMA,,,,,,field_detection,confirmed,shared
SID0286-FTIR,SID0286,polymer,PMMA,,,,,,field_detection,confirmed,shared
SID0286-PYGCMS,SID0286,polymer,PP,,,,,,field_detection,confirmed,shared
SID0286-FTIR,SID0286,polymer,PP,,,,,,field_detection,confirmed,shared
SID0286-PYGCMS,SID0286,polymer,PS,,,,,,field_detection,confirmed,shared
SID0286-FTIR,SID0286,polymer,PS,,,,,,field_detection,confirmed,shared
SID0286-PYGCMS,SID0286,polymer,PA66,,,,,,target_not_detected,not_detected,shared
SID0286-FTIR,SID0286,polymer,PA66,,,,,,target_not_detected,not_detected,shared
SID0286-PYGCMS,SID0286,polymer,PE,,,,,,field_detection,confirmed,shared
SID0286-FTIR,SID0286,polymer,PE,,,,,,field_detection,confirmed,shared
SID0286-PYGCMS,SID0286,polymer,PVC,,,,,,field_detection,confirmed,shared
SID0286-FTIR,SID0286,polymer,PVC,,,,,,field_detection,confirmed,shared
SID0286-PYGCMS,SID0286,polymer,PMMA,,,,,,field_detection,confirmed,shared
SID0286-FTIR,SID0286,polymer,PMMA,,,,,,field_detection,confirmed,shared
SID0286-PYGCMS,SID0286,polymer,PP,,,,,,field_detection,confirmed,shared
SID0286-FTIR,SID0286,polymer,PP,,,,,,field_detection,confirmed,shared
SID0286-PYGCMS,SID0286,polymer,PS,,,,,,field_detection,confirmed,shared
SID0286-FTIR,SID0286,polymer,PS,,,,,,field_detection,confirmed,shared
SID0286-PYGCMS,SID0286,polymer,PA66,,,,,,field_detection,confirmed,shared
SID0286-FTIR,SID0286,polymer,PA66,,,,,,field_detection,confirmed,shared
SID0286-PYGCMS,SID0286,polymer,PE,,,,,,field_detection,confirmed,shared
SID0286-FTIR,SID0286,polymer,PE,,,,,,field_detection,confirmed,shared
SID0286-PYGCMS,SID0286,polymer,PVC,,,,,,field_detection,confirmed,shared
SID0286-FTIR,SID0286,polymer,PVC,,,,,,field_detection,confirmed,shared
SID0286-PYGCMS,SID0286,polymer,PMMA,,,,,,field_detection,confirmed,shared
SID0286-FTIR,SID0286,polymer,PMMA,,,,,,field_detection,confirmed,shared
SID0286-PYGCMS,SID0286,polymer,PP,,,,,,field_detection,confirmed,shared
SID0286-FTIR,SID0286,polymer,PP,,,,,,field_detection,confirmed,shared
SID0286-PYGCMS,SID0286,polymer,PS,,,,,,field_detection,confirmed,shared
SID0286-FTIR,SID0286,polymer,PS,,,,,,field_detection,confirmed,shared
SID0286-PYGCMS,SID0286,polymer,PA66,,,,,,field_detection,confirmed,shared
SID0286-FTIR,SID0286,polymer,PA66,,,,,,field_detection,confirmed,shared
SID0286-PYGCMS,SID0286,polymer,PE,,,,,,field_detection,confirmed,shared
SID0286-FTIR,SID0286,polymer,PE,,,,,,field_detection,confirmed,shared
SID0286-PYGCMS,SID0286,polymer,PVC,,,,,,field_detection,confirmed,shared
SID0286-FTIR,SID0286,polymer,PVC,,,,,,field_detection,confirmed,shared
SID0286-PYGCMS,SID0286,polymer,PMMA,,,,,,field_detection,confirmed,shared
SID0286-FTIR,SID0286,polymer,PMMA,,,,,,field_detection,confirmed,shared
SID0286-PYGCMS,SID0286,polymer,PP,,,,,,field_detection,confirmed,shared
SID0286-FTIR,SID0286,polymer,PP,,,,,,field_detection,confirmed,shared
SID0286-PYGCMS,SID0286,polymer,PS,,,,,,field_detection,confirmed,shared
SID0286-FTIR,SID0286,polymer,PS,,,,,,field_detection,confirmed,shared
SID0286-PYGCMS,SID0286,polymer,PA66,,,,,,target_not_detected,not_detected,shared
SID0286-FTIR,SID0286,polymer,PA66,,,,,,target_not_detected,not_detected,shared
SID0286-PYGCMS,SID0286,polymer,PE,,,,,,field_detection,confirmed,shared
SID0286-FTIR,SID0286,polymer,PE,,,,,,field_detection,confirmed,shared
SID0286-PYGCMS,SID0286,polymer,PVC,,,,,,field_detection,confirmed,shared
SID0286-FTIR,SID0286,polymer,PVC,,,,,,field_detection,confirmed,shared
SID0286-PYGCMS,SID0286,polymer,PMMA,,,,,,field_detection,confirmed,shared
SID0286-FTIR,SID0286,polymer,PMMA,,,,,,field_detection,confirmed,shared
SID0286-PYGCMS,SID0286,polymer,PP,,,,,,field_detection,confirmed,shared
SID0286-FTIR,SID0286,polymer,PP,,,,,,field_detection,confirmed,shared
SID0286-PYGCMS,SID0286,polymer,PS,,,,,,field_detection,confirmed,shared
SID0286-FTIR,SID0286,polymer,PS,,,,,,field_detection,confirmed,shared
SID0286-PYGCMS,SID0286,polymer,PA66,,,,,,field_detection,confirmed,shared
SID0286-FTIR,SID0286,polymer,PA66,,,,,,field_detection,confirmed,shared
SID0286-PYGCMS,SID0286,polymer,FKM,,,,,,field_detection,tentative,shared
SID0286-FTIR,SID0286,polymer,FKM,,,,,,field_detection,tentative,shared
SID0286-PYGCMS,SID0286,polymer,PU,,,,,,field_detection,tentative,shared
SID0286-FTIR,SID0286,polymer,PU,,,,,,field_detection,tentative,shared
SID0286-PYGCMS,SID0286,polymer,ACR,,,,,,field_detection,tentative,shared
SID0286-FTIR,SID0286,polymer,ACR,,,,,,field_detection,tentative,shared
SID0286-PYGCMS,SID0286,polymer,PET,,,,,,field_detection,tentative,shared
SID0286-FTIR,SID0286,polymer,PET,,,,,,field_detection,tentative,shared
SID0286-PYGCMS,SID0286,polymer,PB,,,,,,field_detection,tentative,shared
SID0286-FTIR,SID0286,polymer,PB,,,,,,field_detection,tentative,shared
SID0286-PYGCMS,SID0286,polymer,PF,,,,,,field_detection,tentative,shared
SID0286-FTIR,SID0286,polymer,PF,,,,,,field_detection,tentative,shared
SID0286-PYGCMS,SID0286,polymer,EVA,,,,,,field_detection,tentative,shared
SID0286-FTIR,SID0286,polymer,EVA,,,,,,field_detection,tentative,shared
SID0287-PYGCMS,SID0287,polymer,PE,,,,,,field_detection,confirmed,shared
SID0287-FTIR,SID0287,polymer,PE,,,,,,field_detection,confirmed,shared
SID0287-PYGCMS,SID0287,polymer,PVC,,,,,,field_detection,confirmed,shared
SID0287-FTIR,SID0287,polymer,PVC,,,,,,field_detection,confirmed,shared
SID0287-PYGCMS,SID0287,polymer,PP,,,,,,field_detection,confirmed,shared
SID0287-FTIR,SID0287,polymer,PP,,,,,,field_detection,confirmed,shared
SID0287-PYGCMS,SID0287,polymer,PS,,,,,,field_detection,confirmed,shared
SID0287-FTIR,SID0287,polymer,PS,,,,,,field_detection,confirmed,shared
SID0287-PYGCMS,SID0287,polymer,PE,,,,,,field_detection,confirmed,shared
SID0287-FTIR,SID0287,polymer,PE,,,,,,field_detection,confirmed,shared
SID0287-PYGCMS,SID0287,polymer,PVC,,,,,,target_not_detected,confirmed,shared
SID0287-FTIR,SID0287,polymer,PVC,,,,,,target_not_detected,confirmed,shared
SID0287-PYGCMS,SID0287,polymer,PP,,,,,,target_not_detected,confirmed,shared
SID0287-FTIR,SID0287,polymer,PP,,,,,,target_not_detected,confirmed,shared
SID0287-PYGCMS,SID0287,polymer,PS,,,,,,field_detection,confirmed,shared
SID0287-FTIR,SID0287,polymer,PS,,,,,,field_detection,confirmed,shared
SID0287-PYGCMS,SID0287,polymer,PE,,,,,,field_detection,confirmed,shared
SID0287-FTIR,SID0287,polymer,PE,,,,,,field_detection,confirmed,shared
SID0287-PYGCMS,SID0287,polymer,PVC,,,,,,target_not_detected,confirmed,shared
SID0287-FTIR,SID0287,polymer,PVC,,,,,,target_not_detected,confirmed,shared
SID0287-PYGCMS,SID0287,polymer,PP,,,,,,field_detection,confirmed,shared
SID0287-FTIR,SID0287,polymer,PP,,,,,,field_detection,confirmed,shared
SID0287-PYGCMS,SID0287,polymer,PS,,,,,,target_not_detected,confirmed,shared
SID0287-FTIR,SID0287,polymer,PS,,,,,,target_not_detected,confirmed,shared
SID0287-PYGCMS,SID0287,polymer,PC,,,,,,target_not_detected,not_detected,shared
SID0287-FTIR,SID0287,polymer,PC,,,,,,target_not_detected,not_detected,shared
SID0287-PYGCMS,SID0287,polymer,PET,,,,,,target_not_detected,not_detected,shared
SID0287-FTIR,SID0287,polymer,PET,,,,,,target_not_detected,not_detected,shared
SID0287-PYGCMS,SID0287,polymer,PA6,,,,,,target_not_detected,not_detected,shared
SID0287-FTIR,SID0287,polymer,PA6,,,,,,target_not_detected,not_detected,shared
SID0287-PYGCMS,SID0287,polymer,PA66,,,,,,target_not_detected,not_detected,shared
SID0287-FTIR,SID0287,polymer,PA66,,,,,,target_not_detected,not_detected,shared
SID0287-PYGCMS,SID0287,polymer,PMMA,,,,,,target_not_detected,not_detected,shared
SID0287-FTIR,SID0287,polymer,PMMA,,,,,,target_not_detected,not_detected,shared
SID0287-PYGCMS,SID0287,polymer,ABS,,,,,,target_not_detected,not_detected,shared
SID0287-FTIR,SID0287,polymer,ABS,,,,,,target_not_detected,not_detected,shared
SID0287-PYGCMS,SID0287,polymer,SBR,,,,,,target_not_detected,not_detected,shared
SID0287-FTIR,SID0287,polymer,SBR,,,,,,target_not_detected,not_detected,shared
SID0287-PYGCMS,SID0287,polymer,PC,,,,,,target_not_detected,not_detected,shared
SID0287-FTIR,SID0287,polymer,PC,,,,,,target_not_detected,not_detected,shared
SID0287-PYGCMS,SID0287,polymer,PET,,,,,,target_not_detected,not_detected,shared
SID0287-FTIR,SID0287,polymer,PET,,,,,,target_not_detected,not_detected,shared
SID0287-PYGCMS,SID0287,polymer,PA6,,,,,,target_not_detected,not_detected,shared
SID0287-FTIR,SID0287,polymer,PA6,,,,,,target_not_detected,not_detected,shared
SID0287-PYGCMS,SID0287,polymer,PA66,,,,,,target_not_detected,not_detected,shared
SID0287-FTIR,SID0287,polymer,PA66,,,,,,target_not_detected,not_detected,shared
SID0287-PYGCMS,SID0287,polymer,PMMA,,,,,,target_not_detected,not_detected,shared
SID0287-FTIR,SID0287,polymer,PMMA,,,,,,target_not_detected,not_detected,shared
SID0287-PYGCMS,SID0287,polymer,ABS,,,,,,target_not_detected,not_detected,shared
SID0287-FTIR,SID0287,polymer,ABS,,,,,,target_not_detected,not_detected,shared
SID0287-PYGCMS,SID0287,polymer,SBR,,,,,,target_not_detected,not_detected,shared
SID0287-FTIR,SID0287,polymer,SBR,,,,,,target_not_detected,not_detected,shared
SID0288-PYGCMS,SID0288,polymer,PS,,,,,,field_detection,confirmed,shared
SID0288-FTIR,SID0288,polymer,PS,,,,,,field_detection,confirmed,shared
SID0288-PYGCMS,SID0288,polymer,PS,,,,,,field_detection,confirmed,shared
SID0288-FTIR,SID0288,polymer,PS,,,,,,field_detection,confirmed,shared
SID0288-PYGCMS,SID0288,polymer,PE,,,,,,field_detection,confirmed,shared
SID0288-FTIR,SID0288,polymer,PE,,,,,,field_detection,confirmed,shared
SID0288-PYGCMS,SID0288,polymer,PE,,,,,,field_detection,confirmed,shared
SID0288-FTIR,SID0288,polymer,PE,,,,,,field_detection,confirmed,shared
SID0288-PYGCMS,SID0288,polymer,PP,,,,,,field_detection,confirmed,shared
SID0288-FTIR,SID0288,polymer,PP,,,,,,field_detection,confirmed,shared
SID0288-PYGCMS,SID0288,polymer,PP,,,,,,field_detection,confirmed,shared
SID0288-FTIR,SID0288,polymer,PP,,,,,,field_detection,confirmed,shared
SID0288-PYGCMS,SID0288,polymer,PMMA,,,,,,field_detection,confirmed,shared
SID0288-FTIR,SID0288,polymer,PMMA,,,,,,field_detection,confirmed,shared
SID0288-PYGCMS,SID0288,polymer,PMMA,,,,,,field_detection,confirmed,shared
SID0288-FTIR,SID0288,polymer,PMMA,,,,,,field_detection,confirmed,shared
SID0288-PYGCMS,SID0288,polymer,PVC,,,,,,field_detection,confirmed,shared
SID0288-FTIR,SID0288,polymer,PVC,,,,,,field_detection,confirmed,shared
SID0288-PYGCMS,SID0288,polymer,PVC,,,,,,field_detection,confirmed,shared
SID0288-FTIR,SID0288,polymer,PVC,,,,,,field_detection,confirmed,shared
SID0288-PYGCMS,SID0288,polymer,PET,,,,,,field_detection,confirmed,shared
SID0288-FTIR,SID0288,polymer,PET,,,,,,field_detection,confirmed,shared
SID0288-PYGCMS,SID0288,polymer,PET,,,,,,target_not_detected,not_detected,shared
SID0288-FTIR,SID0288,polymer,PET,,,,,,target_not_detected,not_detected,shared
SID0288-PYGCMS,SID0288,polymer,PA6,,,,,,target_not_detected,not_detected,shared
SID0288-FTIR,SID0288,polymer,PA6,,,,,,target_not_detected,not_detected,shared
SID0288-PYGCMS,SID0288,polymer,PA6,,,,,,field_detection,confirmed,shared
SID0288-FTIR,SID0288,polymer,PA6,,,,,,field_detection,confirmed,shared
SID0288-PYGCMS,SID0288,polymer,PA66,,,,,,field_detection,confirmed,shared
SID0288-FTIR,SID0288,polymer,PA66,,,,,,field_detection,confirmed,shared
SID0288-PYGCMS,SID0288,polymer,PA66,,,,,,field_detection,confirmed,shared
SID0288-FTIR,SID0288,polymer,PA66,,,,,,field_detection,confirmed,shared
SID0288-PYGCMS,SID0288,polymer,PC,,,,,,target_not_detected,not_detected,shared
SID0288-FTIR,SID0288,polymer,PC,,,,,,target_not_detected,not_detected,shared
SID0288-PYGCMS,SID0288,polymer,PC,,,,,,target_not_detected,not_detected,shared
SID0288-FTIR,SID0288,polymer,PC,,,,,,target_not_detected,not_detected,shared
SID0288-PYGCMS,SID0288,polymer,PLA,,,,,,target_not_detected,not_detected,shared
SID0288-FTIR,SID0288,polymer,PLA,,,,,,target_not_detected,not_detected,shared
SID0288-PYGCMS,SID0288,polymer,PLA,,,,,,target_not_detected,not_detected,shared
SID0288-FTIR,SID0288,polymer,PLA,,,,,,target_not_detected,not_detected,shared
SID0288-PYGCMS,SID0288,polymer,PBAT,,,,,,target_not_detected,not_detected,shared
SID0288-FTIR,SID0288,polymer,PBAT,,,,,,target_not_detected,not_detected,shared
SID0288-PYGCMS,SID0288,polymer,PBAT,,,,,,target_not_detected,not_detected,shared
SID0288-FTIR,SID0288,polymer,PBAT,,,,,,target_not_detected,not_detected,shared
SID0288-PYGCMS,SID0288,polymer,ACR,,,,,,field_detection,tentative,shared
SID0288-FTIR,SID0288,polymer,ACR,,,,,,field_detection,tentative,shared
SID0288-PYGCMS,SID0288,polymer,PE,,,,,,field_detection,tentative,shared
SID0288-FTIR,SID0288,polymer,PE,,,,,,field_detection,tentative,shared
SID0288-PYGCMS,SID0288,polymer,PU,,,,,,field_detection,tentative,shared
SID0288-FTIR,SID0288,polymer,PU,,,,,,field_detection,tentative,shared
SID0288-PYGCMS,SID0288,polymer,PVC,,,,,,field_detection,tentative,shared
SID0288-FTIR,SID0288,polymer,PVC,,,,,,field_detection,tentative,shared
SID0288-PYGCMS,SID0288,polymer,ABS,,,,,,field_detection,tentative,shared
SID0288-FTIR,SID0288,polymer,ABS,,,,,,field_detection,tentative,shared
SID0288-PYGCMS,SID0288,polymer,PB,,,,,,field_detection,tentative,shared
SID0288-FTIR,SID0288,polymer,PB,,,,,,field_detection,tentative,shared
SID0288-PYGCMS,SID0288,polymer,FKM,,,,,,field_detection,tentative,shared
SID0288-FTIR,SID0288,polymer,FKM,,,,,,field_detection,tentative,shared
SID0288-PYGCMS,SID0288,polymer,PF,,,,,,field_detection,tentative,shared
SID0288-FTIR,SID0288,polymer,PF,,,,,,field_detection,tentative,shared
SID0288-PYGCMS,SID0288,polymer,ACR,,,,,,field_detection,tentative,shared
SID0288-FTIR,SID0288,polymer,ACR,,,,,,field_detection,tentative,shared
SID0288-PYGCMS,SID0288,polymer,PB,,,,,,field_detection,tentative,shared
SID0288-FTIR,SID0288,polymer,PB,,,,,,field_detection,tentative,shared
SID0288-PYGCMS,SID0288,polymer,PE,,,,,,field_detection,tentative,shared
SID0288-FTIR,SID0288,polymer,PE,,,,,,field_detection,tentative,shared
SID0288-PYGCMS,SID0288,polymer,PET,,,,,,field_detection,tentative,shared
SID0288-FTIR,SID0288,polymer,PET,,,,,,field_detection,tentative,shared
SID0288-PYGCMS,SID0288,polymer,PU,,,,,,field_detection,tentative,shared
SID0288-FTIR,SID0288,polymer,PU,,,,,,field_detection,tentative,shared
SID0288-PYGCMS,SID0288,polymer,PVC,,,,,,field_detection,tentative,shared
SID0288-FTIR,SID0288,polymer,PVC,,,,,,field_detection,tentative,shared
SID0288-PYGCMS,SID0288,polymer,FKM,,,,,,field_detection,tentative,shared
SID0288-FTIR,SID0288,polymer,FKM,,,,,,field_detection,tentative,shared
SID0288-PYGCMS,SID0288,polymer,PBAT,,,,,,field_detection,tentative,shared
SID0288-FTIR,SID0288,polymer,PBAT,,,,,,field_detection,tentative,shared
SID0288-PYGCMS,SID0288,polymer,ACR,,,,,,field_detection,tentative,shared
SID0288-FTIR,SID0288,polymer,ACR,,,,,,field_detection,tentative,shared
SID0288-PYGCMS,SID0288,polymer,EVA,,,,,,field_detection,tentative,shared
SID0288-FTIR,SID0288,polymer,EVA,,,,,,field_detection,tentative,shared
SID0288-PYGCMS,SID0288,polymer,PB,,,,,,field_detection,tentative,shared
SID0288-FTIR,SID0288,polymer,PB,,,,,,field_detection,tentative,shared
SID0288-PYGCMS,SID0288,polymer,PET,,,,,,field_detection,tentative,shared
SID0288-FTIR,SID0288,polymer,PET,,,,,,field_detection,tentative,shared
SID0288-PYGCMS,SID0288,polymer,PMMA,,,,,,field_detection,tentative,shared
SID0288-FTIR,SID0288,polymer,PMMA,,,,,,field_detection,tentative,shared
SID0288-PYGCMS,SID0288,polymer,PP,,,,,,field_detection,tentative,shared
SID0288-FTIR,SID0288,polymer,PP,,,,,,field_detection,tentative,shared
SID0288-PYGCMS,SID0288,polymer,PU,,,,,,field_detection,tentative,shared
SID0288-FTIR,SID0288,polymer,PU,,,,,,field_detection,tentative,shared
SID0288-PYGCMS,SID0288,polymer,PVC,,,,,,field_detection,tentative,shared
SID0288-FTIR,SID0288,polymer,PVC,,,,,,field_detection,tentative,shared
SID0288-PYGCMS,SID0288,polymer,EAA,,,,,,field_detection,tentative,shared
SID0288-FTIR,SID0288,polymer,EAA,,,,,,field_detection,tentative,shared
SID0288-PYGCMS,SID0288,polymer,FKM,,,,,,field_detection,tentative,shared
SID0288-FTIR,SID0288,polymer,FKM,,,,,,field_detection,tentative,shared
SID0288-PYGCMS,SID0288,polymer,PIB,,,,,,field_detection,tentative,shared
SID0288-FTIR,SID0288,polymer,PIB,,,,,,field_detection,tentative,shared
SID0288-PYGCMS,SID0288,polymer,POM,,,,,,field_detection,tentative,shared
SID0288-FTIR,SID0288,polymer,POM,,,,,,field_detection,tentative,shared
SID0288-PYGCMS,SID0288,polymer,PCL,,,,,,field_detection,tentative,shared
SID0288-FTIR,SID0288,polymer,PCL,,,,,,field_detection,tentative,shared
SID0288-PYGCMS,SID0288,polymer,PET,,,,,,field_detection,tentative,shared
SID0288-FTIR,SID0288,polymer,PET,,,,,,field_detection,tentative,shared
SID0288-PYGCMS,SID0288,polymer,PMMA,,,,,,field_detection,tentative,shared
SID0288-FTIR,SID0288,polymer,PMMA,,,,,,field_detection,tentative,shared
SID0288-PYGCMS,SID0288,polymer,PB,,,,,,field_detection,tentative,shared
SID0288-FTIR,SID0288,polymer,PB,,,,,,field_detection,tentative,shared
SID0288-PYGCMS,SID0288,polymer,PU,,,,,,field_detection,tentative,shared
SID0288-FTIR,SID0288,polymer,PU,,,,,,field_detection,tentative,shared
SID0288-PYGCMS,SID0288,polymer,PVC,,,,,,field_detection,tentative,shared
SID0288-FTIR,SID0288,polymer,PVC,,,,,,field_detection,tentative,shared
SID0288-PYGCMS,SID0288,polymer,FKM,,,,,,field_detection,tentative,shared
SID0288-FTIR,SID0288,polymer,FKM,,,,,,field_detection,tentative,shared
SID0288-PYGCMS,SID0288,polymer,OTHER,,,,,,field_detection,tentative,shared
SID0288-FTIR,SID0288,polymer,OTHER,,,,,,field_detection,tentative,shared
SID0288-PYGCMS,SID0288,polymer,PF,,,,,,field_detection,tentative,shared
SID0288-FTIR,SID0288,polymer,PF,,,,,,field_detection,tentative,shared
SID0289-UFTIR,SID0289,polymer,ACR,,,,,,field_detection,confirmed,direct
SID0289-UFTIR,SID0289,polymer,CELL,,,,,,field_detection,confirmed,direct
SID0289-UFTIR,SID0289,polymer,EP,,,,,,field_detection,confirmed,direct
SID0289-UFTIR,SID0289,polymer,PAN,,,,,,field_detection,confirmed,direct
SID0289-UFTIR,SID0289,polymer,PA,,,,,,field_detection,confirmed,direct
SID0289-UFTIR,SID0289,polymer,PTFE,,,,,,field_detection,confirmed,direct
SID0289-UFTIR,SID0289,polymer,PF,,,,,,field_detection,confirmed,direct
SID0289-UFTIR,SID0289,polymer,PE,,,,,,field_detection,confirmed,direct
SID0289-UFTIR,SID0289,polymer,OTHER,,,,,,field_detection,confirmed,direct
SID0289-UFTIR,SID0289,polymer,PP,,,,,,field_detection,confirmed,direct
SID0289-UFTIR,SID0289,polymer,PEST,,,,,,field_detection,confirmed,direct
SID0289-UFTIR,SID0289,polymer,PET,,,,,,field_detection,confirmed,direct
SID0289-UFTIR,SID0289,polymer,PU,,,,,,field_detection,confirmed,direct
SID0289-UFTIR,SID0289,polymer,RAYON,,,,,,field_detection,confirmed,direct
SID0289-UFTIR,SID0289,polymer,PS,,,,,,field_detection,confirmed,direct
SID0291-PYGCMS,SID0291,polymer,PS,,,,,,field_detection,confirmed,shared
SID0291-FTIR,SID0291,polymer,PS,,,,,,field_detection,confirmed,shared
SID0291-PYGCMS,SID0291,polymer,PE,,,,,,field_detection,confirmed,shared
SID0291-FTIR,SID0291,polymer,PE,,,,,,field_detection,confirmed,shared
SID0291-PYGCMS,SID0291,polymer,PP,,,,,,field_detection,confirmed,shared
SID0291-FTIR,SID0291,polymer,PP,,,,,,field_detection,confirmed,shared
SID0291-PYGCMS,SID0291,polymer,PMMA,,,,,,field_detection,confirmed,shared
SID0291-FTIR,SID0291,polymer,PMMA,,,,,,field_detection,confirmed,shared
SID0291-PYGCMS,SID0291,polymer,PVC,,,,,,field_detection,confirmed,shared
SID0291-FTIR,SID0291,polymer,PVC,,,,,,field_detection,confirmed,shared
SID0291-PYGCMS,SID0291,polymer,PA66,,,,,,field_detection,confirmed,shared
SID0291-FTIR,SID0291,polymer,PA66,,,,,,field_detection,confirmed,shared
SID0291-PYGCMS,SID0291,polymer,PS,,,,,,field_detection,confirmed,shared
SID0291-FTIR,SID0291,polymer,PS,,,,,,field_detection,confirmed,shared
SID0291-PYGCMS,SID0291,polymer,PE,,,,,,field_detection,confirmed,shared
SID0291-FTIR,SID0291,polymer,PE,,,,,,field_detection,confirmed,shared
SID0291-PYGCMS,SID0291,polymer,PP,,,,,,field_detection,confirmed,shared
SID0291-FTIR,SID0291,polymer,PP,,,,,,field_detection,confirmed,shared
SID0291-PYGCMS,SID0291,polymer,PMMA,,,,,,field_detection,confirmed,shared
SID0291-FTIR,SID0291,polymer,PMMA,,,,,,field_detection,confirmed,shared
SID0291-PYGCMS,SID0291,polymer,PVC,,,,,,field_detection,confirmed,shared
SID0291-FTIR,SID0291,polymer,PVC,,,,,,field_detection,confirmed,shared
SID0291-PYGCMS,SID0291,polymer,PA66,,,,,,field_detection,confirmed,shared
SID0291-FTIR,SID0291,polymer,PA66,,,,,,field_detection,confirmed,shared
SID0291-PYGCMS,SID0291,polymer,PS,,,,,,target_not_detected,confirmed,shared
SID0291-FTIR,SID0291,polymer,PS,,,,,,target_not_detected,confirmed,shared
SID0291-PYGCMS,SID0291,polymer,PE,,,,,,field_detection,confirmed,shared
SID0291-FTIR,SID0291,polymer,PE,,,,,,field_detection,confirmed,shared
SID0291-PYGCMS,SID0291,polymer,PP,,,,,,field_detection,confirmed,shared
SID0291-FTIR,SID0291,polymer,PP,,,,,,field_detection,confirmed,shared
SID0291-PYGCMS,SID0291,polymer,PMMA,,,,,,target_not_detected,confirmed,shared
SID0291-FTIR,SID0291,polymer,PMMA,,,,,,target_not_detected,confirmed,shared
SID0291-PYGCMS,SID0291,polymer,PVC,,,,,,field_detection,confirmed,shared
SID0291-FTIR,SID0291,polymer,PVC,,,,,,field_detection,confirmed,shared
SID0291-PYGCMS,SID0291,polymer,PA66,,,,,,field_detection,confirmed,shared
SID0291-FTIR,SID0291,polymer,PA66,,,,,,field_detection,confirmed,shared
SID0291-PYGCMS,SID0291,polymer,PE,,,,,,field_detection,tentative,shared
SID0291-FTIR,SID0291,polymer,PE,,,,,,field_detection,tentative,shared
SID0291-PYGCMS,SID0291,polymer,PP,,,,,,field_detection,tentative,shared
SID0291-FTIR,SID0291,polymer,PP,,,,,,field_detection,tentative,shared
SID0291-PYGCMS,SID0291,polymer,PVC,,,,,,field_detection,tentative,shared
SID0291-FTIR,SID0291,polymer,PVC,,,,,,field_detection,tentative,shared
SID0291-PYGCMS,SID0291,polymer,PET,,,,,,field_detection,tentative,shared
SID0291-FTIR,SID0291,polymer,PET,,,,,,field_detection,tentative,shared
SID0291-PYGCMS,SID0291,polymer,PA,,,,,,field_detection,tentative,shared
SID0291-FTIR,SID0291,polymer,PA,,,,,,field_detection,tentative,shared
SID0291-PYGCMS,SID0291,polymer,PU,,,,,,field_detection,tentative,shared
SID0291-FTIR,SID0291,polymer,PU,,,,,,field_detection,tentative,shared
SID0291-PYGCMS,SID0291,polymer,PMMA,,,,,,target_not_detected,tentative,shared
SID0291-FTIR,SID0291,polymer,PMMA,,,,,,target_not_detected,tentative,shared
SID0291-PYGCMS,SID0291,polymer,PLA,,,,,,field_detection,tentative,shared
SID0291-FTIR,SID0291,polymer,PLA,,,,,,field_detection,tentative,shared
SID0291-PYGCMS,SID0291,polymer,EVA,,,,,,field_detection,tentative,shared
SID0291-FTIR,SID0291,polymer,EVA,,,,,,field_detection,tentative,shared
SID0291-PYGCMS,SID0291,polymer,ACR,,,,,,field_detection,tentative,shared
SID0291-FTIR,SID0291,polymer,ACR,,,,,,field_detection,tentative,shared
SID0291-PYGCMS,SID0291,polymer,PTFE,,,,,,target_not_detected,tentative,shared
SID0291-FTIR,SID0291,polymer,PTFE,,,,,,target_not_detected,tentative,shared
SID0291-PYGCMS,SID0291,polymer,PE,,,,,,field_detection,tentative,shared
SID0291-FTIR,SID0291,polymer,PE,,,,,,field_detection,tentative,shared
SID0291-PYGCMS,SID0291,polymer,PP,,,,,,field_detection,tentative,shared
SID0291-FTIR,SID0291,polymer,PP,,,,,,field_detection,tentative,shared
SID0291-PYGCMS,SID0291,polymer,PVC,,,,,,field_detection,tentative,shared
SID0291-FTIR,SID0291,polymer,PVC,,,,,,field_detection,tentative,shared
SID0291-PYGCMS,SID0291,polymer,PET,,,,,,field_detection,tentative,shared
SID0291-FTIR,SID0291,polymer,PET,,,,,,field_detection,tentative,shared
SID0291-PYGCMS,SID0291,polymer,PA,,,,,,field_detection,tentative,shared
SID0291-FTIR,SID0291,polymer,PA,,,,,,field_detection,tentative,shared
SID0291-PYGCMS,SID0291,polymer,PU,,,,,,field_detection,tentative,shared
SID0291-FTIR,SID0291,polymer,PU,,,,,,field_detection,tentative,shared
SID0291-PYGCMS,SID0291,polymer,PMMA,,,,,,field_detection,tentative,shared
SID0291-FTIR,SID0291,polymer,PMMA,,,,,,field_detection,tentative,shared
SID0291-PYGCMS,SID0291,polymer,PLA,,,,,,field_detection,tentative,shared
SID0291-FTIR,SID0291,polymer,PLA,,,,,,field_detection,tentative,shared
SID0291-PYGCMS,SID0291,polymer,EVA,,,,,,field_detection,tentative,shared
SID0291-FTIR,SID0291,polymer,EVA,,,,,,field_detection,tentative,shared
SID0291-PYGCMS,SID0291,polymer,ACR,,,,,,field_detection,tentative,shared
SID0291-FTIR,SID0291,polymer,ACR,,,,,,field_detection,tentative,shared
SID0291-PYGCMS,SID0291,polymer,PTFE,,,,,,field_detection,tentative,shared
SID0291-FTIR,SID0291,polymer,PTFE,,,,,,field_detection,tentative,shared
SID0292-RAMAN,SID0292,polymer,PP,,,,,,field_detection,confirmed,shared
SID0292-UFTIR,SID0292,polymer,PP,,,,,,field_detection,confirmed,shared
SID0292-RAMAN,SID0292,polymer,PE,,,,,,field_detection,confirmed,shared
SID0292-UFTIR,SID0292,polymer,PE,,,,,,field_detection,confirmed,shared
SID0292-RAMAN,SID0292,polymer,PS,,,,,,field_detection,confirmed,shared
SID0292-UFTIR,SID0292,polymer,PS,,,,,,field_detection,confirmed,shared
SID0292-RAMAN,SID0292,polymer,PET,,,,,,field_detection,confirmed,shared
SID0292-UFTIR,SID0292,polymer,PET,,,,,,field_detection,confirmed,shared
SID0292-RAMAN,SID0292,polymer,PVC,,,,,,field_detection,confirmed,shared
SID0292-UFTIR,SID0292,polymer,PVC,,,,,,field_detection,confirmed,shared
SID0292-RAMAN,SID0292,polymer,OTHER,,,,,,field_detection,identity_unresolved,shared
SID0292-UFTIR,SID0292,polymer,OTHER,,,,,,field_detection,identity_unresolved,shared
SID0294-PYGCMS,SID0294,polymer,PE,,,,,,field_detection,confirmed,direct
SID0294-PYGCMS,SID0294,polymer,PVC,,,,,,field_detection,confirmed,direct
SID0294-PYGCMS,SID0294,polymer,PS,,,,,,field_detection,confirmed,direct
SID0294-PYGCMS,SID0294,polymer,PE,,,,,,field_detection,confirmed,direct
SID0294-PYGCMS,SID0294,polymer,PVC,,,,,,field_detection,confirmed,direct
SID0294-PYGCMS,SID0294,polymer,PS,,,,,,target_not_detected,not_detected,direct
SID0296-PYGCMS,SID0296,polymer,PE,,,,,,field_detection,confirmed,direct
SID0296-PYGCMS,SID0296,polymer,PP,,,,,,field_detection,confirmed,direct
SID0296-PYGCMS,SID0296,polymer,PVC,,,,,,field_detection,confirmed,direct
SID0296-PYGCMS,SID0296,polymer,PS,,,,,,field_detection,confirmed,direct
SID0296-PYGCMS,SID0296,polymer,PE,,,,,,field_detection,confirmed,direct
SID0296-PYGCMS,SID0296,polymer,PP,,,,,,field_detection,confirmed,direct
SID0296-PYGCMS,SID0296,polymer,PVC,,,,,,field_detection,confirmed,direct
SID0296-PYGCMS,SID0296,polymer,PS,,,,,,field_detection,confirmed,direct
SID0296-PYGCMS,SID0296,polymer,PC,,,,,,field_detection,confirmed,direct
SID0296-PYGCMS,SID0296,polymer,PA6,,,,,,field_detection,confirmed,direct
SID0296-PYGCMS,SID0296,polymer,PA66,,,,,,field_detection,confirmed,direct
SID0296-PYGCMS,SID0296,polymer,PC,,,,,,field_detection,confirmed,direct
SID0296-PYGCMS,SID0296,polymer,PA6,,,,,,field_detection,confirmed,direct
SID0296-PYGCMS,SID0296,polymer,PA66,,,,,,field_detection,confirmed,direct
SID0296-PYGCMS,SID0296,polymer,PET,,,,,,target_not_detected,not_detected,direct
SID0296-PYGCMS,SID0296,polymer,PET,,,,,,target_not_detected,not_detected,direct
SID0296-PYGCMS,SID0296,polymer,PMMA,,,,,,target_not_detected,not_detected,direct
SID0296-PYGCMS,SID0296,polymer,PMMA,,,,,,target_not_detected,not_detected,direct
SID0296-PYGCMS,SID0296,polymer,PLA,,,,,,target_not_detected,not_detected,direct
SID0296-PYGCMS,SID0296,polymer,PLA,,,,,,target_not_detected,not_detected,direct
SID0296-PYGCMS,SID0296,polymer,PBAT,,,,,,target_not_detected,not_detected,direct
SID0296-PYGCMS,SID0296,polymer,PBAT,,,,,,target_not_detected,not_detected,direct
SID0297-PYGCMS,SID0297,polymer,PS,,,,,,field_detection,confirmed,shared
SID0297-FTIR,SID0297,polymer,PS,,,,,,field_detection,confirmed,shared
SID0297-PYGCMS,SID0297,polymer,PE,,,,,,field_detection,confirmed,shared
SID0297-FTIR,SID0297,polymer,PE,,,,,,field_detection,confirmed,shared
SID0297-PYGCMS,SID0297,polymer,PVC,,,,,,field_detection,confirmed,shared
SID0297-FTIR,SID0297,polymer,PVC,,,,,,field_detection,confirmed,shared
SID0297-PYGCMS,SID0297,polymer,PA66,,,,,,field_detection,confirmed,shared
SID0297-FTIR,SID0297,polymer,PA66,,,,,,field_detection,confirmed,shared
SID0297-PYGCMS,SID0297,polymer,PP,,,,,,field_detection,confirmed,shared
SID0297-FTIR,SID0297,polymer,PP,,,,,,field_detection,confirmed,shared
SID0297-PYGCMS,SID0297,polymer,PMMA,,,,,,target_not_detected,not_detected,shared
SID0297-FTIR,SID0297,polymer,PMMA,,,,,,target_not_detected,not_detected,shared
SID0297-PYGCMS,SID0297,polymer,PET,,,,,,target_not_detected,not_detected,shared
SID0297-FTIR,SID0297,polymer,PET,,,,,,target_not_detected,not_detected,shared
SID0297-PYGCMS,SID0297,polymer,PC,,,,,,target_not_detected,not_detected,shared
SID0297-FTIR,SID0297,polymer,PC,,,,,,target_not_detected,not_detected,shared
SID0297-PYGCMS,SID0297,polymer,PA6,,,,,,target_not_detected,not_detected,shared
SID0297-FTIR,SID0297,polymer,PA6,,,,,,target_not_detected,not_detected,shared
SID0297-PYGCMS,SID0297,polymer,PLA,,,,,,target_not_detected,not_detected,shared
SID0297-FTIR,SID0297,polymer,PLA,,,,,,target_not_detected,not_detected,shared
SID0297-PYGCMS,SID0297,polymer,PBAT,,,,,,target_not_detected,not_detected,shared
SID0297-FTIR,SID0297,polymer,PBAT,,,,,,target_not_detected,not_detected,shared
SID0299-PYGCMS,SID0299,polymer,PE,,,,,,field_detection,confirmed,direct
SID0299-PYGCMS,SID0299,polymer,PP,,,,,,field_detection,confirmed,direct
SID0299-PYGCMS,SID0299,polymer,PS,,,,,,field_detection,confirmed,direct
SID0300-PYGCMS,SID0300,polymer,PE,,,,,,field_detection,confirmed,direct
SID0300-PYGCMS,SID0300,polymer,PVC,,,,,,field_detection,confirmed,direct
SID0300-PYGCMS,SID0300,polymer,PS,,,,,,field_detection,confirmed,direct
SID0300-PYGCMS,SID0300,polymer,PE,,,,,,field_detection,confirmed,direct
SID0300-PYGCMS,SID0300,polymer,PP,,,,,,field_detection,confirmed,direct
SID0300-PYGCMS,SID0300,polymer,PVC,,,,,,field_detection,confirmed,direct
SID0300-PYGCMS,SID0300,polymer,PS,,,,,,field_detection,confirmed,direct
SID0300-PYGCMS,SID0300,polymer,PE,,,,,,field_detection,confirmed,direct
SID0300-PYGCMS,SID0300,polymer,PP,,,,,,field_detection,confirmed,direct
SID0300-PYGCMS,SID0300,polymer,PVC,,,,,,field_detection,confirmed,direct
SID0300-PYGCMS,SID0300,polymer,PMMA,,,,,,target_not_detected,not_detected,direct
SID0300-PYGCMS,SID0300,polymer,PC,,,,,,target_not_detected,not_detected,direct
SID0300-PYGCMS,SID0300,polymer,PET,,,,,,target_not_detected,not_detected,direct
SID0300-PYGCMS,SID0300,polymer,PA6,,,,,,target_not_detected,not_detected,direct
SID0300-PYGCMS,SID0300,polymer,PA66,,,,,,target_not_detected,not_detected,direct
SID0300-PYGCMS,SID0300,polymer,PLA,,,,,,target_not_detected,not_detected,direct
SID0300-PYGCMS,SID0300,polymer,PBAT,,,,,,target_not_detected,not_detected,direct
SID0300-PYGCMS,SID0300,polymer,PMMA,,,,,,target_not_detected,not_detected,direct
SID0300-PYGCMS,SID0300,polymer,PC,,,,,,target_not_detected,not_detected,direct
SID0300-PYGCMS,SID0300,polymer,PET,,,,,,target_not_detected,not_detected,direct
SID0300-PYGCMS,SID0300,polymer,PA6,,,,,,target_not_detected,not_detected,direct
SID0300-PYGCMS,SID0300,polymer,PA66,,,,,,target_not_detected,not_detected,direct
SID0300-PYGCMS,SID0300,polymer,PLA,,,,,,target_not_detected,not_detected,direct
SID0300-PYGCMS,SID0300,polymer,PBAT,,,,,,target_not_detected,not_detected,direct
SID0301-UFTIR,SID0301,polymer,PE,,,,,,field_detection,confirmed,direct
SID0301-UFTIR,SID0301,polymer,PE,,,,,,field_detection,confirmed,direct
SID0301-UFTIR,SID0301,polymer,PP,,,,,,field_detection,confirmed,direct
SID0301-UFTIR,SID0301,polymer,PP,,,,,,field_detection,confirmed,direct
SID0301-UFTIR,SID0301,polymer,PVC,,,,,,field_detection,confirmed,direct
SID0301-UFTIR,SID0301,polymer,PVC,,,,,,target_not_detected,not_detected,direct
SID0301-UFTIR,SID0301,polymer,PA,,,,,,field_detection,confirmed,direct
SID0301-UFTIR,SID0301,polymer,PA,,,,,,field_detection,confirmed,direct
SID0301-UFTIR,SID0301,polymer,PS,,,,,,field_detection,confirmed,direct
SID0301-UFTIR,SID0301,polymer,PS,,,,,,field_detection,confirmed,direct
SID0301-UFTIR,SID0301,polymer,PET,,,,,,field_detection,confirmed,direct
SID0301-UFTIR,SID0301,polymer,PET,,,,,,field_detection,confirmed,direct
SID0301-UFTIR,SID0301,polymer,OTHER,,,,,,field_detection,confirmed,direct
SID0301-UFTIR,SID0301,polymer,OTHER,,,,,,target_not_detected,not_detected,direct
SID0301-UFTIR,SID0301,polymer,EVA,,,,,,target_not_detected,not_detected,direct
SID0301-UFTIR,SID0301,polymer,EVA,,,,,,target_not_detected,not_detected,direct
SID0301-UFTIR,SID0301,polymer,PVOH,,,,,,target_not_detected,not_detected,direct
SID0301-UFTIR,SID0301,polymer,PVOH,,,,,,target_not_detected,not_detected,direct
SID0301-UFTIR,SID0301,polymer,POM,,,,,,target_not_detected,not_detected,direct
SID0301-UFTIR,SID0301,polymer,POM,,,,,,target_not_detected,not_detected,direct
SID0302-PYGCMS,SID0302,polymer,PE,,,,,,field_detection,confirmed,direct
SID0302-PYGCMS,SID0302,polymer,PE,,,,,,field_detection,confirmed,direct
SID0303-PYGCMS,SID0303,polymer,PS,,,,,,field_detection,confirmed,direct
SID0303-PYGCMS,SID0303,polymer,PE,,,,,,field_detection,confirmed,direct
SID0303-PYGCMS,SID0303,polymer,PVC,,,,,,field_detection,confirmed,direct
SID0303-PYGCMS,SID0303,polymer,PP,,,,,,field_detection,confirmed,direct
SID0303-PYGCMS,SID0303,polymer,PET,,,,,,target_not_detected,not_detected,direct
SID0303-PYGCMS,SID0303,polymer,PMMA,,,,,,target_not_detected,not_detected,direct
SID0303-PYGCMS,SID0303,polymer,PC,,,,,,target_not_detected,not_detected,direct
SID0304-FTIR,SID0304,polymer,PE-CL,,,,,,field_detection,confirmed,direct
SID0304-FTIR,SID0304,polymer,PE-CL,,,,,,field_detection,confirmed,direct
SID0304-FTIR,SID0304,polymer,PU,,,,,,field_detection,confirmed,direct
SID0304-FTIR,SID0304,polymer,FKM,,,,,,field_detection,confirmed,direct
SID0304-FTIR,SID0304,polymer,OTHER,,,,,,field_detection,confirmed,direct
SID0304-FTIR,SID0304,polymer,FKM,,,,,,field_detection,confirmed,direct
SID0304-FTIR,SID0304,polymer,EVA,,,,,,field_detection,confirmed,direct
SID0304-FTIR,SID0304,polymer,PU,,,,,,field_detection,confirmed,direct
SID0305-PYGCMS,SID0305,polymer,PVC,,,,,,field_detection,confirmed,shared
SID0305-FTIR,SID0305,polymer,PVC,,,,,,field_detection,confirmed,shared
SID0305-PYGCMS,SID0305,polymer,ACR,,,,,,field_detection,confirmed,shared
SID0305-FTIR,SID0305,polymer,ACR,,,,,,field_detection,confirmed,shared
SID0305-PYGCMS,SID0305,polymer,PU,,,,,,field_detection,confirmed,shared
SID0305-FTIR,SID0305,polymer,PU,,,,,,field_detection,confirmed,shared
SID0305-PYGCMS,SID0305,polymer,PE,,,,,,field_detection,confirmed,shared
SID0305-FTIR,SID0305,polymer,PE,,,,,,field_detection,confirmed,shared
SID0305-PYGCMS,SID0305,polymer,PET,,,,,,field_detection,confirmed,shared
SID0305-FTIR,SID0305,polymer,PET,,,,,,field_detection,confirmed,shared
SID0305-PYGCMS,SID0305,polymer,PVC,,,,,,field_detection,confirmed,shared
SID0305-FTIR,SID0305,polymer,PVC,,,,,,field_detection,confirmed,shared
SID0305-PYGCMS,SID0305,polymer,ACR,,,,,,field_detection,confirmed,shared
SID0305-FTIR,SID0305,polymer,ACR,,,,,,field_detection,confirmed,shared
SID0305-PYGCMS,SID0305,polymer,PET,,,,,,field_detection,confirmed,shared
SID0305-FTIR,SID0305,polymer,PET,,,,,,field_detection,confirmed,shared
SID0305-PYGCMS,SID0305,polymer,PU,,,,,,field_detection,confirmed,shared
SID0305-FTIR,SID0305,polymer,PU,,,,,,field_detection,confirmed,shared
SID0305-PYGCMS,SID0305,polymer,EVA,,,,,,field_detection,confirmed,shared
SID0305-FTIR,SID0305,polymer,EVA,,,,,,field_detection,confirmed,shared
SID0305-PYGCMS,SID0305,polymer,PE,,,,,,field_detection,confirmed,shared
SID0305-FTIR,SID0305,polymer,PE,,,,,,field_detection,confirmed,shared
SID0305-PYGCMS,SID0305,polymer,PS,,,,,,field_detection,confirmed,shared
SID0305-FTIR,SID0305,polymer,PS,,,,,,field_detection,confirmed,shared
SID0305-PYGCMS,SID0305,polymer,PE,,,,,,field_detection,confirmed,shared
SID0305-FTIR,SID0305,polymer,PE,,,,,,field_detection,confirmed,shared
SID0305-PYGCMS,SID0305,polymer,PVC,,,,,,field_detection,confirmed,shared
SID0305-FTIR,SID0305,polymer,PVC,,,,,,field_detection,confirmed,shared
SID0305-PYGCMS,SID0305,polymer,PP,,,,,,target_not_detected,not_detected,shared
SID0305-FTIR,SID0305,polymer,PP,,,,,,target_not_detected,not_detected,shared
SID0305-PYGCMS,SID0305,polymer,PMMA,,,,,,target_not_detected,not_detected,shared
SID0305-FTIR,SID0305,polymer,PMMA,,,,,,target_not_detected,not_detected,shared
SID0305-PYGCMS,SID0305,polymer,PET,,,,,,target_not_detected,not_detected,shared
SID0305-FTIR,SID0305,polymer,PET,,,,,,target_not_detected,not_detected,shared
SID0305-PYGCMS,SID0305,polymer,PC,,,,,,target_not_detected,not_detected,shared
SID0305-FTIR,SID0305,polymer,PC,,,,,,target_not_detected,not_detected,shared
SID0305-PYGCMS,SID0305,polymer,PA6,,,,,,target_not_detected,not_detected,shared
SID0305-FTIR,SID0305,polymer,PA6,,,,,,target_not_detected,not_detected,shared
SID0305-PYGCMS,SID0305,polymer,PA66,,,,,,target_not_detected,not_detected,shared
SID0305-FTIR,SID0305,polymer,PA66,,,,,,target_not_detected,not_detected,shared
SID0305-PYGCMS,SID0305,polymer,PLA,,,,,,target_not_detected,not_detected,shared
SID0305-FTIR,SID0305,polymer,PLA,,,,,,target_not_detected,not_detected,shared
SID0305-PYGCMS,SID0305,polymer,PBAT,,,,,,target_not_detected,not_detected,shared
SID0305-FTIR,SID0305,polymer,PBAT,,,,,,target_not_detected,not_detected,shared
SID0306-PYGCMS,SID0306,polymer,PE,,,,,,field_detection,confirmed,direct
SID0306-PYGCMS,SID0306,polymer,PVC,,,,,,field_detection,confirmed,direct
SID0306-PYGCMS,SID0306,polymer,PS,,,,,,field_detection,confirmed,direct
SID0306-PYGCMS,SID0306,polymer,PE,,,,,,field_detection,confirmed,direct
SID0306-PYGCMS,SID0306,polymer,PVC,,,,,,field_detection,confirmed,direct
SID0306-PYGCMS,SID0306,polymer,PP,,,,,,field_detection,confirmed,direct
SID0307-RAMAN,SID0307,polymer,PVC,,,,,,field_detection,confirmed,shared
SID0307-PYGCMS,SID0307,polymer,PVC,,,,,,field_detection,confirmed,shared
SID0307-RAMAN,SID0307,polymer,PVC,,,,,,field_detection,confirmed,shared
SID0307-PYGCMS,SID0307,polymer,PVC,,,,,,field_detection,confirmed,shared
SID0307-RAMAN,SID0307,polymer,PA66,,,,,,field_detection,confirmed,shared
SID0307-PYGCMS,SID0307,polymer,PA66,,,,,,field_detection,confirmed,shared
SID0307-RAMAN,SID0307,polymer,PMMA,,,,,,field_detection,confirmed,shared
SID0307-PYGCMS,SID0307,polymer,PMMA,,,,,,field_detection,confirmed,shared
SID0308-FTIR,SID0308,polymer,PA,,,,,,field_detection,confirmed,direct
SID0308-FTIR,SID0308,polymer,PA,,,,,,field_detection,confirmed,direct
SID0308-FTIR,SID0308,polymer,PA,,,,,,field_detection,confirmed,direct
SID0308-FTIR,SID0308,polymer,PA,,,,,,field_detection,confirmed,direct
SID0308-FTIR,SID0308,polymer,PU,,,,,,field_detection,confirmed,direct
SID0308-FTIR,SID0308,polymer,PU,,,,,,field_detection,confirmed,direct
SID0308-FTIR,SID0308,polymer,PU,,,,,,field_detection,confirmed,direct
SID0308-FTIR,SID0308,polymer,PU,,,,,,field_detection,confirmed,direct
SID0308-FTIR,SID0308,polymer,PE,,,,,,field_detection,confirmed,direct
SID0308-FTIR,SID0308,polymer,PE,,,,,,field_detection,confirmed,direct
SID0308-FTIR,SID0308,polymer,PE,,,,,,field_detection,confirmed,direct
SID0308-FTIR,SID0308,polymer,PE,,,,,,field_detection,confirmed,direct
SID0308-FTIR,SID0308,polymer,PET,,,,,,field_detection,confirmed,direct
SID0308-FTIR,SID0308,polymer,PET,,,,,,field_detection,confirmed,direct
SID0308-FTIR,SID0308,polymer,PET,,,,,,field_detection,confirmed,direct
SID0308-FTIR,SID0308,polymer,PET,,,,,,field_detection,confirmed,direct
SID0308-FTIR,SID0308,polymer,PP,,,,,,field_detection,confirmed,direct
SID0308-FTIR,SID0308,polymer,PP,,,,,,field_detection,confirmed,direct
SID0308-FTIR,SID0308,polymer,PP,,,,,,field_detection,confirmed,direct
SID0308-FTIR,SID0308,polymer,PP,,,,,,field_detection,confirmed,direct
SID0308-FTIR,SID0308,polymer,PVC,,,,,,field_detection,confirmed,direct
SID0308-FTIR,SID0308,polymer,PVC,,,,,,field_detection,confirmed,direct
SID0308-FTIR,SID0308,polymer,PVC,,,,,,field_detection,confirmed,direct
SID0308-FTIR,SID0308,polymer,PVC,,,,,,field_detection,confirmed,direct
SID0308-FTIR,SID0308,polymer,POM,,,,,,field_detection,confirmed,direct
SID0308-FTIR,SID0308,polymer,POM,,,,,,field_detection,confirmed,direct
SID0308-FTIR,SID0308,polymer,POM,,,,,,field_detection,confirmed,direct
SID0308-FTIR,SID0308,polymer,POM,,,,,,field_detection,confirmed,direct
SID0308-FTIR,SID0308,polymer,EVA,,,,,,field_detection,confirmed,direct
SID0308-FTIR,SID0308,polymer,EVA,,,,,,field_detection,confirmed,direct
SID0308-FTIR,SID0308,polymer,EVA,,,,,,field_detection,confirmed,direct
SID0308-FTIR,SID0308,polymer,EVA,,,,,,field_detection,confirmed,direct
SID0308-FTIR,SID0308,polymer,PTFE,,,,,,field_detection,confirmed,direct
SID0308-FTIR,SID0308,polymer,PTFE,,,,,,field_detection,confirmed,direct
SID0308-FTIR,SID0308,polymer,PTFE,,,,,,field_detection,confirmed,direct
SID0308-FTIR,SID0308,polymer,PTFE,,,,,,field_detection,confirmed,direct
SID0308-FTIR,SID0308,polymer,PE-CL,,,,,,field_detection,confirmed,direct
SID0308-FTIR,SID0308,polymer,PE-CL,,,,,,field_detection,confirmed,direct
SID0308-FTIR,SID0308,polymer,PE-CL,,,,,,field_detection,confirmed,direct
SID0308-FTIR,SID0308,polymer,PE-CL,,,,,,field_detection,confirmed,direct
SID0308-FTIR,SID0308,polymer,PB,,,,,,field_detection,confirmed,direct
SID0308-FTIR,SID0308,polymer,PB,,,,,,field_detection,confirmed,direct
SID0308-FTIR,SID0308,polymer,PB,,,,,,field_detection,confirmed,direct
SID0308-FTIR,SID0308,polymer,PC,,,,,,field_detection,confirmed,direct
SID0308-FTIR,SID0308,polymer,PS,,,,,,field_detection,confirmed,direct
SID0308-FTIR,SID0308,polymer,PS,,,,,,field_detection,confirmed,direct
SID0308-FTIR,SID0308,polymer,PS,,,,,,field_detection,confirmed,direct
SID0308-FTIR,SID0308,polymer,PS,,,,,,field_detection,confirmed,direct
SID0308-FTIR,SID0308,polymer,PMMA,,,,,,field_detection,confirmed,direct
SID0308-FTIR,SID0308,polymer,PMMA,,,,,,field_detection,confirmed,direct
SID0308-FTIR,SID0308,polymer,PMMA,,,,,,field_detection,confirmed,direct
SID0308-FTIR,SID0308,polymer,PMMA,,,,,,field_detection,confirmed,direct
SID0308-FTIR,SID0308,polymer,PLA,,,,,,field_detection,confirmed,direct
SID0308-FTIR,SID0308,polymer,PLA,,,,,,field_detection,confirmed,direct
SID0308-FTIR,SID0308,polymer,PLA,,,,,,field_detection,confirmed,direct
SID0308-FTIR,SID0308,polymer,PLA,,,,,,field_detection,confirmed,direct
SID0308-FTIR,SID0308,polymer,PSU,,,,,,field_detection,confirmed,direct
SID0308-FTIR,SID0308,polymer,PSU,,,,,,field_detection,confirmed,direct
SID0308-FTIR,SID0308,polymer,PSU,,,,,,field_detection,confirmed,direct
SID0308-FTIR,SID0308,polymer,PSU,,,,,,field_detection,confirmed,direct
SID0309-FTIR,SID0309,polymer,PA,,,,,,field_detection,confirmed,direct
SID0309-FTIR,SID0309,polymer,PE,,,,,,field_detection,confirmed,direct
SID0309-FTIR,SID0309,polymer,PU,,,,,,field_detection,confirmed,direct
SID0309-FTIR,SID0309,polymer,PET,,,,,,field_detection,confirmed,direct
SID0309-FTIR,SID0309,polymer,OTHER,,,,,,field_detection,confirmed,direct
SID0310-PYGCMS,SID0310,polymer,PA66,,,,,,field_detection,confirmed,direct
SID0310-PYGCMS,SID0310,polymer,PE,,,,,,field_detection,confirmed,direct
SID0310-PYGCMS,SID0310,polymer,PVC,,,,,,field_detection,confirmed,direct
SID0310-PYGCMS,SID0310,polymer,PS,,,,,,field_detection,confirmed,direct
SID0310-PYGCMS,SID0310,polymer,PA66,,,,,,field_detection,confirmed,direct
SID0310-PYGCMS,SID0310,polymer,PE,,,,,,field_detection,confirmed,direct
SID0310-PYGCMS,SID0310,polymer,PVC,,,,,,field_detection,confirmed,direct
SID0310-PYGCMS,SID0310,polymer,PS,,,,,,field_detection,confirmed,direct
SID0310-PYGCMS,SID0310,polymer,PA66,,,,,,field_detection,confirmed,direct
SID0310-PYGCMS,SID0310,polymer,PE,,,,,,field_detection,confirmed,direct
SID0310-PYGCMS,SID0310,polymer,PVC,,,,,,field_detection,confirmed,direct
SID0310-PYGCMS,SID0310,polymer,PS,,,,,,field_detection,confirmed,direct
SID0310-PYGCMS,SID0310,polymer,PMMA,,,,,,field_detection,confirmed,direct
SID0310-PYGCMS,SID0310,polymer,PP,,,,,,field_detection,confirmed,direct
SID0311-PYGCMS,SID0311,polymer,PE,,,,,,field_detection,confirmed,shared
SID0311-FTIR,SID0311,polymer,PE,,,,,,field_detection,confirmed,shared
SID0311-PYGCMS,SID0311,polymer,PP,,,,,,field_detection,confirmed,shared
SID0311-FTIR,SID0311,polymer,PP,,,,,,field_detection,confirmed,shared
SID0311-PYGCMS,SID0311,polymer,PET,,,,,,field_detection,confirmed,shared
SID0311-FTIR,SID0311,polymer,PET,,,,,,field_detection,confirmed,shared
SID0311-PYGCMS,SID0311,polymer,PVC,,,,,,field_detection,confirmed,shared
SID0311-FTIR,SID0311,polymer,PVC,,,,,,field_detection,confirmed,shared
SID0311-PYGCMS,SID0311,polymer,PS,,,,,,field_detection,confirmed,shared
SID0311-FTIR,SID0311,polymer,PS,,,,,,field_detection,confirmed,shared
SID0311-PYGCMS,SID0311,polymer,PE,,,,,,field_detection,confirmed,shared
SID0311-FTIR,SID0311,polymer,PE,,,,,,field_detection,confirmed,shared
SID0311-PYGCMS,SID0311,polymer,PP,,,,,,field_detection,confirmed,shared
SID0311-FTIR,SID0311,polymer,PP,,,,,,field_detection,confirmed,shared
SID0312-PYGCMS,SID0312,polymer,PE,,,,,,field_detection,confirmed,direct
SID0312-PYGCMS,SID0312,polymer,PVC,,,,,,field_detection,confirmed,direct
SID0312-PYGCMS,SID0312,polymer,PA66,,,,,,field_detection,confirmed,direct
SID0312-PYGCMS,SID0312,polymer,PE,,,,,,field_detection,confirmed,direct
SID0312-PYGCMS,SID0312,polymer,PC,,,,,,field_detection,confirmed,direct
SID0312-PYGCMS,SID0312,polymer,SBR,,,,,,field_detection,confirmed,direct
SID0312-PYGCMS,SID0312,polymer,PE,,,,,,field_detection,confirmed,direct
SID0312-PYGCMS,SID0312,polymer,SBR,,,,,,field_detection,confirmed,direct
SID0312-PYGCMS,SID0312,polymer,PC,,,,,,field_detection,confirmed,direct
SID0315-PYGCMS,SID0315,polymer,PVC,,,,,,field_detection,confirmed,direct
SID0315-PYGCMS,SID0315,polymer,PET,,,,,,field_detection,below_quantification,direct
SID0315-PYGCMS,SID0315,polymer,PP,,,,,,field_detection,confirmed,direct
SID0315-PYGCMS,SID0315,polymer,PS,,,,,,field_detection,below_quantification,direct
SID0315-PYGCMS,SID0315,polymer,PMMA,,,,,,field_detection,confirmed,direct
SID0315-PYGCMS,SID0315,polymer,PE,,,,,,target_not_detected,not_detected,direct
SID0317-UFTIR,SID0317,polymer,PE,,,,,,field_detection,confirmed,direct
SID0317-UFTIR,SID0317,polymer,PET,,,,,,field_detection,confirmed,direct
SID0317-UFTIR,SID0317,polymer,PU,,,,,,field_detection,confirmed,direct
SID0317-UFTIR,SID0317,polymer,PP,,,,,,field_detection,confirmed,direct
SID0317-UFTIR,SID0317,polymer,PS,,,,,,field_detection,confirmed,direct
SID0317-UFTIR,SID0317,polymer,PC,,,,,,field_detection,confirmed,direct
SID0317-UFTIR,SID0317,polymer,PVC,,,,,,field_detection,confirmed,direct
SID0317-UFTIR,SID0317,polymer,PSU,,,,,,field_detection,confirmed,direct
SID0317-UFTIR,SID0317,polymer,ACR,,,,,,field_detection,confirmed,direct
SID0317-UFTIR,SID0317,polymer,OTHER,,,,,,field_detection,confirmed,direct
SID0317-UFTIR,SID0317,polymer,PTFE,,,,,,field_detection,confirmed,direct
SID0317-UFTIR,SID0317,polymer,PMMA,,,,,,field_detection,confirmed,direct
SID0319-PYGCMS,SID0319,polymer,PMMA,,,,,,field_detection,confirmed,direct
SID0319-PYGCMS,SID0319,polymer,PA66,,,,,,field_detection,confirmed,direct
SID0319-PYGCMS,SID0319,polymer,PP,,,,,,field_detection,contamination_qualified,direct
SID0319-PYGCMS,SID0319,polymer,NBR,,,,,,field_detection,confirmed,direct
SID0319-PYGCMS,SID0319,polymer,PVC,,,,,,field_detection,contamination_qualified,direct
SID0319-PYGCMS,SID0319,polymer,ABS,,,,,,field_detection,confirmed,direct
SID0319-PYGCMS,SID0319,polymer,PET,,,,,,field_detection,contamination_qualified,direct
SID0319-PYGCMS,SID0319,polymer,PE,,,,,,field_detection,confirmed,direct
SID0319-PYGCMS,SID0319,polymer,PC,,,,,,target_not_detected,not_detected,direct
SID0319-PYGCMS,SID0319,polymer,PS,,,,,,field_detection,confirmed,direct
SID0319-PYGCMS,SID0319,polymer,PMMA,,,,,,field_detection,confirmed,direct
SID0319-PYGCMS,SID0319,polymer,PA66,,,,,,field_detection,confirmed,direct
SID0319-PYGCMS,SID0319,polymer,PP,,,,,,field_detection,contamination_qualified,direct
SID0319-PYGCMS,SID0319,polymer,NBR,,,,,,field_detection,confirmed,direct
SID0319-PYGCMS,SID0319,polymer,PVC,,,,,,field_detection,confirmed,direct
SID0319-PYGCMS,SID0319,polymer,ABS,,,,,,field_detection,confirmed,direct
SID0319-PYGCMS,SID0319,polymer,PET,,,,,,field_detection,contamination_qualified,direct
SID0319-PYGCMS,SID0319,polymer,PE,,,,,,field_detection,confirmed,direct
SID0319-PYGCMS,SID0319,polymer,PC,,,,,,field_detection,confirmed,direct
SID0319-PYGCMS,SID0319,polymer,PS,,,,,,field_detection,confirmed,direct
SID0320-UFTIR,SID0320,polymer,PE,,,,,,field_detection,confirmed,direct
SID0320-UFTIR,SID0320,polymer,PS,,,,,,field_detection,confirmed,direct
SID0320-UFTIR,SID0320,polymer,EP,,,,,,field_detection,confirmed,direct
SID0320-UFTIR,SID0320,polymer,PP,,,,,,field_detection,confirmed,direct
SID0320-UFTIR,SID0320,polymer,PTFE,,,,,,field_detection,confirmed,direct
SID0320-UFTIR,SID0320,polymer,PE,,,,,,field_detection,confirmed,direct
SID0322-FTIR,SID0322,polymer,PVC,,,,,,field_detection,confirmed,direct
SID0322-FTIR,SID0322,polymer,PP,,,,,,field_detection,confirmed,direct
SID0322-FTIR,SID0322,polymer,OTHER,,,,,,field_detection,confirmed,direct
SID0322-FTIR,SID0322,polymer,PET,,,,,,field_detection,confirmed,direct
SID0322-FTIR,SID0322,polymer,PVC,,,,,,field_detection,confirmed,direct
SID0322-FTIR,SID0322,polymer,PP,,,,,,field_detection,confirmed,direct
SID0322-FTIR,SID0322,polymer,OTHER,,,,,,field_detection,confirmed,direct
SID0322-FTIR,SID0322,polymer,PET,,,,,,field_detection,confirmed,direct
SID0322-FTIR,SID0322,polymer,PVC,,,,,,field_detection,confirmed,direct
SID0322-FTIR,SID0322,polymer,PP,,,,,,field_detection,confirmed,direct
SID0322-FTIR,SID0322,polymer,OTHER,,,,,,field_detection,confirmed,direct
SID0322-FTIR,SID0322,polymer,PET,,,,,,field_detection,confirmed,direct
SID0323-FTIR,SID0323,polymer,PA,,,,,,field_detection,confirmed,direct
SID0323-FTIR,SID0323,polymer,PA,,,,,,field_detection,confirmed,direct
SID0323-FTIR,SID0323,polymer,PA,,,,,,field_detection,confirmed,direct
SID0323-FTIR,SID0323,polymer,PA,,,,,,field_detection,confirmed,direct
SID0323-FTIR,SID0323,polymer,PA,,,,,,field_detection,confirmed,direct
SID0323-FTIR,SID0323,polymer,PA,,,,,,field_detection,confirmed,direct
SID0323-FTIR,SID0323,polymer,PU,,,,,,field_detection,confirmed,direct
SID0323-FTIR,SID0323,polymer,PU,,,,,,field_detection,confirmed,direct
SID0323-FTIR,SID0323,polymer,PU,,,,,,field_detection,confirmed,direct
SID0323-FTIR,SID0323,polymer,PU,,,,,,field_detection,confirmed,direct
SID0323-FTIR,SID0323,polymer,PU,,,,,,field_detection,confirmed,direct
SID0323-FTIR,SID0323,polymer,PU,,,,,,field_detection,confirmed,direct
SID0323-FTIR,SID0323,polymer,PET,,,,,,field_detection,confirmed,direct
SID0323-FTIR,SID0323,polymer,PET,,,,,,field_detection,confirmed,direct
SID0323-FTIR,SID0323,polymer,PET,,,,,,field_detection,confirmed,direct
SID0323-FTIR,SID0323,polymer,PET,,,,,,field_detection,confirmed,direct
SID0323-FTIR,SID0323,polymer,PET,,,,,,field_detection,confirmed,direct
SID0323-FTIR,SID0323,polymer,PET,,,,,,field_detection,confirmed,direct
SID0323-FTIR,SID0323,polymer,PE-CL,,,,,,field_detection,confirmed,direct
SID0323-FTIR,SID0323,polymer,PE-CL,,,,,,field_detection,confirmed,direct
SID0323-FTIR,SID0323,polymer,PE-CL,,,,,,field_detection,confirmed,direct
SID0323-FTIR,SID0323,polymer,PE-CL,,,,,,field_detection,confirmed,direct
SID0323-FTIR,SID0323,polymer,PE-CL,,,,,,field_detection,confirmed,direct
SID0323-FTIR,SID0323,polymer,PE-CL,,,,,,field_detection,confirmed,direct
SID0323-FTIR,SID0323,polymer,PE,,,,,,field_detection,confirmed,direct
SID0323-FTIR,SID0323,polymer,PE,,,,,,field_detection,confirmed,direct
SID0323-FTIR,SID0323,polymer,PE,,,,,,field_detection,confirmed,direct
SID0323-FTIR,SID0323,polymer,PE,,,,,,field_detection,confirmed,direct
SID0323-FTIR,SID0323,polymer,PE,,,,,,field_detection,confirmed,direct
SID0323-FTIR,SID0323,polymer,PE,,,,,,field_detection,confirmed,direct
SID0323-FTIR,SID0323,polymer,PMMA,,,,,,field_detection,confirmed,direct
SID0323-FTIR,SID0323,polymer,PMMA,,,,,,field_detection,confirmed,direct
SID0323-FTIR,SID0323,polymer,PMMA,,,,,,field_detection,confirmed,direct
SID0323-FTIR,SID0323,polymer,PMMA,,,,,,field_detection,confirmed,direct
SID0323-FTIR,SID0323,polymer,ACR,,,,,,field_detection,confirmed,direct
SID0323-FTIR,SID0323,polymer,ACR,,,,,,field_detection,confirmed,direct
SID0323-FTIR,SID0323,polymer,ACR,,,,,,field_detection,confirmed,direct
SID0323-FTIR,SID0323,polymer,ACR,,,,,,field_detection,confirmed,direct
SID0323-FTIR,SID0323,polymer,ACR,,,,,,field_detection,confirmed,direct
SID0323-FTIR,SID0323,polymer,ACR,,,,,,field_detection,confirmed,direct
SID0323-FTIR,SID0323,polymer,PP,,,,,,field_detection,confirmed,direct
SID0323-FTIR,SID0323,polymer,PP,,,,,,field_detection,confirmed,direct
SID0323-FTIR,SID0323,polymer,PP,,,,,,field_detection,confirmed,direct
SID0323-FTIR,SID0323,polymer,PP,,,,,,field_detection,confirmed,direct
SID0323-FTIR,SID0323,polymer,PP,,,,,,field_detection,confirmed,direct
SID0323-FTIR,SID0323,polymer,PP,,,,,,field_detection,confirmed,direct
SID0323-FTIR,SID0323,polymer,FKM,,,,,,field_detection,confirmed,direct
SID0323-FTIR,SID0323,polymer,FKM,,,,,,field_detection,confirmed,direct
SID0323-FTIR,SID0323,polymer,FKM,,,,,,field_detection,confirmed,direct
SID0323-FTIR,SID0323,polymer,FKM,,,,,,field_detection,confirmed,direct
SID0323-FTIR,SID0323,polymer,FKM,,,,,,field_detection,confirmed,direct
SID0323-FTIR,SID0323,polymer,FKM,,,,,,field_detection,confirmed,direct
SID0323-FTIR,SID0323,polymer,PS,,,,,,field_detection,confirmed,direct
SID0323-FTIR,SID0323,polymer,PS,,,,,,field_detection,confirmed,direct
SID0323-FTIR,SID0323,polymer,PVC,,,,,,field_detection,confirmed,direct
SID0323-FTIR,SID0323,polymer,PVC,,,,,,field_detection,confirmed,direct
SID0323-FTIR,SID0323,polymer,PVC,,,,,,field_detection,confirmed,direct
SID0323-FTIR,SID0323,polymer,PB,,,,,,field_detection,confirmed,direct
SID0323-FTIR,SID0323,polymer,PB,,,,,,field_detection,confirmed,direct
SID0323-FTIR,SID0323,polymer,PB,,,,,,field_detection,confirmed,direct
SID0323-FTIR,SID0323,polymer,PB,,,,,,field_detection,confirmed,direct
SID0324-FTIR,SID0324,polymer,PVC,,,,,,field_detection,confirmed,direct
SID0324-FTIR,SID0324,polymer,PET,,,,,,field_detection,confirmed,direct
SID0324-FTIR,SID0324,polymer,PP,,,,,,field_detection,confirmed,direct
SID0324-FTIR,SID0324,polymer,OTHER,,,,,,field_detection,confirmed,direct
SID0325-PYGCMS,SID0325,polymer,PS,,,,,,field_detection,confirmed,direct
SID0325-PYGCMS,SID0325,polymer,PE,,,,,,field_detection,confirmed,direct
SID0325-PYGCMS,SID0325,polymer,PP,,,,,,field_detection,confirmed,direct
SID0325-PYGCMS,SID0325,polymer,PMMA,,,,,,field_detection,confirmed,direct
SID0325-PYGCMS,SID0325,polymer,PVC,,,,,,field_detection,confirmed,direct
SID0325-PYGCMS,SID0325,polymer,PET,,,,,,field_detection,confirmed,direct
SID0325-PYGCMS,SID0325,polymer,PA66,,,,,,field_detection,confirmed,direct
SID0327-PYGCMS,SID0327,polymer,PE,,,,,,field_detection,confirmed,shared
SID0327-FTIR,SID0327,polymer,PE,,,,,,field_detection,confirmed,shared
SID0327-PYGCMS,SID0327,polymer,PE,,,,,,field_detection,confirmed,shared
SID0327-FTIR,SID0327,polymer,PE,,,,,,field_detection,confirmed,shared
SID0327-PYGCMS,SID0327,polymer,PA66,,,,,,field_detection,confirmed,shared
SID0327-FTIR,SID0327,polymer,PA66,,,,,,field_detection,confirmed,shared
SID0327-PYGCMS,SID0327,polymer,PVC,,,,,,field_detection,confirmed,shared
SID0327-FTIR,SID0327,polymer,PVC,,,,,,field_detection,confirmed,shared
SID0327-PYGCMS,SID0327,polymer,PA66,,,,,,field_detection,confirmed,shared
SID0327-FTIR,SID0327,polymer,PA66,,,,,,field_detection,confirmed,shared
SID0327-PYGCMS,SID0327,polymer,PVC,,,,,,field_detection,confirmed,shared
SID0327-FTIR,SID0327,polymer,PVC,,,,,,field_detection,confirmed,shared
SID0327-PYGCMS,SID0327,polymer,PP,,,,,,field_detection,confirmed,shared
SID0327-FTIR,SID0327,polymer,PP,,,,,,field_detection,confirmed,shared
SID0327-PYGCMS,SID0327,polymer,EVA,,,,,,field_detection,tentative,shared
SID0327-FTIR,SID0327,polymer,EVA,,,,,,field_detection,tentative,shared
SID0327-PYGCMS,SID0327,polymer,PET,,,,,,field_detection,tentative,shared
SID0327-FTIR,SID0327,polymer,PET,,,,,,field_detection,tentative,shared
SID0327-PYGCMS,SID0327,polymer,PP,,,,,,field_detection,tentative,shared
SID0327-FTIR,SID0327,polymer,PP,,,,,,field_detection,tentative,shared
SID0327-PYGCMS,SID0327,polymer,PS,,,,,,field_detection,tentative,shared
SID0327-FTIR,SID0327,polymer,PS,,,,,,field_detection,tentative,shared
SID0327-PYGCMS,SID0327,polymer,ABS,,,,,,field_detection,tentative,shared
SID0327-FTIR,SID0327,polymer,ABS,,,,,,field_detection,tentative,shared
SID0327-PYGCMS,SID0327,polymer,OTHER,,,,,,field_detection,tentative,shared
SID0327-FTIR,SID0327,polymer,OTHER,,,,,,field_detection,tentative,shared
SID0327-PYGCMS,SID0327,polymer,PLA,,,,,,field_detection,tentative,shared
SID0327-FTIR,SID0327,polymer,PLA,,,,,,field_detection,tentative,shared
SID0327-PYGCMS,SID0327,polymer,OTHER,,,,,,field_detection,tentative,shared
SID0327-FTIR,SID0327,polymer,OTHER,,,,,,field_detection,tentative,shared
SID0327-PYGCMS,SID0327,polymer,PIB,,,,,,field_detection,tentative,shared
SID0327-FTIR,SID0327,polymer,PIB,,,,,,field_detection,tentative,shared
SID0327-PYGCMS,SID0327,polymer,SBR,,,,,,field_detection,tentative,shared
SID0327-FTIR,SID0327,polymer,SBR,,,,,,field_detection,tentative,shared
SID0327-PYGCMS,SID0327,polymer,PLA,,,,,,field_detection,tentative,shared
SID0327-FTIR,SID0327,polymer,PLA,,,,,,field_detection,tentative,shared
SID0327-PYGCMS,SID0327,polymer,PU,,,,,,field_detection,tentative,shared
SID0327-FTIR,SID0327,polymer,PU,,,,,,field_detection,tentative,shared
SID0328-FTIR,SID0328,polymer,PVC,,,,,,field_detection,confirmed,direct
SID0328-FTIR,SID0328,polymer,PP,,,,,,field_detection,confirmed,direct
SID0328-FTIR,SID0328,polymer,OTHER,,,,,,field_detection,confirmed,direct
SID0329-PYGCMS,SID0329,polymer,PMMA,,,,,,target_not_detected,not_detected,shared
SID0329-FTIR,SID0329,polymer,PMMA,,,,,,target_not_detected,not_detected,shared
SID0329-PYGCMS,SID0329,polymer,PMMA,,,,,,target_not_detected,not_detected,shared
SID0329-FTIR,SID0329,polymer,PMMA,,,,,,target_not_detected,not_detected,shared
SID0329-PYGCMS,SID0329,polymer,PET,,,,,,target_not_detected,not_detected,shared
SID0329-FTIR,SID0329,polymer,PET,,,,,,target_not_detected,not_detected,shared
SID0329-PYGCMS,SID0329,polymer,PET,,,,,,target_not_detected,not_detected,shared
SID0329-FTIR,SID0329,polymer,PET,,,,,,target_not_detected,not_detected,shared
SID0329-PYGCMS,SID0329,polymer,PA6,,,,,,target_not_detected,not_detected,shared
SID0329-FTIR,SID0329,polymer,PA6,,,,,,target_not_detected,not_detected,shared
SID0329-PYGCMS,SID0329,polymer,PA6,,,,,,target_not_detected,not_detected,shared
SID0329-FTIR,SID0329,polymer,PA6,,,,,,target_not_detected,not_detected,shared
SID0329-PYGCMS,SID0329,polymer,PA66,,,,,,target_not_detected,not_detected,shared
SID0329-FTIR,SID0329,polymer,PA66,,,,,,target_not_detected,not_detected,shared
SID0329-PYGCMS,SID0329,polymer,PA66,,,,,,target_not_detected,not_detected,shared
SID0329-FTIR,SID0329,polymer,PA66,,,,,,target_not_detected,not_detected,shared
SID0329-PYGCMS,SID0329,polymer,PLA,,,,,,target_not_detected,not_detected,shared
SID0329-FTIR,SID0329,polymer,PLA,,,,,,target_not_detected,not_detected,shared
SID0329-PYGCMS,SID0329,polymer,PLA,,,,,,target_not_detected,not_detected,shared
SID0329-FTIR,SID0329,polymer,PLA,,,,,,target_not_detected,not_detected,shared
SID0329-PYGCMS,SID0329,polymer,PBAT,,,,,,target_not_detected,not_detected,shared
SID0329-FTIR,SID0329,polymer,PBAT,,,,,,target_not_detected,not_detected,shared
SID0329-PYGCMS,SID0329,polymer,PBAT,,,,,,target_not_detected,not_detected,shared
SID0329-FTIR,SID0329,polymer,PBAT,,,,,,target_not_detected,not_detected,shared
SID0329-PYGCMS,SID0329,polymer,PS,,,,,,target_not_detected,not_detected,shared
SID0329-FTIR,SID0329,polymer,PS,,,,,,target_not_detected,not_detected,shared
SID0329-PYGCMS,SID0329,polymer,PP,,,,,,target_not_detected,not_detected,shared
SID0329-FTIR,SID0329,polymer,PP,,,,,,target_not_detected,not_detected,shared
SID0329-PYGCMS,SID0329,polymer,PC,,,,,,target_not_detected,not_detected,shared
SID0329-FTIR,SID0329,polymer,PC,,,,,,target_not_detected,not_detected,shared
SID0330-PYGCMS,SID0330,polymer,PVC,,,,,,field_detection,confirmed,direct
SID0330-PYGCMS,SID0330,polymer,PVC,,,,,,field_detection,confirmed,direct
SID0330-PYGCMS,SID0330,polymer,PVC,,,,,,field_detection,confirmed,direct
SID0330-PYGCMS,SID0330,polymer,PVC,,,,,,field_detection,confirmed,direct
SID0330-PYGCMS,SID0330,polymer,PVC,,,,,,field_detection,confirmed,direct
SID0330-PYGCMS,SID0330,polymer,PVC,,,,,,field_detection,confirmed,direct
SID0330-PYGCMS,SID0330,polymer,PA66,,,,,,field_detection,confirmed,direct
SID0330-PYGCMS,SID0330,polymer,PA66,,,,,,field_detection,confirmed,direct
SID0330-PYGCMS,SID0330,polymer,PA66,,,,,,field_detection,confirmed,direct
SID0330-PYGCMS,SID0330,polymer,PA66,,,,,,field_detection,confirmed,direct
SID0330-PYGCMS,SID0330,polymer,PA66,,,,,,field_detection,confirmed,direct
SID0330-PYGCMS,SID0330,polymer,PA66,,,,,,field_detection,confirmed,direct
SID0330-PYGCMS,SID0330,polymer,PE,,,,,,field_detection,confirmed,direct
SID0330-PYGCMS,SID0330,polymer,PE,,,,,,field_detection,confirmed,direct
SID0330-PYGCMS,SID0330,polymer,PE,,,,,,field_detection,confirmed,direct
SID0330-PYGCMS,SID0330,polymer,PE,,,,,,field_detection,confirmed,direct
SID0330-PYGCMS,SID0330,polymer,PE,,,,,,field_detection,confirmed,direct
SID0330-PYGCMS,SID0330,polymer,PE,,,,,,field_detection,confirmed,direct
SID0330-PYGCMS,SID0330,polymer,PP,,,,,,field_detection,confirmed,direct
SID0330-PYGCMS,SID0330,polymer,PP,,,,,,field_detection,confirmed,direct
SID0330-PYGCMS,SID0330,polymer,PP,,,,,,field_detection,confirmed,direct
SID0330-PYGCMS,SID0330,polymer,PP,,,,,,field_detection,confirmed,direct
SID0330-PYGCMS,SID0330,polymer,PP,,,,,,field_detection,confirmed,direct
SID0330-PYGCMS,SID0330,polymer,PP,,,,,,field_detection,confirmed,direct
SID0330-PYGCMS,SID0330,polymer,PS,,,,,,field_detection,confirmed,direct
SID0330-PYGCMS,SID0330,polymer,PS,,,,,,field_detection,confirmed,direct
SID0330-PYGCMS,SID0330,polymer,PS,,,,,,field_detection,confirmed,direct
SID0330-PYGCMS,SID0330,polymer,PS,,,,,,field_detection,confirmed,direct
SID0330-PYGCMS,SID0330,polymer,PS,,,,,,field_detection,confirmed,direct
SID0330-PYGCMS,SID0330,polymer,PS,,,,,,field_detection,confirmed,direct
SID0330-PYGCMS,SID0330,polymer,PET,,,,,,target_not_detected,not_detected,direct
SID0330-PYGCMS,SID0330,polymer,PMMA,,,,,,target_not_detected,not_detected,direct
SID0330-PYGCMS,SID0330,polymer,PC,,,,,,target_not_detected,not_detected,direct
SID0330-PYGCMS,SID0330,polymer,PA6,,,,,,target_not_detected,not_detected,direct
SID0330-PYGCMS,SID0330,polymer,PLA,,,,,,target_not_detected,not_detected,direct
SID0330-PYGCMS,SID0330,polymer,PBAT,,,,,,target_not_detected,not_detected,direct
SID0330-PYGCMS,SID0330,polymer,PET,,,,,,target_not_detected,not_detected,direct
SID0330-PYGCMS,SID0330,polymer,PMMA,,,,,,target_not_detected,not_detected,direct
SID0330-PYGCMS,SID0330,polymer,PC,,,,,,target_not_detected,not_detected,direct
SID0330-PYGCMS,SID0330,polymer,PA6,,,,,,target_not_detected,not_detected,direct
SID0330-PYGCMS,SID0330,polymer,PLA,,,,,,target_not_detected,not_detected,direct
SID0330-PYGCMS,SID0330,polymer,PBAT,,,,,,target_not_detected,not_detected,direct
SID0330-PYGCMS,SID0330,polymer,PET,,,,,,target_not_detected,not_detected,direct
SID0330-PYGCMS,SID0330,polymer,PMMA,,,,,,target_not_detected,not_detected,direct
SID0330-PYGCMS,SID0330,polymer,PC,,,,,,target_not_detected,not_detected,direct
SID0330-PYGCMS,SID0330,polymer,PA6,,,,,,target_not_detected,not_detected,direct
SID0330-PYGCMS,SID0330,polymer,PLA,,,,,,target_not_detected,not_detected,direct
SID0330-PYGCMS,SID0330,polymer,PBAT,,,,,,target_not_detected,not_detected,direct
SID0330-PYGCMS,SID0330,polymer,PET,,,,,,target_not_detected,not_detected,direct
SID0330-PYGCMS,SID0330,polymer,PMMA,,,,,,target_not_detected,not_detected,direct
SID0330-PYGCMS,SID0330,polymer,PC,,,,,,target_not_detected,not_detected,direct
SID0330-PYGCMS,SID0330,polymer,PA6,,,,,,target_not_detected,not_detected,direct
SID0330-PYGCMS,SID0330,polymer,PLA,,,,,,target_not_detected,not_detected,direct
SID0330-PYGCMS,SID0330,polymer,PBAT,,,,,,target_not_detected,not_detected,direct
SID0330-PYGCMS,SID0330,polymer,PET,,,,,,target_not_detected,not_detected,direct
SID0330-PYGCMS,SID0330,polymer,PMMA,,,,,,target_not_detected,not_detected,direct
SID0330-PYGCMS,SID0330,polymer,PC,,,,,,target_not_detected,not_detected,direct
SID0330-PYGCMS,SID0330,polymer,PA6,,,,,,target_not_detected,not_detected,direct
SID0330-PYGCMS,SID0330,polymer,PLA,,,,,,target_not_detected,not_detected,direct
SID0330-PYGCMS,SID0330,polymer,PBAT,,,,,,target_not_detected,not_detected,direct
SID0330-PYGCMS,SID0330,polymer,PET,,,,,,target_not_detected,not_detected,direct
SID0330-PYGCMS,SID0330,polymer,PMMA,,,,,,target_not_detected,not_detected,direct
SID0330-PYGCMS,SID0330,polymer,PC,,,,,,target_not_detected,not_detected,direct
SID0330-PYGCMS,SID0330,polymer,PA6,,,,,,target_not_detected,not_detected,direct
SID0330-PYGCMS,SID0330,polymer,PLA,,,,,,target_not_detected,not_detected,direct
SID0330-PYGCMS,SID0330,polymer,PBAT,,,,,,target_not_detected,not_detected,direct
SID0332-PYGCMS,SID0332,polymer,PS,,,,,,field_detection,confirmed,shared
SID0332-FTIR,SID0332,polymer,PS,,,,,,field_detection,confirmed,shared
SID0332-PYGCMS,SID0332,polymer,PE,,,,,,field_detection,confirmed,shared
SID0332-FTIR,SID0332,polymer,PE,,,,,,field_detection,confirmed,shared
SID0332-PYGCMS,SID0332,polymer,PP,,,,,,field_detection,confirmed,shared
SID0332-FTIR,SID0332,polymer,PP,,,,,,field_detection,confirmed,shared
SID0332-PYGCMS,SID0332,polymer,PVC,,,,,,field_detection,confirmed,shared
SID0332-FTIR,SID0332,polymer,PVC,,,,,,field_detection,confirmed,shared
SID0332-PYGCMS,SID0332,polymer,PMMA,,,,,,target_not_detected,not_detected,shared
SID0332-FTIR,SID0332,polymer,PMMA,,,,,,target_not_detected,not_detected,shared
SID0332-PYGCMS,SID0332,polymer,PC,,,,,,target_not_detected,not_detected,shared
SID0332-FTIR,SID0332,polymer,PC,,,,,,target_not_detected,not_detected,shared
SID0332-PYGCMS,SID0332,polymer,PET,,,,,,target_not_detected,not_detected,shared
SID0332-FTIR,SID0332,polymer,PET,,,,,,target_not_detected,not_detected,shared
SID0332-PYGCMS,SID0332,polymer,PA6,,,,,,target_not_detected,not_detected,shared
SID0332-FTIR,SID0332,polymer,PA6,,,,,,target_not_detected,not_detected,shared
SID0332-PYGCMS,SID0332,polymer,PA66,,,,,,target_not_detected,not_detected,shared
SID0332-FTIR,SID0332,polymer,PA66,,,,,,target_not_detected,not_detected,shared
SID0332-PYGCMS,SID0332,polymer,PLA,,,,,,target_not_detected,not_detected,shared
SID0332-FTIR,SID0332,polymer,PLA,,,,,,target_not_detected,not_detected,shared
SID0332-PYGCMS,SID0332,polymer,PBAT,,,,,,target_not_detected,not_detected,shared
SID0332-FTIR,SID0332,polymer,PBAT,,,,,,target_not_detected,not_detected,shared
SID0333-RAMAN,SID0333,polymer,PE,,,,,,field_detection,confirmed,direct
SID0333-RAMAN,SID0333,polymer,PP,,,,,,field_detection,confirmed,direct
SID0333-RAMAN,SID0333,polymer,EPM,,,,,,field_detection,confirmed,direct
SID0333-RAMAN,SID0333,polymer,PE,,,,,,field_detection,confirmed,direct
SID0333-RAMAN,SID0333,polymer,PP,,,,,,field_detection,confirmed,direct
SID0333-RAMAN,SID0333,polymer,EPM,,,,,,field_detection,confirmed,direct
SID0333-RAMAN,SID0333,polymer,PE,,,,,,field_detection,confirmed,direct
SID0333-RAMAN,SID0333,polymer,PP,,,,,,field_detection,confirmed,direct
SID0333-RAMAN,SID0333,polymer,EPM,,,,,,field_detection,confirmed,direct
SID0333-RAMAN,SID0333,polymer,EVA,,,,,,field_detection,confirmed,direct
SID0333-RAMAN,SID0333,polymer,PA,,,,,,field_detection,confirmed,direct
SID0333-RAMAN,SID0333,polymer,PE,,,,,,field_detection,confirmed,direct
SID0333-RAMAN,SID0333,polymer,PP,,,,,,field_detection,confirmed,direct
SID0333-RAMAN,SID0333,polymer,EPM,,,,,,field_detection,confirmed,direct
SID0333-RAMAN,SID0333,polymer,ABS,,,,,,field_detection,confirmed,direct
SID0334-RAMAN,SID0334,polymer,PE,,,,,,field_detection,confirmed,direct
SID0334-RAMAN,SID0334,polymer,PE,,,,,,field_detection,confirmed,direct
SID0334-RAMAN,SID0334,polymer,PE,,,,,,field_detection,confirmed,direct
SID0334-RAMAN,SID0334,polymer,PE,,,,,,field_detection,confirmed,direct
SID0334-RAMAN,SID0334,polymer,PP,,,,,,field_detection,confirmed,direct
SID0334-RAMAN,SID0334,polymer,PP,,,,,,field_detection,confirmed,direct
SID0334-RAMAN,SID0334,polymer,PP,,,,,,field_detection,confirmed,direct
SID0334-RAMAN,SID0334,polymer,PP,,,,,,field_detection,confirmed,direct
SID0334-RAMAN,SID0334,polymer,EPM,,,,,,field_detection,confirmed,direct
SID0334-RAMAN,SID0334,polymer,EPM,,,,,,field_detection,confirmed,direct
SID0334-RAMAN,SID0334,polymer,EPM,,,,,,field_detection,confirmed,direct
SID0334-RAMAN,SID0334,polymer,EPM,,,,,,field_detection,confirmed,direct
SID0334-RAMAN,SID0334,polymer,PS,,,,,,field_detection,confirmed,direct
SID0334-RAMAN,SID0334,polymer,PS,,,,,,field_detection,confirmed,direct
SID0334-RAMAN,SID0334,polymer,PS,,,,,,field_detection,confirmed,direct
SID0334-RAMAN,SID0334,polymer,PS,,,,,,field_detection,confirmed,direct
SID0334-RAMAN,SID0334,polymer,PA,,,,,,field_detection,confirmed,direct
SID0334-RAMAN,SID0334,polymer,PA,,,,,,field_detection,confirmed,direct
SID0334-RAMAN,SID0334,polymer,PA,,,,,,field_detection,confirmed,direct
SID0334-RAMAN,SID0334,polymer,PA,,,,,,field_detection,confirmed,direct
SID0334-RAMAN,SID0334,polymer,PVC,,,,,,field_detection,confirmed,direct
SID0334-RAMAN,SID0334,polymer,PU,,,,,,field_detection,confirmed,direct
SID0334-RAMAN,SID0334,polymer,EVA,,,,,,field_detection,confirmed,direct
SID0334-RAMAN,SID0334,polymer,PET,,,,,,field_detection,confirmed,direct
SID0335-FTIR,SID0335,polymer,PE,,,,,,field_detection,confirmed,direct
SID0335-FTIR,SID0335,polymer,PE-CL,,,,,,field_detection,confirmed,direct
SID0335-FTIR,SID0335,polymer,PA,,,,,,field_detection,confirmed,direct
SID0335-FTIR,SID0335,polymer,PU,,,,,,field_detection,confirmed,direct
SID0335-FTIR,SID0335,polymer,PP,,,,,,field_detection,confirmed,direct
SID0335-FTIR,SID0335,polymer,EVA,,,,,,field_detection,confirmed,direct
SID0335-FTIR,SID0335,polymer,OTHER,,,,,,field_detection,confirmed,direct
SID0335-FTIR,SID0335,polymer,PET,,,,,,field_detection,confirmed,direct
SID0335-FTIR,SID0335,polymer,PVC,,,,,,field_detection,confirmed,direct
SID0337-PYGCMS,SID0337,polymer,PS,,,,,,target_not_detected,not_detected,direct
SID0337-PYGCMS,SID0337,polymer,PE,,,,,,field_detection,confirmed,direct
SID0337-PYGCMS,SID0337,polymer,PVC,,,,,,field_detection,confirmed,direct
SID0337-PYGCMS,SID0337,polymer,PA66,,,,,,field_detection,confirmed,direct
SID0337-PYGCMS,SID0337,polymer,PMMA,,,,,,target_not_detected,not_detected,direct
SID0337-PYGCMS,SID0337,polymer,PS,,,,,,field_detection,confirmed,direct
SID0337-PYGCMS,SID0337,polymer,PE,,,,,,target_not_detected,not_detected,direct
SID0337-PYGCMS,SID0337,polymer,PVC,,,,,,field_detection,confirmed,direct
SID0337-PYGCMS,SID0337,polymer,PA66,,,,,,field_detection,confirmed,direct
SID0337-PYGCMS,SID0337,polymer,PMMA,,,,,,field_detection,confirmed,direct
SID0337-PYGCMS,SID0337,polymer,PVC,,,,,,field_detection,confirmed,direct
SID0337-PYGCMS,SID0337,polymer,PLA,,,,,,target_not_detected,not_detected,direct
SID0337-PYGCMS,SID0337,polymer,PLA,,,,,,target_not_detected,not_detected,direct
SID0337-PYGCMS,SID0337,polymer,PLA,,,,,,target_not_detected,not_detected,direct
SID0337-PYGCMS,SID0337,polymer,PBAT,,,,,,target_not_detected,not_detected,direct
SID0337-PYGCMS,SID0337,polymer,PBAT,,,,,,target_not_detected,not_detected,direct
SID0337-PYGCMS,SID0337,polymer,PBAT,,,,,,target_not_detected,not_detected,direct
SID0337-PYGCMS,SID0337,polymer,PVC,,,,,,field_detection,confirmed,direct
SID0337-PYGCMS,SID0337,polymer,PE,,,,,,field_detection,confirmed,direct
SID0337-PYGCMS,SID0337,polymer,PA66,,,,,,field_detection,confirmed,direct
SID0337-PYGCMS,SID0337,polymer,PS,,,,,,field_detection,confirmed,direct
SID0337-PYGCMS,SID0337,polymer,PA66,,,,,,field_detection,confirmed,direct
SID0337-PYGCMS,SID0337,polymer,PVC,,,,,,field_detection,confirmed,direct
SID0337-PYGCMS,SID0337,polymer,PE,,,,,,field_detection,confirmed,direct
SID0337-PYGCMS,SID0337,polymer,PS,,,,,,field_detection,confirmed,direct
SID0337-PYGCMS,SID0337,polymer,PVC,,,,,,field_detection,confirmed,direct
SID0337-PYGCMS,SID0337,polymer,PE,,,,,,field_detection,confirmed,direct
SID0337-PYGCMS,SID0337,polymer,PMMA,,,,,,field_detection,confirmed,direct
SID0337-PYGCMS,SID0337,polymer,PS,,,,,,field_detection,confirmed,direct
SID0337-PYGCMS,SID0337,polymer,PVC,,,,,,field_detection,confirmed,direct
SID0337-PYGCMS,SID0337,polymer,PE,,,,,,field_detection,confirmed,direct
SID0337-PYGCMS,SID0337,polymer,PS,,,,,,field_detection,confirmed,direct
SID0337-PYGCMS,SID0337,polymer,PMMA,,,,,,field_detection,confirmed,direct
SID0339-PYGCMS,SID0339,polymer,PVC,,,,,,field_detection,confirmed,direct
SID0339-PYGCMS,SID0339,polymer,PVC,,,,,,field_detection,confirmed,direct
SID0339-PYGCMS,SID0339,polymer,PA66,,,,,,field_detection,confirmed,direct
SID0339-PYGCMS,SID0339,polymer,PA66,,,,,,field_detection,confirmed,direct
SID0339-PYGCMS,SID0339,polymer,PS,,,,,,field_detection,confirmed,direct
SID0339-PYGCMS,SID0339,polymer,PP,,,,,,field_detection,confirmed,direct
SID0339-PYGCMS,SID0339,polymer,PS,,,,,,target_not_detected,not_detected,direct
SID0339-PYGCMS,SID0339,polymer,PP,,,,,,target_not_detected,not_detected,direct
SID0339-PYGCMS,SID0339,polymer,PE,,,,,,target_not_detected,not_detected,direct
SID0339-PYGCMS,SID0339,polymer,PMMA,,,,,,target_not_detected,not_detected,direct
SID0339-PYGCMS,SID0339,polymer,PC,,,,,,target_not_detected,not_detected,direct
SID0339-PYGCMS,SID0339,polymer,PET,,,,,,target_not_detected,not_detected,direct
SID0339-PYGCMS,SID0339,polymer,PA6,,,,,,target_not_detected,not_detected,direct
SID0339-PYGCMS,SID0339,polymer,PLA,,,,,,target_not_detected,not_detected,direct
SID0339-PYGCMS,SID0339,polymer,PBAT,,,,,,target_not_detected,not_detected,direct
SID0339-PYGCMS,SID0339,polymer,PE,,,,,,target_not_detected,not_detected,direct
SID0339-PYGCMS,SID0339,polymer,PMMA,,,,,,target_not_detected,not_detected,direct
SID0339-PYGCMS,SID0339,polymer,PC,,,,,,target_not_detected,not_detected,direct
SID0339-PYGCMS,SID0339,polymer,PET,,,,,,target_not_detected,not_detected,direct
SID0339-PYGCMS,SID0339,polymer,PA6,,,,,,target_not_detected,not_detected,direct
SID0339-PYGCMS,SID0339,polymer,PLA,,,,,,target_not_detected,not_detected,direct
SID0339-PYGCMS,SID0339,polymer,PBAT,,,,,,target_not_detected,not_detected,direct
SID0339-PYGCMS,SID0339,polymer,PE,,,,,,field_detection,tentative,direct
SID0339-PYGCMS,SID0339,polymer,PU,,,,,,field_detection,tentative,direct
SID0339-PYGCMS,SID0339,polymer,PE-CL,,,,,,field_detection,tentative,direct
SID0339-PYGCMS,SID0339,polymer,PET,,,,,,field_detection,tentative,direct
SID0339-PYGCMS,SID0339,polymer,ACR,,,,,,field_detection,tentative,direct
SID0339-PYGCMS,SID0339,polymer,FKM,,,,,,field_detection,tentative,direct
SID0339-PYGCMS,SID0339,polymer,PVC,,,,,,field_detection,tentative,direct
SID0339-PYGCMS,SID0339,polymer,PMMA,,,,,,field_detection,tentative,direct
SID0339-PYGCMS,SID0339,polymer,PB,,,,,,field_detection,tentative,direct
SID0340-PYGCMS,SID0340,polymer,PE,,,,,,field_detection,confirmed,direct
SID0340-PYGCMS,SID0340,polymer,PP,,,,,,field_detection,confirmed,direct
SID0340-PYGCMS,SID0340,polymer,PVC,,,,,,field_detection,confirmed,direct
SID0340-PYGCMS,SID0340,polymer,PET,,,,,,field_detection,confirmed,direct
SID0340-PYGCMS,SID0340,polymer,PS,,,,,,field_detection,confirmed,direct
SID0340-PYGCMS,SID0340,polymer,PE,,,,,,field_detection,confirmed,direct
SID0340-PYGCMS,SID0340,polymer,PP,,,,,,field_detection,confirmed,direct
SID0340-PYGCMS,SID0340,polymer,PVC,,,,,,field_detection,confirmed,direct
SID0340-PYGCMS,SID0340,polymer,PET,,,,,,field_detection,confirmed,direct
SID0340-PYGCMS,SID0340,polymer,PA66,,,,,,field_detection,confirmed,direct
SID0340-PYGCMS,SID0340,polymer,PS,,,,,,target_not_detected,not_detected,direct
SID0340-PYGCMS,SID0340,polymer,PA66,,,,,,target_not_detected,not_detected,direct
SID0340-PYGCMS,SID0340,polymer,PA,,,,,,field_detection,confirmed,direct
SID0340-PYGCMS,SID0340,polymer,PA,,,,,,field_detection,tentative,direct
SID0340-PYGCMS,SID0340,polymer,ACR,,,,,,field_detection,tentative,direct
SID0340-PYGCMS,SID0340,polymer,PE-CL,,,,,,field_detection,tentative,direct
SID0340-PYGCMS,SID0340,polymer,PU,,,,,,field_detection,tentative,direct
SID0340-PYGCMS,SID0340,polymer,PB,,,,,,field_detection,tentative,direct
SID0340-PYGCMS,SID0340,polymer,PET,,,,,,field_detection,tentative,direct
SID0340-PYGCMS,SID0340,polymer,PVC,,,,,,field_detection,tentative,direct
SID0340-PYGCMS,SID0340,polymer,FKM,,,,,,field_detection,tentative,direct
SID0340-PYGCMS,SID0340,polymer,PE,,,,,,field_detection,tentative,direct
SID0340-PYGCMS,SID0340,polymer,PLA,,,,,,field_detection,tentative,direct
SID0340-PYGCMS,SID0340,polymer,PMMA,,,,,,field_detection,tentative,direct
SID0340-PYGCMS,SID0340,polymer,PP,,,,,,field_detection,tentative,direct
SID0340-PYGCMS,SID0340,polymer,SBR,,,,,,field_detection,tentative,direct
SID0340-PYGCMS,SID0340,polymer,ABS,,,,,,field_detection,tentative,direct
SID0340-PYGCMS,SID0340,polymer,PSU,,,,,,field_detection,tentative,direct
SID0349-RAMAN,SID0349,polymer,PP,,,,,,field_detection,confirmed,direct
SID0349-RAMAN,SID0349,polymer,PE,,,,,,field_detection,confirmed,direct
SID0349-RAMAN,SID0349,polymer,PEST,,,,,,field_detection,confirmed,direct
SID0349-RAMAN,SID0349,polymer,PET,,,,,,field_detection,confirmed,direct
SID0350-PYGCMS,SID0350,polymer,PP,,,,,,field_detection,confirmed,shared
SID0350-FTIR,SID0350,polymer,PP,,,,,,field_detection,confirmed,shared
SID0350-PYGCMS,SID0350,polymer,PP,,,,,,field_detection,confirmed,shared
SID0350-FTIR,SID0350,polymer,PP,,,,,,field_detection,confirmed,shared
SID0350-PYGCMS,SID0350,polymer,PS,,,,,,target_not_detected,not_detected,shared
SID0350-FTIR,SID0350,polymer,PS,,,,,,target_not_detected,not_detected,shared
SID0352-RAMAN,SID0352,polymer,PP,,,,,,field_detection,confirmed,direct
SID0355-UFTIR,SID0355,polymer,ACR,,,,,,field_detection,confirmed,direct
SID0355-UFTIR,SID0355,polymer,NBR,,,,,,field_detection,confirmed,direct
SID0355-UFTIR,SID0355,polymer,ALK,,,,,,field_detection,confirmed,direct
SID0355-UFTIR,SID0355,polymer,EVA,,,,,,field_detection,confirmed,direct
SID0355-UFTIR,SID0355,polymer,POM,,,,,,field_detection,confirmed,direct
SID0355-UFTIR,SID0355,polymer,PB,,,,,,field_detection,confirmed,direct
SID0355-UFTIR,SID0355,polymer,PEST,,,,,,field_detection,confirmed,direct
SID0355-UFTIR,SID0355,polymer,PE,,,,,,field_detection,confirmed,direct
SID0355-UFTIR,SID0355,polymer,PE-CL,,,,,,field_detection,confirmed,direct
SID0355-UFTIR,SID0355,polymer,OTHER,,,,,,field_detection,confirmed,direct
SID0355-UFTIR,SID0355,polymer,PMMA,,,,,,field_detection,confirmed,direct
SID0355-UFTIR,SID0355,polymer,PP,,,,,,field_detection,confirmed,direct
SID0355-UFTIR,SID0355,polymer,PSU,,,,,,field_detection,confirmed,direct
SID0355-UFTIR,SID0355,polymer,PU,,,,,,field_detection,confirmed,direct
SID0355-UFTIR,SID0355,polymer,PVOH,,,,,,field_detection,confirmed,direct
SID0355-UFTIR,SID0355,polymer,PVC,,,,,,field_detection,confirmed,direct
SID0355-UFTIR,SID0355,polymer,PDMS,,,,,,field_detection,confirmed,direct
SID0355-UFTIR,SID0355,polymer,PC,,,,,,field_detection,confirmed,direct
SID0355-UFTIR,SID0355,polymer,PTFE,,,,,,field_detection,confirmed,direct
SID0356-RAMAN,SID0356,polymer,PET,,,,,,field_detection,confirmed,direct
SID0357-RAMAN,SID0357,polymer,PET,,,,,,field_detection,confirmed,shared
SID0357-UFTIR,SID0357,polymer,PET,,,,,,field_detection,confirmed,shared
SID0357-RAMAN,SID0357,polymer,PE,,,,,,field_detection,confirmed,shared
SID0357-UFTIR,SID0357,polymer,PE,,,,,,field_detection,confirmed,shared
SID0357-RAMAN,SID0357,polymer,RAYON,,,,,,field_detection,confirmed,shared
SID0357-UFTIR,SID0357,polymer,RAYON,,,,,,field_detection,confirmed,shared
SID0357-RAMAN,SID0357,polymer,PEST,,,,,,field_detection,confirmed,shared
SID0357-UFTIR,SID0357,polymer,PEST,,,,,,field_detection,confirmed,shared
SID0357-RAMAN,SID0357,polymer,PP,,,,,,field_detection,confirmed,shared
SID0357-UFTIR,SID0357,polymer,PP,,,,,,field_detection,confirmed,shared
SID0357-RAMAN,SID0357,polymer,PA,,,,,,field_detection,confirmed,shared
SID0357-UFTIR,SID0357,polymer,PA,,,,,,field_detection,confirmed,shared
SID0357-RAMAN,SID0357,polymer,PVC,,,,,,field_detection,confirmed,shared
SID0357-UFTIR,SID0357,polymer,PVC,,,,,,field_detection,confirmed,shared
SID0357-RAMAN,SID0357,polymer,PS,,,,,,field_detection,confirmed,shared
SID0357-UFTIR,SID0357,polymer,PS,,,,,,field_detection,confirmed,shared
SID0357-RAMAN,SID0357,polymer,PC,,,,,,field_detection,confirmed,shared
SID0357-UFTIR,SID0357,polymer,PC,,,,,,field_detection,confirmed,shared
SID0358-FTIR,SID0358,polymer,PA,,,,,,field_detection,confirmed,direct
SID0358-FTIR,SID0358,polymer,PA,,,,,,field_detection,confirmed,direct
SID0358-FTIR,SID0358,polymer,PU,,,,,,field_detection,confirmed,direct
SID0358-FTIR,SID0358,polymer,PU,,,,,,field_detection,confirmed,direct
SID0358-FTIR,SID0358,polymer,PE,,,,,,field_detection,confirmed,direct
SID0358-FTIR,SID0358,polymer,PE,,,,,,field_detection,confirmed,direct
SID0358-FTIR,SID0358,polymer,PET,,,,,,field_detection,confirmed,direct
SID0358-FTIR,SID0358,polymer,PET,,,,,,field_detection,confirmed,direct
SID0358-FTIR,SID0358,polymer,PP,,,,,,field_detection,confirmed,direct
SID0358-FTIR,SID0358,polymer,PP,,,,,,field_detection,confirmed,direct
SID0358-FTIR,SID0358,polymer,PVC,,,,,,field_detection,confirmed,direct
SID0358-FTIR,SID0358,polymer,PVC,,,,,,field_detection,confirmed,direct
SID0358-FTIR,SID0358,polymer,POM,,,,,,field_detection,confirmed,direct
SID0358-FTIR,SID0358,polymer,POM,,,,,,field_detection,confirmed,direct
SID0358-FTIR,SID0358,polymer,EVA,,,,,,field_detection,confirmed,direct
SID0358-FTIR,SID0358,polymer,EVA,,,,,,field_detection,confirmed,direct
SID0358-FTIR,SID0358,polymer,PTFE,,,,,,field_detection,confirmed,direct
SID0358-FTIR,SID0358,polymer,PTFE,,,,,,field_detection,confirmed,direct
SID0358-FTIR,SID0358,polymer,PE-CL,,,,,,field_detection,confirmed,direct
SID0358-FTIR,SID0358,polymer,PE-CL,,,,,,field_detection,confirmed,direct
SID0358-FTIR,SID0358,polymer,PB,,,,,,field_detection,confirmed,direct
SID0358-FTIR,SID0358,polymer,PC,,,,,,field_detection,confirmed,direct
SID0358-FTIR,SID0358,polymer,PS,,,,,,field_detection,confirmed,direct
SID0358-FTIR,SID0358,polymer,PS,,,,,,field_detection,confirmed,direct
SID0358-FTIR,SID0358,polymer,PMMA,,,,,,field_detection,confirmed,direct
SID0358-FTIR,SID0358,polymer,PMMA,,,,,,field_detection,confirmed,direct
SID0358-FTIR,SID0358,polymer,PLA,,,,,,field_detection,confirmed,direct
SID0358-FTIR,SID0358,polymer,PLA,,,,,,field_detection,confirmed,direct
SID0358-FTIR,SID0358,polymer,PSU,,,,,,field_detection,confirmed,direct
SID0358-FTIR,SID0358,polymer,PSU,,,,,,field_detection,confirmed,direct
SID0360-FTIR,SID0360,polymer,PA,,,,,,field_detection,confirmed,direct
SID0360-FTIR,SID0360,polymer,PTFE,,,,,,field_detection,confirmed,direct
SID0360-FTIR,SID0360,polymer,PMMA,,,,,,field_detection,confirmed,direct
SID0360-FTIR,SID0360,polymer,PP,,,,,,field_detection,confirmed,direct
SID0360-FTIR,SID0360,polymer,PET,,,,,,field_detection,confirmed,direct
SID0360-FTIR,SID0360,polymer,PS,,,,,,field_detection,confirmed,direct
SID0360-FTIR,SID0360,polymer,PU,,,,,,field_detection,confirmed,direct
SID0360-FTIR,SID0360,polymer,PVC,,,,,,field_detection,confirmed,direct
SID0360-FTIR,SID0360,polymer,PE,,,,,,field_detection,confirmed,direct
SID0360-FTIR,SID0360,polymer,PC,,,,,,field_detection,confirmed,direct
SID0360-FTIR,SID0360,polymer,PLA,,,,,,field_detection,confirmed,direct
SID0360-FTIR,SID0360,polymer,EVA,,,,,,field_detection,confirmed,direct
SID0360-FTIR,SID0360,polymer,PE-HD,,,,,,field_detection,confirmed,direct
SID0360-FTIR,SID0360,polymer,PE-CL,,,,,,field_detection,confirmed,direct
SID0360-FTIR,SID0360,polymer,OTHER,,,,,,field_detection,confirmed,direct
SID0360-FTIR,SID0360,polymer,PVOH,,,,,,field_detection,confirmed,direct
SID0360-FTIR,SID0360,polymer,PSU,,,,,,field_detection,confirmed,direct
SID0360-FTIR,SID0360,polymer,POM,,,,,,field_detection,confirmed,direct
SID0361-UFTIR,SID0361,polymer,ALK,,,,,,field_detection,confirmed,direct
SID0361-UFTIR,SID0361,polymer,PVAC,,,,,,field_detection,confirmed,direct
SID0361-UFTIR,SID0361,polymer,OTHER,,,,,,field_detection,confirmed,direct
SID0361-UFTIR,SID0361,polymer,PU,,,,,,field_detection,confirmed,direct
SID0363-PYGCMS,SID0363,polymer,PS,,,,,,field_detection,confirmed,direct
SID0363-PYGCMS,SID0363,polymer,PS,,,,,,field_detection,confirmed,direct
SID0363-PYGCMS,SID0363,polymer,PVC,,,,,,field_detection,confirmed,direct
SID0363-PYGCMS,SID0363,polymer,PVC,,,,,,field_detection,confirmed,direct
SID0363-PYGCMS,SID0363,polymer,PA66,,,,,,field_detection,confirmed,direct
SID0363-PYGCMS,SID0363,polymer,PA66,,,,,,field_detection,confirmed,direct
SID0363-PYGCMS,SID0363,polymer,PS,,,,,,field_detection,confirmed,direct
SID0363-PYGCMS,SID0363,polymer,PVC,,,,,,field_detection,confirmed,direct
SID0363-PYGCMS,SID0363,polymer,PA66,,,,,,field_detection,confirmed,direct
SID0363-PYGCMS,SID0363,polymer,PMMA,,,,,,field_detection,confirmed,direct
SID0363-PYGCMS,SID0363,polymer,PP,,,,,,field_detection,confirmed,direct
SID0363-PYGCMS,SID0363,polymer,PA6,,,,,,field_detection,confirmed,direct
SID0363-PYGCMS,SID0363,polymer,PC,,,,,,target_not_detected,not_detected,direct
SID0363-PYGCMS,SID0363,polymer,PET,,,,,,target_not_detected,not_detected,direct
SID0363-PYGCMS,SID0363,polymer,PLA,,,,,,target_not_detected,not_detected,direct
SID0363-PYGCMS,SID0363,polymer,PE,,,,,,target_not_detected,not_detected,direct
SID0363-PYGCMS,SID0363,polymer,PBAT,,,,,,target_not_detected,not_detected,direct
SID0363-PYGCMS,SID0363,polymer,PS,,,,,,field_detection,confirmed,direct
SID0363-PYGCMS,SID0363,polymer,PVC,,,,,,field_detection,confirmed,direct
SID0363-PYGCMS,SID0363,polymer,PA66,,,,,,target_not_detected,not_detected,direct
SID0365-FTIR,SID0365,polymer,PE-CL,,,,,,field_detection,confirmed,direct
SID0365-FTIR,SID0365,polymer,PE-CL,,,,,,field_detection,confirmed,direct
SID0365-FTIR,SID0365,polymer,PE-CL,,,,,,field_detection,confirmed,direct
SID0365-FTIR,SID0365,polymer,PE-CL,,,,,,field_detection,confirmed,direct
SID0365-FTIR,SID0365,polymer,ACR,,,,,,field_detection,confirmed,direct
SID0365-FTIR,SID0365,polymer,ACR,,,,,,field_detection,confirmed,direct
SID0365-FTIR,SID0365,polymer,ACR,,,,,,field_detection,confirmed,direct
SID0365-FTIR,SID0365,polymer,FKM,,,,,,field_detection,confirmed,direct
SID0365-FTIR,SID0365,polymer,FKM,,,,,,field_detection,confirmed,direct
SID0365-FTIR,SID0365,polymer,FKM,,,,,,field_detection,confirmed,direct
SID0365-FTIR,SID0365,polymer,FKM,,,,,,field_detection,confirmed,direct
SID0365-FTIR,SID0365,polymer,PU,,,,,,field_detection,confirmed,direct
SID0365-FTIR,SID0365,polymer,PU,,,,,,field_detection,confirmed,direct
SID0365-FTIR,SID0365,polymer,PU,,,,,,field_detection,confirmed,direct
SID0365-FTIR,SID0365,polymer,PU,,,,,,field_detection,confirmed,direct
SID0365-FTIR,SID0365,polymer,PMMA,,,,,,field_detection,confirmed,direct
SID0365-FTIR,SID0365,polymer,PMMA,,,,,,field_detection,confirmed,direct
SID0365-FTIR,SID0365,polymer,PMMA,,,,,,field_detection,confirmed,direct
SID0365-FTIR,SID0365,polymer,PMMA,,,,,,field_detection,confirmed,direct
SID0365-FTIR,SID0365,polymer,PS,,,,,,field_detection,confirmed,direct
SID0365-FTIR,SID0365,polymer,PS,,,,,,field_detection,confirmed,direct
SID0365-FTIR,SID0365,polymer,PE,,,,,,field_detection,confirmed,direct
SID0365-FTIR,SID0365,polymer,PE,,,,,,field_detection,confirmed,direct
SID0365-FTIR,SID0365,polymer,PE,,,,,,field_detection,confirmed,direct
SID0365-FTIR,SID0365,polymer,PE,,,,,,field_detection,confirmed,direct
SID0365-FTIR,SID0365,polymer,PP,,,,,,field_detection,confirmed,direct
SID0365-FTIR,SID0365,polymer,PP,,,,,,field_detection,confirmed,direct
SID0365-FTIR,SID0365,polymer,PP,,,,,,field_detection,confirmed,direct
SID0365-FTIR,SID0365,polymer,PP,,,,,,field_detection,confirmed,direct
SID0365-FTIR,SID0365,polymer,PET,,,,,,field_detection,confirmed,direct
SID0365-FTIR,SID0365,polymer,PET,,,,,,field_detection,confirmed,direct
SID0365-FTIR,SID0365,polymer,PET,,,,,,field_detection,confirmed,direct
SID0365-FTIR,SID0365,polymer,PET,,,,,,field_detection,confirmed,direct
SID0365-FTIR,SID0365,polymer,PVC,,,,,,field_detection,confirmed,direct
SID0365-FTIR,SID0365,polymer,PVC,,,,,,field_detection,confirmed,direct
SID0365-FTIR,SID0365,polymer,PVC,,,,,,field_detection,confirmed,direct
SID0365-FTIR,SID0365,polymer,PVC,,,,,,field_detection,confirmed,direct
SID0365-FTIR,SID0365,polymer,EVA,,,,,,field_detection,confirmed,direct
SID0365-FTIR,SID0365,polymer,EVA,,,,,,field_detection,confirmed,direct
SID0365-FTIR,SID0365,polymer,EVA,,,,,,field_detection,confirmed,direct
SID0365-FTIR,SID0365,polymer,PB,,,,,,field_detection,confirmed,direct
SID0365-FTIR,SID0365,polymer,OTHER,,,,,,field_detection,confirmed,direct
SID0365-FTIR,SID0365,polymer,OTHER,,,,,,field_detection,confirmed,direct
SID0365-FTIR,SID0365,polymer,OTHER,,,,,,field_detection,confirmed,direct
SID0366-RAMAN,SID0366,polymer,PET,,,,,,field_detection,confirmed,direct
SID0366-RAMAN,SID0366,polymer,PA,,,,,,field_detection,confirmed,direct
SID0366-RAMAN,SID0366,polymer,PP,,,,,,field_detection,confirmed,direct
SID0366-RAMAN,SID0366,polymer,PE,,,,,,field_detection,confirmed,direct
SID0366-RAMAN,SID0366,polymer,PC,,,,,,field_detection,confirmed,direct
SID0366-RAMAN,SID0366,polymer,PET,,,,,,field_detection,confirmed,direct
SID0366-RAMAN,SID0366,polymer,PA,,,,,,field_detection,confirmed,direct
SID0366-RAMAN,SID0366,polymer,PVC,,,,,,field_detection,confirmed,direct
SID0366-RAMAN,SID0366,polymer,PP,,,,,,field_detection,confirmed,direct
SID0366-RAMAN,SID0366,polymer,PE,,,,,,field_detection,confirmed,direct
SID0342-PYGCMS,SID0342,polymer,PE,,,,,,field_detection,confirmed,direct
SID0342-PYGCMS,SID0342,polymer,PVC,,,,,,field_detection,confirmed,direct
SID0342-PYGCMS,SID0342,polymer,PP,,,,,,field_detection,confirmed,direct
SID0342-PYGCMS,SID0342,polymer,PA66,,,,,,target_not_detected,not_detected,direct
SID0342-PYGCMS,SID0342,polymer,PS,,,,,,target_not_detected,not_detected,direct
SID0342-PYGCMS,SID0342,polymer,PMMA,,,,,,target_not_detected,not_detected,direct
SID0342-PYGCMS,SID0342,polymer,PET,,,,,,target_not_detected,not_detected,direct
SID0342-PYGCMS,SID0342,polymer,PC,,,,,,target_not_detected,not_detected,direct
SID0342-PYGCMS,SID0342,polymer,PA6,,,,,,target_not_detected,not_detected,direct
SID0342-PYGCMS,SID0342,polymer,PLA,,,,,,target_not_detected,not_detected,direct
SID0342-PYGCMS,SID0342,polymer,PBAT,,,,,,target_not_detected,not_detected,direct
SID0342-PYGCMS,SID0342,polymer,PE,,,,,,field_detection,confirmed,direct
SID0342-PYGCMS,SID0342,polymer,PVC,,,,,,field_detection,confirmed,direct
SID0342-PYGCMS,SID0342,polymer,PP,,,,,,field_detection,confirmed,direct
SID0342-PYGCMS,SID0342,polymer,PA66,,,,,,field_detection,confirmed,direct
SID0342-PYGCMS,SID0342,polymer,PS,,,,,,field_detection,confirmed,direct
SID0342-PYGCMS,SID0342,polymer,PMMA,,,,,,target_not_detected,not_detected,direct
SID0342-PYGCMS,SID0342,polymer,PET,,,,,,target_not_detected,not_detected,direct
SID0342-PYGCMS,SID0342,polymer,PC,,,,,,target_not_detected,not_detected,direct
SID0342-PYGCMS,SID0342,polymer,PA6,,,,,,target_not_detected,not_detected,direct
SID0342-PYGCMS,SID0342,polymer,PLA,,,,,,target_not_detected,not_detected,direct
SID0342-PYGCMS,SID0342,polymer,PBAT,,,,,,target_not_detected,not_detected,direct
SID0342-PYGCMS,SID0342,polymer,PE,,,,,,field_detection,confirmed,direct
SID0342-PYGCMS,SID0342,polymer,PVC,,,,,,field_detection,confirmed,direct
SID0342-PYGCMS,SID0342,polymer,PP,,,,,,field_detection,confirmed,direct
SID0342-PYGCMS,SID0342,polymer,PA66,,,,,,field_detection,confirmed,direct
SID0342-PYGCMS,SID0342,polymer,PS,,,,,,field_detection,confirmed,direct
SID0342-PYGCMS,SID0342,polymer,PMMA,,,,,,target_not_detected,not_detected,direct
SID0342-PYGCMS,SID0342,polymer,PET,,,,,,target_not_detected,not_detected,direct
SID0342-PYGCMS,SID0342,polymer,PC,,,,,,target_not_detected,not_detected,direct
SID0342-PYGCMS,SID0342,polymer,PA6,,,,,,target_not_detected,not_detected,direct
SID0342-PYGCMS,SID0342,polymer,PLA,,,,,,target_not_detected,not_detected,direct
SID0342-PYGCMS,SID0342,polymer,PBAT,,,,,,target_not_detected,not_detected,direct
SID0343-PYGCMS,SID0343,polymer,PS,,,,,,field_detection,confirmed,shared
SID0343-FTIR,SID0343,polymer,PS,,,,,,field_detection,confirmed,shared
SID0343-PYGCMS,SID0343,polymer,PVC,,,,,,field_detection,confirmed,shared
SID0343-FTIR,SID0343,polymer,PVC,,,,,,field_detection,confirmed,shared
SID0343-PYGCMS,SID0343,polymer,PE,,,,,,field_detection,confirmed,shared
SID0343-FTIR,SID0343,polymer,PE,,,,,,field_detection,confirmed,shared
SID0343-PYGCMS,SID0343,polymer,PP,,,,,,field_detection,confirmed,shared
SID0343-FTIR,SID0343,polymer,PP,,,,,,field_detection,confirmed,shared
SID0343-PYGCMS,SID0343,polymer,PA,,,,,,target_not_detected,not_detected,shared
SID0343-FTIR,SID0343,polymer,PA,,,,,,target_not_detected,not_detected,shared
SID0343-PYGCMS,SID0343,polymer,PET,,,,,,target_not_detected,not_detected,shared
SID0343-FTIR,SID0343,polymer,PET,,,,,,target_not_detected,not_detected,shared
SID0343-PYGCMS,SID0343,polymer,PVC,,,,,,field_detection,confirmed,shared
SID0343-FTIR,SID0343,polymer,PVC,,,,,,field_detection,confirmed,shared
SID0343-PYGCMS,SID0343,polymer,PE,,,,,,field_detection,confirmed,shared
SID0343-FTIR,SID0343,polymer,PE,,,,,,field_detection,confirmed,shared
SID0343-PYGCMS,SID0343,polymer,PA,,,,,,field_detection,confirmed,shared
SID0343-FTIR,SID0343,polymer,PA,,,,,,field_detection,confirmed,shared
SID0343-PYGCMS,SID0343,polymer,PS,,,,,,field_detection,confirmed,shared
SID0343-FTIR,SID0343,polymer,PS,,,,,,field_detection,confirmed,shared
SID0343-PYGCMS,SID0343,polymer,PP,,,,,,field_detection,confirmed,shared
SID0343-FTIR,SID0343,polymer,PP,,,,,,field_detection,confirmed,shared
SID0343-PYGCMS,SID0343,polymer,PET,,,,,,field_detection,confirmed,shared
SID0343-FTIR,SID0343,polymer,PET,,,,,,field_detection,confirmed,shared
SID0344-PYGCMS,SID0344,polymer,PS,,,,,,field_detection,confirmed,direct
SID0344-PYGCMS,SID0344,polymer,PE,,,,,,field_detection,confirmed,direct
SID0344-PYGCMS,SID0344,polymer,PVC,,,,,,field_detection,confirmed,direct
SID0344-PYGCMS,SID0344,polymer,PS,,,,,,field_detection,confirmed,direct
SID0344-PYGCMS,SID0344,polymer,PVC,,,,,,field_detection,confirmed,direct
SID0344-PYGCMS,SID0344,polymer,PE,,,,,,field_detection,confirmed,direct
SID0345-PYGCMS,SID0345,polymer,PS,,,,,,field_detection,confirmed,direct
SID0345-PYGCMS,SID0345,polymer,PE,,,,,,field_detection,confirmed,direct
SID0345-PYGCMS,SID0345,polymer,PP,,,,,,field_detection,confirmed,direct
SID0345-PYGCMS,SID0345,polymer,PMMA,,,,,,field_detection,confirmed,direct
SID0345-PYGCMS,SID0345,polymer,PE,,,,,,target_not_detected,not_detected,direct
SID0345-PYGCMS,SID0345,polymer,PMMA,,,,,,target_not_detected,not_detected,direct
SID0345-PYGCMS,SID0345,polymer,PP,,,,,,target_not_detected,not_detected,direct
SID0345-PYGCMS,SID0345,polymer,PS,,,,,,field_detection,confirmed,direct
SID0345-PYGCMS,SID0345,polymer,PS,,,,,,field_detection,confirmed,direct
SID0345-PYGCMS,SID0345,polymer,PS,,,,,,field_detection,confirmed,direct
SID0345-PYGCMS,SID0345,polymer,PS,,,,,,field_detection,confirmed,direct
SID0345-PYGCMS,SID0345,polymer,PS,,,,,,field_detection,confirmed,direct
SID0345-PYGCMS,SID0345,polymer,PS,,,,,,field_detection,confirmed,direct
SID0345-PYGCMS,SID0345,polymer,PVC,,,,,,field_detection,confirmed,direct
SID0345-PYGCMS,SID0345,polymer,PVC,,,,,,field_detection,confirmed,direct
SID0345-PYGCMS,SID0345,polymer,PVC,,,,,,field_detection,confirmed,direct
SID0345-PYGCMS,SID0345,polymer,PA66,,,,,,field_detection,confirmed,direct
SID0345-PYGCMS,SID0345,polymer,PA66,,,,,,field_detection,confirmed,direct
SID0345-PYGCMS,SID0345,polymer,PA66,,,,,,field_detection,confirmed,direct
SID0345-PYGCMS,SID0345,polymer,PA66,,,,,,field_detection,confirmed,direct
SID0345-PYGCMS,SID0345,polymer,PA66,,,,,,field_detection,confirmed,direct
SID0345-PYGCMS,SID0345,polymer,PA66,,,,,,field_detection,confirmed,direct
SID0346-ATR_FTIR,SID0346,polymer,PE,,,,,,field_detection,confirmed,shared
SID0346-PYGCMS,SID0346,polymer,PE,,,,,,field_detection,confirmed,shared
SID0346-ATR_FTIR,SID0346,polymer,PVC,,,,,,field_detection,confirmed,shared
SID0346-PYGCMS,SID0346,polymer,PVC,,,,,,field_detection,confirmed,shared
SID0346-ATR_FTIR,SID0346,polymer,PP,,,,,,target_not_detected,not_detected,shared
SID0346-PYGCMS,SID0346,polymer,PP,,,,,,target_not_detected,not_detected,shared
SID0346-ATR_FTIR,SID0346,polymer,PP,,,,,,field_detection,confirmed,shared
SID0346-PYGCMS,SID0346,polymer,PP,,,,,,field_detection,confirmed,shared
SID0346-ATR_FTIR,SID0346,polymer,PET,,,,,,field_detection,confirmed,shared
SID0346-PYGCMS,SID0346,polymer,PET,,,,,,field_detection,confirmed,shared
SID0346-ATR_FTIR,SID0346,polymer,PS,,,,,,field_detection,confirmed,shared
SID0346-PYGCMS,SID0346,polymer,PS,,,,,,field_detection,confirmed,shared
SID0346-ATR_FTIR,SID0346,polymer,PE,,,,,,field_detection,confirmed,shared
SID0346-PYGCMS,SID0346,polymer,PE,,,,,,field_detection,confirmed,shared
SID0346-ATR_FTIR,SID0346,polymer,PVC,,,,,,field_detection,confirmed,shared
SID0346-PYGCMS,SID0346,polymer,PVC,,,,,,field_detection,confirmed,shared
SID0346-ATR_FTIR,SID0346,polymer,PP,,,,,,field_detection,confirmed,shared
SID0346-PYGCMS,SID0346,polymer,PP,,,,,,field_detection,confirmed,shared
SID0346-ATR_FTIR,SID0346,polymer,PET,,,,,,field_detection,confirmed,shared
SID0346-PYGCMS,SID0346,polymer,PET,,,,,,field_detection,confirmed,shared
SID0346-ATR_FTIR,SID0346,polymer,PS,,,,,,field_detection,confirmed,shared
SID0346-PYGCMS,SID0346,polymer,PS,,,,,,field_detection,confirmed,shared
SID0347-RAMAN,SID0347,polymer,PA,,,,,,field_detection,confirmed,direct
SID0347-RAMAN,SID0347,polymer,PEST,,,,,,field_detection,confirmed,direct
SID0347-RAMAN,SID0347,polymer,PE,,,,,,field_detection,confirmed,direct
SID0347-RAMAN,SID0347,polymer,PP,,,,,,field_detection,confirmed,direct
SID0347-RAMAN,SID0347,polymer,PVC,,,,,,field_detection,confirmed,direct
SID0347-RAMAN,SID0347,polymer,PU,,,,,,field_detection,confirmed,direct
SID0370-PYGCMS,SID0370,polymer,PE,,,,,,field_detection,confirmed,direct
SID0370-PYGCMS,SID0370,polymer,PVC,,,,,,field_detection,confirmed,direct
SID0370-PYGCMS,SID0370,polymer,PS,,,,,,field_detection,confirmed,direct
SID0370-PYGCMS,SID0370,polymer,PP,,,,,,field_detection,confirmed,direct
SID0370-PYGCMS,SID0370,polymer,PA66,,,,,,field_detection,confirmed,direct
SID0371-UFTIR,SID0371,polymer,PE,,,,,,field_detection,confirmed,direct
SID0371-UFTIR,SID0371,polymer,PP,,,,,,field_detection,confirmed,direct
SID0371-UFTIR,SID0371,polymer,PVC,,,,,,field_detection,confirmed,direct
SID0371-UFTIR,SID0371,polymer,PS,,,,,,field_detection,confirmed,direct
SID0371-UFTIR,SID0371,polymer,PET,,,,,,field_detection,confirmed,direct
SID0371-UFTIR,SID0371,polymer,PA,,,,,,field_detection,confirmed,direct
SID0371-UFTIR,SID0371,polymer,PU,,,,,,field_detection,confirmed,direct
SID0371-UFTIR,SID0371,polymer,PMMA,,,,,,field_detection,confirmed,direct
SID0371-UFTIR,SID0371,polymer,POM,,,,,,field_detection,confirmed,direct
SID0373-UFTIR,SID0373,polymer,PVC,,,,,,field_detection,confirmed,direct
SID0373-UFTIR,SID0373,polymer,PP,,,,,,field_detection,confirmed,direct
SID0373-UFTIR,SID0373,polymer,OTHER,,,,,,field_detection,confirmed,direct
SID0375-UFTIR,SID0375,polymer,PEST,,,,,,field_detection,confirmed,direct
SID0375-UFTIR,SID0375,polymer,PP,,,,,,field_detection,confirmed,direct
SID0375-UFTIR,SID0375,polymer,PE,,,,,,field_detection,confirmed,direct
SID0375-UFTIR,SID0375,polymer,ACR,,,,,,field_detection,confirmed,direct
SID0377-ATR_FTIR,SID0377,polymer,PET,,,,,,field_detection,confirmed,shared
SID0377-UFTIR,SID0377,polymer,PET,,,,,,field_detection,confirmed,shared
SID0377-ATR_FTIR,SID0377,polymer,PP,,,,,,field_detection,confirmed,shared
SID0377-UFTIR,SID0377,polymer,PP,,,,,,field_detection,confirmed,shared
SID0377-ATR_FTIR,SID0377,polymer,PE,,,,,,field_detection,confirmed,shared
SID0377-UFTIR,SID0377,polymer,PE,,,,,,field_detection,confirmed,shared
SID0377-ATR_FTIR,SID0377,polymer,OTHER,,,,,,field_detection,identity_unresolved,shared
SID0377-UFTIR,SID0377,polymer,OTHER,,,,,,field_detection,identity_unresolved,shared
SID0378-RAMAN,SID0378,polymer,PEST,,,,,,field_detection,confirmed,direct
SID0378-RAMAN,SID0378,polymer,PA,,,,,,field_detection,confirmed,direct
SID0378-RAMAN,SID0378,polymer,PET,,,,,,field_detection,confirmed,direct
SID0378-RAMAN,SID0378,polymer,PBT,,,,,,field_detection,confirmed,direct
SID0378-RAMAN,SID0378,polymer,PE-HD,,,,,,field_detection,confirmed,direct
SID0379-UFTIR,SID0379,polymer,EAA,,,,,,field_detection,tentative,direct
SID0379-UFTIR,SID0379,polymer,OTHER,,,,,,field_detection,tentative,direct
SID0379-UFTIR,SID0379,polymer,EVA,,,,,,field_detection,tentative,direct
SID0379-UFTIR,SID0379,polymer,PE,,,,,,field_detection,confirmed,direct
SID0379-UFTIR,SID0379,polymer,PET,,,,,,field_detection,tentative,direct
SID0379-UFTIR,SID0379,polymer,PMMA,,,,,,field_detection,confirmed,direct
SID0379-UFTIR,SID0379,polymer,PP,,,,,,field_detection,confirmed,direct
SID0379-UFTIR,SID0379,polymer,PS,,,,,,field_detection,tentative,direct
SID0379-UFTIR,SID0379,polymer,PU,,,,,,field_detection,confirmed,direct
SID0379-UFTIR,SID0379,polymer,PVC,,,,,,field_detection,confirmed,direct
SID0379-UFTIR,SID0379,polymer,PVS,,,,,,field_detection,tentative,direct
SID0379-UFTIR,SID0379,polymer,EP,,,,,,target_not_detected,not_detected,direct
SID0379-UFTIR,SID0379,polymer,OTHER,,,,,,target_not_detected,not_detected,direct
SID0379-UFTIR,SID0379,polymer,PA,,,,,,target_not_detected,not_detected,direct
SID0379-UFTIR,SID0379,polymer,PTFE,,,,,,target_not_detected,not_detected,direct
SID0380-RAMAN,SID0380,polymer,PE,,,,,,field_detection,confirmed,direct
SID0380-RAMAN,SID0380,polymer,PP,,,,,,field_detection,confirmed,direct
SID0380-RAMAN,SID0380,polymer,PET,,,,,,field_detection,confirmed,direct
SID0380-RAMAN,SID0380,polymer,PS,,,,,,field_detection,confirmed,direct
SID0380-RAMAN,SID0380,polymer,PA6,,,,,,field_detection,confirmed,direct
SID0380-RAMAN,SID0380,polymer,PMMA,,,,,,field_detection,confirmed,direct
SID0380-RAMAN,SID0380,polymer,PC,,,,,,field_detection,confirmed,direct
SID0380-RAMAN,SID0380,polymer,OTHER,,,,,,field_detection,confirmed,direct
SID0380-RAMAN,SID0380,polymer,PE,,,,,,field_detection,confirmed,direct
SID0381-RAMAN,SID0381,polymer,PE,,,,,,field_detection,confirmed,shared
SID0381-PYGCMS,SID0381,polymer,PE,,,,,,field_detection,confirmed,shared
SID0381-RAMAN,SID0381,polymer,OTHER,,,,,,field_detection,confirmed,shared
SID0381-PYGCMS,SID0381,polymer,OTHER,,,,,,field_detection,confirmed,shared
SID0381-RAMAN,SID0381,polymer,PP,,,,,,field_detection,confirmed,shared
SID0381-PYGCMS,SID0381,polymer,PP,,,,,,field_detection,confirmed,shared
SID0381-RAMAN,SID0381,polymer,PU,,,,,,field_detection,confirmed,shared
SID0381-PYGCMS,SID0381,polymer,PU,,,,,,field_detection,confirmed,shared
SID0381-RAMAN,SID0381,polymer,PMMA,,,,,,field_detection,confirmed,shared
SID0381-PYGCMS,SID0381,polymer,PMMA,,,,,,field_detection,confirmed,shared
SID0381-RAMAN,SID0381,polymer,EVA,,,,,,field_detection,confirmed,shared
SID0381-PYGCMS,SID0381,polymer,EVA,,,,,,field_detection,confirmed,shared
SID0381-RAMAN,SID0381,polymer,PEST,,,,,,field_detection,confirmed,shared
SID0381-PYGCMS,SID0381,polymer,PEST,,,,,,field_detection,confirmed,shared
SID0381-RAMAN,SID0381,polymer,PVAC,,,,,,field_detection,confirmed,shared
SID0381-PYGCMS,SID0381,polymer,PVAC,,,,,,field_detection,confirmed,shared
SID0381-RAMAN,SID0381,polymer,PE,,,,,,field_detection,confirmed,shared
SID0381-PYGCMS,SID0381,polymer,PE,,,,,,field_detection,confirmed,shared
SID0381-RAMAN,SID0381,polymer,PP,,,,,,field_detection,confirmed,shared
SID0381-PYGCMS,SID0381,polymer,PP,,,,,,field_detection,confirmed,shared
SID0381-RAMAN,SID0381,polymer,OTHER,,,,,,field_detection,confirmed,shared
SID0381-PYGCMS,SID0381,polymer,OTHER,,,,,,field_detection,confirmed,shared
SID0381-RAMAN,SID0381,polymer,PU,,,,,,field_detection,confirmed,shared
SID0381-PYGCMS,SID0381,polymer,PU,,,,,,field_detection,confirmed,shared
SID0381-RAMAN,SID0381,polymer,PS,,,,,,field_detection,confirmed,shared
SID0381-PYGCMS,SID0381,polymer,PS,,,,,,field_detection,confirmed,shared
SID0381-RAMAN,SID0381,polymer,EVA,,,,,,field_detection,confirmed,shared
SID0381-PYGCMS,SID0381,polymer,EVA,,,,,,field_detection,confirmed,shared
SID0381-RAMAN,SID0381,polymer,PPS,,,,,,field_detection,confirmed,shared
SID0381-PYGCMS,SID0381,polymer,PPS,,,,,,field_detection,confirmed,shared
SID0381-RAMAN,SID0381,polymer,PA,,,,,,field_detection,confirmed,shared
SID0381-PYGCMS,SID0381,polymer,PA,,,,,,field_detection,confirmed,shared
SID0381-RAMAN,SID0381,polymer,PE,,,,,,field_detection,confirmed,shared
SID0381-PYGCMS,SID0381,polymer,PE,,,,,,field_detection,confirmed,shared
SID0381-RAMAN,SID0381,polymer,OTHER,,,,,,field_detection,confirmed,shared
SID0381-PYGCMS,SID0381,polymer,OTHER,,,,,,field_detection,confirmed,shared
SID0381-RAMAN,SID0381,polymer,PA,,,,,,field_detection,confirmed,shared
SID0381-PYGCMS,SID0381,polymer,PA,,,,,,field_detection,confirmed,shared
SID0381-RAMAN,SID0381,polymer,PP,,,,,,field_detection,confirmed,shared
SID0381-PYGCMS,SID0381,polymer,PP,,,,,,field_detection,confirmed,shared
SID0381-RAMAN,SID0381,polymer,PU,,,,,,field_detection,confirmed,shared
SID0381-PYGCMS,SID0381,polymer,PU,,,,,,field_detection,confirmed,shared
SID0381-RAMAN,SID0381,polymer,PPS,,,,,,field_detection,confirmed,shared
SID0381-PYGCMS,SID0381,polymer,PPS,,,,,,field_detection,confirmed,shared
SID0382-UFTIR,SID0382,polymer,PET,,,,,,field_detection,confirmed,direct
SID0382-UFTIR,SID0382,polymer,PA,,,,,,field_detection,confirmed,direct
SID0382-UFTIR,SID0382,polymer,PE,,,,,,field_detection,confirmed,direct
SID0382-UFTIR,SID0382,polymer,PP,,,,,,field_detection,confirmed,direct
SID0382-UFTIR,SID0382,polymer,PC,,,,,,field_detection,confirmed,direct
SID0382-UFTIR,SID0382,polymer,PET,,,,,,field_detection,confirmed,direct
SID0382-UFTIR,SID0382,polymer,PA,,,,,,field_detection,confirmed,direct
SID0382-UFTIR,SID0382,polymer,PE,,,,,,field_detection,confirmed,direct
SID0382-UFTIR,SID0382,polymer,PC,,,,,,field_detection,confirmed,direct
SID0382-UFTIR,SID0382,polymer,PP,,,,,,field_detection,confirmed,direct
SID0383-RAMAN,SID0383,polymer,PP,,,,,,field_detection,confirmed,direct
SID0383-RAMAN,SID0383,polymer,EVA,,,,,,field_detection,confirmed,direct
SID0383-RAMAN,SID0383,polymer,PS,,,,,,field_detection,confirmed,direct
SID0383-RAMAN,SID0383,polymer,PA,,,,,,field_detection,confirmed,direct
SID0383-RAMAN,SID0383,polymer,OTHER,,,,,,field_detection,confirmed,direct
SID0383-RAMAN,SID0383,polymer,PP,,,,,,field_detection,confirmed,direct
SID0383-RAMAN,SID0383,polymer,PS,,,,,,field_detection,confirmed,direct
SID0383-RAMAN,SID0383,polymer,PET,,,,,,field_detection,confirmed,direct
SID0383-RAMAN,SID0383,polymer,PC,,,,,,field_detection,confirmed,direct
SID0383-RAMAN,SID0383,polymer,EVA,,,,,,field_detection,confirmed,direct
SID0383-RAMAN,SID0383,polymer,PU,,,,,,field_detection,confirmed,direct
SID0383-RAMAN,SID0383,polymer,EVA,,,,,,field_detection,confirmed,direct
SID0383-RAMAN,SID0383,polymer,PP,,,,,,field_detection,confirmed,direct
SID0383-RAMAN,SID0383,polymer,PS,,,,,,field_detection,confirmed,direct
SID0383-RAMAN,SID0383,polymer,OTHER,,,,,,field_detection,confirmed,direct
SID0384-RAMAN,SID0384,polymer,PE,,,,,,field_detection,confirmed,shared
SID0384-PYGCMS,SID0384,polymer,PE,,,,,,field_detection,confirmed,shared
SID0384-RAMAN,SID0384,polymer,PVC,,,,,,field_detection,confirmed,shared
SID0384-PYGCMS,SID0384,polymer,PVC,,,,,,field_detection,confirmed,shared
SID0384-RAMAN,SID0384,polymer,PS,,,,,,field_detection,confirmed,shared
SID0384-PYGCMS,SID0384,polymer,PS,,,,,,field_detection,confirmed,shared
SID0384-RAMAN,SID0384,polymer,PP,,,,,,field_detection,confirmed,shared
SID0384-PYGCMS,SID0384,polymer,PP,,,,,,field_detection,confirmed,shared
SID0384-RAMAN,SID0384,polymer,PMMA,,,,,,target_not_detected,not_detected,shared
SID0384-PYGCMS,SID0384,polymer,PMMA,,,,,,target_not_detected,not_detected,shared
SID0384-RAMAN,SID0384,polymer,PET,,,,,,target_not_detected,not_detected,shared
SID0384-PYGCMS,SID0384,polymer,PET,,,,,,target_not_detected,not_detected,shared
SID0384-RAMAN,SID0384,polymer,PC,,,,,,target_not_detected,not_detected,shared
SID0384-PYGCMS,SID0384,polymer,PC,,,,,,target_not_detected,not_detected,shared
SID0384-RAMAN,SID0384,polymer,PA6,,,,,,target_not_detected,not_detected,shared
SID0384-PYGCMS,SID0384,polymer,PA6,,,,,,target_not_detected,not_detected,shared
SID0384-RAMAN,SID0384,polymer,PA66,,,,,,target_not_detected,not_detected,shared
SID0384-PYGCMS,SID0384,polymer,PA66,,,,,,target_not_detected,not_detected,shared
SID0384-RAMAN,SID0384,polymer,ABS,,,,,,target_not_detected,not_detected,shared
SID0384-PYGCMS,SID0384,polymer,ABS,,,,,,target_not_detected,not_detected,shared
SID0384-RAMAN,SID0384,polymer,SBR,,,,,,target_not_detected,not_detected,shared
SID0384-PYGCMS,SID0384,polymer,SBR,,,,,,target_not_detected,not_detected,shared
SID0384-RAMAN,SID0384,polymer,PBAT,,,,,,field_detection,confirmed,shared
SID0384-PYGCMS,SID0384,polymer,PBAT,,,,,,field_detection,confirmed,shared
SID0385-RAMAN,SID0385,polymer,PU,,,,,,field_detection,confirmed,direct
SID0385-RAMAN,SID0385,polymer,OTHER,,,,,,field_detection,confirmed,direct
SID0385-RAMAN,SID0385,polymer,EVA,,,,,,field_detection,confirmed,direct
SID0385-RAMAN,SID0385,polymer,ACR,,,,,,field_detection,confirmed,direct
SID0385-RAMAN,SID0385,polymer,EPM,,,,,,field_detection,confirmed,direct
SID0386-PYGCMS,SID0386,polymer,PS,,,,,,field_detection,confirmed,shared
SID0386-FTIR,SID0386,polymer,PS,,,,,,field_detection,confirmed,shared
SID0386-PYGCMS,SID0386,polymer,PE,,,,,,field_detection,confirmed,shared
SID0386-FTIR,SID0386,polymer,PE,,,,,,field_detection,confirmed,shared
SID0386-PYGCMS,SID0386,polymer,PP,,,,,,field_detection,confirmed,shared
SID0386-FTIR,SID0386,polymer,PP,,,,,,field_detection,confirmed,shared
SID0386-PYGCMS,SID0386,polymer,PET,,,,,,field_detection,confirmed,shared
SID0386-FTIR,SID0386,polymer,PET,,,,,,field_detection,confirmed,shared
SID0386-PYGCMS,SID0386,polymer,EVA,,,,,,field_detection,confirmed,shared
SID0386-FTIR,SID0386,polymer,EVA,,,,,,field_detection,confirmed,shared
SID0387-RAMAN,SID0387,polymer,PS,,,,,,field_detection,confirmed,shared
SID0387-PYGCMS,SID0387,polymer,PS,,,,,,field_detection,confirmed,shared
SID0387-RAMAN,SID0387,polymer,OTHER,,,,,,field_detection,confirmed,shared
SID0387-PYGCMS,SID0387,polymer,OTHER,,,,,,field_detection,confirmed,shared
SID0387-RAMAN,SID0387,polymer,PVC,,,,,,field_detection,confirmed,shared
SID0387-PYGCMS,SID0387,polymer,PVC,,,,,,field_detection,confirmed,shared
SID0387-RAMAN,SID0387,polymer,PE,,,,,,field_detection,confirmed,shared
SID0387-PYGCMS,SID0387,polymer,PE,,,,,,field_detection,confirmed,shared
SID0387-RAMAN,SID0387,polymer,PC,,,,,,target_not_detected,not_detected,shared
SID0387-PYGCMS,SID0387,polymer,PC,,,,,,target_not_detected,not_detected,shared
SID0387-RAMAN,SID0387,polymer,ABS,,,,,,target_not_detected,not_detected,shared
SID0387-PYGCMS,SID0387,polymer,ABS,,,,,,target_not_detected,not_detected,shared
SID0387-RAMAN,SID0387,polymer,OTHER,,,,,,field_detection,confirmed,shared
SID0387-PYGCMS,SID0387,polymer,OTHER,,,,,,field_detection,confirmed,shared
SID0387-RAMAN,SID0387,polymer,PS,,,,,,field_detection,confirmed,shared
SID0387-PYGCMS,SID0387,polymer,PS,,,,,,field_detection,confirmed,shared
SID0387-RAMAN,SID0387,polymer,PVC,,,,,,field_detection,confirmed,shared
SID0387-PYGCMS,SID0387,polymer,PVC,,,,,,field_detection,confirmed,shared
SID0387-RAMAN,SID0387,polymer,PE,,,,,,field_detection,confirmed,shared
SID0387-PYGCMS,SID0387,polymer,PE,,,,,,field_detection,confirmed,shared
SID0387-RAMAN,SID0387,polymer,PC,,,,,,field_detection,confirmed,shared
SID0387-PYGCMS,SID0387,polymer,PC,,,,,,field_detection,confirmed,shared
SID0387-RAMAN,SID0387,polymer,ABS,,,,,,field_detection,confirmed,shared
SID0387-PYGCMS,SID0387,polymer,ABS,,,,,,field_detection,confirmed,shared
SID0388-PYGCMS,SID0388,polymer,PS,,,,,,field_detection,confirmed,direct
SID0388-PYGCMS,SID0388,polymer,PE,,,,,,field_detection,confirmed,direct
SID0388-PYGCMS,SID0388,polymer,PVC,,,,,,field_detection,confirmed,direct
SID0388-PYGCMS,SID0388,polymer,PA66,,,,,,field_detection,confirmed,direct
SID0388-PYGCMS,SID0388,polymer,PS,,,,,,field_detection,confirmed,direct
SID0388-PYGCMS,SID0388,polymer,PE,,,,,,field_detection,confirmed,direct
SID0388-PYGCMS,SID0388,polymer,PP,,,,,,field_detection,confirmed,direct
SID0388-PYGCMS,SID0388,polymer,PVC,,,,,,field_detection,confirmed,direct
SID0388-PYGCMS,SID0388,polymer,PA66,,,,,,field_detection,confirmed,direct
SID0389-UFTIR,SID0389,polymer,PVC,,,,,,field_detection,confirmed,direct
SID0389-UFTIR,SID0389,polymer,PP,,,,,,field_detection,confirmed,direct
SID0389-UFTIR,SID0389,polymer,OTHER,,,,,,field_detection,confirmed,direct
SID0369-UFTIR,SID0369,polymer,PVC,,,,,,field_detection,confirmed,direct
SID0369-UFTIR,SID0369,polymer,PP,,,,,,field_detection,confirmed,direct
SID0369-UFTIR,SID0369,polymer,OTHER,,,,,,field_detection,confirmed,direct
SID0393-RAMAN,SID0393,polymer,OTHER,,,,,,field_detection,identity_unresolved,direct
SID0393-RAMAN,SID0393,polymer,PE,,,,,,field_detection,confirmed,direct
SID0393-RAMAN,SID0393,polymer,PS,,,,,,field_detection,confirmed,direct
SID0393-RAMAN,SID0393,polymer,PVC,,,,,,field_detection,confirmed,direct
SID0394-RAMAN,SID0394,polymer,PU,,,,,,field_detection,confirmed,direct
SID0394-RAMAN,SID0394,polymer,PVC,,,,,,field_detection,confirmed,direct
SID0394-RAMAN,SID0394,polymer,PA,,,,,,field_detection,confirmed,direct
SID0394-RAMAN,SID0394,polymer,PET,,,,,,field_detection,confirmed,direct
SID0394-RAMAN,SID0394,polymer,OTHER,,,,,,field_detection,confirmed,direct
SID0394-RAMAN,SID0394,polymer,PC,,,,,,field_detection,confirmed,direct
SID0394-RAMAN,SID0394,polymer,PET,,,,,,field_detection,confirmed,direct
SID0394-RAMAN,SID0394,polymer,PE,,,,,,field_detection,confirmed,direct
SID0394-RAMAN,SID0394,polymer,PA,,,,,,field_detection,confirmed,direct
SID0395-RAMAN,SID0395,polymer,OTHER,,,,,,field_detection,identity_unresolved,direct
SID0395-RAMAN,SID0395,polymer,PP,,,,,,field_detection,confirmed,direct
SID0395-RAMAN,SID0395,polymer,PS,,,,,,field_detection,confirmed,direct
SID0395-RAMAN,SID0395,polymer,PVC,,,,,,field_detection,confirmed,direct
SID0396-RAMAN,SID0396,polymer,PET,,,,,,field_detection,confirmed,direct
SID0396-RAMAN,SID0396,polymer,PE,,,,,,field_detection,confirmed,direct
SID0396-RAMAN,SID0396,polymer,PP,,,,,,field_detection,confirmed,direct
SID0396-RAMAN,SID0396,polymer,PS,,,,,,field_detection,confirmed,direct
SID0396-RAMAN,SID0396,polymer,PAN,,,,,,field_detection,confirmed,direct
SID0397-RAMAN,SID0397,polymer,PS,,,,,,field_detection,confirmed,direct
SID0397-RAMAN,SID0397,polymer,PA,,,,,,field_detection,confirmed,direct
SID0397-RAMAN,SID0397,polymer,PE-LD,,,,,,field_detection,confirmed,direct
SID0399-UFTIR,SID0399,polymer,PE,,,,,,field_detection,confirmed,direct
SID0399-UFTIR,SID0399,polymer,PP,,,,,,field_detection,confirmed,direct
SID0399-UFTIR,SID0399,polymer,PU,,,,,,field_detection,contamination_qualified,direct
SID0399-UFTIR,SID0399,polymer,PE,,,,,,field_detection,confirmed,direct
SID0399-UFTIR,SID0399,polymer,PP,,,,,,field_detection,confirmed,direct
SID0399-UFTIR,SID0399,polymer,PP,,,,,,field_detection,confirmed,direct
SID0399-UFTIR,SID0399,polymer,PS,,,,,,field_detection,confirmed,direct
SID0399-UFTIR,SID0399,polymer,PE,,,,,,field_detection,contamination_qualified,direct
SID0399-UFTIR,SID0399,polymer,PS,,,,,,field_detection,contamination_qualified,direct
SID0400-RAMAN,SID0400,polymer,PP,,,,,,field_detection,confirmed,direct
SID0400-RAMAN,SID0400,polymer,PBAT,,,,,,field_detection,confirmed,direct
SID0400-RAMAN,SID0400,polymer,PE,,,,,,field_detection,confirmed,direct
SID0400-RAMAN,SID0400,polymer,PS,,,,,,field_detection,confirmed,direct
SID0400-RAMAN,SID0400,polymer,PLA,,,,,,field_detection,confirmed,direct
SID0400-RAMAN,SID0400,polymer,PC,,,,,,field_detection,confirmed,direct
SID0400-RAMAN,SID0400,polymer,PET,,,,,,field_detection,confirmed,direct
SID0400-RAMAN,SID0400,polymer,OTHER,,,,,,field_detection,confirmed,direct
SID0403-RAMAN,SID0403,polymer,PP,,,,,,field_detection,confirmed,direct
SID0403-RAMAN,SID0403,polymer,PC,,,,,,field_detection,confirmed,direct
SID0403-RAMAN,SID0403,polymer,PA,,,,,,field_detection,confirmed,direct
SID0403-RAMAN,SID0403,polymer,PP,,,,,,field_detection,confirmed,direct
SID0404-RAMAN,SID0404,polymer,PP,,,,,,field_detection,confirmed,direct
SID0404-RAMAN,SID0404,polymer,PET,,,,,,field_detection,confirmed,direct
SID0404-RAMAN,SID0404,polymer,PP,,,,,,field_detection,confirmed,direct
SID0404-RAMAN,SID0404,polymer,PET,,,,,,field_detection,confirmed,direct
SID0406-ATR_FTIR,SID0406,polymer,PE,,,,,,field_detection,confirmed,direct
SID0406-ATR_FTIR,SID0406,polymer,PE-CL,,,,,,field_detection,confirmed,direct
SID0406-ATR_FTIR,SID0406,polymer,PE-HD,,,,,,field_detection,confirmed,direct
SID0406-ATR_FTIR,SID0406,polymer,OTHER,,,,,,field_detection,confirmed,direct
SID0406-ATR_FTIR,SID0406,polymer,PET,,,,,,field_detection,confirmed,direct
SID0406-ATR_FTIR,SID0406,polymer,PE,,,,,,field_detection,confirmed,direct
SID0406-ATR_FTIR,SID0406,polymer,PE-CL,,,,,,field_detection,confirmed,direct
SID0406-ATR_FTIR,SID0406,polymer,PET,,,,,,field_detection,confirmed,direct
SID0406-ATR_FTIR,SID0406,polymer,PEST,,,,,,field_detection,confirmed,direct
SID0406-ATR_FTIR,SID0406,polymer,PU,,,,,,field_detection,identity_unresolved,direct
SID0406-ATR_FTIR,SID0406,polymer,OTHER,,,,,,field_detection,confirmed,direct
SID0407-UFTIR,SID0407,polymer,PS,,,,,,field_detection,confirmed,shared
SID0407-PYGCMS,SID0407,polymer,PS,,,,,,field_detection,confirmed,shared
SID0407-UFTIR,SID0407,polymer,PE,,,,,,field_detection,confirmed,shared
SID0407-PYGCMS,SID0407,polymer,PE,,,,,,field_detection,confirmed,shared
SID0407-UFTIR,SID0407,polymer,PVC,,,,,,field_detection,confirmed,shared
SID0407-PYGCMS,SID0407,polymer,PVC,,,,,,field_detection,confirmed,shared
SID0407-UFTIR,SID0407,polymer,PS,,,,,,field_detection,confirmed,shared
SID0407-PYGCMS,SID0407,polymer,PS,,,,,,field_detection,confirmed,shared
SID0407-UFTIR,SID0407,polymer,PE,,,,,,field_detection,confirmed,shared
SID0407-PYGCMS,SID0407,polymer,PE,,,,,,field_detection,confirmed,shared
SID0407-UFTIR,SID0407,polymer,PVC,,,,,,field_detection,confirmed,shared
SID0407-PYGCMS,SID0407,polymer,PVC,,,,,,field_detection,confirmed,shared
SID0408-RAMAN,SID0408,polymer,PS,,,,,,field_detection,confirmed,direct
SID0408-RAMAN,SID0408,polymer,PP,,,,,,field_detection,confirmed,direct
SID0408-RAMAN,SID0408,polymer,PE,,,,,,field_detection,confirmed,direct
SID0408-RAMAN,SID0408,polymer,PET,,,,,,field_detection,confirmed,direct
SID0408-RAMAN,SID0408,polymer,PVC,,,,,,field_detection,confirmed,direct
SID0409-ATR_FTIR,SID0409,polymer,PC,,,,,,field_detection,confirmed,direct
SID0409-ATR_FTIR,SID0409,polymer,PA,,,,,,field_detection,confirmed,direct
SID0409-ATR_FTIR,SID0409,polymer,PP,,,,,,field_detection,confirmed,direct
SID0411-RAMAN,SID0411,polymer,PE,,,,,,field_detection,confirmed,direct
SID0411-RAMAN,SID0411,polymer,PP,,,,,,field_detection,confirmed,direct
SID0411-RAMAN,SID0411,polymer,PS,,,,,,field_detection,confirmed,direct
SID0411-RAMAN,SID0411,polymer,PA,,,,,,field_detection,confirmed,direct
SID0411-RAMAN,SID0411,polymer,PE,,,,,,field_detection,confirmed,direct
SID0411-RAMAN,SID0411,polymer,PS,,,,,,field_detection,confirmed,direct
SID0411-RAMAN,SID0411,polymer,PU,,,,,,field_detection,confirmed,direct
SID0411-RAMAN,SID0411,polymer,PVC,,,,,,field_detection,confirmed,direct
SID0411-RAMAN,SID0411,polymer,PE,,,,,,field_detection,confirmed,direct
SID0411-RAMAN,SID0411,polymer,PET,,,,,,field_detection,confirmed,direct
SID0411-RAMAN,SID0411,polymer,PP,,,,,,field_detection,confirmed,direct
SID0411-RAMAN,SID0411,polymer,PS,,,,,,field_detection,confirmed,direct
SID0413-RAMAN,SID0413,polymer,PE,,,,,,field_detection,confirmed,direct
SID0413-RAMAN,SID0413,polymer,PS,,,,,,field_detection,confirmed,direct
SID0413-RAMAN,SID0413,polymer,OTHER,,,,,,field_detection,tentative,direct
SID0413-RAMAN,SID0413,polymer,PE,,,,,,field_detection,confirmed,direct
SID0413-RAMAN,SID0413,polymer,PS,,,,,,field_detection,confirmed,direct
SID0415-UFTIR,SID0415,polymer,PE,,,,,,field_detection,confirmed,direct
SID0415-UFTIR,SID0415,polymer,PP,,,,,,field_detection,confirmed,direct
SID0415-UFTIR,SID0415,polymer,PS,,,,,,field_detection,confirmed,direct
SID0415-UFTIR,SID0415,polymer,OTHER,,,,,,field_detection,identity_unresolved,direct
SID0416-UFTIR,SID0416,polymer,PE,,,,,,field_detection,confirmed,direct
SID0416-UFTIR,SID0416,polymer,PP,,,,,,field_detection,confirmed,direct
SID0416-UFTIR,SID0416,polymer,PS,,,,,,field_detection,confirmed,direct
SID0416-UFTIR,SID0416,polymer,PA,,,,,,field_detection,confirmed,direct
SID0418-RAMAN,SID0418,polymer,PP,,,,,,field_detection,confirmed,direct
SID0418-RAMAN,SID0418,polymer,UNSPEC,,,,,,field_detection,identity_unresolved,direct
SID0418-RAMAN,SID0418,polymer,PP,,,,,,target_not_detected,not_detected,direct
SID0418-RAMAN,SID0418,polymer,UNSPEC,,,,,,field_detection,identity_unresolved,direct
SID0418-RAMAN,SID0418,polymer,PP,,,,,,field_detection,confirmed,direct
SID0418-RAMAN,SID0418,polymer,UNSPEC,,,,,,field_detection,identity_unresolved,direct
SID0420-UFTIR,SID0420,polymer,PET,,,,,,target_not_detected,not_detected,direct
SID0420-UFTIR,SID0420,polymer,ABS,,,,,,target_not_detected,not_detected,direct
SID0425-PYGCMS,SID0425,polymer,ACR,,,,,,field_detection,confirmed,direct
SID0425-PYGCMS,SID0425,polymer,FKM,,,,,,field_detection,confirmed,direct
SID0425-PYGCMS,SID0425,polymer,EVA,,,,,,field_detection,confirmed,direct
SID0425-PYGCMS,SID0425,polymer,EAA,,,,,,field_detection,confirmed,direct
SID0425-PYGCMS,SID0425,polymer,PF,,,,,,field_detection,confirmed,direct
SID0425-PYGCMS,SID0425,polymer,PC,,,,,,field_detection,confirmed,direct
SID0425-PYGCMS,SID0425,polymer,PE,,,,,,field_detection,confirmed,direct
SID0425-PYGCMS,SID0425,polymer,PET,,,,,,field_detection,confirmed,direct
SID0425-PYGCMS,SID0425,polymer,PMMA,,,,,,field_detection,confirmed,direct
SID0425-PYGCMS,SID0425,polymer,PSU,,,,,,field_detection,confirmed,direct
SID0425-PYGCMS,SID0425,polymer,PU,,,,,,field_detection,confirmed,direct
SID0425-PYGCMS,SID0425,polymer,OTHER,,,,,,field_detection,confirmed,direct
SID0425-PYGCMS,SID0425,polymer,PVC,,,,,,field_detection,confirmed,direct
SID0425-PYGCMS,SID0425,polymer,PA66,,,,,,field_detection,confirmed,direct
SID0425-PYGCMS,SID0425,polymer,PVC,,,,,,field_detection,confirmed,direct
SID0425-PYGCMS,SID0425,polymer,PP,,,,,,field_detection,confirmed,direct
SID0425-PYGCMS,SID0425,polymer,PS,,,,,,field_detection,confirmed,direct
SID0431-UFTIR,SID0431,polymer,PP,,,,,,field_detection,confirmed,direct
SID0431-UFTIR,SID0431,polymer,PET,,,,,,field_detection,confirmed,direct
SID0431-UFTIR,SID0431,polymer,PS,,,,,,field_detection,confirmed,direct
SID0431-UFTIR,SID0431,polymer,PE,,,,,,field_detection,confirmed,direct
SID0431-UFTIR,SID0431,polymer,PVC,,,,,,field_detection,confirmed,direct
SID0431-UFTIR,SID0431,polymer,PC,,,,,,field_detection,confirmed,direct
SID0431-UFTIR,SID0431,polymer,PA,,,,,,field_detection,confirmed,direct
SID0431-UFTIR,SID0431,polymer,PU,,,,,,field_detection,confirmed,direct
SID0354-UFTIR,SID0354,polymer,PA,,,,,,field_detection,tentative,direct
SID0354-UFTIR,SID0354,polymer,CELL,,,,,,field_detection,tentative,direct
SID0354-UFTIR,SID0354,polymer,OTHER,,,,,,field_detection,identity_unresolved,direct
SID0354-UFTIR,SID0354,polymer,OTHER,,,,,,field_detection,identity_unresolved,direct
SID0376-RAMAN,SID0376,polymer,PS,,,,,,field_detection,confirmed,direct
SID0376-RAMAN,SID0376,polymer,EVA,,,,,,field_detection,confirmed,direct
SID0376-RAMAN,SID0376,polymer,PE,,,,,,field_detection,confirmed,direct
SID0424-RAMAN,SID0424,polymer,PE,,,,,,field_detection,confirmed,direct
SID0424-RAMAN,SID0424,polymer,EPM,,,,,,field_detection,confirmed,direct
SID0308-FTIR,SID0308,polymer,PA,,,,,,field_detection,confirmed,direct
SID0308-FTIR,SID0308,polymer,PU,,,,,,field_detection,confirmed,direct
SID0308-FTIR,SID0308,polymer,PE,,,,,,field_detection,confirmed,direct
SID0308-FTIR,SID0308,polymer,PET,,,,,,field_detection,confirmed,direct
SID0308-FTIR,SID0308,polymer,PP,,,,,,field_detection,confirmed,direct
SID0308-FTIR,SID0308,polymer,PVC,,,,,,field_detection,confirmed,direct
SID0308-FTIR,SID0308,polymer,POM,,,,,,field_detection,confirmed,direct
SID0308-FTIR,SID0308,polymer,EVA,,,,,,field_detection,confirmed,direct
SID0308-FTIR,SID0308,polymer,PTFE,,,,,,field_detection,confirmed,direct
SID0308-FTIR,SID0308,polymer,PE-CL,,,,,,field_detection,confirmed,direct
SID0308-FTIR,SID0308,polymer,PB,,,,,,field_detection,confirmed,direct
SID0308-FTIR,SID0308,polymer,PS,,,,,,field_detection,confirmed,direct
SID0308-FTIR,SID0308,polymer,PMMA,,,,,,field_detection,confirmed,direct
SID0308-FTIR,SID0308,polymer,PLA,,,,,,field_detection,confirmed,direct
SID0012-PYGCMS,SID0012,polymer,PS,,,,,,exposure_material,proxy_tracked,direct
SID0017-ATR_FTIR,SID0017,polymer,PE,,,,,,exposure_material,known_material,shared
SID0017-OTHER_MS,SID0017,polymer,PE,,,,,,exposure_material,known_material,shared
SID0023-ATR_FTIR,SID0023,polymer,PE,,,,,,reported,confirmed,shared
SID0023-PYGCMS,SID0023,polymer,PE,,,,,,reported,confirmed,shared
SID0023-ATR_FTIR,SID0023,polymer,PE-LD,,,,,,mentioned_uncertain,confirmed,shared
SID0023-PYGCMS,SID0023,polymer,PE-LD,,,,,,mentioned_uncertain,confirmed,shared
SID0033-RAMAN,SID0033,polymer,PS,,,,,,exposure_material,proxy_tracked,direct
SID0033-RAMAN,SID0033,polymer,PAN,,,,,,exposure_material,known_material,direct
SID0033-RAMAN,SID0033,polymer,PE-HD,,,,,,method_material,known_material,direct
SID0033-RAMAN,SID0033,polymer,PE-LD,,,,,,method_material,known_material,direct
SID0033-RAMAN,SID0033,polymer,PP,,,,,,method_material,known_material,direct
SID0033-RAMAN,SID0033,polymer,PS,,,,,,method_material,known_material,direct
SID0045-RAMAN,SID0045,polymer,PE,,,,,,reported,confirmed,direct
SID0045-RAMAN,SID0045,polymer,PET,,,,,,reported,confirmed,direct
SID0045-RAMAN,SID0045,polymer,PA,,,,,,reported,confirmed,direct
SID0045-RAMAN,SID0045,polymer,PE-LD,,,,,,reported,confirmed,direct
SID0045-RAMAN,SID0045,polymer,PTFE,,,,,,reported,confirmed,direct
SID0045-RAMAN,SID0045,polymer,PA6,,,,,,reported,confirmed,direct
SID0045-RAMAN,SID0045,polymer,PE,,,,,,recovery_spike,known_material,direct
SID0045-RAMAN,SID0045,polymer,PET,,,,,,recovery_spike,known_material,direct
SID0045-RAMAN,SID0045,polymer,PA,,,,,,recovery_spike,known_material,direct
SID0045-RAMAN,SID0045,polymer,OTHER,,,,,,recovery_spike,known_material,direct
SID0053-RAMAN,SID0053,polymer,PS,,,,,,reported,confirmed,direct
SID0058-RAMAN,SID0058,polymer,PE,,,,,,reported,confirmed,direct
SID0058-RAMAN,SID0058,polymer,PP,,,,,,reported,confirmed,direct
SID0058-RAMAN,SID0058,polymer,PET,,,,,,reported,confirmed,direct
SID0058-RAMAN,SID0058,polymer,PS,,,,,,reported,confirmed,direct
SID0058-RAMAN,SID0058,polymer,PA,,,,,,reported,confirmed,direct
SID0058-RAMAN,SID0058,polymer,PE,,,,,,recovery_spike,known_material,direct
SID0058-RAMAN,SID0058,polymer,PET,,,,,,recovery_spike,known_material,direct
SID0058-RAMAN,SID0058,polymer,PA,,,,,,recovery_spike,known_material,direct
SID0058-RAMAN,SID0058,polymer,PP,,,,,,recovery_spike,known_material,direct
SID0058-RAMAN,SID0058,polymer,PS,,,,,,recovery_spike,known_material,direct
SID0064-PYGCMS,SID0064,polymer,PS,,,,,,exposure_material,confirmed,direct
SID0065-RAMAN,SID0065,polymer,PE,,,,,,method_material,known_material,shared
SID0065-FTIR,SID0065,polymer,PE,,,,,,method_material,known_material,shared
SID0065-RAMAN,SID0065,polymer,PP,,,,,,method_material,known_material,shared
SID0065-FTIR,SID0065,polymer,PP,,,,,,method_material,known_material,shared
SID0065-RAMAN,SID0065,polymer,PET,,,,,,method_material,known_material,shared
SID0065-FTIR,SID0065,polymer,PET,,,,,,method_material,known_material,shared
SID0065-RAMAN,SID0065,polymer,PS,,,,,,method_material,known_material,shared
SID0065-FTIR,SID0065,polymer,PS,,,,,,method_material,known_material,shared
SID0065-RAMAN,SID0065,polymer,PE,,,,,,exposure_material,known_material,shared
SID0065-FTIR,SID0065,polymer,PE,,,,,,exposure_material,known_material,shared
SID0067-ATR_FTIR,SID0067,polymer,PE,,,,,,reported,confirmed,shared
SID0067-PYGCMS,SID0067,polymer,PE,,,,,,reported,confirmed,shared
SID0067-ATR_FTIR,SID0067,polymer,PS,,,,,,reported,confirmed,shared
SID0067-PYGCMS,SID0067,polymer,PS,,,,,,reported,confirmed,shared
SID0067-ATR_FTIR,SID0067,polymer,PE-LD,,,,,,reported,confirmed,shared
SID0067-PYGCMS,SID0067,polymer,PE-LD,,,,,,reported,confirmed,shared
SID0087-ATR_FTIR,SID0087,polymer,PE-HD,,,,,,method_material,known_material,direct
SID0087-ATR_FTIR,SID0087,polymer,PS-E,,,,,,method_material,known_material,direct
SID0087-ATR_FTIR,SID0087,polymer,ABS,,,,,,method_material,known_material,direct
SID0087-ATR_FTIR,SID0087,polymer,PP,,,,,,method_material,known_material,direct
SID0098-UFTIR,SID0098,polymer,PA66,,,,,,exposure_material,confirmed,shared
SID0098-LCMS,SID0098,polymer,PA66,,,,,,exposure_material,confirmed,shared
SID0098-LDIR,SID0098,polymer,PA66,,,,,,exposure_material,confirmed,shared
SID0099-RAMAN,SID0099,polymer,PTFE,,,,,,exposure_material,known_material,direct
SID0099-RAMAN,SID0099,polymer,ACR,,,,,,exposure_material,identity_unresolved,direct
SID0105-UFTIR,SID0105,polymer,PE,,,,,,exposure_material,confirmed,direct
SID0105-UFTIR,SID0105,polymer,PP,,,,,,exposure_material,confirmed,direct
SID0105-UFTIR,SID0105,polymer,PS,,,,,,exposure_material,confirmed,direct
SID0105-UFTIR,SID0105,polymer,PA,,,,,,exposure_material,confirmed,direct
SID0105-UFTIR,SID0105,polymer,PE-LD,,,,,,exposure_material,confirmed,direct
SID0105-UFTIR,SID0105,polymer,PE,,,,,,recovery_spike,known_material,direct
SID0105-UFTIR,SID0105,polymer,PA,,,,,,recovery_spike,known_material,direct
SID0105-UFTIR,SID0105,polymer,PP,,,,,,recovery_spike,known_material,direct
SID0105-UFTIR,SID0105,polymer,PS,,,,,,recovery_spike,known_material,direct
SID0107-ATR_FTIR,SID0107,polymer,PET,,,,,,exposure_material,confirmed,direct
SID0107-ATR_FTIR,SID0107,polymer,PS,,,,,,exposure_material,confirmed,direct
SID0107-ATR_FTIR,SID0107,polymer,PET,,,,,,recovery_spike,known_material,direct
SID0110-UFTIR,SID0110,polymer,PTFE,,,,,,exposure_material,proxy_tracked,direct
SID0110-UFTIR,SID0110,polymer,PS,,,,,,method_material,known_material,direct
SID0110-UFTIR,SID0110,polymer,PET,,,,,,method_material,known_material,direct
SID0117-RAMAN,SID0117,polymer,PS,,,,,,exposure_material,confirmed,shared
SID0117-UFTIR,SID0117,polymer,PS,,,,,,exposure_material,confirmed,shared
SID0117-ATR_FTIR,SID0117,polymer,PS,,,,,,exposure_material,confirmed,shared
SID0117-RAMAN,SID0117,polymer,PS,,,,,,recovery_spike,known_material,shared
SID0117-UFTIR,SID0117,polymer,PS,,,,,,recovery_spike,known_material,shared
SID0117-ATR_FTIR,SID0117,polymer,PS,,,,,,recovery_spike,known_material,shared
SID0128-UFTIR,SID0128,polymer,PVC,,,,,,reported,confirmed,direct
SID0128-UFTIR,SID0128,polymer,PMMA,,,,,,reported,confirmed,direct
SID0128-UFTIR,SID0128,polymer,PVC,,,,,,recovery_spike,known_material,direct
SID0164-ATR_FTIR,SID0164,polymer,PS,,,,,,exposure_material,confirmed,direct
SID0164-ATR_FTIR,SID0164,polymer,PMMA,,,,,,exposure_material,confirmed,direct
SID0164-ATR_FTIR,SID0164,polymer,PE,,,,,,exposure_material,confirmed,direct
SID0164-ATR_FTIR,SID0164,polymer,PE-HD,,,,,,exposure_material,confirmed,direct
SID0164-ATR_FTIR,SID0164,polymer,PS,,,,,,recovery_spike,known_material,direct
SID0165-FTIR,SID0165,polymer,PS-MMA,,,,,,exposure_material,known_material,direct
SID0186-RAMAN,SID0186,polymer,PE,,,,,,exposure_material,proxy_tracked,direct
SID0186-RAMAN,SID0186,polymer,PVC,,,,,,exposure_material,proxy_tracked,direct
SID0207-ATR_FTIR,SID0207,polymer,PEST,,,,,,exposure_material,known_material,direct
SID0207-ATR_FTIR,SID0207,polymer,PA,,,,,,exposure_material,known_material,direct
SID0207-ATR_FTIR,SID0207,polymer,CELL,,,,,,comparator_material,known_material,direct
SID0215-RAMAN,SID0215,polymer,PS,,,,,,exposure_material,proxy_tracked,direct
SID0215-RAMAN,SID0215,polymer,PVC,,,,,,exposure_material,proxy_tracked,direct
SID0226-PYGCMS,SID0226,polymer,PE,,,,,,exposure_material,confirmed,shared
SID0226-RAMAN,SID0226,polymer,PE,,,,,,exposure_material,confirmed,shared
SID0226-PYGCMS,SID0226,polymer,PE-LD,,,,,,exposure_material,confirmed,shared
SID0226-RAMAN,SID0226,polymer,PE-LD,,,,,,exposure_material,confirmed,shared
SID0226-PYGCMS,SID0226,polymer,PE-HD,,,,,,exposure_material,confirmed,shared
SID0226-RAMAN,SID0226,polymer,PE-HD,,,,,,exposure_material,confirmed,shared
SID0226-PYGCMS,SID0226,polymer,PP,,,,,,exposure_material,confirmed,shared
SID0226-RAMAN,SID0226,polymer,PP,,,,,,exposure_material,confirmed,shared
SID0226-PYGCMS,SID0226,polymer,PS,,,,,,exposure_material,confirmed,shared
SID0226-RAMAN,SID0226,polymer,PS,,,,,,exposure_material,confirmed,shared
SID0226-PYGCMS,SID0226,polymer,PS-E,,,,,,exposure_material,confirmed,shared
SID0226-RAMAN,SID0226,polymer,PS-E,,,,,,exposure_material,confirmed,shared
SID0226-PYGCMS,SID0226,polymer,PA6,,,,,,exposure_material,confirmed,shared
SID0226-RAMAN,SID0226,polymer,PA6,,,,,,exposure_material,confirmed,shared
SID0226-PYGCMS,SID0226,polymer,PTFE,,,,,,exposure_material,confirmed,shared
SID0226-RAMAN,SID0226,polymer,PTFE,,,,,,exposure_material,confirmed,shared
SID0226-PYGCMS,SID0226,polymer,PMMA,,,,,,exposure_material,confirmed,shared
SID0226-RAMAN,SID0226,polymer,PMMA,,,,,,exposure_material,confirmed,shared
SID0226-PYGCMS,SID0226,polymer,PET,,,,,,exposure_material,confirmed,shared
SID0226-RAMAN,SID0226,polymer,PET,,,,,,exposure_material,confirmed,shared
SID0226-PYGCMS,SID0226,polymer,PC,,,,,,exposure_material,confirmed,shared
SID0226-RAMAN,SID0226,polymer,PC,,,,,,exposure_material,confirmed,shared
SID0226-PYGCMS,SID0226,polymer,PA,,,,,,exposure_material,confirmed,shared
SID0226-RAMAN,SID0226,polymer,PA,,,,,,exposure_material,confirmed,shared
SID0226-PYGCMS,SID0226,polymer,PU,,,,,,exposure_material,confirmed,shared
SID0226-RAMAN,SID0226,polymer,PU,,,,,,exposure_material,confirmed,shared
SID0226-PYGCMS,SID0226,polymer,PVC,,,,,,exposure_material,confirmed,shared
SID0226-RAMAN,SID0226,polymer,PVC,,,,,,exposure_material,confirmed,shared
SID0226-PYGCMS,SID0226,polymer,CA,,,,,,exposure_material,confirmed,shared
SID0226-RAMAN,SID0226,polymer,CA,,,,,,exposure_material,confirmed,shared
SID0226-PYGCMS,SID0226,polymer,PA,,,,,,recovery_spike,known_material,shared
SID0226-RAMAN,SID0226,polymer,PA,,,,,,recovery_spike,known_material,shared
SID0226-PYGCMS,SID0226,polymer,PA6,,,,,,recovery_spike,known_material,shared
SID0226-RAMAN,SID0226,polymer,PA6,,,,,,recovery_spike,known_material,shared
SID0229-RAMAN,SID0229,polymer,PS,,,,,,reported,confirmed,direct
SID0229-RAMAN,SID0229,polymer,PMMA,,,,,,reported,confirmed,direct
SID0229-RAMAN,SID0229,polymer,PS,,,,,,recovery_spike,known_material,direct
SID0243-UFTIR,SID0243,polymer,PS,,,,,,reported,confirmed,shared
SID0243-RAMAN,SID0243,polymer,PS,,,,,,reported,confirmed,shared
SID0243-UFTIR,SID0243,polymer,PMMA,,,,,,reported,confirmed,shared
SID0243-RAMAN,SID0243,polymer,PMMA,,,,,,reported,confirmed,shared
SID0243-UFTIR,SID0243,polymer,PE,,,,,,reported,confirmed,shared
SID0243-RAMAN,SID0243,polymer,PE,,,,,,reported,confirmed,shared
SID0243-UFTIR,SID0243,polymer,PS,,,,,,recovery_spike,known_material,shared
SID0243-RAMAN,SID0243,polymer,PS,,,,,,recovery_spike,known_material,shared
SID0243-UFTIR,SID0243,polymer,PMMA,,,,,,recovery_spike,known_material,shared
SID0243-RAMAN,SID0243,polymer,PMMA,,,,,,recovery_spike,known_material,shared
SID0243-UFTIR,SID0243,polymer,PE,,,,,,recovery_spike,known_material,shared
SID0243-RAMAN,SID0243,polymer,PE,,,,,,recovery_spike,known_material,shared
SID0254-FTIR,SID0254,polymer,PS,,,,,,reported,confirmed,direct
SID0254-FTIR,SID0254,polymer,PS,,,,,,recovery_spike,known_material,direct
SID0257-RAMAN,SID0257,polymer,PS,,,,,,method_material,known_material,shared
SID0257-ATR_FTIR,SID0257,polymer,PS,,,,,,method_material,known_material,shared
SID0257-UFTIR,SID0257,polymer,PS,,,,,,method_material,known_material,shared
SID0257-RAMAN,SID0257,polymer,PE,,,,,,method_material,known_material,shared
SID0257-ATR_FTIR,SID0257,polymer,PE,,,,,,method_material,known_material,shared
SID0257-UFTIR,SID0257,polymer,PE,,,,,,method_material,known_material,shared
SID0257-RAMAN,SID0257,polymer,PET,,,,,,method_material,known_material,shared
SID0257-ATR_FTIR,SID0257,polymer,PET,,,,,,method_material,known_material,shared
SID0257-UFTIR,SID0257,polymer,PET,,,,,,method_material,known_material,shared
SID0257-RAMAN,SID0257,polymer,PVC,,,,,,method_material,known_material,shared
SID0257-ATR_FTIR,SID0257,polymer,PVC,,,,,,method_material,known_material,shared
SID0257-UFTIR,SID0257,polymer,PVC,,,,,,method_material,known_material,shared
SID0257-RAMAN,SID0257,polymer,CELL,,,,,,negative_control,known_material,shared
SID0257-ATR_FTIR,SID0257,polymer,CELL,,,,,,negative_control,known_material,shared
SID0257-UFTIR,SID0257,polymer,CELL,,,,,,negative_control,known_material,shared
SID0001-PYGCMS,SID0001,mass_span,,52.62,225.23,µg/g,observed,unspecified,,,direct
SID0002-FLUOR,SID0002,size_span,,1,1,µm,operational,,,,shared
SID0002-ATR_FTIR,SID0002,size_span,,1,1,µm,operational,,,,shared
SID0002-ATR_FTIR,SID0002,size_span,,20,20,µm,operational,,,,direct
SID0002-PYGCMS,SID0002,mass_span,,6.5,685,µg/g,observed,wet,,,direct
SID0003-LDIR,SID0003,size_span,,20,500,µm,observed,,,,direct
SID0003-PYGCMS,SID0003,mass_span,,14.9,221.8,µg/g,observed,unspecified,,,direct
SID0003-PYGCMS,SID0003,mass_span,,49.3,234.3,µg/g,observed,unspecified,,,direct
SID0003-PYGCMS,SID0003,mass_span,,23.8,94.2,µg/g,observed,unspecified,,,direct
SID0004-FLUOR,SID0004,size_span,,1.21,261.7,µm,observed,,,,direct
SID0004-RAMAN,SID0004,size_span,,3.135,117.911,µm,observed,,,,direct
SID0005-RAMAN,SID0005,size_span,,2.0,6.0,µm,observed,,,,direct
SID0007-PYGCMS,SID0007,mass_span,,2.3,7.91,µg/individual,observed,unspecified,,,direct
SID0007-PYGCMS,SID0007,mass_span,,2.3,3.68,µg/individual,observed,unspecified,,,direct
SID0007-PYGCMS,SID0007,mass_span,,0.0996,0.216,µg/individual,observed,unspecified,,,direct
SID0008-FLUOR,SID0008,size_span,,50,300,µm,reference,,,,shared
SID0008-RAMAN,SID0008,size_span,,50,300,µm,reference,,,,shared
SID0009-PYGCMS,SID0009,mass_span,,118.45,350.6,µg/g,observed,unspecified,,,direct
SID0010-RAMAN,SID0010,size_span,,2.22,48.74,µm,observed,,,,direct
SID0010-RAMAN,SID0010,size_span,,1.64,52.6,µm,observed,,,,direct
SID0013-RAMAN,SID0013,size_span,,0.94,5.73,µm,observed,,,,direct
SID0014-OPTICAL,SID0014,size_span,,44,4361,µm,observed,,,,shared
SID0014-UFTIR,SID0014,size_span,,44,4361,µm,observed,,,,shared
SID0014-OPTICAL,SID0014,size_span,,198,10032,µm,observed,,,,shared
SID0014-UFTIR,SID0014,size_span,,198,10032,µm,observed,,,,shared
SID0015-PYGCMS,SID0015,mass_span,,1.2,6814.7,µg/g,observed,dry,,,direct
SID0016-FLUOR,SID0016,size_span,,2.4,298.1,µm,reference,,,,shared
SID0016-RAMAN,SID0016,size_span,,2.4,298.1,µm,reference,,,,shared
SID0016-SEM,SID0016,size_span,,2.4,298.1,µm,reference,,,,shared
SID0019-UFTIR,SID0019,size_span,,0.2,25,µm,operational,,,,direct
SID0019-UFTIR,SID0019,size_span,,57,278,µm,observed,,,,direct
SID0019-PYGCMS,SID0019,mass_span,,0.129,4.853,µg/g,observed,dry,,,direct
SID0020-PYGCMS,SID0020,mass_span,,2,12,µg/g,observed,dry,,,direct
SID0021-FLUOR,SID0021,size_span,,16.7,5000,µm,observed,,,,shared
SID0021-RAMAN,SID0021,size_span,,16.7,5000,µm,observed,,,,shared
SID0021-OPTICAL,SID0021,size_span,,16.7,5000,µm,observed,,,,shared
SID0021-SEM,SID0021,size_span,,16.7,5000,µm,observed,,,,shared
SID0022-PYGCMS,SID0022,mass_span,,105,7780,µg/g,observed,dry,,,direct
SID0024-FLUOR,SID0024,size_span,,0.7,5,µm,reference,,,,shared
SID0024-RAMAN,SID0024,size_span,,0.7,5,µm,reference,,,,shared
SID0024-FLUOR,SID0024,size_span,,1,3,µm,observed,,,,shared
SID0024-RAMAN,SID0024,size_span,,1,3,µm,observed,,,,shared
SID0024-FLUOR,SID0024,size_span,,2,5,µm,operational,,,,shared
SID0024-RAMAN,SID0024,size_span,,2,5,µm,operational,,,,shared
SID0026-RAMAN,SID0026,size_span,,3,165,µm,observed,,,,shared
SID0026-UFTIR,SID0026,size_span,,3,165,µm,observed,,,,shared
SID0027-RAMAN,SID0027,size_span,,300.0,5000.0,µm,observed,,,,shared
SID0027-OPTICAL,SID0027,size_span,,300.0,5000.0,µm,observed,,,,shared
SID0027-SEM,SID0027,size_span,,300.0,5000.0,µm,observed,,,,shared
SID0027-UFTIR,SID0027,size_span,,300.0,5000.0,µm,observed,,,,shared
SID0028-ATR_FTIR,SID0028,size_span,,1000,1000,µm,operational,,,,direct
SID0028-ATR_FTIR,SID0028,size_span,,5450,5450,µm,observed,,,,direct
SID0028-ATR_FTIR,SID0028,size_span,,6240,6240,µm,observed,,,,direct
SID0029-RAMAN,SID0029,size_span,,12.7,145.1,µm,observed,,,,direct
SID0030-RAMAN,SID0030,size_span,,4.0,27.0,µm,observed,,,,shared
SID0030-SEM,SID0030,size_span,,4.0,27.0,µm,observed,,,,shared
SID0031-RAMAN,SID0031,size_span,,360,890,µm,summary,,,,shared
SID0031-OPTICAL,SID0031,size_span,,360,890,µm,summary,,,,shared
SID0032-PYGCMS,SID0032,mass_span,,200,500,µg/g,observed,dry,,,direct
SID0032-PYGCMS,SID0032,mass_span,,7400,22600,µg/g,observed,unspecified,,,direct
SID0032-PYGCMS,SID0032,mass_span,,600,19100,µg/g,observed,unspecified,,,direct
SID0034-RAMAN,SID0034,size_span,,34.4,1814.3,µm,observed,,,,direct
SID0035-RAMAN,SID0035,size_span,,120,15000,µm,observed,,,,shared
SID0035-UFTIR,SID0035,size_span,,120,15000,µm,observed,,,,shared
SID0038-OPTICAL,SID0038,size_span,,30.0,5802.0,µm,observed,,,,shared
SID0038-ATR_FTIR,SID0038,size_span,,30.0,5802.0,µm,observed,,,,shared
SID0038-SEM,SID0038,size_span,,30.0,5802.0,µm,observed,,,,shared
SID0038-UFTIR,SID0038,size_span,,30.0,5802.0,µm,observed,,,,shared
SID0039-OPTICAL,SID0039,size_span,,84.0,5000.0,µm,observed,,,,shared
SID0039-ATR_FTIR,SID0039,size_span,,84.0,5000.0,µm,observed,,,,shared
SID0039-UFTIR,SID0039,size_span,,84.0,5000.0,µm,observed,,,,shared
SID0040-OPTICAL,SID0040,size_span,,100,100,µm,operational,,,,shared
SID0040-UFTIR,SID0040,size_span,,100,100,µm,operational,,,,shared
SID0040-OPTICAL,SID0040,size_span,,100,500,µm,operational,,,,shared
SID0040-UFTIR,SID0040,size_span,,100,500,µm,operational,,,,shared
SID0040-OPTICAL,SID0040,size_span,,500,1000,µm,operational,,,,shared
SID0040-UFTIR,SID0040,size_span,,500,1000,µm,operational,,,,shared
SID0040-OPTICAL,SID0040,size_span,,1000,1000,µm,operational,,,,shared
SID0040-UFTIR,SID0040,size_span,,1000,1000,µm,operational,,,,shared
SID0041-OPTICAL,SID0041,size_span,,2.5,26.0,µm,observed,,,,shared
SID0041-ATR_FTIR,SID0041,size_span,,2.5,26.0,µm,observed,,,,shared
SID0042-RAMAN,SID0042,size_span,,5000,5000,µm,operational,,,,shared
SID0042-OPTICAL,SID0042,size_span,,5000,5000,µm,operational,,,,shared
SID0042-RAMAN,SID0042,size_span,,5000,5000,µm,operational,,,,shared
SID0042-OPTICAL,SID0042,size_span,,5000,5000,µm,operational,,,,shared
SID0042-RAMAN,SID0042,size_span,,25000,25000,µm,operational,,,,shared
SID0042-OPTICAL,SID0042,size_span,,25000,25000,µm,operational,,,,shared
SID0043-RAMAN,SID0043,size_span,,42.0,1917.0,µm,observed,,,,shared
SID0043-OPTICAL,SID0043,size_span,,42.0,1917.0,µm,observed,,,,shared
SID0044-OPTICAL,SID0044,size_span,,50.0,3000.0,µm,observed,,,,shared
SID0044-ATR_FTIR,SID0044,size_span,,50.0,3000.0,µm,observed,,,,shared
SID0047-OPTICAL,SID0047,size_span,,40.0,40990.0,µm,observed,,,,shared
SID0047-ATR_FTIR,SID0047,size_span,,40.0,40990.0,µm,observed,,,,shared
SID0048-OPTICAL,SID0048,size_span,,1000,1000,µm,operational,,,,shared
SID0048-UFTIR,SID0048,size_span,,1000,1000,µm,operational,,,,shared
SID0049-OPTICAL,SID0049,size_span,,50,5000,µm,operational,,,,shared
SID0049-UFTIR,SID0049,size_span,,50,5000,µm,operational,,,,shared
SID0050-FLUOR,SID0050,size_span,,74.0,4000.0,µm,observed,,,,shared
SID0050-OPTICAL,SID0050,size_span,,74.0,4000.0,µm,observed,,,,shared
SID0050-ATR_FTIR,SID0050,size_span,,74.0,4000.0,µm,observed,,,,shared
SID0050-SEM,SID0050,size_span,,74.0,4000.0,µm,observed,,,,shared
SID0051-OPTICAL,SID0051,size_span,,2000,2000,µm,reference,,,,shared
SID0051-ATR_FTIR,SID0051,size_span,,2000,2000,µm,reference,,,,shared
SID0051-OPTICAL,SID0051,size_span,,3500,3500,µm,reference,,,,shared
SID0051-ATR_FTIR,SID0051,size_span,,3500,3500,µm,reference,,,,shared
SID0051-OPTICAL,SID0051,size_span,,3000,5000,µm,reference,,,,shared
SID0051-ATR_FTIR,SID0051,size_span,,3000,5000,µm,reference,,,,shared
SID0052-OPTICAL,SID0052,size_span,,30.0,5000.0,µm,observed,,,,shared
SID0052-UFTIR,SID0052,size_span,,30.0,5000.0,µm,observed,,,,shared
SID0054-RAMAN,SID0054,size_span,,5.1,5.1,µm,observed,,,,direct
SID0055-SEM,SID0055,size_span,,0.2,0.2,µm,operational,,,,direct
SID0055-PYGCMS,SID0055,mass_span,,21700,21700,µg/g,summary,unspecified,,,direct
SID0055-PYGCMS,SID0055,mass_span,,5200,5200,µg/g,summary,unspecified,,,direct
SID0056-RAMAN,SID0056,size_span,,500,500,µm,operational,,,,shared
SID0056-OPTICAL,SID0056,size_span,,500,500,µm,operational,,,,shared
SID0056-RAMAN,SID0056,size_span,,500,5000,µm,operational,,,,shared
SID0056-OPTICAL,SID0056,size_span,,500,5000,µm,operational,,,,shared
SID0056-RAMAN,SID0056,size_span,,1,1,µm,operational,,,,direct
SID0057-PYGCMS,SID0057,mass_span,,10.1,102.7,µg/g,uncertain,unspecified,,,direct
SID0059-RAMAN,SID0059,size_span,,59.22,4834.48,µm,observed,,,,shared
SID0059-ATR_FTIR,SID0059,size_span,,59.22,4834.48,µm,observed,,,,shared
SID0059-RAMAN,SID0059,size_span,,40.67,40.67,µm,observed,,,,shared
SID0059-ATR_FTIR,SID0059,size_span,,40.67,40.67,µm,observed,,,,shared
SID0060-OPTICAL,SID0060,size_span,,500,4000,µm,operational,,,,shared
SID0060-UFTIR,SID0060,size_span,,500,4000,µm,operational,,,,shared
SID0061-OPTICAL,SID0061,size_span,,61,5000,µm,observed,,,,shared
SID0061-SEM,SID0061,size_span,,61,5000,µm,observed,,,,shared
SID0061-UFTIR,SID0061,size_span,,61,5000,µm,observed,,,,shared
SID0061-OPTICAL,SID0061,size_span,,5080,11000,µm,observed,,,,shared
SID0061-SEM,SID0061,size_span,,5080,11000,µm,observed,,,,shared
SID0061-UFTIR,SID0061,size_span,,5080,11000,µm,observed,,,,shared
SID0062-OPTICAL,SID0062,size_span,,20,100,µm,operational,,,,shared
SID0062-ATR_FTIR,SID0062,size_span,,20,100,µm,operational,,,,shared
SID0062-OPTICAL,SID0062,size_span,,101,500,µm,operational,,,,shared
SID0062-ATR_FTIR,SID0062,size_span,,101,500,µm,operational,,,,shared
SID0062-OPTICAL,SID0062,size_span,,501,1000,µm,operational,,,,shared
SID0062-ATR_FTIR,SID0062,size_span,,501,1000,µm,operational,,,,shared
SID0062-OPTICAL,SID0062,size_span,,1000,1000,µm,operational,,,,shared
SID0062-ATR_FTIR,SID0062,size_span,,1000,1000,µm,operational,,,,shared
SID0063-UFTIR,SID0063,size_span,,11.23,22.46,µm,observed,,,,direct
SID0066-FLUOR,SID0066,size_span,,50,300,µm,observed,,,,shared
SID0066-UFTIR,SID0066,size_span,,50,300,µm,observed,,,,shared
SID0068-ATR_FTIR,SID0068,size_span,,25.0,45.0,µm,reference,,,,shared
SID0068-UFTIR,SID0068,size_span,,25.0,45.0,µm,reference,,,,shared
SID0069-ATR_FTIR,SID0069,size_span,,300,350,µm,reference,,,,direct
SID0069-ATR_FTIR,SID0069,size_span,,3000,3000,µm,reference,,,,direct
SID0070-UFTIR,SID0070,size_span,,28.0,70.5,µm,observed,,,,shared
SID0070-ATR_FTIR,SID0070,size_span,,28.0,70.5,µm,observed,,,,shared
SID0071-RAMAN,SID0071,size_span,,36,974,µm,observed,,,,shared
SID0071-OPTICAL,SID0071,size_span,,36,974,µm,observed,,,,shared
SID0071-RAMAN,SID0071,size_span,,86,1947,µm,observed,,,,shared
SID0071-OPTICAL,SID0071,size_span,,86,1947,µm,observed,,,,shared
SID0071-RAMAN,SID0071,size_span,,108,1858,µm,observed,,,,shared
SID0071-OPTICAL,SID0071,size_span,,108,1858,µm,observed,,,,shared
SID0072-UFTIR,SID0072,size_span,,20.0,281.0,µm,observed,,,,direct
SID0073-OPTICAL,SID0073,size_span,,500,500,µm,operational,,,,shared
SID0073-ATR_FTIR,SID0073,size_span,,500,500,µm,operational,,,,shared
SID0073-OPTICAL,SID0073,size_span,,500,1000,µm,operational,,,,shared
SID0073-ATR_FTIR,SID0073,size_span,,500,1000,µm,operational,,,,shared
SID0073-OPTICAL,SID0073,size_span,,1000,5000,µm,operational,,,,shared
SID0073-ATR_FTIR,SID0073,size_span,,1000,5000,µm,operational,,,,shared
SID0074-PYGCMS,SID0074,mass_span,,124.1,362.8,µg/g,IQR,dry,,,direct
SID0075-RAMAN,SID0075,size_span,,2.9,34.5,µm,observed,,,,shared
SID0075-OPTICAL,SID0075,size_span,,2.9,34.5,µm,observed,,,,shared
SID0076-RAMAN,SID0076,size_span,,45.0,5000.0,µm,observed,,,,shared
SID0076-OPTICAL,SID0076,size_span,,45.0,5000.0,µm,observed,,,,shared
SID0076-SEM,SID0076,size_span,,45.0,5000.0,µm,observed,,,,shared
SID0077-OPTICAL,SID0077,size_span,,500,500,µm,operational,,,,shared
SID0077-ATR_FTIR,SID0077,size_span,,500,500,µm,operational,,,,shared
SID0077-SEM,SID0077,size_span,,500,500,µm,operational,,,,shared
SID0077-OPTICAL,SID0077,size_span,,500,1000,µm,operational,,,,shared
SID0077-ATR_FTIR,SID0077,size_span,,500,1000,µm,operational,,,,shared
SID0077-SEM,SID0077,size_span,,500,1000,µm,operational,,,,shared
SID0077-OPTICAL,SID0077,size_span,,1000,3000,µm,operational,,,,shared
SID0077-ATR_FTIR,SID0077,size_span,,1000,3000,µm,operational,,,,shared
SID0077-SEM,SID0077,size_span,,1000,3000,µm,operational,,,,shared
SID0077-OPTICAL,SID0077,size_span,,3000,5000,µm,operational,,,,shared
SID0077-ATR_FTIR,SID0077,size_span,,3000,5000,µm,operational,,,,shared
SID0077-SEM,SID0077,size_span,,3000,5000,µm,operational,,,,shared
SID0078-ATR_FTIR,SID0078,size_span,,100,5000,µm,operational,,,,direct
SID0079-OPTICAL,SID0079,size_span,,110,5000,µm,observed,,,,shared
SID0079-ATR_FTIR,SID0079,size_span,,110,5000,µm,observed,,,,shared
SID0080-OPTICAL,SID0080,size_span,,5.5,26.4,µm,observed,,,,shared
SID0080-UFTIR,SID0080,size_span,,5.5,26.4,µm,observed,,,,shared
SID0080-OPTICAL,SID0080,size_span,,3,25.4,µm,observed,,,,shared
SID0080-UFTIR,SID0080,size_span,,3,25.4,µm,observed,,,,shared
SID0080-OPTICAL,SID0080,size_span,,19,24.5,µm,observed,,,,shared
SID0080-UFTIR,SID0080,size_span,,19,24.5,µm,observed,,,,shared
SID0080-OPTICAL,SID0080,size_span,,2.6,6,µm,observed,,,,shared
SID0080-UFTIR,SID0080,size_span,,2.6,6,µm,observed,,,,shared
SID0081-OPTICAL,SID0081,size_span,,790.0,3700.0,µm,observed,,,,shared
SID0081-ATR_FTIR,SID0081,size_span,,790.0,3700.0,µm,observed,,,,shared
SID0082-OPTICAL,SID0082,size_span,,114,3969,µm,observed,,,,shared
SID0082-UFTIR,SID0082,size_span,,114,3969,µm,observed,,,,shared
SID0082-OPTICAL,SID0082,size_span,,13970,13970,µm,observed,,,,shared
SID0082-UFTIR,SID0082,size_span,,13970,13970,µm,observed,,,,shared
SID0082-OPTICAL,SID0082,size_span,,14810,14810,µm,observed,,,,shared
SID0082-UFTIR,SID0082,size_span,,14810,14810,µm,observed,,,,shared
SID0083-OPTICAL,SID0083,size_span,,100,100,µm,operational,,,,shared
SID0083-ATR_FTIR,SID0083,size_span,,100,100,µm,operational,,,,shared
SID0083-OPTICAL,SID0083,size_span,,100,5000,µm,operational,,,,shared
SID0083-ATR_FTIR,SID0083,size_span,,100,5000,µm,operational,,,,shared
SID0084-OPTICAL,SID0084,size_span,,148,11150,µm,observed,,,,shared
SID0084-UFTIR,SID0084,size_span,,148,11150,µm,observed,,,,shared
SID0084-OPTICAL,SID0084,size_span,,2,59.23,µm,observed,,,,shared
SID0084-UFTIR,SID0084,size_span,,2,59.23,µm,observed,,,,shared
SID0084-OPTICAL,SID0084,size_span,,23,1399,µm,observed,,,,shared
SID0084-UFTIR,SID0084,size_span,,23,1399,µm,observed,,,,shared
SID0085-FLUOR,SID0085,size_span,,1.6,40,µm,observed,,,,shared
SID0085-RAMAN,SID0085,size_span,,1.6,40,µm,observed,,,,shared
SID0086-FLUOR,SID0086,size_span,,100,100,µm,operational,,,,shared
SID0086-UFTIR,SID0086,size_span,,100,100,µm,operational,,,,shared
SID0088-OPTICAL,SID0088,size_span,,500,500,µm,operational,,,,shared
SID0088-ATR_FTIR,SID0088,size_span,,500,500,µm,operational,,,,shared
SID0088-OPTICAL,SID0088,size_span,,500,5000,µm,operational,,,,shared
SID0088-ATR_FTIR,SID0088,size_span,,500,5000,µm,operational,,,,shared
SID0088-OPTICAL,SID0088,size_span,,5000,5000,µm,operational,,,,shared
SID0088-ATR_FTIR,SID0088,size_span,,5000,5000,µm,operational,,,,shared
SID0089-RAMAN,SID0089,size_span,,69,2150,µm,observed,,,,shared
SID0089-OPTICAL,SID0089,size_span,,69,2150,µm,observed,,,,shared
SID0089-RAMAN,SID0089,size_span,,190,5691,µm,observed,,,,shared
SID0089-OPTICAL,SID0089,size_span,,190,5691,µm,observed,,,,shared
SID0090-OPTICAL,SID0090,size_span,,800,4700,µm,observed,,,,shared
SID0090-UFTIR,SID0090,size_span,,800,4700,µm,observed,,,,shared
SID0090-OPTICAL,SID0090,size_span,,5200,13700,µm,observed,,,,shared
SID0090-UFTIR,SID0090,size_span,,5200,13700,µm,observed,,,,shared
SID0091-RAMAN,SID0091,size_span,,1.2,20,µm,observed,,,,direct
SID0092-OPTICAL,SID0092,size_span,,17.8,4640.0,µm,observed,,,,shared
SID0092-UFTIR,SID0092,size_span,,17.8,4640.0,µm,observed,,,,shared
SID0093-OPTICAL,SID0093,size_span,,6.0,12930.0,µm,observed,,,,shared
SID0093-ATR_FTIR,SID0093,size_span,,6.0,12930.0,µm,observed,,,,shared
SID0094-OPTICAL,SID0094,size_span,,81.167,4480,µm,observed,,,,shared
SID0094-ATR_FTIR,SID0094,size_span,,81.167,4480,µm,observed,,,,shared
SID0094-UFTIR,SID0094,size_span,,81.167,4480,µm,observed,,,,shared
SID0094-RAMAN,SID0094,size_span,,81.167,4480,µm,observed,,,,shared
SID0094-OPTICAL,SID0094,size_span,,167.18,5693.96,µm,observed,,,,shared
SID0094-ATR_FTIR,SID0094,size_span,,167.18,5693.96,µm,observed,,,,shared
SID0094-UFTIR,SID0094,size_span,,167.18,5693.96,µm,observed,,,,shared
SID0094-RAMAN,SID0094,size_span,,167.18,5693.96,µm,observed,,,,shared
SID0095-RAMAN,SID0095,size_span,,100,5000,µm,operational,,,,shared
SID0095-OPTICAL,SID0095,size_span,,100,5000,µm,operational,,,,shared
SID0096-OPTICAL,SID0096,size_span,,250,250,µm,operational,,,,shared
SID0096-UFTIR,SID0096,size_span,,250,250,µm,operational,,,,shared
SID0096-OPTICAL,SID0096,size_span,,250,5000,µm,operational,,,,shared
SID0096-UFTIR,SID0096,size_span,,250,5000,µm,operational,,,,shared
SID0097-OPTICAL,SID0097,size_span,,100,100,µm,operational,,,,shared
SID0097-ATR_FTIR,SID0097,size_span,,100,100,µm,operational,,,,shared
SID0097-SEM,SID0097,size_span,,100,100,µm,operational,,,,shared
SID0097-UFTIR,SID0097,size_span,,100,100,µm,operational,,,,shared
SID0097-OPTICAL,SID0097,size_span,,101,1000,µm,operational,,,,shared
SID0097-ATR_FTIR,SID0097,size_span,,101,1000,µm,operational,,,,shared
SID0097-SEM,SID0097,size_span,,101,1000,µm,operational,,,,shared
SID0097-UFTIR,SID0097,size_span,,101,1000,µm,operational,,,,shared
SID0097-OPTICAL,SID0097,size_span,,1000,1000,µm,operational,,,,shared
SID0097-ATR_FTIR,SID0097,size_span,,1000,1000,µm,operational,,,,shared
SID0097-SEM,SID0097,size_span,,1000,1000,µm,operational,,,,shared
SID0097-UFTIR,SID0097,size_span,,1000,1000,µm,operational,,,,shared
SID0101-OPTICAL,SID0101,size_span,,100,5000,µm,operational,,,,shared
SID0101-ATR_FTIR,SID0101,size_span,,100,5000,µm,operational,,,,shared
SID0101-UFTIR,SID0101,size_span,,100,5000,µm,operational,,,,shared
SID0102-OPTICAL,SID0102,size_span,,21.0,4235.0,µm,observed,,,,shared
SID0102-UFTIR,SID0102,size_span,,21.0,4235.0,µm,observed,,,,shared
SID0103-ATR_FTIR,SID0103,size_span,,20.0,5220.0,µm,observed,,,,shared
SID0103-UFTIR,SID0103,size_span,,20.0,5220.0,µm,observed,,,,shared
SID0104-OPTICAL,SID0104,size_span,,300,1300,µm,observed,,,,shared
SID0104-ATR_FTIR,SID0104,size_span,,300,1300,µm,observed,,,,shared
SID0106-ATR_FTIR,SID0106,size_span,,18.0,72.0,µm,observed,,,,shared
SID0106-SEM,SID0106,size_span,,18.0,72.0,µm,observed,,,,shared
SID0106-UFTIR,SID0106,size_span,,18.0,72.0,µm,observed,,,,shared
SID0108-OPTICAL,SID0108,size_span,,26,5000,µm,operational,,,,shared
SID0108-ATR_FTIR,SID0108,size_span,,26,5000,µm,operational,,,,shared
SID0108-UFTIR,SID0108,size_span,,26,5000,µm,operational,,,,shared
SID0109-RAMAN,SID0109,size_span,,0.45,1.2,µm,operational,,,,direct
SID0109-RAMAN,SID0109,size_span,,1.2,3,µm,operational,,,,direct
SID0109-RAMAN,SID0109,size_span,,3,3,µm,operational,,,,direct
SID0112-PYGCMS,SID0112,mass_span,,1.6,1.6,µg/mL,summary,unspecified,,,direct
SID0114-PYGCMS,SID0114,mass_span,,45,317,µg/g,observed,dry,,,direct
SID0115-UFTIR,SID0115,size_span,,20,5000,µm,operational,,,,direct
SID0116-PYGCMS,SID0116,mass_span,,1.48,1.48,µg/g,summary,wet,,,direct
SID0119-FLUOR,SID0119,size_span,,1.3,93.9,µm,observed,,,,shared
SID0119-RAMAN,SID0119,size_span,,1.3,93.9,µm,observed,,,,shared
SID0121-RAMAN,SID0121,size_span,,1.57,1.57,µm,reference,,,,shared
SID0121-SEM,SID0121,size_span,,1.57,1.57,µm,reference,,,,shared
SID0121-FTIR,SID0121,size_span,,1.57,1.57,µm,reference,,,,shared
SID0122-OPTICAL,SID0122,size_span,,1,1,µm,reference,,,,shared
SID0122-SEM,SID0122,size_span,,1,1,µm,reference,,,,shared
SID0122-OPTICAL,SID0122,size_span,,5,5,µm,reference,,,,shared
SID0122-SEM,SID0122,size_span,,5,5,µm,reference,,,,shared
SID0125-FLUOR,SID0125,size_span,,0.32,33.32,µm,observed,,,,shared
SID0125-OPTICAL,SID0125,size_span,,0.32,33.32,µm,observed,,,,shared
SID0125-RAMAN,SID0125,size_span,,0.32,33.32,µm,observed,,,,shared
SID0126-RAMAN,SID0126,size_span,,2.6,1291.0,µm,observed,,,,shared
SID0126-ATR_FTIR,SID0126,size_span,,2.6,1291.0,µm,observed,,,,shared
SID0126-UFTIR,SID0126,size_span,,2.6,1291.0,µm,observed,,,,shared
SID0127-RAMAN,SID0127,size_span,,50,50,µm,operational,,,,direct
SID0127-RAMAN,SID0127,size_span,,50,1000,µm,operational,,,,direct
SID0129-OPTICAL,SID0129,size_span,,100,100,µm,operational,,,,shared
SID0129-ATR_FTIR,SID0129,size_span,,100,100,µm,operational,,,,shared
SID0129-SEM,SID0129,size_span,,100,100,µm,operational,,,,shared
SID0129-UFTIR,SID0129,size_span,,100,100,µm,operational,,,,shared
SID0129-OPTICAL,SID0129,size_span,,100,1000,µm,operational,,,,shared
SID0129-ATR_FTIR,SID0129,size_span,,100,1000,µm,operational,,,,shared
SID0129-SEM,SID0129,size_span,,100,1000,µm,operational,,,,shared
SID0129-UFTIR,SID0129,size_span,,100,1000,µm,operational,,,,shared
SID0129-OPTICAL,SID0129,size_span,,1000,1000,µm,operational,,,,shared
SID0129-ATR_FTIR,SID0129,size_span,,1000,1000,µm,operational,,,,shared
SID0129-SEM,SID0129,size_span,,1000,1000,µm,operational,,,,shared
SID0129-UFTIR,SID0129,size_span,,1000,1000,µm,operational,,,,shared
SID0130-ATR_FTIR,SID0130,size_span,,500,500,µm,operational,,,,direct
SID0130-ATR_FTIR,SID0130,size_span,,500,5000,µm,operational,,,,direct
SID0131-PYGCMS,SID0131,mass_span,,4.35,4.35,µg/mL,summary,unspecified,,,direct
SID0131-PYGCMS,SID0131,mass_span,,3.86,3.86,µg/mL,summary,unspecified,,,direct
SID0132-RAMAN,SID0132,size_span,,5000,5000,µm,reference,,,,shared
SID0132-FTIR,SID0132,size_span,,5000,5000,µm,reference,,,,shared
SID0133-OPTICAL,SID0133,size_span,,60.0,5210.0,µm,observed,,,,shared
SID0133-ATR_FTIR,SID0133,size_span,,60.0,5210.0,µm,observed,,,,shared
SID0134-RAMAN,SID0134,size_span,,63.59,638.71,µm,observed,,,,direct
SID0135-OPTICAL,SID0135,size_span,,8,200,µm,observed,,,,shared
SID0135-ATR_FTIR,SID0135,size_span,,8,200,µm,observed,,,,shared
SID0135-UFTIR,SID0135,size_span,,8,200,µm,observed,,,,shared
SID0135-OPTICAL,SID0135,size_span,,20,1000,µm,operational,,,,shared
SID0135-ATR_FTIR,SID0135,size_span,,20,1000,µm,operational,,,,shared
SID0135-UFTIR,SID0135,size_span,,20,1000,µm,operational,,,,shared
SID0135-OPTICAL,SID0135,size_span,,1000,1000,µm,operational,,,,shared
SID0135-ATR_FTIR,SID0135,size_span,,1000,1000,µm,operational,,,,shared
SID0135-UFTIR,SID0135,size_span,,1000,1000,µm,operational,,,,shared
SID0136-OPTICAL,SID0136,size_span,,48.0,4957.0,µm,observed,,,,shared
SID0136-UFTIR,SID0136,size_span,,48.0,4957.0,µm,observed,,,,shared
SID0137-RAMAN,SID0137,size_span,,2,12,µm,observed,,,,direct
SID0139-RAMAN,SID0139,size_span,,40,30000,µm,observed,,,,shared
SID0139-OPTICAL,SID0139,size_span,,40,30000,µm,observed,,,,shared
SID0140-PYGCMS,SID0140,mass_span,,0.2014,0.8797,µg/mL,observed,unspecified,,,direct
SID0141-OPTICAL,SID0141,size_span,,200,200,µm,operational,,,,shared
SID0141-ATR_FTIR,SID0141,size_span,,200,200,µm,operational,,,,shared
SID0141-UFTIR,SID0141,size_span,,200,200,µm,operational,,,,shared
SID0141-OPTICAL,SID0141,size_span,,200,1000,µm,operational,,,,shared
SID0141-ATR_FTIR,SID0141,size_span,,200,1000,µm,operational,,,,shared
SID0141-UFTIR,SID0141,size_span,,200,1000,µm,operational,,,,shared
SID0141-OPTICAL,SID0141,size_span,,1000,1000,µm,operational,,,,shared
SID0141-ATR_FTIR,SID0141,size_span,,1000,1000,µm,operational,,,,shared
SID0141-UFTIR,SID0141,size_span,,1000,1000,µm,operational,,,,shared
SID0143-OPTICAL,SID0143,size_span,,50,50,µm,reference,,,,shared
SID0143-ATR_FTIR,SID0143,size_span,,50,50,µm,reference,,,,shared
SID0143-UFTIR,SID0143,size_span,,50,50,µm,reference,,,,shared
SID0144-OPTICAL,SID0144,size_span,,100,1000,µm,operational,,,,shared
SID0144-ATR_FTIR,SID0144,size_span,,100,1000,µm,operational,,,,shared
SID0144-SEM,SID0144,size_span,,100,1000,µm,operational,,,,shared
SID0145-UFTIR,SID0145,size_span,,68.05,2152.24,µm,observed,,,,direct
SID0145-SEM,SID0145,size_span,,2870,2870,µm,observed,,,,direct
SID0146-RAMAN,SID0146,size_span,,4.0,15.0,µm,observed,,,,direct
SID0147-OPTICAL,SID0147,size_span,,500,500,µm,operational,,,,shared
SID0147-UFTIR,SID0147,size_span,,500,500,µm,operational,,,,shared
SID0147-OPTICAL,SID0147,size_span,,500,5000,µm,operational,,,,shared
SID0147-UFTIR,SID0147,size_span,,500,5000,µm,operational,,,,shared
SID0148-UFTIR,SID0148,size_span,,20.0,186.0,µm,observed,,,,shared
SID0148-LDIR,SID0148,size_span,,20.0,186.0,µm,observed,,,,shared
SID0148-FLUOR,SID0148,size_span,,20.0,186.0,µm,observed,,,,shared
SID0148-UFTIR,SID0148,mass_span,,7,7,µg/g,estimated,unspecified,,,derived
SID0148-LDIR,SID0148,mass_span,,7,7,µg/g,estimated,unspecified,,,derived
SID0148-FLUOR,SID0148,mass_span,,7,7,µg/g,estimated,unspecified,,,derived
SID0148-UFTIR,SID0148,mass_span,,2,2,µg/g,estimated,unspecified,,,derived
SID0148-LDIR,SID0148,mass_span,,2,2,µg/g,estimated,unspecified,,,derived
SID0148-FLUOR,SID0148,mass_span,,2,2,µg/g,estimated,unspecified,,,derived
SID0148-UFTIR,SID0148,mass_span,,1,1,µg/g,estimated,unspecified,,,derived
SID0148-LDIR,SID0148,mass_span,,1,1,µg/g,estimated,unspecified,,,derived
SID0148-FLUOR,SID0148,mass_span,,1,1,µg/g,estimated,unspecified,,,derived
SID0149-RAMAN,SID0149,size_span,,63,63,µm,observed,,,,shared
SID0149-OPTICAL,SID0149,size_span,,63,63,µm,observed,,,,shared
SID0149-RAMAN,SID0149,size_span,,7346.4,7346.4,µm,observed,,,,shared
SID0149-OPTICAL,SID0149,size_span,,7346.4,7346.4,µm,observed,,,,shared
SID0150-RAMAN,SID0150,size_span,,5,100,µm,operational,,,,direct
SID0150-RAMAN,SID0150,size_span,,100,100,µm,operational,,,,direct
SID0151-OPTICAL,SID0151,size_span,,25,5000,µm,observed,,,,shared
SID0151-UFTIR,SID0151,size_span,,25,5000,µm,observed,,,,shared
SID0152-OPTICAL,SID0152,size_span,,50,5000,µm,operational,,,,direct
SID0153-OPTICAL,SID0153,size_span,,159,4915,µm,observed,,,,direct
SID0153-OPTICAL,SID0153,size_span,,5031,13069,µm,observed,,,,direct
SID0155-RAMAN,SID0155,size_span,,1.0,15.0,µm,observed,,,,direct
SID0156-FLUOR,SID0156,size_span,,70,2150,µm,observed,,,,shared
SID0156-OPTICAL,SID0156,size_span,,70,2150,µm,observed,,,,shared
SID0156-FLUOR,SID0156,size_span,,120,4190,µm,observed,,,,shared
SID0156-OPTICAL,SID0156,size_span,,120,4190,µm,observed,,,,shared
SID0157-UFTIR,SID0157,size_span,,30,1312,µm,observed,,,,direct
SID0157-UFTIR,SID0157,size_span,,24,1119,µm,observed,,,,direct
SID0158-OPTICAL,SID0158,size_span,,16,4670,µm,observed,,,,shared
SID0158-ATR_FTIR,SID0158,size_span,,16,4670,µm,observed,,,,shared
SID0158-UFTIR,SID0158,size_span,,16,4670,µm,observed,,,,shared
SID0159-UFTIR,SID0159,size_span,,15.0,500.0,µm,observed,,,,direct
SID0160-RAMAN,SID0160,size_span,,100,100,µm,operational,,,,shared
SID0160-OPTICAL,SID0160,size_span,,100,100,µm,operational,,,,shared
SID0160-RAMAN,SID0160,size_span,,101,1000,µm,operational,,,,shared
SID0160-OPTICAL,SID0160,size_span,,101,1000,µm,operational,,,,shared
SID0160-RAMAN,SID0160,size_span,,1000,1000,µm,operational,,,,shared
SID0160-OPTICAL,SID0160,size_span,,1000,1000,µm,operational,,,,shared
SID0161-RAMAN,SID0161,size_span,,40.0,4940.0,µm,observed,,,,shared
SID0161-SEM,SID0161,size_span,,40.0,4940.0,µm,observed,,,,shared
SID0162-ATR_FTIR,SID0162,size_span,,2,3619,µm,observed,,,,shared
SID0162-UFTIR,SID0162,size_span,,2,3619,µm,observed,,,,shared
SID0162-ATR_FTIR,SID0162,size_span,,0.477,1757.5,µm,observed,,,,shared
SID0162-UFTIR,SID0162,size_span,,0.477,1757.5,µm,observed,,,,shared
SID0167-FTIR,SID0167,size_span,,200.0,4900.0,µm,observed,,,,direct
SID0169-ICPMS,SID0169,size_span,,2.93,2.93,µm,summary,,,,shared
SID0169-SEM,SID0169,size_span,,2.93,2.93,µm,summary,,,,shared
SID0169-ICPMS,SID0169,size_span,,2.97,2.97,µm,summary,,,,shared
SID0169-SEM,SID0169,size_span,,2.97,2.97,µm,summary,,,,shared
SID0170-SEM,SID0170,size_span,,20,500,µm,operational,,,,shared
SID0170-FTIR,SID0170,size_span,,20,500,µm,operational,,,,shared
SID0170-FLUOR,SID0170,size_span,,20,500,µm,operational,,,,shared
SID0171-RAMAN,SID0171,size_span,,0.89,6455.91,µm,observed,,,,shared
SID0171-ATR_FTIR,SID0171,size_span,,0.89,6455.91,µm,observed,,,,shared
SID0172-UFTIR,SID0172,size_span,,500,500,µm,operational,,,,direct
SID0172-UFTIR,SID0172,size_span,,500,5000,µm,operational,,,,direct
SID0173-RAMAN,SID0173,size_span,,1.2,1.2,µm,observed,,,,direct
SID0173-RAMAN,SID0173,size_span,,1.3,1.3,µm,observed,,,,direct
SID0173-RAMAN,SID0173,size_span,,1.5,1.5,µm,observed,,,,direct
SID0174-ATR_FTIR,SID0174,size_span,,50,5000,µm,operational,,,,direct
SID0175-ATR_FTIR,SID0175,size_span,,500.0,4000.0,µm,observed,,,,shared
SID0175-ICPMS,SID0175,size_span,,500.0,4000.0,µm,observed,,,,shared
SID0176-OPTICAL,SID0176,size_span,,500,500,µm,observed,,,,shared
SID0176-FTIR,SID0176,size_span,,500,500,µm,observed,,,,shared
SID0178-RAMAN,SID0178,size_span,,50.0,4400.0,µm,observed,,,,direct
SID0180-UFTIR,SID0180,size_span,,279.0,4657.0,µm,observed,,,,direct
SID0181-ATR_FTIR,SID0181,size_span,,1000,5000,µm,operational,,,,direct
SID0182-UFTIR,SID0182,size_span,,5,5000,µm,operational,,,,direct
SID0183-RAMAN,SID0183,size_span,,30,4000,µm,observed,,,,direct
SID0183-RAMAN,SID0183,size_span,,150,1500,µm,observed,,,,direct
SID0183-RAMAN,SID0183,size_span,,50,1000,µm,observed,,,,direct
SID0184-OPTICAL,SID0184,size_span,,300.0,5000.0,µm,observed,,,,direct
SID0185-ATR_FTIR,SID0185,size_span,,10.0,9080.0,µm,observed,,,,direct
SID0187-ATR_FTIR,SID0187,size_span,,19.0,1000.0,µm,observed,,,,direct
SID0189-UFTIR,SID0189,size_span,,28.86,4993.24,µm,observed,,,,direct
SID0190-FLUOR,SID0190,size_span,,0.097,0.097,µm,reference,,,,shared
SID0190-SEM,SID0190,size_span,,0.097,0.097,µm,reference,,,,shared
SID0190-FLUOR,SID0190,size_span,,500,500,µm,reference,,,,shared
SID0190-SEM,SID0190,size_span,,500,500,µm,reference,,,,shared
SID0191-ATR_FTIR,SID0191,size_span,,50,500,µm,operational,,,,direct
SID0192-RAMAN,SID0192,size_span,,50,50,µm,operational,,,,direct
SID0193-ATR_FTIR,SID0193,size_span,,100,5000,µm,observed,,,,direct
SID0195-OPTICAL,SID0195,size_span,,100,100,µm,operational,,,,direct
SID0195-OPTICAL,SID0195,size_span,,120,120,µm,operational,,,,direct
SID0195-OPTICAL,SID0195,size_span,,170,170,µm,operational,,,,direct
SID0196-ATR_FTIR,SID0196,size_span,,300.0,6000.0,µm,observed,,,,direct
SID0197-RAMAN,SID0197,size_span,,11.66,728.66,µm,observed,,,,shared
SID0197-ATR_FTIR,SID0197,size_span,,11.66,728.66,µm,observed,,,,shared
SID0197-SEM,SID0197,size_span,,11.66,728.66,µm,observed,,,,shared
SID0198-UFTIR,SID0198,size_span,,102.0,5000.0,µm,observed,,,,direct
SID0199-FLUOR,SID0199,size_span,,1000,5000,µm,observed,,,,shared
SID0199-UFTIR,SID0199,size_span,,1000,5000,µm,observed,,,,shared
SID0199-FLUOR,SID0199,size_span,,10,90,µm,reference,,,,shared
SID0199-UFTIR,SID0199,size_span,,10,90,µm,reference,,,,shared
SID0200-RAMAN,SID0200,size_span,,20,1000,µm,observed,,,,direct
SID0200-RAMAN,SID0200,size_span,,10,75,µm,observed,,,,direct
SID0200-RAMAN,SID0200,size_span,,800,800,µm,observed,,,,direct
SID0202-ATR_FTIR,SID0202,size_span,,2.0,5000.0,µm,observed,,,,direct
SID0204-FLUOR,SID0204,size_span,,25,360,µm,observed,,,,direct
SID0204-FLUOR,SID0204,size_span,,125,125,µm,reference,,,,direct
SID0205-ATR_FTIR,SID0205,size_span,,160.0,2450.0,µm,observed,,,,shared
SID0205-UFTIR,SID0205,size_span,,160.0,2450.0,µm,observed,,,,shared
SID0206-ATR_FTIR,SID0206,size_span,,25,3000,µm,observed,,,,direct
SID0209-FTIR,SID0209,size_span,,6.4,41,µm,observed,,,,direct
SID0209-FTIR,SID0209,size_span,,4.1,560,µm,observed,,,,direct
SID0210-RAMAN,SID0210,size_span,,1,1,µm,reference,,,,shared
SID0210-SEM,SID0210,size_span,,1,1,µm,reference,,,,shared
SID0210-UFTIR,SID0210,size_span,,1,1,µm,reference,,,,shared
SID0210-FLUOR,SID0210,size_span,,1,1,µm,reference,,,,shared
SID0210-RAMAN,SID0210,size_span,,256.9,256.9,µm,observed,,,,shared
SID0210-SEM,SID0210,size_span,,256.9,256.9,µm,observed,,,,shared
SID0210-UFTIR,SID0210,size_span,,256.9,256.9,µm,observed,,,,shared
SID0210-FLUOR,SID0210,size_span,,256.9,256.9,µm,observed,,,,shared
SID0210-RAMAN,SID0210,size_span,,492.6,492.6,µm,observed,,,,shared
SID0210-SEM,SID0210,size_span,,492.6,492.6,µm,observed,,,,shared
SID0210-UFTIR,SID0210,size_span,,492.6,492.6,µm,observed,,,,shared
SID0210-FLUOR,SID0210,size_span,,492.6,492.6,µm,observed,,,,shared
SID0211-OPTICAL,SID0211,size_span,,35,1020,µm,observed,,,,shared
SID0211-SEM,SID0211,size_span,,35,1020,µm,observed,,,,shared
SID0211-OPTICAL,SID0211,size_span,,20,283,µm,observed,,,,shared
SID0211-SEM,SID0211,size_span,,20,283,µm,observed,,,,shared
SID0211-OPTICAL,SID0211,size_span,,1,1,µm,operational,,,,shared
SID0211-SEM,SID0211,size_span,,1,1,µm,operational,,,,shared
SID0212-OPTICAL,SID0212,size_span,,970,970,µm,summary,,,,shared
SID0212-ATR_FTIR,SID0212,size_span,,970,970,µm,summary,,,,shared
SID0212-OPTICAL,SID0212,size_span,,1210,1210,µm,summary,,,,shared
SID0212-ATR_FTIR,SID0212,size_span,,1210,1210,µm,summary,,,,shared
SID0213-ATR_FTIR,SID0213,size_span,,12.0,5700.0,µm,observed,,,,direct
SID0214-UFTIR,SID0214,size_span,,137.5,4896,µm,reference,,,,direct
SID0214-UFTIR,SID0214,size_span,,228.1,1985.4,µm,observed,,,,direct
SID0214-UFTIR,SID0214,size_span,,280.3,2336.7,µm,observed,,,,direct
SID0216-ATR_FTIR,SID0216,size_span,,33.0,4860.0,µm,observed,,,,shared
SID0216-SEM,SID0216,size_span,,33.0,4860.0,µm,observed,,,,shared
SID0216-UFTIR,SID0216,size_span,,33.0,4860.0,µm,observed,,,,shared
SID0218-RAMAN,SID0218,size_span,,1.6,5.56,µm,observed,,,,direct
SID0218-RAMAN,SID0218,size_span,,8.12,16.8,µm,observed,,,,direct
SID0219-RAMAN,SID0219,size_span,,100.0,3500.0,µm,observed,,,,shared
SID0219-SEM,SID0219,size_span,,100.0,3500.0,µm,observed,,,,shared
SID0220-SEM,SID0220,size_span,,140.0,9960.0,µm,observed,,,,shared
SID0220-UFTIR,SID0220,size_span,,140.0,9960.0,µm,observed,,,,shared
SID0221-RAMAN,SID0221,size_span,,4.0,149.0,µm,observed,,,,shared
SID0221-OPTICAL,SID0221,size_span,,4.0,149.0,µm,observed,,,,shared
SID0222-OPTICAL,SID0222,size_span,,3400.0,158000.0,µm,observed,,,,shared
SID0222-ATR_FTIR,SID0222,size_span,,3400.0,158000.0,µm,observed,,,,shared
SID0223-RAMAN,SID0223,size_span,,110.0,72000.0,µm,observed,,,,shared
SID0223-OPTICAL,SID0223,size_span,,110.0,72000.0,µm,observed,,,,shared
SID0223-SEM,SID0223,size_span,,110.0,72000.0,µm,observed,,,,shared
SID0224-OPTICAL,SID0224,size_span,,34.0,5016.0,µm,observed,,,,shared
SID0224-UFTIR,SID0224,size_span,,34.0,5016.0,µm,observed,,,,shared
SID0225-UFTIR,SID0225,size_span,,20,500,µm,operational,,,,direct
SID0227-OPTICAL,SID0227,size_span,,60.0,10530.0,µm,observed,,,,shared
SID0227-ATR_FTIR,SID0227,size_span,,60.0,10530.0,µm,observed,,,,shared
SID0230-FLUOR,SID0230,size_span,,1095,1095,µm,summary,,,,shared
SID0230-RAMAN,SID0230,size_span,,1095,1095,µm,summary,,,,shared
SID0230-FLUOR,SID0230,size_span,,130.9,130.9,µm,summary,,,,shared
SID0230-RAMAN,SID0230,size_span,,130.9,130.9,µm,summary,,,,shared
SID0231-OPTICAL,SID0231,size_span,,5,500,µm,reference,,,,shared
SID0231-SEM,SID0231,size_span,,5,500,µm,reference,,,,shared
SID0231-OPTICAL,SID0231,size_span,,117,117,µm,summary,,,,shared
SID0231-SEM,SID0231,size_span,,117,117,µm,summary,,,,shared
SID0231-OPTICAL,SID0231,size_span,,82,82,µm,summary,,,,shared
SID0231-SEM,SID0231,size_span,,82,82,µm,summary,,,,shared
SID0231-OPTICAL,SID0231,size_span,,3462,3462,µm,observed,,,,shared
SID0231-SEM,SID0231,size_span,,3462,3462,µm,observed,,,,shared
SID0231-OPTICAL,SID0231,size_span,,3861,3861,µm,observed,,,,shared
SID0231-SEM,SID0231,size_span,,3861,3861,µm,observed,,,,shared
SID0232-UFTIR,SID0232,size_span,,63,3000,µm,reference,,,,shared
SID0232-ATR_FTIR,SID0232,size_span,,63,3000,µm,reference,,,,shared
SID0233-OPTICAL,SID0233,size_span,,2,36,µm,observed,,,,shared
SID0233-ATR_FTIR,SID0233,size_span,,2,36,µm,observed,,,,shared
SID0233-ICPMS,SID0233,size_span,,2,36,µm,observed,,,,shared
SID0233-OPTICAL,SID0233,size_span,,500,6000,µm,observed,,,,shared
SID0233-ATR_FTIR,SID0233,size_span,,500,6000,µm,observed,,,,shared
SID0233-ICPMS,SID0233,size_span,,500,6000,µm,observed,,,,shared
SID0234-FTIR,SID0234,size_span,,30,80,µm,reference,,,,shared
SID0234-SEM,SID0234,size_span,,30,80,µm,reference,,,,shared
SID0234-PYGCMS,SID0234,mass_span,,0.16,1.71,µg/g,observed,dry,,,shared
SID0234-TEDGCMS,SID0234,mass_span,,0.16,1.71,µg/g,observed,dry,,,shared
SID0235-RAMAN,SID0235,size_span,,12.0,5000.0,µm,observed,,,,direct
SID0236-RAMAN,SID0236,size_span,,20,5000,µm,operational,,,,shared
SID0236-SEM,SID0236,size_span,,20,5000,µm,operational,,,,shared
SID0236-ICPMS,SID0236,size_span,,20,5000,µm,operational,,,,shared
SID0236-RAMAN,SID0236,size_span,,46,1483,µm,observed,,,,direct
SID0238-RAMAN,SID0238,size_span,,100.0,42000.0,µm,observed,,,,shared
SID0238-OPTICAL,SID0238,size_span,,100.0,42000.0,µm,observed,,,,shared
SID0238-ATR_FTIR,SID0238,size_span,,100.0,42000.0,µm,observed,,,,shared
SID0238-FLUOR,SID0238,size_span,,100.0,42000.0,µm,observed,,,,shared
SID0239-UFTIR,SID0239,size_span,,210,5020,µm,observed,,,,direct
SID0240-RAMAN,SID0240,size_span,,22.0,4900.0,µm,observed,,,,direct
SID0242-UFTIR,SID0242,size_span,,50,50,µm,operational,,,,shared
SID0242-ICPMS,SID0242,size_span,,50,50,µm,operational,,,,shared
SID0242-UFTIR,SID0242,size_span,,5000,5000,µm,operational,,,,shared
SID0242-ICPMS,SID0242,size_span,,5000,5000,µm,operational,,,,shared
SID0244-RAMAN,SID0244,size_span,,1630,1630,µm,observed,,,,direct
SID0244-RAMAN,SID0244,size_span,,10,10,µm,observed,,,,direct
SID0245-ATR_FTIR,SID0245,size_span,,13.0,8000.0,µm,observed,,,,direct
SID0246-UFTIR,SID0246,size_span,,10.0,5000.0,µm,observed,,,,shared
SID0246-ATR_FTIR,SID0246,size_span,,10.0,5000.0,µm,observed,,,,shared
SID0247-RAMAN,SID0247,size_span,,63,600,µm,reference,,,,direct
SID0248-ATR_FTIR,SID0248,size_span,,5,50,µm,reference,,,,direct
SID0248-ATR_FTIR,SID0248,size_span,,40,48,µm,reference,,,,direct
SID0248-PYGCMS,SID0248,mass_span,,760,760,µg/g,summary,unspecified,,,direct
SID0248-PYGCMS,SID0248,mass_span,,660,660,µg/g,summary,unspecified,,,direct
SID0248-PYGCMS,SID0248,mass_span,,330,330,µg/g,summary,unspecified,,,direct
SID0248-PYGCMS,SID0248,mass_span,,420,420,µg/g,summary,unspecified,,,direct
SID0249-UFTIR,SID0249,size_span,,5.0,3000.0,µm,observed,,,,direct
SID0249-UFTIR,SID0249,mass_span,,0.66,0.66,µg/mL,estimated,unspecified,,,derived
SID0250-OPTICAL,SID0250,size_span,,100.0,5000.0,µm,observed,,,,shared
SID0250-ATR_FTIR,SID0250,size_span,,100.0,5000.0,µm,observed,,,,shared
SID0250-SEM,SID0250,size_span,,100.0,5000.0,µm,observed,,,,shared
SID0251-ATR_FTIR,SID0251,size_span,,50.0,6000.0,µm,observed,,,,direct
SID0252-ATR_FTIR,SID0252,size_span,,500,500,µm,operational,,,,direct
SID0252-ATR_FTIR,SID0252,size_span,,500,5000,µm,operational,,,,direct
SID0253-LDIR,SID0253,size_span,,20,500,µm,operational,,,,direct
SID0255-RAMAN,SID0255,size_span,,24.4,1387.0,µm,observed,,,,direct
SID0256-UFTIR,SID0256,size_span,,9.86,996.75,µm,observed,,,,direct
SID0256-UFTIR,SID0256,size_span,,350,44990,µm,observed,,,,direct
SID0258-OPTICAL,SID0258,size_span,,8.21,953.0,µm,observed,,,,shared
SID0258-ATR_FTIR,SID0258,size_span,,8.21,953.0,µm,observed,,,,shared
SID0006-ICPMS,SID0006,size_span,,0.2,0.21,µm,reference,,,,direct
SID0012-FLUOR,SID0012,size_span,,0.0272,0.0498,µm,reference,,,,shared
SID0012-ICPMS,SID0012,size_span,,0.0272,0.0498,µm,reference,,,,shared
SID0012-FLUOR,SID0012,size_span,,0.062,0.0981,µm,reference,,,,shared
SID0012-ICPMS,SID0012,size_span,,0.062,0.0981,µm,reference,,,,shared
SID0012-PYGCMS,SID0012,mass_span,,606.3,606.3,µg/g,summary,unspecified,,,shared
SID0012-ICPMS,SID0012,mass_span,,606.3,606.3,µg/g,summary,unspecified,,,shared
SID0012-PYGCMS,SID0012,mass_span,,3406.3,3406.3,µg/g,summary,unspecified,,,shared
SID0012-ICPMS,SID0012,mass_span,,3406.3,3406.3,µg/g,summary,unspecified,,,shared
SID0012-PYGCMS,SID0012,mass_span,,1.53,1.53,µg/g,summary,unspecified,,,shared
SID0012-ICPMS,SID0012,mass_span,,1.53,1.53,µg/g,summary,unspecified,,,shared
SID0012-PYGCMS,SID0012,mass_span,,13.8,13.8,µg/g,summary,unspecified,,,shared
SID0012-ICPMS,SID0012,mass_span,,13.8,13.8,µg/g,summary,unspecified,,,shared
SID0012-PYGCMS,SID0012,mass_span,,4.1,4.1,µg/g,summary,unspecified,,,shared
SID0012-ICPMS,SID0012,mass_span,,4.1,4.1,µg/g,summary,unspecified,,,shared
SID0012-PYGCMS,SID0012,mass_span,,22.5,22.5,µg/g,summary,unspecified,,,shared
SID0012-ICPMS,SID0012,mass_span,,22.5,22.5,µg/g,summary,unspecified,,,shared
SID0017-FLUOR,SID0017,size_span,,20,27,µm,reference,,,,shared
SID0017-ATR_FTIR,SID0017,size_span,,20,27,µm,reference,,,,shared
SID0017-OTHER_MS,SID0017,size_span,,20,27,µm,reference,,,,shared
SID0017-FLUOR,SID0017,size_span,,47,51,µm,reference,,,,shared
SID0017-ATR_FTIR,SID0017,size_span,,47,51,µm,reference,,,,shared
SID0017-OTHER_MS,SID0017,size_span,,47,51,µm,reference,,,,shared
SID0023-FLUOR,SID0023,size_span,,275,275,µm,reference,,,,shared
SID0023-ATR_FTIR,SID0023,size_span,,275,275,µm,reference,,,,shared
SID0023-SEM,SID0023,size_span,,275,275,µm,reference,,,,shared
SID0025-ICPMS,SID0025,size_span,,0.2,0.3,µm,reference,,,,shared
SID0025-SEM,SID0025,size_span,,0.2,0.3,µm,reference,,,,shared
SID0025-ICPMS,SID0025,size_span,,0.8,1,µm,reference,,,,shared
SID0025-SEM,SID0025,size_span,,0.8,1,µm,reference,,,,shared
SID0025-ICPMS,SID0025,size_span,,2.3,2.7,µm,reference,,,,shared
SID0025-SEM,SID0025,size_span,,2.3,2.7,µm,reference,,,,shared
SID0025-ICPMS,SID0025,mass_span,,60.64,60.64,µg/g,summary,unspecified,,,direct
SID0025-ICPMS,SID0025,mass_span,,38.98,38.98,µg/g,summary,unspecified,,,direct
SID0033-SEM,SID0033,size_span,,0.054,0.054,µm,reference,,,,direct
SID0033-FLUOR,SID0033,size_span,,0.24,0.24,µm,reference,,,,shared
SID0033-RAMAN,SID0033,size_span,,0.24,0.24,µm,reference,,,,shared
SID0033-ICPMS,SID0033,size_span,,0.24,0.24,µm,reference,,,,shared
SID0033-SEM,SID0033,size_span,,0.24,0.24,µm,reference,,,,shared
SID0033-FLUOR,SID0033,size_span,,0.514,1.237,µm,summary,,,,shared
SID0033-RAMAN,SID0033,size_span,,0.514,1.237,µm,summary,,,,shared
SID0033-ICPMS,SID0033,size_span,,0.514,1.237,µm,summary,,,,shared
SID0033-SEM,SID0033,size_span,,0.514,1.237,µm,summary,,,,shared
SID0033-FLUOR,SID0033,size_span,,2,2,µm,reference,,,,shared
SID0033-RAMAN,SID0033,size_span,,2,2,µm,reference,,,,shared
SID0033-ICPMS,SID0033,size_span,,2,2,µm,reference,,,,shared
SID0033-SEM,SID0033,size_span,,2,2,µm,reference,,,,shared
SID0033-FLUOR,SID0033,size_span,,5,5,µm,reference,,,,shared
SID0033-RAMAN,SID0033,size_span,,5,5,µm,reference,,,,shared
SID0033-ICPMS,SID0033,size_span,,5,5,µm,reference,,,,shared
SID0033-SEM,SID0033,size_span,,5,5,µm,reference,,,,shared
SID0033-ICPMS,SID0033,mass_span,,13.13,13.13,µg/g,estimated,unspecified,,,direct
SID0033-ICPMS,SID0033,mass_span,,9.49,9.49,µg/g,estimated,unspecified,,,direct
SID0036-ICPMS,SID0036,size_span,,80,355,µm,reference,,,,shared
SID0036-SEM,SID0036,size_span,,80,355,µm,reference,,,,shared
SID0053-RAMAN,SID0053,size_span,,1,1,µm,reference,,,,shared
SID0053-FLUOR,SID0053,size_span,,1,1,µm,reference,,,,shared
SID0058-RAMAN,SID0058,size_span,,380,5076,µm,observed,,,,direct
SID0058-RAMAN,SID0058,size_span,,3128,4956,µm,observed,,,,direct
SID0064-SEM,SID0064,size_span,,0.04904,0.04904,µm,reference,,,,shared
SID0064-ICPMS,SID0064,size_span,,0.04904,0.04904,µm,reference,,,,shared
SID0064-SEM,SID0064,size_span,,0.05002,0.05002,µm,reference,,,,shared
SID0064-ICPMS,SID0064,size_span,,0.05002,0.05002,µm,reference,,,,shared
SID0064-PYGCMS,SID0064,mass_span,,401,401,µg/g,summary,dry,,,shared
SID0064-ICPMS,SID0064,mass_span,,401,401,µg/g,summary,dry,,,shared
SID0064-PYGCMS,SID0064,mass_span,,350.13,350.13,µg/g,summary,dry,,,shared
SID0064-ICPMS,SID0064,mass_span,,350.13,350.13,µg/g,summary,dry,,,shared
SID0064-PYGCMS,SID0064,mass_span,,275.19,275.19,µg/g,summary,dry,,,shared
SID0064-ICPMS,SID0064,mass_span,,275.19,275.19,µg/g,summary,dry,,,shared
SID0065-RAMAN,SID0065,size_span,,105,145,µm,reference,,,,shared
SID0065-FTIR,SID0065,size_span,,105,145,µm,reference,,,,shared
SID0065-RAMAN,SID0065,size_span,,100,100,µm,reference,,,,shared
SID0065-FTIR,SID0065,size_span,,100,100,µm,reference,,,,shared
SID0067-ATR_FTIR,SID0067,size_span,,2.09,2.09,µm,summary,,,,shared
SID0067-SEM,SID0067,size_span,,2.09,2.09,µm,summary,,,,shared
SID0067-ATR_FTIR,SID0067,size_span,,3.11,3.11,µm,summary,,,,shared
SID0067-SEM,SID0067,size_span,,3.11,3.11,µm,summary,,,,shared
SID0067-ATR_FTIR,SID0067,size_span,,2.42,2.42,µm,summary,,,,shared
SID0067-SEM,SID0067,size_span,,2.42,2.42,µm,summary,,,,shared
SID0067-ATR_FTIR,SID0067,size_span,,5.92,5.92,µm,summary,,,,shared
SID0067-SEM,SID0067,size_span,,5.92,5.92,µm,summary,,,,shared
SID0087-FLUOR,SID0087,size_span,,34,50,µm,reference,,,,shared
SID0087-ATR_FTIR,SID0087,size_span,,34,50,µm,reference,,,,shared
SID0087-FLUOR,SID0087,size_span,,1000,1000,µm,reference,,,,shared
SID0087-ATR_FTIR,SID0087,size_span,,1000,1000,µm,reference,,,,shared
SID0098-OPTICAL,SID0098,size_span,,1160,1160,µm,reference,,,,shared
SID0098-UFTIR,SID0098,size_span,,1160,1160,µm,reference,,,,shared
SID0098-LDIR,SID0098,size_span,,1160,1160,µm,reference,,,,shared
SID0098-SEM,SID0098,size_span,,1160,1160,µm,reference,,,,shared
SID0098-OPTICAL,SID0098,size_span,,25.8,25.8,µm,reference,,,,shared
SID0098-UFTIR,SID0098,size_span,,25.8,25.8,µm,reference,,,,shared
SID0098-LDIR,SID0098,size_span,,25.8,25.8,µm,reference,,,,shared
SID0098-SEM,SID0098,size_span,,25.8,25.8,µm,reference,,,,shared
SID0098-OPTICAL,SID0098,size_span,,50,200,µm,reference,,,,shared
SID0098-UFTIR,SID0098,size_span,,50,200,µm,reference,,,,shared
SID0098-LDIR,SID0098,size_span,,50,200,µm,reference,,,,shared
SID0098-SEM,SID0098,size_span,,50,200,µm,reference,,,,shared
SID0098-OPTICAL,SID0098,size_span,,0.1,0.1,µm,operational,,,,shared
SID0098-UFTIR,SID0098,size_span,,0.1,0.1,µm,operational,,,,shared
SID0098-LDIR,SID0098,size_span,,0.1,0.1,µm,operational,,,,shared
SID0098-SEM,SID0098,size_span,,0.1,0.1,µm,operational,,,,shared
SID0098-LCMS,SID0098,mass_span,,221000,221000,µg/sample,summary,unspecified,,,direct
SID0098-LCMS,SID0098,mass_span,,188000,188000,µg/sample,summary,unspecified,,,direct
SID0098-LCMS,SID0098,mass_span,,2080,2080,µg/sample,summary,unspecified,,,direct
SID0098-LCMS,SID0098,mass_span,,0.896,0.896,µg/mL,summary,unspecified,,,direct
SID0100-FLUOR,SID0100,size_span,,0.025,0.025,µm,reference,,,,direct
SID0100-FLUOR,SID0100,size_span,,0.25,0.25,µm,reference,,,,direct
SID0100-FLUOR,SID0100,size_span,,0.366,0.366,µm,reference,,,,direct
SID0100-FLUOR,SID0100,size_span,,2,2,µm,reference,,,,direct
SID0105-FLUOR,SID0105,size_span,,20,210,µm,reference,,,,shared
SID0105-UFTIR,SID0105,size_span,,20,210,µm,reference,,,,shared
SID0105-SEM,SID0105,size_span,,20,210,µm,reference,,,,shared
SID0105-FLUOR,SID0105,size_span,,3000,4000,µm,reference,,,,shared
SID0105-UFTIR,SID0105,size_span,,3000,4000,µm,reference,,,,shared
SID0105-SEM,SID0105,size_span,,3000,4000,µm,reference,,,,shared
SID0105-FLUOR,SID0105,size_span,,30,250,µm,observed,,,,shared
SID0105-UFTIR,SID0105,size_span,,30,250,µm,observed,,,,shared
SID0105-SEM,SID0105,size_span,,30,250,µm,observed,,,,shared
SID0107-FLUOR,SID0107,size_span,,0.1,0.1,µm,reference,,,,shared
SID0107-ATR_FTIR,SID0107,size_span,,0.1,0.1,µm,reference,,,,shared
SID0107-SEM,SID0107,size_span,,0.1,0.1,µm,reference,,,,shared
SID0107-FLUOR,SID0107,size_span,,0.75,0.75,µm,reference,,,,shared
SID0107-ATR_FTIR,SID0107,size_span,,0.75,0.75,µm,reference,,,,shared
SID0107-SEM,SID0107,size_span,,0.75,0.75,µm,reference,,,,shared
SID0107-SEM,SID0107,size_span,,0.722,0.76,µm,reference,,,,direct
SID0110-FLUOR,SID0110,size_span,,0.1,0.3,µm,reference,,,,shared
SID0110-UFTIR,SID0110,size_span,,0.1,0.3,µm,reference,,,,shared
SID0110-FLUOR,SID0110,size_span,,10,10,µm,reference,,,,shared
SID0110-UFTIR,SID0110,size_span,,10,10,µm,reference,,,,shared
SID0110-FLUOR,SID0110,size_span,,25,25,µm,reference,,,,shared
SID0110-UFTIR,SID0110,size_span,,25,25,µm,reference,,,,shared
SID0110-FLUOR,SID0110,size_span,,89,89,µm,reference,,,,shared
SID0110-UFTIR,SID0110,size_span,,89,89,µm,reference,,,,shared
SID0117-FLUOR,SID0117,size_span,,0.16,0.16,µm,reference,,,,shared
SID0117-RAMAN,SID0117,size_span,,0.16,0.16,µm,reference,,,,shared
SID0117-UFTIR,SID0117,size_span,,0.16,0.16,µm,reference,,,,shared
SID0117-ATR_FTIR,SID0117,size_span,,0.16,0.16,µm,reference,,,,shared
SID0117-AFM,SID0117,size_span,,0.16,0.16,µm,reference,,,,shared
SID0128-FLUOR,SID0128,size_span,,0.3501,0.3501,µm,summary,,,,shared
SID0128-UFTIR,SID0128,size_span,,0.3501,0.3501,µm,summary,,,,shared
SID0128-SEM,SID0128,size_span,,0.3501,0.3501,µm,summary,,,,shared
SID0128-FLUOR,SID0128,size_span,,0.5134,0.5134,µm,summary,,,,shared
SID0128-UFTIR,SID0128,size_span,,0.5134,0.5134,µm,summary,,,,shared
SID0128-SEM,SID0128,size_span,,0.5134,0.5134,µm,summary,,,,shared
SID0128-FLUOR,SID0128,mass_span,,104.0,104.0,µg/g,estimated,predicted dry,,,derived
SID0128-UFTIR,SID0128,mass_span,,104.0,104.0,µg/g,estimated,predicted dry,,,derived
SID0128-SEM,SID0128,mass_span,,104.0,104.0,µg/g,estimated,predicted dry,,,derived
SID0128-FLUOR,SID0128,mass_span,,148.0,148.0,µg/g,estimated,predicted dry,,,derived
SID0128-UFTIR,SID0128,mass_span,,148.0,148.0,µg/g,estimated,predicted dry,,,derived
SID0128-SEM,SID0128,mass_span,,148.0,148.0,µg/g,estimated,predicted dry,,,derived
SID0128-FLUOR,SID0128,mass_span,,36.0,36.0,µg/g,estimated,predicted dry,,,derived
SID0128-UFTIR,SID0128,mass_span,,36.0,36.0,µg/g,estimated,predicted dry,,,derived
SID0128-SEM,SID0128,mass_span,,36.0,36.0,µg/g,estimated,predicted dry,,,derived
SID0128-FLUOR,SID0128,mass_span,,105.0,105.0,µg/g,estimated,predicted dry,,,derived
SID0128-UFTIR,SID0128,mass_span,,105.0,105.0,µg/g,estimated,predicted dry,,,derived
SID0128-SEM,SID0128,mass_span,,105.0,105.0,µg/g,estimated,predicted dry,,,derived
SID0128-FLUOR,SID0128,mass_span,,12.0,12.0,µg/g,estimated,predicted dry,,,derived
SID0128-UFTIR,SID0128,mass_span,,12.0,12.0,µg/g,estimated,predicted dry,,,derived
SID0128-SEM,SID0128,mass_span,,12.0,12.0,µg/g,estimated,predicted dry,,,derived
SID0128-FLUOR,SID0128,mass_span,,2.0,2.0,µg/g,estimated,predicted dry,,,derived
SID0128-UFTIR,SID0128,mass_span,,2.0,2.0,µg/g,estimated,predicted dry,,,derived
SID0128-SEM,SID0128,mass_span,,2.0,2.0,µg/g,estimated,predicted dry,,,derived
SID0128-FLUOR,SID0128,mass_span,,21.0,21.0,µg/g,estimated,predicted dry,,,derived
SID0128-UFTIR,SID0128,mass_span,,21.0,21.0,µg/g,estimated,predicted dry,,,derived
SID0128-SEM,SID0128,mass_span,,21.0,21.0,µg/g,estimated,predicted dry,,,derived
SID0128-FLUOR,SID0128,mass_span,,13.0,13.0,µg/g,estimated,predicted dry,,,derived
SID0128-UFTIR,SID0128,mass_span,,13.0,13.0,µg/g,estimated,predicted dry,,,derived
SID0128-SEM,SID0128,mass_span,,13.0,13.0,µg/g,estimated,predicted dry,,,derived
SID0128-FLUOR,SID0128,mass_span,,12.0,12.0,µg/g,estimated,predicted dry,,,derived
SID0128-UFTIR,SID0128,mass_span,,12.0,12.0,µg/g,estimated,predicted dry,,,derived
SID0128-SEM,SID0128,mass_span,,12.0,12.0,µg/g,estimated,predicted dry,,,derived
SID0128-FLUOR,SID0128,mass_span,,4.0,4.0,µg/g,estimated,predicted dry,,,derived
SID0128-UFTIR,SID0128,mass_span,,4.0,4.0,µg/g,estimated,predicted dry,,,derived
SID0128-SEM,SID0128,mass_span,,4.0,4.0,µg/g,estimated,predicted dry,,,derived
SID0128-FLUOR,SID0128,mass_span,,53.0,53.0,µg/g,estimated,predicted dry,,,derived
SID0128-UFTIR,SID0128,mass_span,,53.0,53.0,µg/g,estimated,predicted dry,,,derived
SID0128-SEM,SID0128,mass_span,,53.0,53.0,µg/g,estimated,predicted dry,,,derived
SID0128-FLUOR,SID0128,mass_span,,110.0,110.0,µg/g,estimated,predicted dry,,,derived
SID0128-UFTIR,SID0128,mass_span,,110.0,110.0,µg/g,estimated,predicted dry,,,derived
SID0128-SEM,SID0128,mass_span,,110.0,110.0,µg/g,estimated,predicted dry,,,derived
SID0128-FLUOR,SID0128,mass_span,,20.0,20.0,µg/g,estimated,predicted dry,,,derived
SID0128-UFTIR,SID0128,mass_span,,20.0,20.0,µg/g,estimated,predicted dry,,,derived
SID0128-SEM,SID0128,mass_span,,20.0,20.0,µg/g,estimated,predicted dry,,,derived
SID0128-FLUOR,SID0128,mass_span,,98.0,98.0,µg/g,estimated,predicted dry,,,derived
SID0128-UFTIR,SID0128,mass_span,,98.0,98.0,µg/g,estimated,predicted dry,,,derived
SID0128-SEM,SID0128,mass_span,,98.0,98.0,µg/g,estimated,predicted dry,,,derived
SID0128-FLUOR,SID0128,mass_span,,6.0,6.0,µg/g,estimated,predicted dry,,,derived
SID0128-UFTIR,SID0128,mass_span,,6.0,6.0,µg/g,estimated,predicted dry,,,derived
SID0128-SEM,SID0128,mass_span,,6.0,6.0,µg/g,estimated,predicted dry,,,derived
SID0128-FLUOR,SID0128,mass_span,,14.0,14.0,µg/g,estimated,predicted dry,,,derived
SID0128-UFTIR,SID0128,mass_span,,14.0,14.0,µg/g,estimated,predicted dry,,,derived
SID0128-SEM,SID0128,mass_span,,14.0,14.0,µg/g,estimated,predicted dry,,,derived
SID0142-FLUOR,SID0142,size_span,,90,106,µm,reference,,,,direct
SID0154-FLUOR,SID0154,size_span,,1,5,µm,reference,,,,direct
SID0154-FLUOR,SID0154,size_span,,40,47,µm,reference,,,,direct
SID0163-FLUOR,SID0163,size_span,,0.05,1,µm,reference,,,,direct
SID0163-FLUOR,SID0163,size_span,,0.084,1.63,µm,summary,,,,direct
SID0164-FLUOR,SID0164,size_span,,0.015,0.1,µm,reference,,,,shared
SID0164-ATR_FTIR,SID0164,size_span,,0.015,0.1,µm,reference,,,,shared
SID0164-SEM,SID0164,size_span,,0.015,0.1,µm,reference,,,,shared
SID0165-FLUOR,SID0165,size_span,,0.7,9.17,µm,summary,,,,shared
SID0165-FTIR,SID0165,size_span,,0.7,9.17,µm,summary,,,,shared
SID0165-SEM,SID0165,size_span,,0.7,9.17,µm,summary,,,,shared
SID0165-FLUOR,SID0165,size_span,,0.72,9.19,µm,summary,,,,shared
SID0165-FTIR,SID0165,size_span,,0.72,9.19,µm,summary,,,,shared
SID0165-SEM,SID0165,size_span,,0.72,9.19,µm,summary,,,,shared
SID0168-AFM,SID0168,size_span,,40,48,µm,reference,,,,direct
SID0168-AFM,SID0168,size_span,,0.02,0.15,µm,observed,,,,direct
SID0177-ICPMS,SID0177,size_span,,0.098,0.505,µm,reference,,,,shared
SID0177-SEM,SID0177,size_span,,0.098,0.505,µm,reference,,,,shared
SID0179-SEM,SID0179,size_span,,0.05,0.35,µm,reference,,,,shared
SID0179-ICPMS,SID0179,size_span,,0.05,0.35,µm,reference,,,,shared
SID0179-SEM,SID0179,size_span,,0.1,0.4,µm,reference,,,,shared
SID0179-ICPMS,SID0179,size_span,,0.1,0.4,µm,reference,,,,shared
SID0186-SEM,SID0186,size_span,,0.05,0.35,µm,reference,,,,direct
SID0201-FLUOR,SID0201,size_span,,0.025,0.025,µm,reference,,,,direct
SID0201-FLUOR,SID0201,size_span,,1,1,µm,reference,,,,direct
SID0207-ATR_FTIR,SID0207,size_span,,618,618,µm,summary,,,,direct
SID0207-ATR_FTIR,SID0207,size_span,,566,566,µm,summary,,,,direct
SID0207-ATR_FTIR,SID0207,size_span,,412,412,µm,summary,,,,direct
SID0215-ICPMS,SID0215,size_span,,0.25,0.25,µm,reference,,,,shared
SID0215-SEM,SID0215,size_span,,0.25,0.25,µm,reference,,,,shared
SID0215-RAMAN,SID0215,size_span,,0.25,0.25,µm,reference,,,,shared
SID0217-FLUOR,SID0217,size_span,,0.1,1,µm,reference,,,,shared
SID0217-AFM,SID0217,size_span,,0.1,1,µm,reference,,,,shared
SID0226-RAMAN,SID0226,size_span,,500,5000,µm,reference,,,,direct
SID0229-RAMAN,SID0229,size_span,,0.2,10,µm,reference,,,,direct
SID0229-RAMAN,SID0229,size_span,,1,1,µm,reference,,,,direct
SID0229-RAMAN,SID0229,size_span,,6,6,µm,reference,,,,direct
SID0243-FLUOR,SID0243,size_span,,0.015,0.018,µm,reference,,,,shared
SID0243-UFTIR,SID0243,size_span,,0.015,0.018,µm,reference,,,,shared
SID0243-RAMAN,SID0243,size_span,,0.015,0.018,µm,reference,,,,shared
SID0243-SEM,SID0243,size_span,,0.015,0.018,µm,reference,,,,shared
SID0243-FLUOR,SID0243,size_span,,400,400,µm,reference,,,,shared
SID0243-UFTIR,SID0243,size_span,,400,400,µm,reference,,,,shared
SID0243-RAMAN,SID0243,size_span,,400,400,µm,reference,,,,shared
SID0243-SEM,SID0243,size_span,,400,400,µm,reference,,,,shared
SID0243-FLUOR,SID0243,size_span,,1,1,µm,observed,,,,shared
SID0243-UFTIR,SID0243,size_span,,1,1,µm,observed,,,,shared
SID0243-RAMAN,SID0243,size_span,,1,1,µm,observed,,,,shared
SID0243-SEM,SID0243,size_span,,1,1,µm,observed,,,,shared
SID0243-FLUOR,SID0243,size_span,,20,20,µm,observed,,,,shared
SID0243-UFTIR,SID0243,size_span,,20,20,µm,observed,,,,shared
SID0243-RAMAN,SID0243,size_span,,20,20,µm,observed,,,,shared
SID0243-SEM,SID0243,size_span,,20,20,µm,observed,,,,shared
SID0254-FLUOR,SID0254,size_span,,0.5,0.5,µm,reference,,,,shared
SID0254-FTIR,SID0254,size_span,,0.5,0.5,µm,reference,,,,shared
SID0254-SEM,SID0254,size_span,,0.5,0.5,µm,reference,,,,shared
SID0254-FLUOR,SID0254,size_span,,1,1,µm,reference,,,,shared
SID0254-FTIR,SID0254,size_span,,1,1,µm,reference,,,,shared
SID0254-SEM,SID0254,size_span,,1,1,µm,reference,,,,shared
SID0257-RAMAN,SID0257,size_span,,3,2000,µm,reference,,,,shared
SID0257-ATR_FTIR,SID0257,size_span,,3,2000,µm,reference,,,,shared
SID0257-UFTIR,SID0257,size_span,,3,2000,µm,reference,,,,shared
SID0257-RAMAN,SID0257,size_span,,3,7000,µm,reference,,,,shared
SID0257-ATR_FTIR,SID0257,size_span,,3,7000,µm,reference,,,,shared
SID0257-UFTIR,SID0257,size_span,,3,7000,µm,reference,,,,shared
SID0259-PYGCMS,SID0259,mass_span,,0.01594,3.63,µg/mL,observed,results,,,direct
SID0261-PYGCMS,SID0261,mass_span,,0.038,6.923,µg/mL,observed,results,,,direct
SID0262-RAMAN,SID0262,size_span,,0.72,7.02,µm,observed,,,,direct
SID0263-PYGCMS,SID0263,mass_span,,0.01407,15310,µg/g,observed,results,,,direct
SID0264-FLUOR,SID0264,size_span,,0.04,5.0,µm,observed,,,,shared
SID0264-ATR_FTIR,SID0264,size_span,,0.04,5.0,µm,observed,,,,shared
SID0264-SEM,SID0264,size_span,,0.04,5.0,µm,observed,,,,shared
SID0264-UFTIR,SID0264,size_span,,0.04,5.0,µm,observed,,,,shared
SID0264-PYGCMS,SID0264,mass_span,,0.003522,47730,µg/g,observed,results,,,direct
SID0265-UFTIR,SID0265,size_span,,15.0,4811.0,µm,observed,,,,direct
SID0266-UFTIR,SID0266,size_span,,50.0,500.0,µm,observed,,,,direct
SID0267-FTIR,SID0267,size_span,,20.0,500.0,µm,observed,,,,direct
SID0268-RAMAN,SID0268,size_span,,1.031,6.842,µm,observed,,,,direct
SID0269-PYGCMS,SID0269,mass_span,,0.17,32.81,µg/g,observed,results,,,direct
SID0270-PYGCMS,SID0270,mass_span,,5.1,1718.8,µg/g,observed,results,,,direct
SID0274-PYGCMS,SID0274,mass_span,,0.008,0.986,µg/mL,observed,results,,,direct
SID0276-PYGCMS,SID0276,mass_span,,0.01,29.98,µg/g,observed,results,,,direct
SID0278-SEM,SID0278,size_span,,10.0,500.0,µm,observed,,,,direct
SID0278-PYGCMS,SID0278,mass_span,,0.08,13.01,µg/g,observed,results,,,direct
SID0280-UFTIR,SID0280,size_span,,100.0,500.0,µm,observed,,,,direct
SID0282-PYGCMS,SID0282,mass_span,,0.87,114.5,µg/g,observed,results,,,direct
SID0284-SEM,SID0284,size_span,,10.0,10.0,µm,observed,,,,shared
SID0284-FTIR,SID0284,size_span,,10.0,10.0,µm,observed,,,,shared
SID0284-PYGCMS,SID0284,mass_span,,13.56,21.36,µg/g,observed,results,,,direct
SID0285-PYGCMS,SID0285,mass_span,,2.951,200.2428,µg/g,observed,results,,,direct
SID0286-SEM,SID0286,size_span,,20.0,500.0,µm,observed,,,,shared
SID0286-FTIR,SID0286,size_span,,20.0,500.0,µm,observed,,,,shared
SID0286-PYGCMS,SID0286,mass_span,,0.58,59.79,µg/g,observed,results,,,direct
SID0287-SEM,SID0287,size_span,,20.0,500.0,µm,observed,,,,shared
SID0287-FTIR,SID0287,size_span,,20.0,500.0,µm,observed,,,,shared
SID0287-PYGCMS,SID0287,mass_span,,2.535,5369,µg/g,observed,results,,,direct
SID0288-SEM,SID0288,size_span,,20.0,500.0,µm,observed,,,,shared
SID0288-FTIR,SID0288,size_span,,20.0,500.0,µm,observed,,,,shared
SID0288-PYGCMS,SID0288,mass_span,,0.01,67.02,µg/g,observed,results,,,direct
SID0291-SEM,SID0291,size_span,,100.0,200.0,µm,observed,,,,shared
SID0291-FTIR,SID0291,size_span,,100.0,200.0,µm,observed,,,,shared
SID0291-PYGCMS,SID0291,mass_span,,0.09083,219.2,µg/g,observed,results,,,direct
SID0295-RAMAN,SID0295,size_span,,0.008,1.0,µm,observed,,,,shared
SID0295-UFTIR,SID0295,size_span,,0.008,1.0,µm,observed,,,,shared
SID0295-SEM,SID0295,size_span,,0.008,1.0,µm,observed,,,,shared
SID0296-PYGCMS,SID0296,mass_span,,0.26,20.9,µg/g,observed,results,,,direct
SID0297-PYGCMS,SID0297,mass_span,,0.33,92.05,µg/g,observed,results,,,direct
SID0299-PYGCMS,SID0299,mass_span,,0.35,8.8,µg/g,observed,results,,,direct
SID0300-PYGCMS,SID0300,mass_span,,0.12,2.91,µg/g,observed,results,,,direct
SID0302-PYGCMS,SID0302,mass_span,,2.36,695.94,mg/g,observed,results,,,direct
SID0303-PYGCMS,SID0303,mass_span,,8.7,38000,ng/mL,observed,results,,,shared
SID0303-ICPMS,SID0303,mass_span,,8.7,38000,ng/mL,observed,results,,,shared
SID0305-FTIR,SID0305,size_span,,20.0,50.0,µm,observed,,,,direct
SID0305-PYGCMS,SID0305,mass_span,,2.0874,50.83,µg/g,observed,results,,,direct
SID0306-PYGCMS,SID0306,mass_span,,1.36,3.28,µg/g,observed,results,,,direct
SID0307-RAMAN,SID0307,size_span,,1.0,1.0,µm,observed,,,,direct
SID0307-PYGCMS,SID0307,mass_span,,0.56,20.28,µg/g,observed,results,,,direct
SID0308-FTIR,SID0308,size_span,,20.0,50.0,µm,observed,,,,direct
SID0309-SEM,SID0309,size_span,,20.0,20.0,µm,observed,,,,shared
SID0309-FTIR,SID0309,size_span,,20.0,20.0,µm,observed,,,,shared
SID0310-PYGCMS,SID0310,mass_span,,0.08,3.91,µg/mL,observed,results,,,direct
SID0312-PYGCMS,SID0312,mass_span,,2.029,3234,µg/g,observed,results,,,direct
SID0313-RAMAN,SID0313,size_span,,100.0,4334.0,µm,observed,,,,shared
SID0313-SEM,SID0313,size_span,,100.0,4334.0,µm,observed,,,,shared
SID0314-SEM,SID0314,size_span,,3.66,10.0,µm,observed,,,,direct
SID0315-PYGCMS,SID0315,mass_span,,5.735,827,ng/mL,observed,results,,,direct
SID0316-RAMAN,SID0316,size_span,,20.0,150.0,µm,observed,,,,shared
SID0316-UFTIR,SID0316,size_span,,20.0,150.0,µm,observed,,,,shared
SID0319-PYGCMS,SID0319,mass_span,,0.01,175.11,µg/mL,observed,results,,,direct
SID0320-SEM,SID0320,size_span,,5.0,10.0,µm,observed,,,,shared
SID0320-UFTIR,SID0320,size_span,,5.0,10.0,µm,observed,,,,shared
SID0325-PYGCMS,SID0325,mass_span,,0.009,185.084,µg/mL,observed,results,,,direct
SID0326-SEM,SID0326,size_span,,100.0,100.0,µm,observed,,,,shared
SID0326-FTIR,SID0326,size_span,,100.0,100.0,µm,observed,,,,shared
SID0327-SEM,SID0327,size_span,,20.0,50.0,µm,observed,,,,shared
SID0327-FTIR,SID0327,size_span,,20.0,50.0,µm,observed,,,,shared
SID0327-PYGCMS,SID0327,mass_span,,0.2303,17.59,µg/g,observed,results,,,direct
SID0330-PYGCMS,SID0330,mass_span,,0.1738,225.4,µg/mL,observed,results,,,direct
SID0331-FLUOR,SID0331,size_span,,1.0,1.0,µm,observed,,,,direct
SID0332-PYGCMS,SID0332,mass_span,,0.087,10.07,µg/g,observed,results,,,direct
SID0335-FTIR,SID0335,size_span,,20.0,100.0,µm,observed,,,,direct
SID0337-PYGCMS,SID0337,mass_span,,0.03067,106.3,µg/mL,observed,results,,,direct
SID0339-PYGCMS,SID0339,mass_span,,19.03,174.89,µg/g,observed,results,,,direct
SID0340-PYGCMS,SID0340,mass_span,,0.08,71.22,µg/g,observed,results,,,direct
SID0342-PYGCMS,SID0342,mass_span,,0.1177,22.2361,mg/g,observed,results,,,direct
SID0343-PYGCMS,SID0343,mass_span,,0.098,56.188,µg/mL,observed,results,,,direct
SID0344-PYGCMS,SID0344,mass_span,,2.1,545.9,ng/g,observed,results,,,direct
SID0346-PYGCMS,SID0346,mass_span,,0.51,345.57,µg/g,observed,results,,,direct
SID0346-PYGCMS,SID0346,mass_span,,0.01,6.49,µg/mL,observed,results,,,direct
SID0347-RAMAN,SID0347,size_span,,2.0,100.0,µm,observed,,,,shared
SID0347-SEM,SID0347,size_span,,2.0,100.0,µm,observed,,,,shared
SID0349-RAMAN,SID0349,size_span,,1.0,20.0,µm,observed,,,,direct
SID0350-PYGCMS,SID0350,mass_span,,181,290.3,µg/g,observed,results,,,direct
SID0355-UFTIR,SID0355,size_span,,100.0,500.0,µm,observed,,,,direct
SID0356-RAMAN,SID0356,size_span,,3.0,2000.0,µm,observed,,,,direct
SID0361-UFTIR,SID0361,size_span,,5.0,5.0,µm,observed,,,,direct
SID0363-PYGCMS,SID0363,mass_span,,2.18,4.14,µg/g,observed,results,,,direct
SID0363-PYGCMS,SID0363,mass_span,,1.32,13.76,ng/mL,observed,results,,,direct
SID0369-UFTIR,SID0369,size_span,,10.0,200.0,µm,observed,,,,direct
SID0370-PYGCMS,SID0370,mass_span,,4.2,96.2,µg/mL,observed,results,,,direct
SID0372-FLUOR,SID0372,size_span,,3.0,29.5,µm,observed,,,,shared
SID0372-RAMAN,SID0372,size_span,,3.0,29.5,µm,observed,,,,shared
SID0373-UFTIR,SID0373,size_span,,10.0,200.0,µm,observed,,,,direct
SID0375-UFTIR,SID0375,size_span,,15.49,51.98,µm,observed,,,,direct
SID0378-RAMAN,SID0378,size_span,,1000.0,5000.0,µm,observed,,,,direct
SID0380-RAMAN,SID0380,size_span,,1.0,497.0,µm,observed,,,,direct
SID0381-RAMAN,SID0381,size_span,,4.04,64.29,µm,observed,,,,direct
SID0382-UFTIR,SID0382,size_span,,7.9,938.0,µm,observed,,,,direct
SID0383-RAMAN,SID0383,size_span,,25.4,407.4,µm,observed,,,,shared
SID0383-FLUOR,SID0383,size_span,,25.4,407.4,µm,observed,,,,shared
SID0384-RAMAN,SID0384,size_span,,1.17,112.63,µm,observed,,,,shared
SID0384-SEM,SID0384,size_span,,1.17,112.63,µm,observed,,,,shared
SID0384-PYGCMS,SID0384,mass_span,,0.72,69.82,µg/g,observed,results,,,direct
SID0385-RAMAN,SID0385,size_span,,37.0,280.0,µm,observed,,,,direct
SID0386-FTIR,SID0386,size_span,,20.0,500.0,µm,observed,,,,direct
SID0387-RAMAN,SID0387,size_span,,1.23,6.98,µm,observed,,,,direct
SID0389-UFTIR,SID0389,size_span,,1.0,100.0,µm,observed,,,,direct
SID0396-RAMAN,SID0396,size_span,,4.0,10.0,µm,observed,,,,direct
SID0405-FTIR,SID0405,size_span,,0.5,13.0,µm,observed,,,,direct
SID0406-ATR_FTIR,SID0406,size_span,,6.8,500.0,µm,observed,,,,direct
SID0407-UFTIR,SID0407,size_span,,20.0,100.0,µm,observed,,,,direct
SID0407-PYGCMS,SID0407,mass_span,,7.132,94.81,µg/g,observed,results,,,direct
SID0408-RAMAN,SID0408,size_span,,30.0,4812.9,µm,observed,,,,direct
SID0409-ATR_FTIR,SID0409,size_span,,300.0,1600.0,µm,observed,,,,shared
SID0409-SEM,SID0409,size_span,,300.0,1600.0,µm,observed,,,,shared
SID0411-RAMAN,SID0411,size_span,,20.0,500.0,µm,observed,,,,direct
SID0412-RAMAN,SID0412,size_span,,10.0,10.0,µm,observed,,,,shared
SID0412-UFTIR,SID0412,size_span,,10.0,10.0,µm,observed,,,,shared
SID0413-RAMAN,SID0413,size_span,,1.0,29.0,µm,observed,,,,direct
SID0417-FLUOR,SID0417,size_span,,50.0,250.0,µm,observed,,,,direct
SID0418-RAMAN,SID0418,size_span,,10.0,10.0,µm,observed,,,,direct
SID0419-SEM,SID0419,size_span,,2.1,18.5,µm,observed,,,,direct
SID0420-SEM,SID0420,size_span,,40.0,3165.0,µm,observed,,,,shared
SID0420-UFTIR,SID0420,size_span,,40.0,3165.0,µm,observed,,,,shared
SID0423-FLUOR,SID0423,size_span,,1.2,50.0,µm,observed,,,,direct
SID0424-FLUOR,SID0424,size_span,,10.0,40.0,µm,observed,,,,shared
SID0424-RAMAN,SID0424,size_span,,10.0,40.0,µm,observed,,,,shared
SID0425-SEM,SID0425,size_span,,20.0,500.0,µm,observed,,,,direct
SID0428-UFTIR,SID0428,size_span,,50.0,50.0,µm,observed,,,,direct
SID0431-UFTIR,SID0431,size_span,,10.0,5000.0,µm,observed,,,,direct
SID0432-RAMAN,SID0432,size_span,,51.53,4789.1,µm,observed,,,,direct
SID0348-FLUOR,SID0348,size_span,,0.2,10.2,µm,observed,,,,shared
SID0348-SEM,SID0348,size_span,,0.2,10.2,µm,observed,,,,shared
SID0002-FLUOR,SID0002,shape,fiber,,,,,,,,shared
SID0002-ATR_FTIR,SID0002,shape,fiber,,,,,,,,shared
SID0002-FLUOR,SID0002,shape,fragment,,,,,,,,shared
SID0002-ATR_FTIR,SID0002,shape,fragment,,,,,,,,shared
SID0003-LDIR,SID0003,shape,fragment,,,,,,,,shared
SID0003-SEM,SID0003,shape,fragment,,,,,,,,shared
SID0003-LDIR,SID0003,shape,sphere,,,,,,,,shared
SID0003-SEM,SID0003,shape,sphere,,,,,,,,shared
SID0004-FLUOR,SID0004,shape,fiber,,,,,,,,shared
SID0004-RAMAN,SID0004,shape,fiber,,,,,,,,shared
SID0005-RAMAN,SID0005,shape,fragment,,,,,,,,direct
SID0005-RAMAN,SID0005,shape,sphere,,,,,,,,direct
SID0008-FLUOR,SID0008,shape,fiber,,,,,,,,shared
SID0008-RAMAN,SID0008,shape,fiber,,,,,,,,shared
SID0008-FLUOR,SID0008,shape,fragment,,,,,,,,shared
SID0008-RAMAN,SID0008,shape,fragment,,,,,,,,shared
SID0010-RAMAN,SID0010,shape,sphere,,,,,,,,direct
SID0014-OPTICAL,SID0014,shape,fiber,,,,,,,,shared
SID0014-UFTIR,SID0014,shape,fiber,,,,,,,,shared
SID0014-OPTICAL,SID0014,shape,fragment,,,,,,,,shared
SID0014-UFTIR,SID0014,shape,fragment,,,,,,,,shared
SID0016-FLUOR,SID0016,shape,fragment,,,,,,,,shared
SID0016-RAMAN,SID0016,shape,fragment,,,,,,,,shared
SID0016-SEM,SID0016,shape,fragment,,,,,,,,shared
SID0019-UFTIR,SID0019,shape,fiber,,,,,,,,direct
SID0019-UFTIR,SID0019,shape,fragment,,,,,,,,direct
SID0019-UFTIR,SID0019,shape,foam,,,,,,,,direct
SID0019-UFTIR,SID0019,shape,pellet,,,,,,,,direct
SID0021-FLUOR,SID0021,shape,fiber,,,,,,,,shared
SID0021-RAMAN,SID0021,shape,fiber,,,,,,,,shared
SID0021-OPTICAL,SID0021,shape,fiber,,,,,,,,shared
SID0021-SEM,SID0021,shape,fiber,,,,,,,,shared
SID0021-FLUOR,SID0021,shape,fragment,,,,,,,,shared
SID0021-RAMAN,SID0021,shape,fragment,,,,,,,,shared
SID0021-OPTICAL,SID0021,shape,fragment,,,,,,,,shared
SID0021-SEM,SID0021,shape,fragment,,,,,,,,shared
SID0021-FLUOR,SID0021,shape,sphere,,,,,,,,shared
SID0021-RAMAN,SID0021,shape,sphere,,,,,,,,shared
SID0021-OPTICAL,SID0021,shape,sphere,,,,,,,,shared
SID0021-SEM,SID0021,shape,sphere,,,,,,,,shared
SID0021-FLUOR,SID0021,shape,film,,,,,,,,shared
SID0021-RAMAN,SID0021,shape,film,,,,,,,,shared
SID0021-OPTICAL,SID0021,shape,film,,,,,,,,shared
SID0021-SEM,SID0021,shape,film,,,,,,,,shared
SID0024-FLUOR,SID0024,shape,sphere,,,,,,,,shared
SID0024-RAMAN,SID0024,shape,sphere,,,,,,,,shared
SID0024-FLUOR,SID0024,shape,aggregate,,,,,,,,shared
SID0024-RAMAN,SID0024,shape,aggregate,,,,,,,,shared
SID0026-RAMAN,SID0026,shape,sphere,,,,,,,,shared
SID0026-UFTIR,SID0026,shape,sphere,,,,,,,,shared
SID0026-RAMAN,SID0026,shape,film,,,,,,,,shared
SID0026-UFTIR,SID0026,shape,film,,,,,,,,shared
SID0026-RAMAN,SID0026,shape,fragment,,,,,,,,shared
SID0026-UFTIR,SID0026,shape,fragment,,,,,,,,shared
SID0027-RAMAN,SID0027,shape,fiber,,,,,,,,shared
SID0027-OPTICAL,SID0027,shape,fiber,,,,,,,,shared
SID0027-SEM,SID0027,shape,fiber,,,,,,,,shared
SID0027-UFTIR,SID0027,shape,fiber,,,,,,,,shared
SID0027-RAMAN,SID0027,shape,fragment,,,,,,,,shared
SID0027-OPTICAL,SID0027,shape,fragment,,,,,,,,shared
SID0027-SEM,SID0027,shape,fragment,,,,,,,,shared
SID0027-UFTIR,SID0027,shape,fragment,,,,,,,,shared
SID0027-RAMAN,SID0027,shape,sphere,,,,,,,,shared
SID0027-OPTICAL,SID0027,shape,sphere,,,,,,,,shared
SID0027-SEM,SID0027,shape,sphere,,,,,,,,shared
SID0027-UFTIR,SID0027,shape,sphere,,,,,,,,shared
SID0027-RAMAN,SID0027,shape,film,,,,,,,,shared
SID0027-OPTICAL,SID0027,shape,film,,,,,,,,shared
SID0027-SEM,SID0027,shape,film,,,,,,,,shared
SID0027-UFTIR,SID0027,shape,film,,,,,,,,shared
SID0028-ATR_FTIR,SID0028,shape,fiber,,,,,,,,direct
SID0028-ATR_FTIR,SID0028,shape,fragment,,,,,,,,direct
SID0028-ATR_FTIR,SID0028,shape,film,,,,,,,,direct
SID0028-ATR_FTIR,SID0028,shape,foam,,,,,,,,direct
SID0028-ATR_FTIR,SID0028,shape,pellet,,,,,,,,direct
SID0030-RAMAN,SID0030,shape,fragment,,,,,,,,shared
SID0030-SEM,SID0030,shape,fragment,,,,,,,,shared
SID0031-RAMAN,SID0031,shape,fiber,,,,,,,,shared
SID0031-OPTICAL,SID0031,shape,fiber,,,,,,,,shared
SID0031-RAMAN,SID0031,shape,fragment,,,,,,,,shared
SID0031-OPTICAL,SID0031,shape,fragment,,,,,,,,shared
SID0034-RAMAN,SID0034,shape,fiber,,,,,,,,direct
SID0034-RAMAN,SID0034,shape,fragment,,,,,,,,direct
SID0035-RAMAN,SID0035,shape,fiber,,,,,,,,shared
SID0035-UFTIR,SID0035,shape,fiber,,,,,,,,shared
SID0035-RAMAN,SID0035,shape,film,,,,,,,,shared
SID0035-UFTIR,SID0035,shape,film,,,,,,,,shared
SID0038-OPTICAL,SID0038,shape,fiber,,,,,,,,shared
SID0038-ATR_FTIR,SID0038,shape,fiber,,,,,,,,shared
SID0038-SEM,SID0038,shape,fiber,,,,,,,,shared
SID0038-UFTIR,SID0038,shape,fiber,,,,,,,,shared
SID0038-OPTICAL,SID0038,shape,fragment,,,,,,,,shared
SID0038-ATR_FTIR,SID0038,shape,fragment,,,,,,,,shared
SID0038-SEM,SID0038,shape,fragment,,,,,,,,shared
SID0038-UFTIR,SID0038,shape,fragment,,,,,,,,shared
SID0038-OPTICAL,SID0038,shape,sphere,,,,,,,,shared
SID0038-ATR_FTIR,SID0038,shape,sphere,,,,,,,,shared
SID0038-SEM,SID0038,shape,sphere,,,,,,,,shared
SID0038-UFTIR,SID0038,shape,sphere,,,,,,,,shared
SID0038-OPTICAL,SID0038,shape,pellet,,,,,,,,shared
SID0038-ATR_FTIR,SID0038,shape,pellet,,,,,,,,shared
SID0038-SEM,SID0038,shape,pellet,,,,,,,,shared
SID0038-UFTIR,SID0038,shape,pellet,,,,,,,,shared
SID0039-OPTICAL,SID0039,shape,fiber,,,,,,,,shared
SID0039-ATR_FTIR,SID0039,shape,fiber,,,,,,,,shared
SID0039-UFTIR,SID0039,shape,fiber,,,,,,,,shared
SID0039-OPTICAL,SID0039,shape,fragment,,,,,,,,shared
SID0039-ATR_FTIR,SID0039,shape,fragment,,,,,,,,shared
SID0039-UFTIR,SID0039,shape,fragment,,,,,,,,shared
SID0039-OPTICAL,SID0039,shape,pellet,,,,,,,,shared
SID0039-ATR_FTIR,SID0039,shape,pellet,,,,,,,,shared
SID0039-UFTIR,SID0039,shape,pellet,,,,,,,,shared
SID0040-OPTICAL,SID0040,shape,fiber,,,,,,,,shared
SID0040-UFTIR,SID0040,shape,fiber,,,,,,,,shared
SID0040-OPTICAL,SID0040,shape,fragment,,,,,,,,shared
SID0040-UFTIR,SID0040,shape,fragment,,,,,,,,shared
SID0040-OPTICAL,SID0040,shape,film,,,,,,,,shared
SID0040-UFTIR,SID0040,shape,film,,,,,,,,shared
SID0041-OPTICAL,SID0041,shape,fiber,,,,,,,,shared
SID0041-ATR_FTIR,SID0041,shape,fiber,,,,,,,,shared
SID0041-OPTICAL,SID0041,shape,sphere,,,,,,,,shared
SID0041-ATR_FTIR,SID0041,shape,sphere,,,,,,,,shared
SID0041-OPTICAL,SID0041,shape,pellet,,,,,,,,shared
SID0041-ATR_FTIR,SID0041,shape,pellet,,,,,,,,shared
SID0042-RAMAN,SID0042,shape,fiber,,,,,,,,shared
SID0042-OPTICAL,SID0042,shape,fiber,,,,,,,,shared
SID0042-RAMAN,SID0042,shape,fragment,,,,,,,,shared
SID0042-OPTICAL,SID0042,shape,fragment,,,,,,,,shared
SID0042-RAMAN,SID0042,shape,film,,,,,,,,shared
SID0042-OPTICAL,SID0042,shape,film,,,,,,,,shared
SID0042-RAMAN,SID0042,shape,foam,,,,,,,,shared
SID0042-OPTICAL,SID0042,shape,foam,,,,,,,,shared
SID0043-RAMAN,SID0043,shape,fiber,,,,,,,,shared
SID0043-OPTICAL,SID0043,shape,fiber,,,,,,,,shared
SID0043-RAMAN,SID0043,shape,fragment,,,,,,,,shared
SID0043-OPTICAL,SID0043,shape,fragment,,,,,,,,shared
SID0043-RAMAN,SID0043,shape,film,,,,,,,,shared
SID0043-OPTICAL,SID0043,shape,film,,,,,,,,shared
SID0043-RAMAN,SID0043,shape,pellet,,,,,,,,shared
SID0043-OPTICAL,SID0043,shape,pellet,,,,,,,,shared
SID0044-OPTICAL,SID0044,shape,fiber,,,,,,,,shared
SID0044-ATR_FTIR,SID0044,shape,fiber,,,,,,,,shared
SID0044-OPTICAL,SID0044,shape,fragment,,,,,,,,shared
SID0044-ATR_FTIR,SID0044,shape,fragment,,,,,,,,shared
SID0044-OPTICAL,SID0044,shape,film,,,,,,,,shared
SID0044-ATR_FTIR,SID0044,shape,film,,,,,,,,shared
SID0047-OPTICAL,SID0047,shape,fiber,,,,,,,,shared
SID0047-ATR_FTIR,SID0047,shape,fiber,,,,,,,,shared
SID0047-OPTICAL,SID0047,shape,fragment,,,,,,,,shared
SID0047-ATR_FTIR,SID0047,shape,fragment,,,,,,,,shared
SID0047-OPTICAL,SID0047,shape,aggregate,,,,,,,,shared
SID0047-ATR_FTIR,SID0047,shape,aggregate,,,,,,,,shared
SID0049-OPTICAL,SID0049,shape,fiber,,,,,,,,shared
SID0049-UFTIR,SID0049,shape,fiber,,,,,,,,shared
SID0049-OPTICAL,SID0049,shape,fragment,,,,,,,,shared
SID0049-UFTIR,SID0049,shape,fragment,,,,,,,,shared
SID0049-OPTICAL,SID0049,shape,foam,,,,,,,,shared
SID0049-UFTIR,SID0049,shape,foam,,,,,,,,shared
SID0050-FLUOR,SID0050,shape,fiber,,,,,,,,shared
SID0050-OPTICAL,SID0050,shape,fiber,,,,,,,,shared
SID0050-ATR_FTIR,SID0050,shape,fiber,,,,,,,,shared
SID0050-SEM,SID0050,shape,fiber,,,,,,,,shared
SID0050-FLUOR,SID0050,shape,fragment,,,,,,,,shared
SID0050-OPTICAL,SID0050,shape,fragment,,,,,,,,shared
SID0050-ATR_FTIR,SID0050,shape,fragment,,,,,,,,shared
SID0050-SEM,SID0050,shape,fragment,,,,,,,,shared
SID0050-FLUOR,SID0050,shape,film,,,,,,,,shared
SID0050-OPTICAL,SID0050,shape,film,,,,,,,,shared
SID0050-ATR_FTIR,SID0050,shape,film,,,,,,,,shared
SID0050-SEM,SID0050,shape,film,,,,,,,,shared
SID0051-OPTICAL,SID0051,shape,fragment,,,,,,,,shared
SID0051-ATR_FTIR,SID0051,shape,fragment,,,,,,,,shared
SID0051-OPTICAL,SID0051,shape,pellet,,,,,,,,shared
SID0051-ATR_FTIR,SID0051,shape,pellet,,,,,,,,shared
SID0052-OPTICAL,SID0052,shape,fiber,,,,,,,,shared
SID0052-UFTIR,SID0052,shape,fiber,,,,,,,,shared
SID0052-OPTICAL,SID0052,shape,fragment,,,,,,,,shared
SID0052-UFTIR,SID0052,shape,fragment,,,,,,,,shared
SID0052-OPTICAL,SID0052,shape,film,,,,,,,,shared
SID0052-UFTIR,SID0052,shape,film,,,,,,,,shared
SID0054-RAMAN,SID0054,shape,fragment,,,,,,,,direct
SID0055-SEM,SID0055,shape,fragment,,,,,,,,direct
SID0056-RAMAN,SID0056,shape,fiber,,,,,,,,shared
SID0056-OPTICAL,SID0056,shape,fiber,,,,,,,,shared
SID0056-RAMAN,SID0056,shape,fragment,,,,,,,,shared
SID0056-OPTICAL,SID0056,shape,fragment,,,,,,,,shared
SID0056-RAMAN,SID0056,shape,sphere,,,,,,,,shared
SID0056-OPTICAL,SID0056,shape,sphere,,,,,,,,shared
SID0056-RAMAN,SID0056,shape,film,,,,,,,,shared
SID0056-OPTICAL,SID0056,shape,film,,,,,,,,shared
SID0059-RAMAN,SID0059,shape,fiber,,,,,,,,shared
SID0059-ATR_FTIR,SID0059,shape,fiber,,,,,,,,shared
SID0059-RAMAN,SID0059,shape,film,,,,,,,,shared
SID0059-ATR_FTIR,SID0059,shape,film,,,,,,,,shared
SID0060-OPTICAL,SID0060,shape,fiber,,,,,,,,shared
SID0060-UFTIR,SID0060,shape,fiber,,,,,,,,shared
SID0060-OPTICAL,SID0060,shape,fragment,,,,,,,,shared
SID0060-UFTIR,SID0060,shape,fragment,,,,,,,,shared
SID0060-OPTICAL,SID0060,shape,film,,,,,,,,shared
SID0060-UFTIR,SID0060,shape,film,,,,,,,,shared
SID0060-OPTICAL,SID0060,shape,foam,,,,,,,,shared
SID0060-UFTIR,SID0060,shape,foam,,,,,,,,shared
SID0061-OPTICAL,SID0061,shape,fiber,,,,,,,,shared
SID0061-SEM,SID0061,shape,fiber,,,,,,,,shared
SID0061-UFTIR,SID0061,shape,fiber,,,,,,,,shared
SID0061-OPTICAL,SID0061,shape,fragment,,,,,,,,shared
SID0061-SEM,SID0061,shape,fragment,,,,,,,,shared
SID0061-UFTIR,SID0061,shape,fragment,,,,,,,,shared
SID0061-OPTICAL,SID0061,shape,foam,,,,,,,,shared
SID0061-SEM,SID0061,shape,foam,,,,,,,,shared
SID0061-UFTIR,SID0061,shape,foam,,,,,,,,shared
SID0062-OPTICAL,SID0062,shape,fiber,,,,,,,,shared
SID0062-ATR_FTIR,SID0062,shape,fiber,,,,,,,,shared
SID0062-OPTICAL,SID0062,shape,fragment,,,,,,,,shared
SID0062-ATR_FTIR,SID0062,shape,fragment,,,,,,,,shared
SID0066-FLUOR,SID0066,shape,fiber,,,,,,,,shared
SID0066-UFTIR,SID0066,shape,fiber,,,,,,,,shared
SID0066-FLUOR,SID0066,shape,fragment,,,,,,,,shared
SID0066-UFTIR,SID0066,shape,fragment,,,,,,,,shared
SID0068-ATR_FTIR,SID0068,shape,pellet,,,,,,,,shared
SID0068-UFTIR,SID0068,shape,pellet,,,,,,,,shared
SID0069-ATR_FTIR,SID0069,shape,fragment,,,,,,,,direct
SID0069-ATR_FTIR,SID0069,shape,foam,,,,,,,,direct
SID0069-ATR_FTIR,SID0069,shape,pellet,,,,,,,,direct
SID0070-UFTIR,SID0070,shape,fragment,,,,,,,,shared
SID0070-ATR_FTIR,SID0070,shape,fragment,,,,,,,,shared
SID0071-RAMAN,SID0071,shape,fiber,,,,,,,,shared
SID0071-OPTICAL,SID0071,shape,fiber,,,,,,,,shared
SID0071-RAMAN,SID0071,shape,fragment,,,,,,,,shared
SID0071-OPTICAL,SID0071,shape,fragment,,,,,,,,shared
SID0071-RAMAN,SID0071,shape,pellet,,,,,,,,shared
SID0071-OPTICAL,SID0071,shape,pellet,,,,,,,,shared
SID0072-UFTIR,SID0072,shape,fragment,,,,,,,,direct
SID0073-OPTICAL,SID0073,shape,fiber,,,,,,,,shared
SID0073-ATR_FTIR,SID0073,shape,fiber,,,,,,,,shared
SID0073-OPTICAL,SID0073,shape,fragment,,,,,,,,shared
SID0073-ATR_FTIR,SID0073,shape,fragment,,,,,,,,shared
SID0073-OPTICAL,SID0073,shape,film,,,,,,,,shared
SID0073-ATR_FTIR,SID0073,shape,film,,,,,,,,shared
SID0075-RAMAN,SID0075,shape,fiber,,,,,,,,shared
SID0075-OPTICAL,SID0075,shape,fiber,,,,,,,,shared
SID0075-RAMAN,SID0075,shape,fragment,,,,,,,,shared
SID0075-OPTICAL,SID0075,shape,fragment,,,,,,,,shared
SID0075-RAMAN,SID0075,shape,film,,,,,,,,shared
SID0075-OPTICAL,SID0075,shape,film,,,,,,,,shared
SID0075-RAMAN,SID0075,shape,pellet,,,,,,,,shared
SID0075-OPTICAL,SID0075,shape,pellet,,,,,,,,shared
SID0076-RAMAN,SID0076,shape,fiber,,,,,,,,shared
SID0076-OPTICAL,SID0076,shape,fiber,,,,,,,,shared
SID0076-SEM,SID0076,shape,fiber,,,,,,,,shared
SID0076-RAMAN,SID0076,shape,fragment,,,,,,,,shared
SID0076-OPTICAL,SID0076,shape,fragment,,,,,,,,shared
SID0076-SEM,SID0076,shape,fragment,,,,,,,,shared
SID0076-RAMAN,SID0076,shape,film,,,,,,,,shared
SID0076-OPTICAL,SID0076,shape,film,,,,,,,,shared
SID0076-SEM,SID0076,shape,film,,,,,,,,shared
SID0077-OPTICAL,SID0077,shape,fiber,,,,,,,,shared
SID0077-ATR_FTIR,SID0077,shape,fiber,,,,,,,,shared
SID0077-SEM,SID0077,shape,fiber,,,,,,,,shared
SID0077-OPTICAL,SID0077,shape,fragment,,,,,,,,shared
SID0077-ATR_FTIR,SID0077,shape,fragment,,,,,,,,shared
SID0077-SEM,SID0077,shape,fragment,,,,,,,,shared
SID0077-OPTICAL,SID0077,shape,film,,,,,,,,shared
SID0077-ATR_FTIR,SID0077,shape,film,,,,,,,,shared
SID0077-SEM,SID0077,shape,film,,,,,,,,shared
SID0077-OPTICAL,SID0077,shape,foam,,,,,,,,shared
SID0077-ATR_FTIR,SID0077,shape,foam,,,,,,,,shared
SID0077-SEM,SID0077,shape,foam,,,,,,,,shared
SID0078-ATR_FTIR,SID0078,shape,fiber,,,,,,,,direct
SID0078-ATR_FTIR,SID0078,shape,fragment,,,,,,,,direct
SID0078-ATR_FTIR,SID0078,shape,sphere,,,,,,,,direct
SID0078-ATR_FTIR,SID0078,shape,pellet,,,,,,,,direct
SID0079-OPTICAL,SID0079,shape,fiber,,,,,,,,shared
SID0079-ATR_FTIR,SID0079,shape,fiber,,,,,,,,shared
SID0079-OPTICAL,SID0079,shape,fragment,,,,,,,,shared
SID0079-ATR_FTIR,SID0079,shape,fragment,,,,,,,,shared
SID0079-OPTICAL,SID0079,shape,sphere,,,,,,,,shared
SID0079-ATR_FTIR,SID0079,shape,sphere,,,,,,,,shared
SID0079-OPTICAL,SID0079,shape,film,,,,,,,,shared
SID0079-ATR_FTIR,SID0079,shape,film,,,,,,,,shared
SID0079-OPTICAL,SID0079,shape,pellet,,,,,,,,shared
SID0079-ATR_FTIR,SID0079,shape,pellet,,,,,,,,shared
SID0080-OPTICAL,SID0080,shape,fiber,,,,,,,,shared
SID0080-UFTIR,SID0080,shape,fiber,,,,,,,,shared
SID0080-OPTICAL,SID0080,shape,fragment,,,,,,,,shared
SID0080-UFTIR,SID0080,shape,fragment,,,,,,,,shared
SID0080-OPTICAL,SID0080,shape,sphere,,,,,,,,shared
SID0080-UFTIR,SID0080,shape,sphere,,,,,,,,shared
SID0081-OPTICAL,SID0081,shape,fiber,,,,,,,,shared
SID0081-ATR_FTIR,SID0081,shape,fiber,,,,,,,,shared
SID0082-OPTICAL,SID0082,shape,fiber,,,,,,,,shared
SID0082-UFTIR,SID0082,shape,fiber,,,,,,,,shared
SID0082-OPTICAL,SID0082,shape,fragment,,,,,,,,shared
SID0082-UFTIR,SID0082,shape,fragment,,,,,,,,shared
SID0083-OPTICAL,SID0083,shape,fiber,,,,,,,,shared
SID0083-ATR_FTIR,SID0083,shape,fiber,,,,,,,,shared
SID0083-OPTICAL,SID0083,shape,fragment,,,,,,,,shared
SID0083-ATR_FTIR,SID0083,shape,fragment,,,,,,,,shared
SID0083-OPTICAL,SID0083,shape,film,,,,,,,,shared
SID0083-ATR_FTIR,SID0083,shape,film,,,,,,,,shared
SID0083-OPTICAL,SID0083,shape,pellet,,,,,,,,shared
SID0083-ATR_FTIR,SID0083,shape,pellet,,,,,,,,shared
SID0084-OPTICAL,SID0084,shape,fiber,,,,,,,,shared
SID0084-UFTIR,SID0084,shape,fiber,,,,,,,,shared
SID0084-OPTICAL,SID0084,shape,fragment,,,,,,,,shared
SID0084-UFTIR,SID0084,shape,fragment,,,,,,,,shared
SID0085-FLUOR,SID0085,shape,fiber,,,,,,,,shared
SID0085-RAMAN,SID0085,shape,fiber,,,,,,,,shared
SID0085-FLUOR,SID0085,shape,fragment,,,,,,,,shared
SID0085-RAMAN,SID0085,shape,fragment,,,,,,,,shared
SID0086-FLUOR,SID0086,shape,fiber,,,,,,,,shared
SID0086-UFTIR,SID0086,shape,fiber,,,,,,,,shared
SID0086-FLUOR,SID0086,shape,fragment,,,,,,,,shared
SID0086-UFTIR,SID0086,shape,fragment,,,,,,,,shared
SID0088-OPTICAL,SID0088,shape,fiber,,,,,,,,shared
SID0088-ATR_FTIR,SID0088,shape,fiber,,,,,,,,shared
SID0088-OPTICAL,SID0088,shape,fragment,,,,,,,,shared
SID0088-ATR_FTIR,SID0088,shape,fragment,,,,,,,,shared
SID0089-RAMAN,SID0089,shape,fiber,,,,,,,,shared
SID0089-OPTICAL,SID0089,shape,fiber,,,,,,,,shared
SID0089-RAMAN,SID0089,shape,fragment,,,,,,,,shared
SID0089-OPTICAL,SID0089,shape,fragment,,,,,,,,shared
SID0090-OPTICAL,SID0090,shape,fiber,,,,,,,,shared
SID0090-UFTIR,SID0090,shape,fiber,,,,,,,,shared
SID0090-OPTICAL,SID0090,shape,fragment,,,,,,,,shared
SID0090-UFTIR,SID0090,shape,fragment,,,,,,,,shared
SID0092-OPTICAL,SID0092,shape,fiber,,,,,,,,shared
SID0092-UFTIR,SID0092,shape,fiber,,,,,,,,shared
SID0092-OPTICAL,SID0092,shape,fragment,,,,,,,,shared
SID0092-UFTIR,SID0092,shape,fragment,,,,,,,,shared
SID0092-OPTICAL,SID0092,shape,sphere,,,,,,,,shared
SID0092-UFTIR,SID0092,shape,sphere,,,,,,,,shared
SID0092-OPTICAL,SID0092,shape,pellet,,,,,,,,shared
SID0092-UFTIR,SID0092,shape,pellet,,,,,,,,shared
SID0093-OPTICAL,SID0093,shape,fiber,,,,,,,,shared
SID0093-ATR_FTIR,SID0093,shape,fiber,,,,,,,,shared
SID0093-OPTICAL,SID0093,shape,fragment,,,,,,,,shared
SID0093-ATR_FTIR,SID0093,shape,fragment,,,,,,,,shared
SID0093-OPTICAL,SID0093,shape,pellet,,,,,,,,shared
SID0093-ATR_FTIR,SID0093,shape,pellet,,,,,,,,shared
SID0094-OPTICAL,SID0094,shape,fiber,,,,,,,,shared
SID0094-ATR_FTIR,SID0094,shape,fiber,,,,,,,,shared
SID0094-UFTIR,SID0094,shape,fiber,,,,,,,,shared
SID0094-RAMAN,SID0094,shape,fiber,,,,,,,,shared
SID0094-OPTICAL,SID0094,shape,fragment,,,,,,,,shared
SID0094-ATR_FTIR,SID0094,shape,fragment,,,,,,,,shared
SID0094-UFTIR,SID0094,shape,fragment,,,,,,,,shared
SID0094-RAMAN,SID0094,shape,fragment,,,,,,,,shared
SID0094-OPTICAL,SID0094,shape,sphere,,,,,,,,shared
SID0094-ATR_FTIR,SID0094,shape,sphere,,,,,,,,shared
SID0094-UFTIR,SID0094,shape,sphere,,,,,,,,shared
SID0094-RAMAN,SID0094,shape,sphere,,,,,,,,shared
SID0094-OPTICAL,SID0094,shape,film,,,,,,,,shared
SID0094-ATR_FTIR,SID0094,shape,film,,,,,,,,shared
SID0094-UFTIR,SID0094,shape,film,,,,,,,,shared
SID0094-RAMAN,SID0094,shape,film,,,,,,,,shared
SID0094-OPTICAL,SID0094,shape,foam,,,,,,,,shared
SID0094-ATR_FTIR,SID0094,shape,foam,,,,,,,,shared
SID0094-UFTIR,SID0094,shape,foam,,,,,,,,shared
SID0094-RAMAN,SID0094,shape,foam,,,,,,,,shared
SID0095-RAMAN,SID0095,shape,fiber,,,,,,,,shared
SID0095-OPTICAL,SID0095,shape,fiber,,,,,,,,shared
SID0095-RAMAN,SID0095,shape,fragment,,,,,,,,shared
SID0095-OPTICAL,SID0095,shape,fragment,,,,,,,,shared
SID0095-RAMAN,SID0095,shape,film,,,,,,,,shared
SID0095-OPTICAL,SID0095,shape,film,,,,,,,,shared
SID0096-OPTICAL,SID0096,shape,fiber,,,,,,,,shared
SID0096-UFTIR,SID0096,shape,fiber,,,,,,,,shared
SID0096-OPTICAL,SID0096,shape,fragment,,,,,,,,shared
SID0096-UFTIR,SID0096,shape,fragment,,,,,,,,shared
SID0096-OPTICAL,SID0096,shape,sphere,,,,,,,,shared
SID0096-UFTIR,SID0096,shape,sphere,,,,,,,,shared
SID0096-OPTICAL,SID0096,shape,film,,,,,,,,shared
SID0096-UFTIR,SID0096,shape,film,,,,,,,,shared
SID0097-OPTICAL,SID0097,shape,fiber,,,,,,,,shared
SID0097-ATR_FTIR,SID0097,shape,fiber,,,,,,,,shared
SID0097-SEM,SID0097,shape,fiber,,,,,,,,shared
SID0097-UFTIR,SID0097,shape,fiber,,,,,,,,shared
SID0097-OPTICAL,SID0097,shape,film,,,,,,,,shared
SID0097-ATR_FTIR,SID0097,shape,film,,,,,,,,shared
SID0097-SEM,SID0097,shape,film,,,,,,,,shared
SID0097-UFTIR,SID0097,shape,film,,,,,,,,shared
SID0101-OPTICAL,SID0101,shape,fiber,,,,,,,,shared
SID0101-ATR_FTIR,SID0101,shape,fiber,,,,,,,,shared
SID0101-UFTIR,SID0101,shape,fiber,,,,,,,,shared
SID0101-OPTICAL,SID0101,shape,fragment,,,,,,,,shared
SID0101-ATR_FTIR,SID0101,shape,fragment,,,,,,,,shared
SID0101-UFTIR,SID0101,shape,fragment,,,,,,,,shared
SID0101-OPTICAL,SID0101,shape,sphere,,,,,,,,shared
SID0101-ATR_FTIR,SID0101,shape,sphere,,,,,,,,shared
SID0101-UFTIR,SID0101,shape,sphere,,,,,,,,shared
SID0101-OPTICAL,SID0101,shape,film,,,,,,,,shared
SID0101-ATR_FTIR,SID0101,shape,film,,,,,,,,shared
SID0101-UFTIR,SID0101,shape,film,,,,,,,,shared
SID0102-OPTICAL,SID0102,shape,fiber,,,,,,,,shared
SID0102-UFTIR,SID0102,shape,fiber,,,,,,,,shared
SID0102-OPTICAL,SID0102,shape,fragment,,,,,,,,shared
SID0102-UFTIR,SID0102,shape,fragment,,,,,,,,shared
SID0103-ATR_FTIR,SID0103,shape,fiber,,,,,,,,shared
SID0103-UFTIR,SID0103,shape,fiber,,,,,,,,shared
SID0103-ATR_FTIR,SID0103,shape,fragment,,,,,,,,shared
SID0103-UFTIR,SID0103,shape,fragment,,,,,,,,shared
SID0104-OPTICAL,SID0104,shape,fiber,,,,,,,,shared
SID0104-ATR_FTIR,SID0104,shape,fiber,,,,,,,,shared
SID0104-OPTICAL,SID0104,shape,fragment,,,,,,,,shared
SID0104-ATR_FTIR,SID0104,shape,fragment,,,,,,,,shared
SID0104-OPTICAL,SID0104,shape,aggregate,,,,,,,,shared
SID0104-ATR_FTIR,SID0104,shape,aggregate,,,,,,,,shared
SID0106-ATR_FTIR,SID0106,shape,fragment,,,,,,,,shared
SID0106-SEM,SID0106,shape,fragment,,,,,,,,shared
SID0106-UFTIR,SID0106,shape,fragment,,,,,,,,shared
SID0106-ATR_FTIR,SID0106,shape,pellet,,,,,,,,shared
SID0106-SEM,SID0106,shape,pellet,,,,,,,,shared
SID0106-UFTIR,SID0106,shape,pellet,,,,,,,,shared
SID0108-OPTICAL,SID0108,shape,fiber,,,,,,,,shared
SID0108-ATR_FTIR,SID0108,shape,fiber,,,,,,,,shared
SID0108-UFTIR,SID0108,shape,fiber,,,,,,,,shared
SID0108-OPTICAL,SID0108,shape,fragment,,,,,,,,shared
SID0108-ATR_FTIR,SID0108,shape,fragment,,,,,,,,shared
SID0108-UFTIR,SID0108,shape,fragment,,,,,,,,shared
SID0109-RAMAN,SID0109,shape,fragment,,,,,,,,direct
SID0115-UFTIR,SID0115,shape,fiber,,,,,,,,direct
SID0115-UFTIR,SID0115,shape,fragment,,,,,,,,direct
SID0119-FLUOR,SID0119,shape,fiber,,,,,,,,shared
SID0119-RAMAN,SID0119,shape,fiber,,,,,,,,shared
SID0119-FLUOR,SID0119,shape,fragment,,,,,,,,shared
SID0119-RAMAN,SID0119,shape,fragment,,,,,,,,shared
SID0119-FLUOR,SID0119,shape,sphere,,,,,,,,shared
SID0119-RAMAN,SID0119,shape,sphere,,,,,,,,shared
SID0121-RAMAN,SID0121,shape,fragment,,,,,,,,shared
SID0121-SEM,SID0121,shape,fragment,,,,,,,,shared
SID0121-FTIR,SID0121,shape,fragment,,,,,,,,shared
SID0121-RAMAN,SID0121,shape,sphere,,,,,,,,shared
SID0121-SEM,SID0121,shape,sphere,,,,,,,,shared
SID0121-FTIR,SID0121,shape,sphere,,,,,,,,shared
SID0122-OPTICAL,SID0122,shape,sphere,,,,,,,,shared
SID0122-SEM,SID0122,shape,sphere,,,,,,,,shared
SID0123-RAMAN,SID0123,shape,fragment,,,,,,,,direct
SID0123-RAMAN,SID0123,shape,sphere,,,,,,,,direct
SID0126-RAMAN,SID0126,shape,fiber,,,,,,,,shared
SID0126-ATR_FTIR,SID0126,shape,fiber,,,,,,,,shared
SID0126-UFTIR,SID0126,shape,fiber,,,,,,,,shared
SID0126-RAMAN,SID0126,shape,fragment,,,,,,,,shared
SID0126-ATR_FTIR,SID0126,shape,fragment,,,,,,,,shared
SID0126-UFTIR,SID0126,shape,fragment,,,,,,,,shared
SID0127-RAMAN,SID0127,shape,fiber,,,,,,,,direct
SID0127-RAMAN,SID0127,shape,fragment,,,,,,,,direct
SID0129-OPTICAL,SID0129,shape,fiber,,,,,,,,shared
SID0129-ATR_FTIR,SID0129,shape,fiber,,,,,,,,shared
SID0129-SEM,SID0129,shape,fiber,,,,,,,,shared
SID0129-UFTIR,SID0129,shape,fiber,,,,,,,,shared
SID0129-OPTICAL,SID0129,shape,fragment,,,,,,,,shared
SID0129-ATR_FTIR,SID0129,shape,fragment,,,,,,,,shared
SID0129-SEM,SID0129,shape,fragment,,,,,,,,shared
SID0129-UFTIR,SID0129,shape,fragment,,,,,,,,shared
SID0129-OPTICAL,SID0129,shape,film,,,,,,,,shared
SID0129-ATR_FTIR,SID0129,shape,film,,,,,,,,shared
SID0129-SEM,SID0129,shape,film,,,,,,,,shared
SID0129-UFTIR,SID0129,shape,film,,,,,,,,shared
SID0129-OPTICAL,SID0129,shape,pellet,,,,,,,,shared
SID0129-ATR_FTIR,SID0129,shape,pellet,,,,,,,,shared
SID0129-SEM,SID0129,shape,pellet,,,,,,,,shared
SID0129-UFTIR,SID0129,shape,pellet,,,,,,,,shared
SID0130-ATR_FTIR,SID0130,shape,fiber,,,,,,,,direct
SID0130-ATR_FTIR,SID0130,shape,fragment,,,,,,,,direct
SID0130-ATR_FTIR,SID0130,shape,pellet,,,,,,,,direct
SID0131-UFTIR,SID0131,shape,fragment,,,,,,,,shared
SID0131-SEM,SID0131,shape,fragment,,,,,,,,shared
SID0132-RAMAN,SID0132,shape,fiber,,,,,,,,shared
SID0132-FTIR,SID0132,shape,fiber,,,,,,,,shared
SID0132-RAMAN,SID0132,shape,fragment,,,,,,,,shared
SID0132-FTIR,SID0132,shape,fragment,,,,,,,,shared
SID0132-RAMAN,SID0132,shape,film,,,,,,,,shared
SID0132-FTIR,SID0132,shape,film,,,,,,,,shared
SID0133-OPTICAL,SID0133,shape,fiber,,,,,,,,shared
SID0133-ATR_FTIR,SID0133,shape,fiber,,,,,,,,shared
SID0133-OPTICAL,SID0133,shape,fragment,,,,,,,,shared
SID0133-ATR_FTIR,SID0133,shape,fragment,,,,,,,,shared
SID0133-OPTICAL,SID0133,shape,pellet,,,,,,,,shared
SID0133-ATR_FTIR,SID0133,shape,pellet,,,,,,,,shared
SID0134-RAMAN,SID0134,shape,fragment,,,,,,,,direct
SID0135-OPTICAL,SID0135,shape,fiber,,,,,,,,shared
SID0135-ATR_FTIR,SID0135,shape,fiber,,,,,,,,shared
SID0135-UFTIR,SID0135,shape,fiber,,,,,,,,shared
SID0135-OPTICAL,SID0135,shape,fragment,,,,,,,,shared
SID0135-ATR_FTIR,SID0135,shape,fragment,,,,,,,,shared
SID0135-UFTIR,SID0135,shape,fragment,,,,,,,,shared
SID0136-OPTICAL,SID0136,shape,fiber,,,,,,,,shared
SID0136-UFTIR,SID0136,shape,fiber,,,,,,,,shared
SID0136-OPTICAL,SID0136,shape,fragment,,,,,,,,shared
SID0136-UFTIR,SID0136,shape,fragment,,,,,,,,shared
SID0136-OPTICAL,SID0136,shape,film,,,,,,,,shared
SID0136-UFTIR,SID0136,shape,film,,,,,,,,shared
SID0137-RAMAN,SID0137,shape,fragment,,,,,,,,direct
SID0137-RAMAN,SID0137,shape,sphere,,,,,,,,direct
SID0138-OPTICAL,SID0138,shape,fiber,,,,,,,,shared
SID0138-ATR_FTIR,SID0138,shape,fiber,,,,,,,,shared
SID0138-UFTIR,SID0138,shape,fiber,,,,,,,,shared
SID0138-OPTICAL,SID0138,shape,fragment,,,,,,,,shared
SID0138-ATR_FTIR,SID0138,shape,fragment,,,,,,,,shared
SID0138-UFTIR,SID0138,shape,fragment,,,,,,,,shared
SID0138-OPTICAL,SID0138,shape,film,,,,,,,,shared
SID0138-ATR_FTIR,SID0138,shape,film,,,,,,,,shared
SID0138-UFTIR,SID0138,shape,film,,,,,,,,shared
SID0139-RAMAN,SID0139,shape,fiber,,,,,,,,shared
SID0139-OPTICAL,SID0139,shape,fiber,,,,,,,,shared
SID0139-RAMAN,SID0139,shape,fragment,,,,,,,,shared
SID0139-OPTICAL,SID0139,shape,fragment,,,,,,,,shared
SID0139-RAMAN,SID0139,shape,sphere,,,,,,,,shared
SID0139-OPTICAL,SID0139,shape,sphere,,,,,,,,shared
SID0141-OPTICAL,SID0141,shape,fiber,,,,,,,,shared
SID0141-ATR_FTIR,SID0141,shape,fiber,,,,,,,,shared
SID0141-UFTIR,SID0141,shape,fiber,,,,,,,,shared
SID0141-OPTICAL,SID0141,shape,fragment,,,,,,,,shared
SID0141-ATR_FTIR,SID0141,shape,fragment,,,,,,,,shared
SID0141-UFTIR,SID0141,shape,fragment,,,,,,,,shared
SID0141-OPTICAL,SID0141,shape,sphere,,,,,,,,shared
SID0141-ATR_FTIR,SID0141,shape,sphere,,,,,,,,shared
SID0141-UFTIR,SID0141,shape,sphere,,,,,,,,shared
SID0144-OPTICAL,SID0144,shape,fiber,,,,,,,,shared
SID0144-ATR_FTIR,SID0144,shape,fiber,,,,,,,,shared
SID0144-SEM,SID0144,shape,fiber,,,,,,,,shared
SID0144-OPTICAL,SID0144,shape,fragment,,,,,,,,shared
SID0144-ATR_FTIR,SID0144,shape,fragment,,,,,,,,shared
SID0144-SEM,SID0144,shape,fragment,,,,,,,,shared
SID0144-OPTICAL,SID0144,shape,film,,,,,,,,shared
SID0144-ATR_FTIR,SID0144,shape,film,,,,,,,,shared
SID0144-SEM,SID0144,shape,film,,,,,,,,shared
SID0144-OPTICAL,SID0144,shape,pellet,,,,,,,,shared
SID0144-ATR_FTIR,SID0144,shape,pellet,,,,,,,,shared
SID0144-SEM,SID0144,shape,pellet,,,,,,,,shared
SID0145-OPTICAL,SID0145,shape,fiber,,,,,,,,shared
SID0145-UFTIR,SID0145,shape,fiber,,,,,,,,shared
SID0145-SEM,SID0145,shape,fiber,,,,,,,,shared
SID0145-ICPMS,SID0145,shape,fiber,,,,,,,,shared
SID0145-OPTICAL,SID0145,shape,fragment,,,,,,,,shared
SID0145-UFTIR,SID0145,shape,fragment,,,,,,,,shared
SID0145-SEM,SID0145,shape,fragment,,,,,,,,shared
SID0145-ICPMS,SID0145,shape,fragment,,,,,,,,shared
SID0146-RAMAN,SID0146,shape,fragment,,,,,,,,direct
SID0146-RAMAN,SID0146,shape,sphere,,,,,,,,direct
SID0147-OPTICAL,SID0147,shape,fiber,,,,,,,,shared
SID0147-UFTIR,SID0147,shape,fiber,,,,,,,,shared
SID0147-OPTICAL,SID0147,shape,fragment,,,,,,,,shared
SID0147-UFTIR,SID0147,shape,fragment,,,,,,,,shared
SID0147-OPTICAL,SID0147,shape,film,,,,,,,,shared
SID0147-UFTIR,SID0147,shape,film,,,,,,,,shared
SID0148-UFTIR,SID0148,shape,fiber,,,,,,,,shared
SID0148-LDIR,SID0148,shape,fiber,,,,,,,,shared
SID0148-FLUOR,SID0148,shape,fiber,,,,,,,,shared
SID0148-UFTIR,SID0148,shape,fragment,,,,,,,,shared
SID0148-LDIR,SID0148,shape,fragment,,,,,,,,shared
SID0148-FLUOR,SID0148,shape,fragment,,,,,,,,shared
SID0148-UFTIR,SID0148,shape,film,,,,,,,,shared
SID0148-LDIR,SID0148,shape,film,,,,,,,,shared
SID0148-FLUOR,SID0148,shape,film,,,,,,,,shared
SID0148-UFTIR,SID0148,shape,pellet,,,,,,,,shared
SID0148-LDIR,SID0148,shape,pellet,,,,,,,,shared
SID0148-FLUOR,SID0148,shape,pellet,,,,,,,,shared
SID0149-RAMAN,SID0149,shape,fiber,,,,,,,,shared
SID0149-OPTICAL,SID0149,shape,fiber,,,,,,,,shared
SID0149-RAMAN,SID0149,shape,fragment,,,,,,,,shared
SID0149-OPTICAL,SID0149,shape,fragment,,,,,,,,shared
SID0149-RAMAN,SID0149,shape,film,,,,,,,,shared
SID0149-OPTICAL,SID0149,shape,film,,,,,,,,shared
SID0149-RAMAN,SID0149,shape,foam,,,,,,,,shared
SID0149-OPTICAL,SID0149,shape,foam,,,,,,,,shared
SID0149-RAMAN,SID0149,shape,aggregate,,,,,,,,shared
SID0149-OPTICAL,SID0149,shape,aggregate,,,,,,,,shared
SID0150-RAMAN,SID0150,shape,fiber,,,,,,,,direct
SID0150-RAMAN,SID0150,shape,fragment,,,,,,,,direct
SID0151-OPTICAL,SID0151,shape,fiber,,,,,,,,shared
SID0151-UFTIR,SID0151,shape,fiber,,,,,,,,shared
SID0151-OPTICAL,SID0151,shape,fragment,,,,,,,,shared
SID0151-UFTIR,SID0151,shape,fragment,,,,,,,,shared
SID0151-OPTICAL,SID0151,shape,film,,,,,,,,shared
SID0151-UFTIR,SID0151,shape,film,,,,,,,,shared
SID0152-OPTICAL,SID0152,shape,fiber,,,,,,,,shared
SID0152-SEM,SID0152,shape,fiber,,,,,,,,shared
SID0152-UFTIR,SID0152,shape,fiber,,,,,,,,shared
SID0152-OPTICAL,SID0152,shape,foam,,,,,,,,shared
SID0152-SEM,SID0152,shape,foam,,,,,,,,shared
SID0152-UFTIR,SID0152,shape,foam,,,,,,,,shared
SID0153-OPTICAL,SID0153,shape,fiber,,,,,,,,direct
SID0153-OPTICAL,SID0153,shape,fragment,,,,,,,,direct
SID0153-OPTICAL,SID0153,shape,film,,,,,,,,direct
SID0153-OPTICAL,SID0153,shape,aggregate,,,,,,,,direct
SID0156-FLUOR,SID0156,shape,fiber,,,,,,,,shared
SID0156-OPTICAL,SID0156,shape,fiber,,,,,,,,shared
SID0156-FLUOR,SID0156,shape,fragment,,,,,,,,shared
SID0156-OPTICAL,SID0156,shape,fragment,,,,,,,,shared
SID0156-FLUOR,SID0156,shape,pellet,,,,,,,,shared
SID0156-OPTICAL,SID0156,shape,pellet,,,,,,,,shared
SID0157-UFTIR,SID0157,shape,fiber,,,,,,,,direct
SID0157-UFTIR,SID0157,shape,fragment,,,,,,,,direct
SID0158-OPTICAL,SID0158,shape,fiber,,,,,,,,shared
SID0158-ATR_FTIR,SID0158,shape,fiber,,,,,,,,shared
SID0158-UFTIR,SID0158,shape,fiber,,,,,,,,shared
SID0158-OPTICAL,SID0158,shape,fragment,,,,,,,,shared
SID0158-ATR_FTIR,SID0158,shape,fragment,,,,,,,,shared
SID0158-UFTIR,SID0158,shape,fragment,,,,,,,,shared
SID0159-UFTIR,SID0159,shape,fiber,,,,,,,,direct
SID0159-UFTIR,SID0159,shape,fragment,,,,,,,,direct
SID0159-UFTIR,SID0159,shape,film,,,,,,,,direct
SID0159-UFTIR,SID0159,shape,pellet,,,,,,,,direct
SID0160-RAMAN,SID0160,shape,fiber,,,,,,,,shared
SID0160-OPTICAL,SID0160,shape,fiber,,,,,,,,shared
SID0160-RAMAN,SID0160,shape,fragment,,,,,,,,shared
SID0160-OPTICAL,SID0160,shape,fragment,,,,,,,,shared
SID0160-RAMAN,SID0160,shape,sphere,,,,,,,,shared
SID0160-OPTICAL,SID0160,shape,sphere,,,,,,,,shared
SID0160-RAMAN,SID0160,shape,film,,,,,,,,shared
SID0160-OPTICAL,SID0160,shape,film,,,,,,,,shared
SID0160-RAMAN,SID0160,shape,pellet,,,,,,,,shared
SID0160-OPTICAL,SID0160,shape,pellet,,,,,,,,shared
SID0161-RAMAN,SID0161,shape,fiber,,,,,,,,shared
SID0161-SEM,SID0161,shape,fiber,,,,,,,,shared
SID0161-RAMAN,SID0161,shape,fragment,,,,,,,,shared
SID0161-SEM,SID0161,shape,fragment,,,,,,,,shared
SID0161-RAMAN,SID0161,shape,film,,,,,,,,shared
SID0161-SEM,SID0161,shape,film,,,,,,,,shared
SID0161-RAMAN,SID0161,shape,foam,,,,,,,,shared
SID0161-SEM,SID0161,shape,foam,,,,,,,,shared
SID0161-RAMAN,SID0161,shape,pellet,,,,,,,,shared
SID0161-SEM,SID0161,shape,pellet,,,,,,,,shared
SID0162-ATR_FTIR,SID0162,shape,fiber,,,,,,,,shared
SID0162-UFTIR,SID0162,shape,fiber,,,,,,,,shared
SID0162-ATR_FTIR,SID0162,shape,fragment,,,,,,,,shared
SID0162-UFTIR,SID0162,shape,fragment,,,,,,,,shared
SID0162-ATR_FTIR,SID0162,shape,film,,,,,,,,shared
SID0162-UFTIR,SID0162,shape,film,,,,,,,,shared
SID0167-FTIR,SID0167,shape,fiber,,,,,,,,direct
SID0167-FTIR,SID0167,shape,fragment,,,,,,,,direct
SID0167-FTIR,SID0167,shape,film,,,,,,,,direct
SID0169-ICPMS,SID0169,shape,sphere,,,,,,,,shared
SID0169-SEM,SID0169,shape,sphere,,,,,,,,shared
SID0170-SEM,SID0170,shape,fiber,,,,,,,,shared
SID0170-FTIR,SID0170,shape,fiber,,,,,,,,shared
SID0170-FLUOR,SID0170,shape,fiber,,,,,,,,shared
SID0170-SEM,SID0170,shape,fragment,,,,,,,,shared
SID0170-FTIR,SID0170,shape,fragment,,,,,,,,shared
SID0170-FLUOR,SID0170,shape,fragment,,,,,,,,shared
SID0171-RAMAN,SID0171,shape,fiber,,,,,,,,shared
SID0171-ATR_FTIR,SID0171,shape,fiber,,,,,,,,shared
SID0171-RAMAN,SID0171,shape,fragment,,,,,,,,shared
SID0171-ATR_FTIR,SID0171,shape,fragment,,,,,,,,shared
SID0172-UFTIR,SID0172,shape,fiber,,,,,,,,direct
SID0172-UFTIR,SID0172,shape,fragment,,,,,,,,direct
SID0172-UFTIR,SID0172,shape,film,,,,,,,,direct
SID0173-RAMAN,SID0173,shape,fragment,,,,,,,,direct
SID0174-ATR_FTIR,SID0174,shape,fiber,,,,,,,,direct
SID0174-ATR_FTIR,SID0174,shape,fragment,,,,,,,,direct
SID0174-ATR_FTIR,SID0174,shape,sphere,,,,,,,,direct
SID0174-ATR_FTIR,SID0174,shape,film,,,,,,,,direct
SID0174-ATR_FTIR,SID0174,shape,foam,,,,,,,,direct
SID0175-ATR_FTIR,SID0175,shape,fiber,,,,,,,,shared
SID0175-ICPMS,SID0175,shape,fiber,,,,,,,,shared
SID0175-ATR_FTIR,SID0175,shape,fragment,,,,,,,,shared
SID0175-ICPMS,SID0175,shape,fragment,,,,,,,,shared
SID0175-ATR_FTIR,SID0175,shape,film,,,,,,,,shared
SID0175-ICPMS,SID0175,shape,film,,,,,,,,shared
SID0176-OPTICAL,SID0176,shape,fiber,,,,,,,,shared
SID0176-FTIR,SID0176,shape,fiber,,,,,,,,shared
SID0176-OPTICAL,SID0176,shape,fragment,,,,,,,,shared
SID0176-FTIR,SID0176,shape,fragment,,,,,,,,shared
SID0176-OPTICAL,SID0176,shape,film,,,,,,,,shared
SID0176-FTIR,SID0176,shape,film,,,,,,,,shared
SID0176-OPTICAL,SID0176,shape,foam,,,,,,,,shared
SID0176-FTIR,SID0176,shape,foam,,,,,,,,shared
SID0176-OPTICAL,SID0176,shape,aggregate,,,,,,,,shared
SID0176-FTIR,SID0176,shape,aggregate,,,,,,,,shared
SID0178-RAMAN,SID0178,shape,fiber,,,,,,,,direct
SID0178-RAMAN,SID0178,shape,fragment,,,,,,,,direct
SID0178-RAMAN,SID0178,shape,sphere,,,,,,,,direct
SID0180-UFTIR,SID0180,shape,fiber,,,,,,,,direct
SID0180-UFTIR,SID0180,shape,fragment,,,,,,,,direct
SID0181-ATR_FTIR,SID0181,shape,fiber,,,,,,,,direct
SID0181-ATR_FTIR,SID0181,shape,fragment,,,,,,,,direct
SID0181-ATR_FTIR,SID0181,shape,film,,,,,,,,direct
SID0181-ATR_FTIR,SID0181,shape,foam,,,,,,,,direct
SID0182-UFTIR,SID0182,shape,fiber,,,,,,,,direct
SID0182-UFTIR,SID0182,shape,fragment,,,,,,,,direct
SID0182-UFTIR,SID0182,shape,sphere,,,,,,,,direct
SID0183-RAMAN,SID0183,shape,fiber,,,,,,,,direct
SID0183-RAMAN,SID0183,shape,fragment,,,,,,,,direct
SID0184-OPTICAL,SID0184,shape,fiber,,,,,,,,direct
SID0184-OPTICAL,SID0184,shape,film,,,,,,,,direct
SID0185-ATR_FTIR,SID0185,shape,fiber,,,,,,,,direct
SID0185-ATR_FTIR,SID0185,shape,fragment,,,,,,,,direct
SID0185-ATR_FTIR,SID0185,shape,sphere,,,,,,,,direct
SID0185-ATR_FTIR,SID0185,shape,film,,,,,,,,direct
SID0185-ATR_FTIR,SID0185,shape,pellet,,,,,,,,direct
SID0187-ATR_FTIR,SID0187,shape,fiber,,,,,,,,direct
SID0187-ATR_FTIR,SID0187,shape,fragment,,,,,,,,direct
SID0187-ATR_FTIR,SID0187,shape,pellet,,,,,,,,direct
SID0189-UFTIR,SID0189,shape,fiber,,,,,,,,direct
SID0189-UFTIR,SID0189,shape,fragment,,,,,,,,direct
SID0189-UFTIR,SID0189,shape,sphere,,,,,,,,direct
SID0189-UFTIR,SID0189,shape,film,,,,,,,,direct
SID0190-FLUOR,SID0190,shape,sphere,,,,,,,,shared
SID0190-SEM,SID0190,shape,sphere,,,,,,,,shared
SID0191-ATR_FTIR,SID0191,shape,fiber,,,,,,,,direct
SID0191-ATR_FTIR,SID0191,shape,fragment,,,,,,,,direct
SID0191-ATR_FTIR,SID0191,shape,sphere,,,,,,,,direct
SID0191-ATR_FTIR,SID0191,shape,film,,,,,,,,direct
SID0191-ATR_FTIR,SID0191,shape,foam,,,,,,,,direct
SID0192-RAMAN,SID0192,shape,fiber,,,,,,,,direct
SID0193-ATR_FTIR,SID0193,shape,fiber,,,,,,,,direct
SID0193-ATR_FTIR,SID0193,shape,fragment,,,,,,,,direct
SID0193-ATR_FTIR,SID0193,shape,film,,,,,,,,direct
SID0194-ATR_FTIR,SID0194,shape,fiber,,,,,,,,direct
SID0194-ATR_FTIR,SID0194,shape,fragment,,,,,,,,direct
SID0194-ATR_FTIR,SID0194,shape,film,,,,,,,,direct
SID0194-ATR_FTIR,SID0194,shape,pellet,,,,,,,,direct
SID0195-OPTICAL,SID0195,shape,fiber,,,,,,,,direct
SID0195-OPTICAL,SID0195,shape,fragment,,,,,,,,direct
SID0195-OPTICAL,SID0195,shape,sphere,,,,,,,,direct
SID0195-OPTICAL,SID0195,shape,film,,,,,,,,direct
SID0195-OPTICAL,SID0195,shape,foam,,,,,,,,direct
SID0196-ATR_FTIR,SID0196,shape,fiber,,,,,,,,direct
SID0196-ATR_FTIR,SID0196,shape,fragment,,,,,,,,direct
SID0196-ATR_FTIR,SID0196,shape,film,,,,,,,,direct
SID0196-ATR_FTIR,SID0196,shape,pellet,,,,,,,,direct
SID0197-RAMAN,SID0197,shape,fiber,,,,,,,,shared
SID0197-ATR_FTIR,SID0197,shape,fiber,,,,,,,,shared
SID0197-SEM,SID0197,shape,fiber,,,,,,,,shared
SID0197-RAMAN,SID0197,shape,fragment,,,,,,,,shared
SID0197-ATR_FTIR,SID0197,shape,fragment,,,,,,,,shared
SID0197-SEM,SID0197,shape,fragment,,,,,,,,shared
SID0197-RAMAN,SID0197,shape,sphere,,,,,,,,shared
SID0197-ATR_FTIR,SID0197,shape,sphere,,,,,,,,shared
SID0197-SEM,SID0197,shape,sphere,,,,,,,,shared
SID0197-RAMAN,SID0197,shape,foam,,,,,,,,shared
SID0197-ATR_FTIR,SID0197,shape,foam,,,,,,,,shared
SID0197-SEM,SID0197,shape,foam,,,,,,,,shared
SID0198-UFTIR,SID0198,shape,fiber,,,,,,,,direct
SID0198-UFTIR,SID0198,shape,fragment,,,,,,,,direct
SID0198-UFTIR,SID0198,shape,film,,,,,,,,direct
SID0198-UFTIR,SID0198,shape,foam,,,,,,,,direct
SID0198-UFTIR,SID0198,shape,pellet,,,,,,,,direct
SID0199-FLUOR,SID0199,shape,fiber,,,,,,,,shared
SID0199-UFTIR,SID0199,shape,fiber,,,,,,,,shared
SID0199-FLUOR,SID0199,shape,fragment,,,,,,,,shared
SID0199-UFTIR,SID0199,shape,fragment,,,,,,,,shared
SID0199-FLUOR,SID0199,shape,sphere,,,,,,,,shared
SID0199-UFTIR,SID0199,shape,sphere,,,,,,,,shared
SID0200-RAMAN,SID0200,shape,fiber,,,,,,,,direct
SID0200-RAMAN,SID0200,shape,fragment,,,,,,,,direct
SID0202-ATR_FTIR,SID0202,shape,fiber,,,,,,,,direct
SID0202-ATR_FTIR,SID0202,shape,fragment,,,,,,,,direct
SID0202-ATR_FTIR,SID0202,shape,sphere,,,,,,,,direct
SID0202-ATR_FTIR,SID0202,shape,film,,,,,,,,direct
SID0202-ATR_FTIR,SID0202,shape,foam,,,,,,,,direct
SID0202-ATR_FTIR,SID0202,shape,pellet,,,,,,,,direct
SID0204-FLUOR,SID0204,shape,fiber,,,,,,,,direct
SID0204-FLUOR,SID0204,shape,fragment,,,,,,,,direct
SID0204-FLUOR,SID0204,shape,sphere,,,,,,,,direct
SID0204-FLUOR,SID0204,shape,film,,,,,,,,direct
SID0204-FLUOR,SID0204,shape,foam,,,,,,,,direct
SID0205-ATR_FTIR,SID0205,shape,fiber,,,,,,,,shared
SID0205-UFTIR,SID0205,shape,fiber,,,,,,,,shared
SID0205-ATR_FTIR,SID0205,shape,fragment,,,,,,,,shared
SID0205-UFTIR,SID0205,shape,fragment,,,,,,,,shared
SID0205-ATR_FTIR,SID0205,shape,film,,,,,,,,shared
SID0205-UFTIR,SID0205,shape,film,,,,,,,,shared
SID0206-ATR_FTIR,SID0206,shape,fiber,,,,,,,,direct
SID0206-ATR_FTIR,SID0206,shape,fragment,,,,,,,,direct
SID0206-ATR_FTIR,SID0206,shape,sphere,,,,,,,,direct
SID0208-UFTIR,SID0208,shape,fiber,,,,,,,,direct
SID0208-UFTIR,SID0208,shape,film,,,,,,,,direct
SID0208-UFTIR,SID0208,shape,pellet,,,,,,,,direct
SID0209-FTIR,SID0209,shape,fragment,,,,,,,,direct
SID0210-RAMAN,SID0210,shape,fiber,,,,,,,,shared
SID0210-SEM,SID0210,shape,fiber,,,,,,,,shared
SID0210-UFTIR,SID0210,shape,fiber,,,,,,,,shared
SID0210-FLUOR,SID0210,shape,fiber,,,,,,,,shared
SID0210-RAMAN,SID0210,shape,sphere,,,,,,,,shared
SID0210-SEM,SID0210,shape,sphere,,,,,,,,shared
SID0210-UFTIR,SID0210,shape,sphere,,,,,,,,shared
SID0210-FLUOR,SID0210,shape,sphere,,,,,,,,shared
SID0211-OPTICAL,SID0211,shape,fiber,,,,,,,,shared
SID0211-SEM,SID0211,shape,fiber,,,,,,,,shared
SID0211-OPTICAL,SID0211,shape,fragment,,,,,,,,shared
SID0211-SEM,SID0211,shape,fragment,,,,,,,,shared
SID0211-OPTICAL,SID0211,shape,film,,,,,,,,shared
SID0211-SEM,SID0211,shape,film,,,,,,,,shared
SID0211-OPTICAL,SID0211,shape,foam,,,,,,,,shared
SID0211-SEM,SID0211,shape,foam,,,,,,,,shared
SID0211-OPTICAL,SID0211,shape,pellet,,,,,,,,shared
SID0211-SEM,SID0211,shape,pellet,,,,,,,,shared
SID0212-OPTICAL,SID0212,shape,fiber,,,,,,,,shared
SID0212-ATR_FTIR,SID0212,shape,fiber,,,,,,,,shared
SID0212-OPTICAL,SID0212,shape,fragment,,,,,,,,shared
SID0212-ATR_FTIR,SID0212,shape,fragment,,,,,,,,shared
SID0213-ATR_FTIR,SID0213,shape,fiber,,,,,,,,direct
SID0213-ATR_FTIR,SID0213,shape,fragment,,,,,,,,direct
SID0213-ATR_FTIR,SID0213,shape,sphere,,,,,,,,direct
SID0213-ATR_FTIR,SID0213,shape,film,,,,,,,,direct
SID0213-ATR_FTIR,SID0213,shape,pellet,,,,,,,,direct
SID0214-UFTIR,SID0214,shape,fiber,,,,,,,,direct
SID0214-UFTIR,SID0214,shape,fragment,,,,,,,,direct
SID0216-ATR_FTIR,SID0216,shape,fiber,,,,,,,,shared
SID0216-SEM,SID0216,shape,fiber,,,,,,,,shared
SID0216-UFTIR,SID0216,shape,fiber,,,,,,,,shared
SID0216-ATR_FTIR,SID0216,shape,fragment,,,,,,,,shared
SID0216-SEM,SID0216,shape,fragment,,,,,,,,shared
SID0216-UFTIR,SID0216,shape,fragment,,,,,,,,shared
SID0216-ATR_FTIR,SID0216,shape,film,,,,,,,,shared
SID0216-SEM,SID0216,shape,film,,,,,,,,shared
SID0216-UFTIR,SID0216,shape,film,,,,,,,,shared
SID0218-RAMAN,SID0218,shape,fiber,,,,,,,,direct
SID0218-RAMAN,SID0218,shape,fragment,,,,,,,,direct
SID0219-RAMAN,SID0219,shape,fiber,,,,,,,,shared
SID0219-SEM,SID0219,shape,fiber,,,,,,,,shared
SID0219-RAMAN,SID0219,shape,fragment,,,,,,,,shared
SID0219-SEM,SID0219,shape,fragment,,,,,,,,shared
SID0219-RAMAN,SID0219,shape,film,,,,,,,,shared
SID0219-SEM,SID0219,shape,film,,,,,,,,shared
SID0220-SEM,SID0220,shape,fiber,,,,,,,,shared
SID0220-UFTIR,SID0220,shape,fiber,,,,,,,,shared
SID0220-SEM,SID0220,shape,fragment,,,,,,,,shared
SID0220-UFTIR,SID0220,shape,fragment,,,,,,,,shared
SID0221-RAMAN,SID0221,shape,fiber,,,,,,,,shared
SID0221-OPTICAL,SID0221,shape,fiber,,,,,,,,shared
SID0221-RAMAN,SID0221,shape,fragment,,,,,,,,shared
SID0221-OPTICAL,SID0221,shape,fragment,,,,,,,,shared
SID0221-RAMAN,SID0221,shape,pellet,,,,,,,,shared
SID0221-OPTICAL,SID0221,shape,pellet,,,,,,,,shared
SID0222-OPTICAL,SID0222,shape,fiber,,,,,,,,shared
SID0222-ATR_FTIR,SID0222,shape,fiber,,,,,,,,shared
SID0222-OPTICAL,SID0222,shape,fragment,,,,,,,,shared
SID0222-ATR_FTIR,SID0222,shape,fragment,,,,,,,,shared
SID0222-OPTICAL,SID0222,shape,film,,,,,,,,shared
SID0222-ATR_FTIR,SID0222,shape,film,,,,,,,,shared
SID0222-OPTICAL,SID0222,shape,foam,,,,,,,,shared
SID0222-ATR_FTIR,SID0222,shape,foam,,,,,,,,shared
SID0222-OPTICAL,SID0222,shape,pellet,,,,,,,,shared
SID0222-ATR_FTIR,SID0222,shape,pellet,,,,,,,,shared
SID0223-RAMAN,SID0223,shape,fiber,,,,,,,,shared
SID0223-OPTICAL,SID0223,shape,fiber,,,,,,,,shared
SID0223-SEM,SID0223,shape,fiber,,,,,,,,shared
SID0223-RAMAN,SID0223,shape,fragment,,,,,,,,shared
SID0223-OPTICAL,SID0223,shape,fragment,,,,,,,,shared
SID0223-SEM,SID0223,shape,fragment,,,,,,,,shared
SID0223-RAMAN,SID0223,shape,film,,,,,,,,shared
SID0223-OPTICAL,SID0223,shape,film,,,,,,,,shared
SID0223-SEM,SID0223,shape,film,,,,,,,,shared
SID0224-OPTICAL,SID0224,shape,fiber,,,,,,,,shared
SID0224-UFTIR,SID0224,shape,fiber,,,,,,,,shared
SID0224-OPTICAL,SID0224,shape,fragment,,,,,,,,shared
SID0224-UFTIR,SID0224,shape,fragment,,,,,,,,shared
SID0224-OPTICAL,SID0224,shape,film,,,,,,,,shared
SID0224-UFTIR,SID0224,shape,film,,,,,,,,shared
SID0227-OPTICAL,SID0227,shape,fiber,,,,,,,,shared
SID0227-ATR_FTIR,SID0227,shape,fiber,,,,,,,,shared
SID0227-OPTICAL,SID0227,shape,fragment,,,,,,,,shared
SID0227-ATR_FTIR,SID0227,shape,fragment,,,,,,,,shared
SID0227-OPTICAL,SID0227,shape,sphere,,,,,,,,shared
SID0227-ATR_FTIR,SID0227,shape,sphere,,,,,,,,shared
SID0227-OPTICAL,SID0227,shape,foam,,,,,,,,shared
SID0227-ATR_FTIR,SID0227,shape,foam,,,,,,,,shared
SID0227-OPTICAL,SID0227,shape,pellet,,,,,,,,shared
SID0227-ATR_FTIR,SID0227,shape,pellet,,,,,,,,shared
SID0230-FLUOR,SID0230,shape,fiber,,,,,,,,shared
SID0230-RAMAN,SID0230,shape,fiber,,,,,,,,shared
SID0230-FLUOR,SID0230,shape,fragment,,,,,,,,shared
SID0230-RAMAN,SID0230,shape,fragment,,,,,,,,shared
SID0231-OPTICAL,SID0231,shape,fiber,,,,,,,,shared
SID0231-SEM,SID0231,shape,fiber,,,,,,,,shared
SID0231-OPTICAL,SID0231,shape,fragment,,,,,,,,shared
SID0231-SEM,SID0231,shape,fragment,,,,,,,,shared
SID0232-UFTIR,SID0232,shape,fragment,,,,,,,,shared
SID0232-ATR_FTIR,SID0232,shape,fragment,,,,,,,,shared
SID0232-UFTIR,SID0232,shape,sphere,,,,,,,,shared
SID0232-ATR_FTIR,SID0232,shape,sphere,,,,,,,,shared
SID0232-UFTIR,SID0232,shape,pellet,,,,,,,,shared
SID0232-ATR_FTIR,SID0232,shape,pellet,,,,,,,,shared
SID0233-OPTICAL,SID0233,shape,fiber,,,,,,,,shared
SID0233-ATR_FTIR,SID0233,shape,fiber,,,,,,,,shared
SID0233-ICPMS,SID0233,shape,fiber,,,,,,,,shared
SID0235-RAMAN,SID0235,shape,fiber,,,,,,,,direct
SID0235-RAMAN,SID0235,shape,fragment,,,,,,,,direct
SID0235-RAMAN,SID0235,shape,film,,,,,,,,direct
SID0235-RAMAN,SID0235,shape,foam,,,,,,,,direct
SID0235-RAMAN,SID0235,shape,pellet,,,,,,,,direct
SID0236-RAMAN,SID0236,shape,fiber,,,,,,,,shared
SID0236-SEM,SID0236,shape,fiber,,,,,,,,shared
SID0236-ICPMS,SID0236,shape,fiber,,,,,,,,shared
SID0236-RAMAN,SID0236,shape,fragment,,,,,,,,shared
SID0236-SEM,SID0236,shape,fragment,,,,,,,,shared
SID0236-ICPMS,SID0236,shape,fragment,,,,,,,,shared
SID0236-RAMAN,SID0236,shape,film,,,,,,,,shared
SID0236-SEM,SID0236,shape,film,,,,,,,,shared
SID0236-ICPMS,SID0236,shape,film,,,,,,,,shared
SID0238-RAMAN,SID0238,shape,fiber,,,,,,,,shared
SID0238-OPTICAL,SID0238,shape,fiber,,,,,,,,shared
SID0238-ATR_FTIR,SID0238,shape,fiber,,,,,,,,shared
SID0238-FLUOR,SID0238,shape,fiber,,,,,,,,shared
SID0238-RAMAN,SID0238,shape,film,,,,,,,,shared
SID0238-OPTICAL,SID0238,shape,film,,,,,,,,shared
SID0238-ATR_FTIR,SID0238,shape,film,,,,,,,,shared
SID0238-FLUOR,SID0238,shape,film,,,,,,,,shared
SID0238-RAMAN,SID0238,shape,fragment,,,,,,,,shared
SID0238-OPTICAL,SID0238,shape,fragment,,,,,,,,shared
SID0238-ATR_FTIR,SID0238,shape,fragment,,,,,,,,shared
SID0238-FLUOR,SID0238,shape,fragment,,,,,,,,shared
SID0238-RAMAN,SID0238,shape,pellet,,,,,,,,shared
SID0238-OPTICAL,SID0238,shape,pellet,,,,,,,,shared
SID0238-ATR_FTIR,SID0238,shape,pellet,,,,,,,,shared
SID0238-FLUOR,SID0238,shape,pellet,,,,,,,,shared
SID0239-UFTIR,SID0239,shape,fiber,,,,,,,,direct
SID0239-UFTIR,SID0239,shape,fragment,,,,,,,,direct
SID0239-UFTIR,SID0239,shape,film,,,,,,,,direct
SID0239-UFTIR,SID0239,shape,foam,,,,,,,,direct
SID0240-RAMAN,SID0240,shape,fiber,,,,,,,,direct
SID0240-RAMAN,SID0240,shape,fragment,,,,,,,,direct
SID0240-RAMAN,SID0240,shape,film,,,,,,,,direct
SID0240-RAMAN,SID0240,shape,foam,,,,,,,,direct
SID0242-UFTIR,SID0242,shape,fiber,,,,,,,,shared
SID0242-ICPMS,SID0242,shape,fiber,,,,,,,,shared
SID0242-UFTIR,SID0242,shape,fragment,,,,,,,,shared
SID0242-ICPMS,SID0242,shape,fragment,,,,,,,,shared
SID0242-UFTIR,SID0242,shape,film,,,,,,,,shared
SID0242-ICPMS,SID0242,shape,film,,,,,,,,shared
SID0242-UFTIR,SID0242,shape,pellet,,,,,,,,shared
SID0242-ICPMS,SID0242,shape,pellet,,,,,,,,shared
SID0244-RAMAN,SID0244,shape,fiber,,,,,,,,direct
SID0244-RAMAN,SID0244,shape,fragment,,,,,,,,direct
SID0245-ATR_FTIR,SID0245,shape,fiber,,,,,,,,direct
SID0245-ATR_FTIR,SID0245,shape,fragment,,,,,,,,direct
SID0246-UFTIR,SID0246,shape,fiber,,,,,,,,shared
SID0246-ATR_FTIR,SID0246,shape,fiber,,,,,,,,shared
SID0246-UFTIR,SID0246,shape,fragment,,,,,,,,shared
SID0246-ATR_FTIR,SID0246,shape,fragment,,,,,,,,shared
SID0247-RAMAN,SID0247,shape,fiber,,,,,,,,direct
SID0247-RAMAN,SID0247,shape,fragment,,,,,,,,direct
SID0247-RAMAN,SID0247,shape,film,,,,,,,,direct
SID0249-UFTIR,SID0249,shape,fiber,,,,,,,,direct
SID0249-UFTIR,SID0249,shape,fragment,,,,,,,,direct
SID0249-UFTIR,SID0249,shape,film,,,,,,,,direct
SID0250-OPTICAL,SID0250,shape,fiber,,,,,,,,shared
SID0250-ATR_FTIR,SID0250,shape,fiber,,,,,,,,shared
SID0250-SEM,SID0250,shape,fiber,,,,,,,,shared
SID0250-OPTICAL,SID0250,shape,fragment,,,,,,,,shared
SID0250-ATR_FTIR,SID0250,shape,fragment,,,,,,,,shared
SID0250-SEM,SID0250,shape,fragment,,,,,,,,shared
SID0251-ATR_FTIR,SID0251,shape,fiber,,,,,,,,direct
SID0251-ATR_FTIR,SID0251,shape,fragment,,,,,,,,direct
SID0251-ATR_FTIR,SID0251,shape,foam,,,,,,,,direct
SID0251-ATR_FTIR,SID0251,shape,film,,,,,,,,direct
SID0252-ATR_FTIR,SID0252,shape,fiber,,,,,,,,direct
SID0252-ATR_FTIR,SID0252,shape,fragment,,,,,,,,direct
SID0252-ATR_FTIR,SID0252,shape,film,,,,,,,,direct
SID0255-RAMAN,SID0255,shape,fiber,,,,,,,,direct
SID0255-RAMAN,SID0255,shape,fragment,,,,,,,,direct
SID0255-RAMAN,SID0255,shape,foam,,,,,,,,direct
SID0256-UFTIR,SID0256,shape,fragment,,,,,,,,direct
SID0256-UFTIR,SID0256,shape,fiber,,,,,,,,direct
SID0256-UFTIR,SID0256,shape,film,,,,,,,,direct
SID0256-UFTIR,SID0256,shape,foam,,,,,,,,direct
SID0256-UFTIR,SID0256,shape,pellet,,,,,,,,direct
SID0258-OPTICAL,SID0258,shape,fiber,,,,,,,,shared
SID0258-ATR_FTIR,SID0258,shape,fiber,,,,,,,,shared
SID0258-OPTICAL,SID0258,shape,fragment,,,,,,,,shared
SID0258-ATR_FTIR,SID0258,shape,fragment,,,,,,,,shared
SID0258-OPTICAL,SID0258,shape,sphere,,,,,,,,shared
SID0258-ATR_FTIR,SID0258,shape,sphere,,,,,,,,shared
SID0260-UFTIR,SID0260,shape,fragment,,,,,,,,direct
SID0260-UFTIR,SID0260,shape,fiber,,,,,,,,direct
SID0260-UFTIR,SID0260,shape,film,,,,,,,,direct
SID0265-UFTIR,SID0265,shape,film,,,,,,,,direct
SID0272-FTIR,SID0272,shape,fragment,,,,,,,,direct
SID0272-FTIR,SID0272,shape,film,,,,,,,,direct
SID0275-RAMAN,SID0275,shape,fragment,,,,,,,,shared
SID0275-UFTIR,SID0275,shape,fragment,,,,,,,,shared
SID0275-SEM,SID0275,shape,fragment,,,,,,,,shared
SID0275-RAMAN,SID0275,shape,fiber,,,,,,,,shared
SID0275-UFTIR,SID0275,shape,fiber,,,,,,,,shared
SID0275-SEM,SID0275,shape,fiber,,,,,,,,shared
SID0295-RAMAN,SID0295,shape,fiber,,,,,,,,shared
SID0295-UFTIR,SID0295,shape,fiber,,,,,,,,shared
SID0295-SEM,SID0295,shape,fiber,,,,,,,,shared
SID0313-RAMAN,SID0313,shape,fragment,,,,,,,,shared
SID0313-SEM,SID0313,shape,fragment,,,,,,,,shared
SID0313-RAMAN,SID0313,shape,fiber,,,,,,,,shared
SID0313-SEM,SID0313,shape,fiber,,,,,,,,shared
SID0313-RAMAN,SID0313,shape,film,,,,,,,,shared
SID0313-SEM,SID0313,shape,film,,,,,,,,shared
SID0320-SEM,SID0320,shape,fragment,,,,,,,,shared
SID0320-UFTIR,SID0320,shape,fragment,,,,,,,,shared
SID0320-SEM,SID0320,shape,sphere,,,,,,,,shared
SID0320-UFTIR,SID0320,shape,sphere,,,,,,,,shared
SID0320-SEM,SID0320,shape,fiber,,,,,,,,shared
SID0320-UFTIR,SID0320,shape,fiber,,,,,,,,shared
SID0320-SEM,SID0320,shape,film,,,,,,,,shared
SID0320-UFTIR,SID0320,shape,film,,,,,,,,shared
SID0320-SEM,SID0320,shape,foam,,,,,,,,shared
SID0320-UFTIR,SID0320,shape,foam,,,,,,,,shared
SID0326-SEM,SID0326,shape,fiber,,,,,,,,shared
SID0326-FTIR,SID0326,shape,fiber,,,,,,,,shared
SID0333-FLUOR,SID0333,shape,fragment,,,,,,,,shared
SID0333-RAMAN,SID0333,shape,fragment,,,,,,,,shared
SID0333-SEM,SID0333,shape,fragment,,,,,,,,shared
SID0333-FLUOR,SID0333,shape,fiber,,,,,,,,shared
SID0333-RAMAN,SID0333,shape,fiber,,,,,,,,shared
SID0333-SEM,SID0333,shape,fiber,,,,,,,,shared
SID0333-FLUOR,SID0333,shape,film,,,,,,,,shared
SID0333-RAMAN,SID0333,shape,film,,,,,,,,shared
SID0333-SEM,SID0333,shape,film,,,,,,,,shared
SID0335-FTIR,SID0335,shape,fragment,,,,,,,,direct
SID0335-FTIR,SID0335,shape,fiber,,,,,,,,direct
SID0335-FTIR,SID0335,shape,film,,,,,,,,direct
SID0339-SEM,SID0339,shape,fragment,,,,,,,,direct
SID0343-FTIR,SID0343,shape,fragment,,,,,,,,direct
SID0343-FTIR,SID0343,shape,fiber,,,,,,,,direct
SID0343-FTIR,SID0343,shape,film,,,,,,,,direct
SID0346-ATR_FTIR,SID0346,shape,fragment,,,,,,,,direct
SID0346-ATR_FTIR,SID0346,shape,fiber,,,,,,,,direct
SID0346-ATR_FTIR,SID0346,shape,film,,,,,,,,direct
SID0347-RAMAN,SID0347,shape,fragment,,,,,,,,shared
SID0347-SEM,SID0347,shape,fragment,,,,,,,,shared
SID0349-RAMAN,SID0349,shape,fragment,,,,,,,,direct
SID0349-RAMAN,SID0349,shape,pellet,,,,,,,,direct
SID0349-RAMAN,SID0349,shape,fiber,,,,,,,,direct
SID0349-RAMAN,SID0349,shape,film,,,,,,,,direct
SID0352-RAMAN,SID0352,shape,fragment,,,,,,,,shared
SID0352-SEM,SID0352,shape,fragment,,,,,,,,shared
SID0352-RAMAN,SID0352,shape,fiber,,,,,,,,shared
SID0352-SEM,SID0352,shape,fiber,,,,,,,,shared
SID0352-RAMAN,SID0352,shape,film,,,,,,,,shared
SID0352-SEM,SID0352,shape,film,,,,,,,,shared
SID0355-UFTIR,SID0355,shape,fiber,,,,,,,,direct
SID0361-UFTIR,SID0361,shape,fragment,,,,,,,,direct
SID0361-UFTIR,SID0361,shape,fiber,,,,,,,,direct
SID0361-UFTIR,SID0361,shape,film,,,,,,,,direct
SID0365-FTIR,SID0365,shape,fragment,,,,,,,,direct
SID0365-FTIR,SID0365,shape,pellet,,,,,,,,direct
SID0365-FTIR,SID0365,shape,fiber,,,,,,,,direct
SID0365-FTIR,SID0365,shape,film,,,,,,,,direct
SID0372-FLUOR,SID0372,shape,sphere,,,,,,,,shared
SID0372-RAMAN,SID0372,shape,sphere,,,,,,,,shared
SID0375-UFTIR,SID0375,shape,fragment,,,,,,,,direct
SID0375-UFTIR,SID0375,shape,fiber,,,,,,,,direct
SID0377-ATR_FTIR,SID0377,shape,fragment,,,,,,,,shared
SID0377-UFTIR,SID0377,shape,fragment,,,,,,,,shared
SID0377-ATR_FTIR,SID0377,shape,fiber,,,,,,,,shared
SID0377-UFTIR,SID0377,shape,fiber,,,,,,,,shared
SID0378-RAMAN,SID0378,shape,fragment,,,,,,,,direct
SID0378-RAMAN,SID0378,shape,sphere,,,,,,,,direct
SID0378-RAMAN,SID0378,shape,fiber,,,,,,,,direct
SID0378-RAMAN,SID0378,shape,film,,,,,,,,direct
SID0384-RAMAN,SID0384,shape,fiber,,,,,,,,shared
SID0384-SEM,SID0384,shape,fiber,,,,,,,,shared
SID0394-RAMAN,SID0394,shape,fiber,,,,,,,,direct
SID0395-FLUOR,SID0395,shape,fragment,,,,,,,,shared
SID0395-RAMAN,SID0395,shape,fragment,,,,,,,,shared
SID0395-FLUOR,SID0395,shape,fiber,,,,,,,,shared
SID0395-RAMAN,SID0395,shape,fiber,,,,,,,,shared
SID0395-FLUOR,SID0395,shape,film,,,,,,,,shared
SID0395-RAMAN,SID0395,shape,film,,,,,,,,shared
SID0396-RAMAN,SID0396,shape,fragment,,,,,,,,direct
SID0396-RAMAN,SID0396,shape,pellet,,,,,,,,direct
SID0396-RAMAN,SID0396,shape,fiber,,,,,,,,direct
SID0396-RAMAN,SID0396,shape,film,,,,,,,,direct
SID0397-RAMAN,SID0397,shape,fiber,,,,,,,,direct
SID0403-RAMAN,SID0403,shape,fragment,,,,,,,,shared
SID0403-SEM,SID0403,shape,fragment,,,,,,,,shared
SID0403-RAMAN,SID0403,shape,fiber,,,,,,,,shared
SID0403-SEM,SID0403,shape,fiber,,,,,,,,shared
SID0405-FTIR,SID0405,shape,fiber,,,,,,,,direct
SID0406-ATR_FTIR,SID0406,shape,fragment,,,,,,,,direct
SID0408-RAMAN,SID0408,shape,fragment,,,,,,,,direct
SID0409-ATR_FTIR,SID0409,shape,fiber,,,,,,,,shared
SID0409-SEM,SID0409,shape,fiber,,,,,,,,shared
SID0411-RAMAN,SID0411,shape,fragment,,,,,,,,direct
SID0411-RAMAN,SID0411,shape,sphere,,,,,,,,direct
SID0411-RAMAN,SID0411,shape,fiber,,,,,,,,direct
SID0412-RAMAN,SID0412,shape,fragment,,,,,,,,shared
SID0412-UFTIR,SID0412,shape,fragment,,,,,,,,shared
SID0412-RAMAN,SID0412,shape,fiber,,,,,,,,shared
SID0412-UFTIR,SID0412,shape,fiber,,,,,,,,shared
SID0413-RAMAN,SID0413,shape,fragment,,,,,,,,direct
SID0413-RAMAN,SID0413,shape,fiber,,,,,,,,direct
SID0420-SEM,SID0420,shape,fragment,,,,,,,,shared
SID0420-UFTIR,SID0420,shape,fragment,,,,,,,,shared
SID0420-SEM,SID0420,shape,fiber,,,,,,,,shared
SID0420-UFTIR,SID0420,shape,fiber,,,,,,,,shared
SID0420-SEM,SID0420,shape,film,,,,,,,,shared
SID0420-UFTIR,SID0420,shape,film,,,,,,,,shared
SID0432-RAMAN,SID0432,shape,fragment,,,,,,,,direct
SID0432-RAMAN,SID0432,shape,fiber,,,,,,,,direct
SID0432-RAMAN,SID0432,shape,film,,,,,,,,direct
SID0012-FLUOR,SID0012,shape,sphere,,,,,,,,shared
SID0012-ICPMS,SID0012,shape,sphere,,,,,,,,shared
SID0017-FLUOR,SID0017,shape,sphere,,,,,,,,shared
SID0017-ATR_FTIR,SID0017,shape,sphere,,,,,,,,shared
SID0017-OTHER_MS,SID0017,shape,sphere,,,,,,,,shared
SID0023-FLUOR,SID0023,shape,fragment,,,,,,,,shared
SID0023-ATR_FTIR,SID0023,shape,fragment,,,,,,,,shared
SID0023-SEM,SID0023,shape,fragment,,,,,,,,shared
SID0023-FLUOR,SID0023,shape,sphere,,,,,,,,shared
SID0023-ATR_FTIR,SID0023,shape,sphere,,,,,,,,shared
SID0023-SEM,SID0023,shape,sphere,,,,,,,,shared
SID0025-ICPMS,SID0025,shape,fragment,,,,,,,,shared
SID0025-SEM,SID0025,shape,fragment,,,,,,,,shared
SID0033-FLUOR,SID0033,shape,fragment,,,,,,,,shared
SID0033-RAMAN,SID0033,shape,fragment,,,,,,,,shared
SID0033-ICPMS,SID0033,shape,fragment,,,,,,,,shared
SID0033-SEM,SID0033,shape,fragment,,,,,,,,shared
SID0033-FLUOR,SID0033,shape,sphere,,,,,,,,shared
SID0033-RAMAN,SID0033,shape,sphere,,,,,,,,shared
SID0033-ICPMS,SID0033,shape,sphere,,,,,,,,shared
SID0033-SEM,SID0033,shape,sphere,,,,,,,,shared
SID0033-FLUOR,SID0033,shape,pellet,,,,,,,,shared
SID0033-RAMAN,SID0033,shape,pellet,,,,,,,,shared
SID0033-ICPMS,SID0033,shape,pellet,,,,,,,,shared
SID0033-SEM,SID0033,shape,pellet,,,,,,,,shared
SID0036-ICPMS,SID0036,shape,fragment,,,,,,,,shared
SID0036-SEM,SID0036,shape,fragment,,,,,,,,shared
SID0045-RAMAN,SID0045,shape,fiber,,,,,,,,shared
SID0045-OPTICAL,SID0045,shape,fiber,,,,,,,,shared
SID0045-SEM,SID0045,shape,fiber,,,,,,,,shared
SID0053-RAMAN,SID0053,shape,sphere,,,,,,,,shared
SID0053-FLUOR,SID0053,shape,sphere,,,,,,,,shared
SID0058-RAMAN,SID0058,shape,fiber,,,,,,,,direct
SID0058-RAMAN,SID0058,shape,fragment,,,,,,,,direct
SID0058-RAMAN,SID0058,shape,film,,,,,,,,direct
SID0058-RAMAN,SID0058,shape,foam,,,,,,,,direct
SID0064-SEM,SID0064,shape,sphere,,,,,,,,shared
SID0064-ICPMS,SID0064,shape,sphere,,,,,,,,shared
SID0064-SEM,SID0064,shape,aggregate,,,,,,,,shared
SID0064-ICPMS,SID0064,shape,aggregate,,,,,,,,shared
SID0065-RAMAN,SID0065,shape,fragment,,,,,,,,shared
SID0065-FTIR,SID0065,shape,fragment,,,,,,,,shared
SID0065-RAMAN,SID0065,shape,sphere,,,,,,,,shared
SID0065-FTIR,SID0065,shape,sphere,,,,,,,,shared
SID0067-ATR_FTIR,SID0067,shape,fragment,,,,,,,,shared
SID0067-SEM,SID0067,shape,fragment,,,,,,,,shared
SID0087-FLUOR,SID0087,shape,fragment,,,,,,,,shared
SID0087-ATR_FTIR,SID0087,shape,fragment,,,,,,,,shared
SID0087-FLUOR,SID0087,shape,pellet,,,,,,,,shared
SID0087-ATR_FTIR,SID0087,shape,pellet,,,,,,,,shared
SID0098-OPTICAL,SID0098,shape,fiber,,,,,,,,shared
SID0098-UFTIR,SID0098,shape,fiber,,,,,,,,shared
SID0098-LDIR,SID0098,shape,fiber,,,,,,,,shared
SID0098-SEM,SID0098,shape,fiber,,,,,,,,shared
SID0098-OPTICAL,SID0098,shape,pellet,,,,,,,,shared
SID0098-UFTIR,SID0098,shape,pellet,,,,,,,,shared
SID0098-LDIR,SID0098,shape,pellet,,,,,,,,shared
SID0098-SEM,SID0098,shape,pellet,,,,,,,,shared
SID0099-RAMAN,SID0099,shape,sphere,,,,,,,,shared
SID0099-OPTICAL,SID0099,shape,sphere,,,,,,,,shared
SID0099-AFM,SID0099,shape,sphere,,,,,,,,shared
SID0100-FLUOR,SID0100,shape,sphere,,,,,,,,direct
SID0100-FLUOR,SID0100,shape,aggregate,,,,,,,,direct
SID0105-FLUOR,SID0105,shape,fragment,,,,,,,,shared
SID0105-UFTIR,SID0105,shape,fragment,,,,,,,,shared
SID0105-SEM,SID0105,shape,fragment,,,,,,,,shared
SID0105-FLUOR,SID0105,shape,sphere,,,,,,,,shared
SID0105-UFTIR,SID0105,shape,sphere,,,,,,,,shared
SID0105-SEM,SID0105,shape,sphere,,,,,,,,shared
SID0105-FLUOR,SID0105,shape,pellet,,,,,,,,shared
SID0105-UFTIR,SID0105,shape,pellet,,,,,,,,shared
SID0105-SEM,SID0105,shape,pellet,,,,,,,,shared
SID0107-FLUOR,SID0107,shape,fragment,,,,,,,,shared
SID0107-ATR_FTIR,SID0107,shape,fragment,,,,,,,,shared
SID0107-SEM,SID0107,shape,fragment,,,,,,,,shared
SID0107-FLUOR,SID0107,shape,sphere,,,,,,,,shared
SID0107-ATR_FTIR,SID0107,shape,sphere,,,,,,,,shared
SID0107-SEM,SID0107,shape,sphere,,,,,,,,shared
SID0107-FLUOR,SID0107,shape,aggregate,,,,,,,,shared
SID0107-ATR_FTIR,SID0107,shape,aggregate,,,,,,,,shared
SID0107-SEM,SID0107,shape,aggregate,,,,,,,,shared
SID0110-FLUOR,SID0110,shape,fragment,,,,,,,,shared
SID0110-UFTIR,SID0110,shape,fragment,,,,,,,,shared
SID0117-FLUOR,SID0117,shape,sphere,,,,,,,,shared
SID0117-RAMAN,SID0117,shape,sphere,,,,,,,,shared
SID0117-UFTIR,SID0117,shape,sphere,,,,,,,,shared
SID0117-ATR_FTIR,SID0117,shape,sphere,,,,,,,,shared
SID0117-AFM,SID0117,shape,sphere,,,,,,,,shared
SID0117-FLUOR,SID0117,shape,aggregate,,,,,,,,shared
SID0117-RAMAN,SID0117,shape,aggregate,,,,,,,,shared
SID0117-UFTIR,SID0117,shape,aggregate,,,,,,,,shared
SID0117-ATR_FTIR,SID0117,shape,aggregate,,,,,,,,shared
SID0117-AFM,SID0117,shape,aggregate,,,,,,,,shared
SID0128-FLUOR,SID0128,shape,sphere,,,,,,,,shared
SID0128-UFTIR,SID0128,shape,sphere,,,,,,,,shared
SID0128-SEM,SID0128,shape,sphere,,,,,,,,shared
SID0128-FLUOR,SID0128,shape,aggregate,,,,,,,,shared
SID0128-UFTIR,SID0128,shape,aggregate,,,,,,,,shared
SID0128-SEM,SID0128,shape,aggregate,,,,,,,,shared
SID0142-FLUOR,SID0142,shape,fragment,,,,,,,,direct
SID0142-FLUOR,SID0142,shape,sphere,,,,,,,,direct
SID0154-FLUOR,SID0154,shape,sphere,,,,,,,,direct
SID0163-FLUOR,SID0163,shape,sphere,,,,,,,,direct
SID0163-FLUOR,SID0163,shape,aggregate,,,,,,,,direct
SID0164-FLUOR,SID0164,shape,sphere,,,,,,,,shared
SID0164-ATR_FTIR,SID0164,shape,sphere,,,,,,,,shared
SID0164-SEM,SID0164,shape,sphere,,,,,,,,shared
SID0164-FLUOR,SID0164,shape,aggregate,,,,,,,,shared
SID0164-ATR_FTIR,SID0164,shape,aggregate,,,,,,,,shared
SID0164-SEM,SID0164,shape,aggregate,,,,,,,,shared
SID0165-FLUOR,SID0165,shape,sphere,,,,,,,,shared
SID0165-FTIR,SID0165,shape,sphere,,,,,,,,shared
SID0165-SEM,SID0165,shape,sphere,,,,,,,,shared
SID0165-FLUOR,SID0165,shape,aggregate,,,,,,,,shared
SID0165-FTIR,SID0165,shape,aggregate,,,,,,,,shared
SID0165-SEM,SID0165,shape,aggregate,,,,,,,,shared
SID0168-AFM,SID0168,shape,fiber,,,,,,,,direct
SID0168-AFM,SID0168,shape,film,,,,,,,,direct
SID0177-ICPMS,SID0177,shape,sphere,,,,,,,,shared
SID0177-SEM,SID0177,shape,sphere,,,,,,,,shared
SID0186-RAMAN,SID0186,shape,sphere,,,,,,,,shared
SID0186-SEM,SID0186,shape,sphere,,,,,,,,shared
SID0186-ICPMS,SID0186,shape,sphere,,,,,,,,shared
SID0186-RAMAN,SID0186,shape,aggregate,,,,,,,,shared
SID0186-SEM,SID0186,shape,aggregate,,,,,,,,shared
SID0186-ICPMS,SID0186,shape,aggregate,,,,,,,,shared
SID0201-FLUOR,SID0201,shape,sphere,,,,,,,,direct
SID0201-FLUOR,SID0201,shape,aggregate,,,,,,,,direct
SID0207-ATR_FTIR,SID0207,shape,fiber,,,,,,,,direct
SID0215-ICPMS,SID0215,shape,sphere,,,,,,,,shared
SID0215-SEM,SID0215,shape,sphere,,,,,,,,shared
SID0215-RAMAN,SID0215,shape,sphere,,,,,,,,shared
SID0215-ICPMS,SID0215,shape,aggregate,,,,,,,,shared
SID0215-SEM,SID0215,shape,aggregate,,,,,,,,shared
SID0215-RAMAN,SID0215,shape,aggregate,,,,,,,,shared
SID0217-FLUOR,SID0217,shape,sphere,,,,,,,,shared
SID0217-AFM,SID0217,shape,sphere,,,,,,,,shared
SID0217-FLUOR,SID0217,shape,aggregate,,,,,,,,shared
SID0217-AFM,SID0217,shape,aggregate,,,,,,,,shared
SID0226-RAMAN,SID0226,shape,fiber,,,,,,,,direct
SID0226-RAMAN,SID0226,shape,fragment,,,,,,,,direct
SID0226-RAMAN,SID0226,shape,pellet,,,,,,,,direct
SID0229-RAMAN,SID0229,shape,sphere,,,,,,,,direct
SID0229-RAMAN,SID0229,shape,aggregate,,,,,,,,direct
SID0243-FLUOR,SID0243,shape,fragment,,,,,,,,shared
SID0243-UFTIR,SID0243,shape,fragment,,,,,,,,shared
SID0243-RAMAN,SID0243,shape,fragment,,,,,,,,shared
SID0243-SEM,SID0243,shape,fragment,,,,,,,,shared
SID0243-FLUOR,SID0243,shape,sphere,,,,,,,,shared
SID0243-UFTIR,SID0243,shape,sphere,,,,,,,,shared
SID0243-RAMAN,SID0243,shape,sphere,,,,,,,,shared
SID0243-SEM,SID0243,shape,sphere,,,,,,,,shared
SID0243-FLUOR,SID0243,shape,aggregate,,,,,,,,shared
SID0243-UFTIR,SID0243,shape,aggregate,,,,,,,,shared
SID0243-RAMAN,SID0243,shape,aggregate,,,,,,,,shared
SID0243-SEM,SID0243,shape,aggregate,,,,,,,,shared
SID0254-FLUOR,SID0254,shape,sphere,,,,,,,,shared
SID0254-FTIR,SID0254,shape,sphere,,,,,,,,shared
SID0254-SEM,SID0254,shape,sphere,,,,,,,,shared
SID0257-RAMAN,SID0257,shape,fiber,,,,,,,,shared
SID0257-ATR_FTIR,SID0257,shape,fiber,,,,,,,,shared
SID0257-UFTIR,SID0257,shape,fiber,,,,,,,,shared
SID0257-RAMAN,SID0257,shape,fragment,,,,,,,,shared
SID0257-ATR_FTIR,SID0257,shape,fragment,,,,,,,,shared
SID0257-UFTIR,SID0257,shape,fragment,,,,,,,,shared
SID0257-RAMAN,SID0257,shape,sphere,,,,,,,,shared
SID0257-ATR_FTIR,SID0257,shape,sphere,,,,,,,,shared
SID0257-UFTIR,SID0257,shape,sphere,,,,,,,,shared
SID0002-FLUOR,SID0002,min_size,,1.0,,µm,reported,,,,direct
SID0002-ATR_FTIR,SID0002,min_size,,1.0,,µm,reported,,,,direct
SID0003-LDIR,SID0003,min_size,,20.0,,µm,reported,,,,direct
SID0004-FLUOR,SID0004,min_size,,1.21,,µm,reported,,,,direct
SID0004-RAMAN,SID0004,min_size,,1.21,,µm,reported,,,,direct
SID0005-RAMAN,SID0005,min_size,,2.0,,µm,reported,,,,direct
SID0008-FLUOR,SID0008,min_size,,50.0,,µm,model_particle,,,,shared
SID0008-RAMAN,SID0008,min_size,,50.0,,µm,model_particle,,,,shared
SID0010-RAMAN,SID0010,min_size,,1.64,,µm,reported,,,,direct
SID0013-RAMAN,SID0013,min_size,,0.94,,µm,reported,,,,direct
SID0014-OPTICAL,SID0014,min_size,,44.0,,µm,reported,,,,shared
SID0014-UFTIR,SID0014,min_size,,44.0,,µm,reported,,,,shared
SID0016-FLUOR,SID0016,min_size,,2.4,,µm,not_demonstrated,,,,shared
SID0016-RAMAN,SID0016,min_size,,2.4,,µm,not_demonstrated,,,,shared
SID0016-SEM,SID0016,min_size,,2.4,,µm,not_demonstrated,,,,shared
SID0019-UFTIR,SID0019,min_size,,0.2,,µm,reported,,,,direct
SID0021-FLUOR,SID0021,min_size,,16.7,,µm,reported,,,,shared
SID0021-RAMAN,SID0021,min_size,,16.7,,µm,reported,,,,shared
SID0021-OPTICAL,SID0021,min_size,,16.7,,µm,reported,,,,shared
SID0021-SEM,SID0021,min_size,,16.7,,µm,reported,,,,shared
SID0024-FLUOR,SID0024,min_size,,1.0,,µm,reported,,,,shared
SID0024-RAMAN,SID0024,min_size,,1.0,,µm,reported,,,,shared
SID0026-RAMAN,SID0026,min_size,,3.0,,µm,reported,,,,shared
SID0026-UFTIR,SID0026,min_size,,3.0,,µm,reported,,,,shared
SID0027-RAMAN,SID0027,min_size,,300.0,,µm,reported,,,,shared
SID0027-OPTICAL,SID0027,min_size,,300.0,,µm,reported,,,,shared
SID0027-SEM,SID0027,min_size,,300.0,,µm,reported,,,,shared
SID0027-UFTIR,SID0027,min_size,,300.0,,µm,reported,,,,shared
SID0028-ATR_FTIR,SID0028,min_size,,1000.0,,µm,reported,,,,direct
SID0029-RAMAN,SID0029,min_size,,0.1,,µm,model_particle,,,,direct
SID0030-RAMAN,SID0030,min_size,,4.0,,µm,reported,,,,shared
SID0030-SEM,SID0030,min_size,,4.0,,µm,reported,,,,shared
SID0031-RAMAN,SID0031,min_size,,25.0,,µm,reported,,,,shared
SID0031-OPTICAL,SID0031,min_size,,25.0,,µm,reported,,,,shared
SID0034-RAMAN,SID0034,min_size,,34.4,,µm,reported,,,,direct
SID0035-RAMAN,SID0035,min_size,,120.0,,µm,reported,,,,shared
SID0035-UFTIR,SID0035,min_size,,120.0,,µm,reported,,,,shared
SID0038-OPTICAL,SID0038,min_size,,30.0,,µm,reported,,,,shared
SID0038-ATR_FTIR,SID0038,min_size,,30.0,,µm,reported,,,,shared
SID0038-SEM,SID0038,min_size,,30.0,,µm,reported,,,,shared
SID0038-UFTIR,SID0038,min_size,,30.0,,µm,reported,,,,shared
SID0039-OPTICAL,SID0039,min_size,,84.0,,µm,reported,,,,shared
SID0039-ATR_FTIR,SID0039,min_size,,84.0,,µm,reported,,,,shared
SID0039-UFTIR,SID0039,min_size,,84.0,,µm,reported,,,,shared
SID0041-OPTICAL,SID0041,min_size,,2.5,,µm,reported,,,,shared
SID0041-ATR_FTIR,SID0041,min_size,,2.5,,µm,reported,,,,shared
SID0042-RAMAN,SID0042,min_size,,1.2,,µm,reported,,,,shared
SID0042-OPTICAL,SID0042,min_size,,1.2,,µm,reported,,,,shared
SID0043-RAMAN,SID0043,min_size,,42.0,,µm,reported,,,,shared
SID0043-OPTICAL,SID0043,min_size,,42.0,,µm,reported,,,,shared
SID0044-OPTICAL,SID0044,min_size,,50.0,,µm,reported,,,,shared
SID0044-ATR_FTIR,SID0044,min_size,,50.0,,µm,reported,,,,shared
SID0047-OPTICAL,SID0047,min_size,,40.0,,µm,reported,,,,shared
SID0047-ATR_FTIR,SID0047,min_size,,40.0,,µm,reported,,,,shared
SID0049-OPTICAL,SID0049,min_size,,50.0,,µm,not_demonstrated,,,,shared
SID0049-UFTIR,SID0049,min_size,,50.0,,µm,not_demonstrated,,,,shared
SID0050-FLUOR,SID0050,min_size,,74.0,,µm,reported,,,,shared
SID0050-OPTICAL,SID0050,min_size,,74.0,,µm,reported,,,,shared
SID0050-ATR_FTIR,SID0050,min_size,,74.0,,µm,reported,,,,shared
SID0050-SEM,SID0050,min_size,,74.0,,µm,reported,,,,shared
SID0051-OPTICAL,SID0051,min_size,,2000.0,,µm,reported,,,,shared
SID0051-ATR_FTIR,SID0051,min_size,,2000.0,,µm,reported,,,,shared
SID0052-OPTICAL,SID0052,min_size,,30.0,,µm,reported,,,,shared
SID0052-UFTIR,SID0052,min_size,,30.0,,µm,reported,,,,shared
SID0054-RAMAN,SID0054,min_size,,2.1,,µm,reported,,,,direct
SID0055-SEM,SID0055,min_size,,1.0,,µm,reported,,,,direct
SID0056-RAMAN,SID0056,min_size,,1.0,,µm,reported,,,,direct
SID0059-RAMAN,SID0059,min_size,,59.22,,µm,reported,,,,shared
SID0059-ATR_FTIR,SID0059,min_size,,59.22,,µm,reported,,,,shared
SID0060-OPTICAL,SID0060,min_size,,1000.0,,µm,not_demonstrated,,,,shared
SID0060-UFTIR,SID0060,min_size,,1000.0,,µm,not_demonstrated,,,,shared
SID0061-OPTICAL,SID0061,min_size,,61.0,,µm,reported,,,,shared
SID0061-SEM,SID0061,min_size,,61.0,,µm,reported,,,,shared
SID0061-UFTIR,SID0061,min_size,,61.0,,µm,reported,,,,shared
SID0062-OPTICAL,SID0062,min_size,,100.0,,µm,reported,,,,shared
SID0062-ATR_FTIR,SID0062,min_size,,100.0,,µm,reported,,,,shared
SID0063-UFTIR,SID0063,min_size,,11.23,,µm,reported,,,,direct
SID0066-FLUOR,SID0066,min_size,,50.0,,µm,not_demonstrated,,,,shared
SID0066-UFTIR,SID0066,min_size,,50.0,,µm,not_demonstrated,,,,shared
SID0068-ATR_FTIR,SID0068,min_size,,25.0,,µm,model_particle,,,,shared
SID0068-UFTIR,SID0068,min_size,,25.0,,µm,model_particle,,,,shared
SID0069-ATR_FTIR,SID0069,min_size,,300.0,,µm,reported,,,,direct
SID0070-UFTIR,SID0070,min_size,,28.0,,µm,reported,,,,shared
SID0070-ATR_FTIR,SID0070,min_size,,28.0,,µm,reported,,,,shared
SID0071-RAMAN,SID0071,min_size,,36.0,,µm,reported,,,,shared
SID0071-OPTICAL,SID0071,min_size,,36.0,,µm,reported,,,,shared
SID0072-UFTIR,SID0072,min_size,,20.0,,µm,reported,,,,direct
SID0073-OPTICAL,SID0073,min_size,,500.0,,µm,not_demonstrated,,,,shared
SID0073-ATR_FTIR,SID0073,min_size,,500.0,,µm,not_demonstrated,,,,shared
SID0075-RAMAN,SID0075,min_size,,2.9,,µm,reported,,,,shared
SID0075-OPTICAL,SID0075,min_size,,2.9,,µm,reported,,,,shared
SID0076-RAMAN,SID0076,min_size,,45.0,,µm,reported,,,,shared
SID0076-OPTICAL,SID0076,min_size,,45.0,,µm,reported,,,,shared
SID0076-SEM,SID0076,min_size,,45.0,,µm,reported,,,,shared
SID0077-OPTICAL,SID0077,min_size,,500.0,,µm,not_demonstrated,,,,shared
SID0077-ATR_FTIR,SID0077,min_size,,500.0,,µm,not_demonstrated,,,,shared
SID0077-SEM,SID0077,min_size,,500.0,,µm,not_demonstrated,,,,shared
SID0078-ATR_FTIR,SID0078,min_size,,20.0,,µm,reported,,,,direct
SID0079-OPTICAL,SID0079,min_size,,110.0,,µm,reported,,,,shared
SID0079-ATR_FTIR,SID0079,min_size,,110.0,,µm,reported,,,,shared
SID0080-OPTICAL,SID0080,min_size,,5.5,,µm,reported,,,,shared
SID0080-UFTIR,SID0080,min_size,,5.5,,µm,reported,,,,shared
SID0081-OPTICAL,SID0081,min_size,,790.0,,µm,reported,,,,shared
SID0081-ATR_FTIR,SID0081,min_size,,790.0,,µm,reported,,,,shared
SID0082-OPTICAL,SID0082,min_size,,114.0,,µm,reported,,,,shared
SID0082-UFTIR,SID0082,min_size,,114.0,,µm,reported,,,,shared
SID0083-OPTICAL,SID0083,min_size,,100.0,,µm,not_demonstrated,,,,shared
SID0083-ATR_FTIR,SID0083,min_size,,100.0,,µm,not_demonstrated,,,,shared
SID0084-OPTICAL,SID0084,min_size,,23.0,,µm,reported,,,,shared
SID0084-UFTIR,SID0084,min_size,,23.0,,µm,reported,,,,shared
SID0085-FLUOR,SID0085,min_size,,1.6,,µm,reported,,,,shared
SID0085-RAMAN,SID0085,min_size,,1.6,,µm,reported,,,,shared
SID0086-FLUOR,SID0086,min_size,,100.0,,µm,not_demonstrated,,,,shared
SID0086-UFTIR,SID0086,min_size,,100.0,,µm,not_demonstrated,,,,shared
SID0088-OPTICAL,SID0088,min_size,,500.0,,µm,not_demonstrated,,,,shared
SID0088-ATR_FTIR,SID0088,min_size,,500.0,,µm,not_demonstrated,,,,shared
SID0089-RAMAN,SID0089,min_size,,69.0,,µm,reported,,,,shared
SID0089-OPTICAL,SID0089,min_size,,69.0,,µm,reported,,,,shared
SID0090-OPTICAL,SID0090,min_size,,800.0,,µm,reported,,,,shared
SID0090-UFTIR,SID0090,min_size,,800.0,,µm,reported,,,,shared
SID0091-RAMAN,SID0091,min_size,,1.2,,µm,reported,,,,direct
SID0092-OPTICAL,SID0092,min_size,,17.8,,µm,not_demonstrated,,,,shared
SID0092-UFTIR,SID0092,min_size,,17.8,,µm,not_demonstrated,,,,shared
SID0093-ATR_FTIR,SID0093,min_size,,6.0,,µm,not_demonstrated,,,,direct
SID0094-OPTICAL,SID0094,min_size,,81.167,,µm,reported,,,,shared
SID0094-ATR_FTIR,SID0094,min_size,,81.167,,µm,reported,,,,shared
SID0094-UFTIR,SID0094,min_size,,81.167,,µm,reported,,,,shared
SID0094-RAMAN,SID0094,min_size,,81.167,,µm,reported,,,,shared
SID0095-RAMAN,SID0095,min_size,,100.0,,µm,reported,,,,shared
SID0095-OPTICAL,SID0095,min_size,,100.0,,µm,reported,,,,shared
SID0096-OPTICAL,SID0096,min_size,,250.0,,µm,not_demonstrated,,,,shared
SID0096-UFTIR,SID0096,min_size,,250.0,,µm,not_demonstrated,,,,shared
SID0097-OPTICAL,SID0097,min_size,,40.0,,µm,reported,,,,shared
SID0097-ATR_FTIR,SID0097,min_size,,40.0,,µm,reported,,,,shared
SID0097-SEM,SID0097,min_size,,40.0,,µm,reported,,,,shared
SID0097-UFTIR,SID0097,min_size,,40.0,,µm,reported,,,,shared
SID0101-OPTICAL,SID0101,min_size,,100.0,,µm,not_demonstrated,,,,shared
SID0101-ATR_FTIR,SID0101,min_size,,100.0,,µm,not_demonstrated,,,,shared
SID0101-UFTIR,SID0101,min_size,,100.0,,µm,not_demonstrated,,,,shared
SID0102-OPTICAL,SID0102,min_size,,21.0,,µm,reported,,,,shared
SID0102-UFTIR,SID0102,min_size,,21.0,,µm,reported,,,,shared
SID0103-ATR_FTIR,SID0103,min_size,,20.0,,µm,reported,,,,shared
SID0103-UFTIR,SID0103,min_size,,20.0,,µm,reported,,,,shared
SID0104-OPTICAL,SID0104,min_size,,300.0,,µm,reported,,,,shared
SID0104-ATR_FTIR,SID0104,min_size,,300.0,,µm,reported,,,,shared
SID0106-ATR_FTIR,SID0106,min_size,,18.0,,µm,reported,,,,shared
SID0106-SEM,SID0106,min_size,,18.0,,µm,reported,,,,shared
SID0106-UFTIR,SID0106,min_size,,18.0,,µm,reported,,,,shared
SID0108-OPTICAL,SID0108,min_size,,26.0,,µm,reported,,,,shared
SID0108-ATR_FTIR,SID0108,min_size,,26.0,,µm,reported,,,,shared
SID0108-UFTIR,SID0108,min_size,,26.0,,µm,reported,,,,shared
SID0109-RAMAN,SID0109,min_size,,0.45,,µm,reported,,,,direct
SID0115-UFTIR,SID0115,min_size,,20.0,,µm,reported,,,,direct
SID0119-FLUOR,SID0119,min_size,,1.3,,µm,reported,,,,shared
SID0119-RAMAN,SID0119,min_size,,1.3,,µm,reported,,,,shared
SID0121-RAMAN,SID0121,min_size,,1.57,,µm,reported,,,,direct
SID0122-SEM,SID0122,min_size,,0.94,,µm,model_particle,,,,direct
SID0123-RAMAN,SID0123,min_size,,1.6,,µm,not_demonstrated,,,,direct
SID0125-FLUOR,SID0125,min_size,,0.32,,µm,not_demonstrated,,,,shared
SID0125-OPTICAL,SID0125,min_size,,0.32,,µm,not_demonstrated,,,,shared
SID0125-RAMAN,SID0125,min_size,,0.32,,µm,not_demonstrated,,,,shared
SID0126-RAMAN,SID0126,min_size,,2.0,,µm,reported,,,,shared
SID0126-ATR_FTIR,SID0126,min_size,,2.0,,µm,reported,,,,shared
SID0126-UFTIR,SID0126,min_size,,2.0,,µm,reported,,,,shared
SID0127-RAMAN,SID0127,min_size,,0.7,,µm,not_demonstrated,,,,direct
SID0129-ATR_FTIR,SID0129,min_size,,1.2,,µm,not_demonstrated,,,,direct
SID0130-ATR_FTIR,SID0130,min_size,,1.2,,µm,not_demonstrated,,,,direct
SID0132-RAMAN,SID0132,min_size,,0.45,,µm,not_demonstrated,,,,shared
SID0132-FTIR,SID0132,min_size,,0.45,,µm,not_demonstrated,,,,shared
SID0133-OPTICAL,SID0133,min_size,,60.0,,µm,reported,,,,direct
SID0133-ATR_FTIR,SID0133,min_size,,60.0,,µm,reported,,,,direct
SID0134-RAMAN,SID0134,min_size,,63.59,,µm,reported,,,,direct
SID0135-OPTICAL,SID0135,min_size,,8.0,,µm,reported,,,,shared
SID0135-ATR_FTIR,SID0135,min_size,,8.0,,µm,reported,,,,shared
SID0135-UFTIR,SID0135,min_size,,8.0,,µm,reported,,,,shared
SID0136-OPTICAL,SID0136,min_size,,48.0,,µm,reported,,,,shared
SID0136-UFTIR,SID0136,min_size,,48.0,,µm,reported,,,,shared
SID0137-RAMAN,SID0137,min_size,,2.0,,µm,reported,,,,direct
SID0138-OPTICAL,SID0138,min_size,,2.5,,µm,not_demonstrated,,,,shared
SID0138-ATR_FTIR,SID0138,min_size,,2.5,,µm,not_demonstrated,,,,shared
SID0138-UFTIR,SID0138,min_size,,2.5,,µm,not_demonstrated,,,,shared
SID0139-RAMAN,SID0139,min_size,,40.0,,µm,reported,,,,shared
SID0139-OPTICAL,SID0139,min_size,,40.0,,µm,reported,,,,shared
SID0141-ATR_FTIR,SID0141,min_size,,1.2,,µm,not_demonstrated,,,,direct
SID0143-OPTICAL,SID0143,min_size,,10.0,,µm,model_particle,,,,shared
SID0143-ATR_FTIR,SID0143,min_size,,10.0,,µm,model_particle,,,,shared
SID0143-UFTIR,SID0143,min_size,,10.0,,µm,model_particle,,,,shared
SID0144-OPTICAL,SID0144,min_size,,100.0,,µm,not_demonstrated,,,,direct
SID0145-UFTIR,SID0145,min_size,,68.0,,µm,reported,,,,direct
SID0146-RAMAN,SID0146,min_size,,4.0,,µm,reported,,,,direct
SID0147-OPTICAL,SID0147,min_size,,5.0,,µm,not_demonstrated,,,,shared
SID0147-UFTIR,SID0147,min_size,,5.0,,µm,not_demonstrated,,,,shared
SID0148-LDIR,SID0148,min_size,,20.0,,µm,not_demonstrated,,,,direct
SID0149-RAMAN,SID0149,min_size,,63.0,,µm,not_demonstrated,,,,direct
SID0150-RAMAN,SID0150,min_size,,5.0,,µm,not_demonstrated,,,,direct
SID0151-OPTICAL,SID0151,min_size,,25.0,,µm,not_demonstrated,,,,shared
SID0151-UFTIR,SID0151,min_size,,25.0,,µm,not_demonstrated,,,,shared
SID0152-OPTICAL,SID0152,min_size,,50.0,,µm,not_demonstrated,,,,direct
SID0153-OPTICAL,SID0153,min_size,,159.0,,µm,reported,,,,direct
SID0155-RAMAN,SID0155,min_size,,1.0,,µm,model_particle,,,,direct
SID0156-FLUOR,SID0156,min_size,,70.0,,µm,reported,,,,shared
SID0156-OPTICAL,SID0156,min_size,,70.0,,µm,reported,,,,shared
SID0157-UFTIR,SID0157,min_size,,24.0,,µm,reported,,,,direct
SID0158-OPTICAL,SID0158,min_size,,16.0,,µm,not_demonstrated,,,,direct
SID0159-UFTIR,SID0159,min_size,,15.0,,µm,not_demonstrated,,,,direct
SID0160-RAMAN,SID0160,min_size,,100.0,,µm,not_demonstrated,,,,shared
SID0160-OPTICAL,SID0160,min_size,,100.0,,µm,not_demonstrated,,,,shared
SID0161-RAMAN,SID0161,min_size,,40.0,,µm,reported,,,,shared
SID0161-SEM,SID0161,min_size,,40.0,,µm,reported,,,,shared
SID0162-ATR_FTIR,SID0162,min_size,,2.0,,µm,reported,,,,shared
SID0162-UFTIR,SID0162,min_size,,2.0,,µm,reported,,,,shared
SID0167-FTIR,SID0167,min_size,,200.0,,µm,reported,,,,direct
SID0169-ICPMS,SID0169,min_size,,2.93,,µm,reported,,,,shared
SID0169-SEM,SID0169,min_size,,2.93,,µm,reported,,,,shared
SID0170-SEM,SID0170,min_size,,20.0,,µm,reported,,,,shared
SID0170-FTIR,SID0170,min_size,,20.0,,µm,reported,,,,shared
SID0170-FLUOR,SID0170,min_size,,20.0,,µm,reported,,,,shared
SID0171-RAMAN,SID0171,min_size,,0.89,,µm,reported,,,,shared
SID0171-ATR_FTIR,SID0171,min_size,,0.89,,µm,reported,,,,shared
SID0172-UFTIR,SID0172,min_size,,5.0,,µm,reported,,,,direct
SID0173-RAMAN,SID0173,min_size,,1.2,,µm,reported,,,,direct
SID0174-ATR_FTIR,SID0174,min_size,,50.0,,µm,reported,,,,direct
SID0175-ATR_FTIR,SID0175,min_size,,500.0,,µm,reported,,,,shared
SID0175-ICPMS,SID0175,min_size,,500.0,,µm,reported,,,,shared
SID0178-RAMAN,SID0178,min_size,,50.0,,µm,reported,,,,direct
SID0180-UFTIR,SID0180,min_size,,279.0,,µm,reported,,,,direct
SID0181-ATR_FTIR,SID0181,min_size,,1000.0,,µm,reported,,,,direct
SID0182-UFTIR,SID0182,min_size,,5.0,,µm,reported,,,,direct
SID0183-RAMAN,SID0183,min_size,,30.0,,µm,reported,,,,direct
SID0184-OPTICAL,SID0184,min_size,,300.0,,µm,reported,,,,direct
SID0185-ATR_FTIR,SID0185,min_size,,10.0,,µm,reported,,,,direct
SID0187-ATR_FTIR,SID0187,min_size,,19.0,,µm,reported,,,,direct
SID0189-UFTIR,SID0189,min_size,,28.86,,µm,not_demonstrated,,,,direct
SID0190-SEM,SID0190,min_size,,10.0,,µm,model_particle,,,,direct
SID0191-ATR_FTIR,SID0191,min_size,,50.0,,µm,reported,,,,direct
SID0192-RAMAN,SID0192,min_size,,50.0,,µm,reported,,,,direct
SID0193-ATR_FTIR,SID0193,min_size,,100.0,,µm,reported,,,,direct
SID0194-ATR_FTIR,SID0194,min_size,,300.0,,µm,reported,,,,direct
SID0195-OPTICAL,SID0195,min_size,,100.0,,µm,reported,,,,direct
SID0196-ATR_FTIR,SID0196,min_size,,300.0,,µm,reported,,,,direct
SID0197-RAMAN,SID0197,min_size,,11.66,,µm,reported,,,,shared
SID0197-ATR_FTIR,SID0197,min_size,,11.66,,µm,reported,,,,shared
SID0197-SEM,SID0197,min_size,,11.66,,µm,reported,,,,shared
SID0198-UFTIR,SID0198,min_size,,102.0,,µm,reported,,,,direct
SID0199-FLUOR,SID0199,min_size,,10.0,,µm,model_particle,,,,shared
SID0199-UFTIR,SID0199,min_size,,10.0,,µm,model_particle,,,,shared
SID0200-RAMAN,SID0200,min_size,,20.0,,µm,reported,,,,direct
SID0202-ATR_FTIR,SID0202,min_size,,2.0,,µm,not_demonstrated,,,,direct
SID0204-FLUOR,SID0204,min_size,,25.0,,µm,reported,,,,direct
SID0205-ATR_FTIR,SID0205,min_size,,160.0,,µm,reported,,,,shared
SID0205-UFTIR,SID0205,min_size,,160.0,,µm,reported,,,,shared
SID0206-ATR_FTIR,SID0206,min_size,,25.0,,µm,not_demonstrated,,,,direct
SID0208-UFTIR,SID0208,min_size,,20.0,,µm,reported,,,,direct
SID0209-FTIR,SID0209,min_size,,1.9,,µm,reported,,,,direct
SID0210-RAMAN,SID0210,min_size,,1.0,,µm,model_particle,,,,shared
SID0210-SEM,SID0210,min_size,,1.0,,µm,model_particle,,,,shared
SID0210-UFTIR,SID0210,min_size,,1.0,,µm,model_particle,,,,shared
SID0210-FLUOR,SID0210,min_size,,1.0,,µm,model_particle,,,,shared
SID0211-OPTICAL,SID0211,min_size,,1.0,,µm,not_demonstrated,,,,shared
SID0211-SEM,SID0211,min_size,,1.0,,µm,not_demonstrated,,,,shared
SID0212-OPTICAL,SID0212,min_size,,1000.0,,µm,reported,,,,shared
SID0212-ATR_FTIR,SID0212,min_size,,1000.0,,µm,reported,,,,shared
SID0213-ATR_FTIR,SID0213,min_size,,12.0,,µm,reported,,,,direct
SID0214-UFTIR,SID0214,min_size,,228.1,,µm,reported,,,,direct
SID0216-ATR_FTIR,SID0216,min_size,,33.0,,µm,reported,,,,shared
SID0216-SEM,SID0216,min_size,,33.0,,µm,reported,,,,shared
SID0216-UFTIR,SID0216,min_size,,33.0,,µm,reported,,,,shared
SID0218-RAMAN,SID0218,min_size,,1.6,,µm,reported,,,,direct
SID0219-RAMAN,SID0219,min_size,,100.0,,µm,reported,,,,shared
SID0219-SEM,SID0219,min_size,,100.0,,µm,reported,,,,shared
SID0220-SEM,SID0220,min_size,,140.0,,µm,reported,,,,shared
SID0220-UFTIR,SID0220,min_size,,140.0,,µm,reported,,,,shared
SID0221-RAMAN,SID0221,min_size,,4.0,,µm,reported,,,,shared
SID0221-OPTICAL,SID0221,min_size,,4.0,,µm,reported,,,,shared
SID0222-OPTICAL,SID0222,min_size,,1000.0,,µm,reported,,,,shared
SID0222-ATR_FTIR,SID0222,min_size,,1000.0,,µm,reported,,,,shared
SID0223-RAMAN,SID0223,min_size,,110.0,,µm,reported,,,,shared
SID0223-OPTICAL,SID0223,min_size,,110.0,,µm,reported,,,,shared
SID0223-SEM,SID0223,min_size,,110.0,,µm,reported,,,,shared
SID0224-OPTICAL,SID0224,min_size,,34.0,,µm,reported,,,,shared
SID0224-UFTIR,SID0224,min_size,,34.0,,µm,reported,,,,shared
SID0225-UFTIR,SID0225,min_size,,20.0,,µm,reported,,,,direct
SID0227-OPTICAL,SID0227,min_size,,60.0,,µm,reported,,,,shared
SID0227-ATR_FTIR,SID0227,min_size,,60.0,,µm,reported,,,,shared
SID0230-FLUOR,SID0230,min_size,,63.0,,µm,not_demonstrated,,,,shared
SID0230-RAMAN,SID0230,min_size,,63.0,,µm,not_demonstrated,,,,shared
SID0231-OPTICAL,SID0231,min_size,,5.0,,µm,not_demonstrated,,,,shared
SID0231-SEM,SID0231,min_size,,5.0,,µm,not_demonstrated,,,,shared
SID0232-UFTIR,SID0232,min_size,,63.0,,µm,reported,,,,shared
SID0232-ATR_FTIR,SID0232,min_size,,63.0,,µm,reported,,,,shared
SID0233-OPTICAL,SID0233,min_size,,2.0,,µm,reported,,,,shared
SID0233-ATR_FTIR,SID0233,min_size,,2.0,,µm,reported,,,,shared
SID0233-ICPMS,SID0233,min_size,,2.0,,µm,reported,,,,shared
SID0234-FTIR,SID0234,min_size,,80.0,,µm,reported,,,,shared
SID0234-SEM,SID0234,min_size,,80.0,,µm,reported,,,,shared
SID0235-RAMAN,SID0235,min_size,,12.0,,µm,reported,,,,direct
SID0236-RAMAN,SID0236,min_size,,20.0,,µm,reported,,,,direct
SID0238-RAMAN,SID0238,min_size,,100.0,,µm,reported,,,,shared
SID0238-OPTICAL,SID0238,min_size,,100.0,,µm,reported,,,,shared
SID0238-ATR_FTIR,SID0238,min_size,,100.0,,µm,reported,,,,shared
SID0238-FLUOR,SID0238,min_size,,100.0,,µm,reported,,,,shared
SID0239-UFTIR,SID0239,min_size,,210.0,,µm,reported,,,,direct
SID0240-RAMAN,SID0240,min_size,,22.0,,µm,reported,,,,direct
SID0242-UFTIR,SID0242,min_size,,50.0,,µm,reported,,,,shared
SID0242-ICPMS,SID0242,min_size,,50.0,,µm,reported,,,,shared
SID0244-RAMAN,SID0244,min_size,,10.0,,µm,reported,,,,direct
SID0245-ATR_FTIR,SID0245,min_size,,13.0,,µm,model_particle,,,,direct
SID0246-UFTIR,SID0246,min_size,,10.0,,µm,reported,,,,direct
SID0247-RAMAN,SID0247,min_size,,63.0,,µm,reported,,,,direct
SID0248-ATR_FTIR,SID0248,min_size,,5.0,,µm,model_particle,,,,direct
SID0249-UFTIR,SID0249,min_size,,5.0,,µm,reported,,,,direct
SID0250-OPTICAL,SID0250,min_size,,100.0,,µm,reported,,,,shared
SID0250-ATR_FTIR,SID0250,min_size,,100.0,,µm,reported,,,,shared
SID0250-SEM,SID0250,min_size,,100.0,,µm,reported,,,,shared
SID0251-ATR_FTIR,SID0251,min_size,,90.0,,µm,reported,,,,direct
SID0252-ATR_FTIR,SID0252,min_size,,500.0,,µm,reported,,,,direct
SID0253-LDIR,SID0253,min_size,,20.0,,µm,reported,,,,direct
SID0255-RAMAN,SID0255,min_size,,24.4,,µm,reported,,,,direct
SID0256-UFTIR,SID0256,min_size,,9.86,,µm,reported,,,,direct
SID0258-OPTICAL,SID0258,min_size,,8.21,,µm,reported,,,,shared
SID0258-ATR_FTIR,SID0258,min_size,,8.21,,µm,reported,,,,shared
SID0260-UFTIR,SID0260,min_size,,4.0,,µm,reported,,,,direct
SID0262-RAMAN,SID0262,min_size,,0.72,,µm,reported,,,,direct
SID0264-FLUOR,SID0264,min_size,,0.1,,µm,reported,,,,shared
SID0264-ATR_FTIR,SID0264,min_size,,0.1,,µm,reported,,,,shared
SID0264-SEM,SID0264,min_size,,0.1,,µm,reported,,,,shared
SID0264-UFTIR,SID0264,min_size,,0.1,,µm,reported,,,,shared
SID0265-UFTIR,SID0265,min_size,,15.0,,µm,reported,,,,direct
SID0266-UFTIR,SID0266,min_size,,50.0,,µm,reported,,,,direct
SID0267-FTIR,SID0267,min_size,,20.0,,µm,reported,,,,direct
SID0268-RAMAN,SID0268,min_size,,1.03,,µm,reported,,,,direct
SID0269-SEM,SID0269,min_size,,20.0,,µm,reported,,,,shared
SID0269-FTIR,SID0269,min_size,,20.0,,µm,reported,,,,shared
SID0272-FTIR,SID0272,min_size,,20.0,,µm,reported,,,,direct
SID0275-RAMAN,SID0275,min_size,,5.0,,µm,reported,,,,shared
SID0275-UFTIR,SID0275,min_size,,5.0,,µm,reported,,,,shared
SID0275-SEM,SID0275,min_size,,5.0,,µm,reported,,,,shared
SID0279-FTIR,SID0279,min_size,,20.0,,µm,reported,,,,direct
SID0280-UFTIR,SID0280,min_size,,20.0,,µm,reported,,,,direct
SID0282-FTIR,SID0282,min_size,,20.0,,µm,reported,,,,shared
SID0282-SEM,SID0282,min_size,,20.0,,µm,reported,,,,shared
SID0283-RAMAN,SID0283,min_size,,1.0,,µm,reported,,,,shared
SID0283-AFM,SID0283,min_size,,1.0,,µm,reported,,,,shared
SID0284-SEM,SID0284,min_size,,10.0,,µm,reported,,,,shared
SID0284-FTIR,SID0284,min_size,,10.0,,µm,reported,,,,shared
SID0286-SEM,SID0286,min_size,,20.0,,µm,reported,,,,shared
SID0286-FTIR,SID0286,min_size,,20.0,,µm,reported,,,,shared
SID0287-SEM,SID0287,min_size,,20.0,,µm,reported,,,,shared
SID0287-FTIR,SID0287,min_size,,20.0,,µm,reported,,,,shared
SID0288-SEM,SID0288,min_size,,20.0,,µm,reported,,,,shared
SID0288-FTIR,SID0288,min_size,,20.0,,µm,reported,,,,shared
SID0289-SEM,SID0289,min_size,,20.0,,µm,reported,,,,shared
SID0289-UFTIR,SID0289,min_size,,20.0,,µm,reported,,,,shared
SID0290-RAMAN,SID0290,min_size,,1.0,,µm,reported,,,,shared
SID0290-ATR_FTIR,SID0290,min_size,,1.0,,µm,reported,,,,shared
SID0292-RAMAN,SID0292,min_size,,10.0,,µm,reported,,,,shared
SID0292-UFTIR,SID0292,min_size,,10.0,,µm,reported,,,,shared
SID0295-RAMAN,SID0295,min_size,,0.008,,µm,reported,,,,shared
SID0295-UFTIR,SID0295,min_size,,0.008,,µm,reported,,,,shared
SID0295-SEM,SID0295,min_size,,0.008,,µm,reported,,,,shared
SID0297-SEM,SID0297,min_size,,20.0,,µm,reported,,,,shared
SID0297-FTIR,SID0297,min_size,,20.0,,µm,reported,,,,shared
SID0298-FLUOR,SID0298,min_size,,50.0,,µm,reported,,,,shared
SID0298-ATR_FTIR,SID0298,min_size,,50.0,,µm,reported,,,,shared
SID0301-UFTIR,SID0301,min_size,,20.0,,µm,reported,,,,direct
SID0304-SEM,SID0304,min_size,,20.0,,µm,reported,,,,shared
SID0304-FTIR,SID0304,min_size,,20.0,,µm,reported,,,,shared
SID0305-FTIR,SID0305,min_size,,20.0,,µm,reported,,,,direct
SID0307-RAMAN,SID0307,min_size,,9.79,,µm,reported,,,,direct
SID0308-FTIR,SID0308,min_size,,20.0,,µm,reported,,,,direct
SID0309-SEM,SID0309,min_size,,20.13,,µm,reported,,,,shared
SID0309-FTIR,SID0309,min_size,,20.13,,µm,reported,,,,shared
SID0311-SEM,SID0311,min_size,,10.0,,µm,reported,,,,shared
SID0311-FTIR,SID0311,min_size,,10.0,,µm,reported,,,,shared
SID0314-SEM,SID0314,min_size,,3.18,,µm,reported,,,,direct
SID0316-RAMAN,SID0316,min_size,,1.95,,µm,reported,,,,direct
SID0317-UFTIR,SID0317,min_size,,20.0,,µm,reported,,,,shared
SID0317-SEM,SID0317,min_size,,20.0,,µm,reported,,,,shared
SID0318-FLUOR,SID0318,min_size,,56.21,,µm,reported,,,,direct
SID0320-SEM,SID0320,min_size,,10.0,,µm,reported,,,,shared
SID0320-UFTIR,SID0320,min_size,,10.0,,µm,reported,,,,shared
SID0321-RAMAN,SID0321,min_size,,20.0,,µm,reported,,,,shared
SID0321-SEM,SID0321,min_size,,20.0,,µm,reported,,,,shared
SID0322-FTIR,SID0322,min_size,,10.0,,µm,reported,,,,direct
SID0323-FTIR,SID0323,min_size,,20.0,,µm,reported,,,,direct
SID0324-FTIR,SID0324,min_size,,10.0,,µm,reported,,,,direct
SID0326-SEM,SID0326,min_size,,20.0,,µm,reported,,,,shared
SID0326-FTIR,SID0326,min_size,,20.0,,µm,reported,,,,shared
SID0327-SEM,SID0327,min_size,,20.0,,µm,reported,,,,shared
SID0327-FTIR,SID0327,min_size,,20.0,,µm,reported,,,,shared
SID0328-FTIR,SID0328,min_size,,10.0,,µm,reported,,,,direct
SID0331-FLUOR,SID0331,min_size,,0.44,,µm,reported,,,,direct
SID0332-FTIR,SID0332,min_size,,20.0,,µm,reported,,,,direct
SID0333-RAMAN,SID0333,min_size,,4.86,,µm,reported,,,,direct
SID0335-FTIR,SID0335,min_size,,20.34,,µm,reported,,,,direct
SID0336-SEM,SID0336,min_size,,20.0,,µm,reported,,,,direct
SID0339-SEM,SID0339,min_size,,20.0,,µm,reported,,,,direct
SID0340-SEM,SID0340,min_size,,20.34,,µm,reported,,,,direct
SID0343-FTIR,SID0343,min_size,,21.76,,µm,reported,,,,direct
SID0345-SEM,SID0345,min_size,,20.0,,µm,reported,,,,direct
SID0346-ATR_FTIR,SID0346,min_size,,0.22,,µm,reported,,,,direct
SID0347-RAMAN,SID0347,min_size,,2.0,,µm,reported,,,,direct
SID0349-RAMAN,SID0349,min_size,,1.0,,µm,reported,,,,direct
SID0350-SEM,SID0350,min_size,,20.0,,µm,reported,,,,shared
SID0350-FTIR,SID0350,min_size,,20.0,,µm,reported,,,,shared
SID0351-RAMAN,SID0351,min_size,,22.53,,µm,reported,,,,direct
SID0352-RAMAN,SID0352,min_size,,50.0,,µm,reported,,,,shared
SID0352-SEM,SID0352,min_size,,50.0,,µm,reported,,,,shared
SID0353-RAMAN,SID0353,min_size,,2.15,,µm,reported,,,,direct
SID0354-UFTIR,SID0354,min_size,,3.0,,µm,reported,,,,direct
SID0355-UFTIR,SID0355,min_size,,20.0,,µm,reported,,,,direct
SID0356-RAMAN,SID0356,min_size,,3.0,,µm,reported,,,,direct
SID0357-RAMAN,SID0357,min_size,,11.0,,µm,reported,,,,shared
SID0357-SEM,SID0357,min_size,,11.0,,µm,reported,,,,shared
SID0357-UFTIR,SID0357,min_size,,11.0,,µm,reported,,,,shared
SID0358-FTIR,SID0358,min_size,,20.0,,µm,reported,,,,direct
SID0359-ICPMS,SID0359,min_size,,20.34,,µm,reported,,,,shared
SID0359-SEM,SID0359,min_size,,20.34,,µm,reported,,,,shared
SID0359-FTIR,SID0359,min_size,,20.34,,µm,reported,,,,shared
SID0360-FTIR,SID0360,min_size,,20.0,,µm,reported,,,,direct
SID0361-UFTIR,SID0361,min_size,,5.0,,µm,reported,,,,direct
SID0364-SEM,SID0364,min_size,,20.0,,µm,reported,,,,shared
SID0364-FTIR,SID0364,min_size,,20.0,,µm,reported,,,,shared
SID0365-FTIR,SID0365,min_size,,20.0,,µm,reported,,,,direct
SID0366-RAMAN,SID0366,min_size,,1.7,,µm,reported,,,,direct
SID0376-RAMAN,SID0376,min_size,,3.0,,µm,reported,,,,direct
SID0379-UFTIR,SID0379,min_size,,20.0,,µm,reported,,,,direct
SID0380-RAMAN,SID0380,min_size,,1.0,,µm,reported,,,,direct
SID0381-RAMAN,SID0381,min_size,,4.0,,µm,reported,,,,direct
SID0382-UFTIR,SID0382,min_size,,7.9,,µm,reported,,,,direct
SID0383-RAMAN,SID0383,min_size,,25.4,,µm,reported,,,,shared
SID0383-FLUOR,SID0383,min_size,,25.4,,µm,reported,,,,shared
SID0384-RAMAN,SID0384,min_size,,1.17,,µm,reported,,,,shared
SID0384-SEM,SID0384,min_size,,1.17,,µm,reported,,,,shared
SID0385-RAMAN,SID0385,min_size,,37.0,,µm,reported,,,,direct
SID0386-FTIR,SID0386,min_size,,20.0,,µm,reported,,,,direct
SID0387-RAMAN,SID0387,min_size,,1.23,,µm,reported,,,,direct
SID0389-UFTIR,SID0389,min_size,,10.0,,µm,reported,,,,direct
SID0405-FTIR,SID0405,min_size,,0.5,,µm,reported,,,,direct
SID0406-ATR_FTIR,SID0406,min_size,,6.8,,µm,reported,,,,direct
SID0408-RAMAN,SID0408,min_size,,30.0,,µm,reported,,,,direct
SID0409-ATR_FTIR,SID0409,min_size,,800.0,,µm,reported,,,,shared
SID0409-SEM,SID0409,min_size,,800.0,,µm,reported,,,,shared
SID0411-RAMAN,SID0411,min_size,,20.0,,µm,reported,,,,direct
SID0412-RAMAN,SID0412,min_size,,10.0,,µm,reported,,,,shared
SID0412-UFTIR,SID0412,min_size,,10.0,,µm,reported,,,,shared
SID0413-RAMAN,SID0413,min_size,,1.0,,µm,reported,,,,direct
SID0419-SEM,SID0419,min_size,,2.1,,µm,reported,,,,direct
SID0006-ICPMS,SID0006,min_size,,0.2,,µm,model_particle,,,,direct
SID0012-FLUOR,SID0012,min_size,,0.05,,µm,model_particle,,,,shared
SID0012-ICPMS,SID0012,min_size,,0.05,,µm,model_particle,,,,shared
SID0017-FLUOR,SID0017,min_size,,20.0,,µm,reported,,,,shared
SID0017-ATR_FTIR,SID0017,min_size,,20.0,,µm,reported,,,,shared
SID0017-OTHER_MS,SID0017,min_size,,20.0,,µm,reported,,,,shared
SID0025-ICPMS,SID0025,min_size,,0.2,,µm,reported,,,,shared
SID0025-SEM,SID0025,min_size,,0.2,,µm,reported,,,,shared
SID0033-FLUOR,SID0033,min_size,,0.054,,µm,reported,,,,shared
SID0033-RAMAN,SID0033,min_size,,0.054,,µm,reported,,,,shared
SID0033-ICPMS,SID0033,min_size,,0.054,,µm,reported,,,,shared
SID0033-SEM,SID0033,min_size,,0.054,,µm,reported,,,,shared
SID0036-ICPMS,SID0036,min_size,,14.0,,µm,reported,,,,shared
SID0036-SEM,SID0036,min_size,,14.0,,µm,reported,,,,shared
SID0045-RAMAN,SID0045,min_size,,0.2,,µm,not_demonstrated,,,,shared
SID0045-OPTICAL,SID0045,min_size,,0.2,,µm,not_demonstrated,,,,shared
SID0045-SEM,SID0045,min_size,,0.2,,µm,not_demonstrated,,,,shared
SID0053-RAMAN,SID0053,min_size,,1.0,,µm,reported,,,,shared
SID0053-FLUOR,SID0053,min_size,,1.0,,µm,reported,,,,shared
SID0058-RAMAN,SID0058,min_size,,380.0,,µm,reported,,,,direct
SID0064-SEM,SID0064,min_size,,0.049,,µm,model_particle,,,,shared
SID0064-ICPMS,SID0064,min_size,,0.049,,µm,model_particle,,,,shared
SID0065-RAMAN,SID0065,min_size,,100.0,,µm,not_demonstrated,,,,direct
SID0067-ATR_FTIR,SID0067,min_size,,2.09,,µm,reported,,,,shared
SID0067-SEM,SID0067,min_size,,2.09,,µm,reported,,,,shared
SID0087-FLUOR,SID0087,min_size,,34.0,,µm,reported,,,,shared
SID0087-ATR_FTIR,SID0087,min_size,,34.0,,µm,reported,,,,shared
SID0098-SEM,SID0098,min_size,,0.1,,µm,not_demonstrated,,,,direct
SID0099-AFM,SID0099,min_size,,0.1,,µm,not_demonstrated,,,,direct
SID0100-FLUOR,SID0100,min_size,,0.025,,µm,not_demonstrated,,,,direct
SID0105-FLUOR,SID0105,min_size,,20.0,,µm,reported,,,,shared
SID0105-UFTIR,SID0105,min_size,,20.0,,µm,reported,,,,shared
SID0105-SEM,SID0105,min_size,,20.0,,µm,reported,,,,shared
SID0107-FLUOR,SID0107,min_size,,0.1,,µm,model_particle,,,,shared
SID0107-ATR_FTIR,SID0107,min_size,,0.1,,µm,model_particle,,,,shared
SID0107-SEM,SID0107,min_size,,0.1,,µm,model_particle,,,,shared
SID0110-FLUOR,SID0110,min_size,,0.1,,µm,reported,,,,shared
SID0110-UFTIR,SID0110,min_size,,0.1,,µm,reported,,,,shared
SID0117-FLUOR,SID0117,min_size,,0.16,,µm,reported,,,,shared
SID0117-RAMAN,SID0117,min_size,,0.16,,µm,reported,,,,shared
SID0117-UFTIR,SID0117,min_size,,0.16,,µm,reported,,,,shared
SID0117-ATR_FTIR,SID0117,min_size,,0.16,,µm,reported,,,,shared
SID0117-AFM,SID0117,min_size,,0.16,,µm,reported,,,,shared
SID0128-FLUOR,SID0128,min_size,,0.0814,,µm,not_demonstrated,,,,shared
SID0128-UFTIR,SID0128,min_size,,0.0814,,µm,not_demonstrated,,,,shared
SID0128-SEM,SID0128,min_size,,0.0814,,µm,not_demonstrated,,,,shared
SID0142-FLUOR,SID0142,min_size,,10.0,,µm,not_demonstrated,,,,direct
SID0154-FLUOR,SID0154,min_size,,5.0,,µm,not_demonstrated,,,,direct
SID0163-FLUOR,SID0163,min_size,,0.05,,µm,model_particle,,,,direct
SID0164-FLUOR,SID0164,min_size,,0.015,,µm,model_particle,,,,shared
SID0164-ATR_FTIR,SID0164,min_size,,0.015,,µm,model_particle,,,,shared
SID0164-SEM,SID0164,min_size,,0.015,,µm,model_particle,,,,shared
SID0165-FLUOR,SID0165,min_size,,0.7,,µm,reported,,,,shared
SID0165-FTIR,SID0165,min_size,,0.7,,µm,reported,,,,shared
SID0165-SEM,SID0165,min_size,,0.7,,µm,reported,,,,shared
SID0168-AFM,SID0168,min_size,,0.05,,µm,reported,,,,direct
SID0177-ICPMS,SID0177,min_size,,0.1,,µm,model_particle,,,,shared
SID0177-SEM,SID0177,min_size,,0.1,,µm,model_particle,,,,shared
SID0179-SEM,SID0179,min_size,,0.05,,µm,reported,,,,shared
SID0179-ICPMS,SID0179,min_size,,0.05,,µm,reported,,,,shared
SID0186-RAMAN,SID0186,min_size,,0.05,,µm,model_particle,,,,shared
SID0186-SEM,SID0186,min_size,,0.05,,µm,model_particle,,,,shared
SID0186-ICPMS,SID0186,min_size,,0.05,,µm,model_particle,,,,shared
SID0201-FLUOR,SID0201,min_size,,0.025,,µm,model_particle,,,,direct
SID0207-ATR_FTIR,SID0207,min_size,,11.0,,µm,reported,,,,direct
SID0215-ICPMS,SID0215,min_size,,0.25,,µm,model_particle,,,,shared
SID0215-SEM,SID0215,min_size,,0.25,,µm,model_particle,,,,shared
SID0215-RAMAN,SID0215,min_size,,0.25,,µm,model_particle,,,,shared
SID0217-AFM,SID0217,min_size,,0.1,,µm,reported,,,,direct
SID0226-RAMAN,SID0226,min_size,,500.0,,µm,reported,,,,direct
SID0229-RAMAN,SID0229,min_size,,0.2,,µm,reported,,,,direct
SID0243-FLUOR,SID0243,min_size,,0.1,,µm,reported,,,,shared
SID0243-UFTIR,SID0243,min_size,,0.1,,µm,reported,,,,shared
SID0243-RAMAN,SID0243,min_size,,0.1,,µm,reported,,,,shared
SID0243-SEM,SID0243,min_size,,0.1,,µm,reported,,,,shared
SID0254-FLUOR,SID0254,min_size,,0.5,,µm,reported,,,,shared
SID0254-FTIR,SID0254,min_size,,0.5,,µm,reported,,,,shared
SID0254-SEM,SID0254,min_size,,0.5,,µm,reported,,,,shared
SID0257-RAMAN,SID0257,min_size,,3.0,,µm,model_particle,,,,shared
SID0257-ATR_FTIR,SID0257,min_size,,3.0,,µm,model_particle,,,,shared
SID0257-UFTIR,SID0257,min_size,,3.0,,µm,model_particle,,,,shared
SID0271-RAMAN,SID0271,min_size,,40.0,,µm,model_particle,,,,shared
SID0271-UFTIR,SID0271,min_size,,40.0,,µm,model_particle,,,,shared
SID0348-FLUOR,SID0348,min_size,,0.2,,µm,model_particle,,,,shared
SID0348-SEM,SID0348,min_size,,0.2,,µm,model_particle,,,,shared
