finding_id,study_id,group_id,polymer_code,polymer_parent,polymer_family,is_plastic,role,id_status
SID0001-P01,SID0001,,PE,,Polyolefin,yes,field_detection,confirmed
SID0001-P02,SID0001,,PET,PEST,Polyester,yes,field_detection,confirmed
SID0001-P03,SID0001,,PVC,,Vinyl,yes,field_detection,confirmed
SID0001-P04,SID0001,,PA,,Polyamide,yes,field_detection,confirmed
SID0001-P05,SID0001,,PA66,PA,Polyamide,yes,field_detection,confirmed
SID0001-P06,SID0001,,PE,,Polyolefin,yes,recovery_spike,known_material
SID0002-P01,SID0002,,PE,,Polyolefin,yes,reported,confirmed
SID0002-P02,SID0002,,PP,,Polyolefin,yes,reported,confirmed
SID0002-P03,SID0002,,PET,PEST,Polyester,yes,reported,confirmed
SID0002-P04,SID0002,,PS,,Styrenic,yes,reported,confirmed
SID0002-P05,SID0002,,PVC,,Vinyl,yes,reported,confirmed
SID0002-P06,SID0002,,PA,,Polyamide,yes,reported,confirmed
SID0002-P07,SID0002,,PU,,Polyurethane,yes,reported,confirmed
SID0002-P08,SID0002,,PC,,Polycarbonate,yes,reported,confirmed
SID0002-P09,SID0002,,PMMA,ACR,Acrylic,yes,reported,confirmed
SID0002-P10,SID0002,,PA66,PA,Polyamide,yes,reported,confirmed
SID0002-P11,SID0002,,PA6,PA,Polyamide,yes,reported,confirmed
SID0002-P12,SID0002,,SBR,,Elastomer,yes,reported,confirmed
SID0002-P13,SID0002,,ABS,,Styrenic,yes,reported,confirmed
SID0002-P14,SID0002,,RAYON,,Semi-synthetic cellulose,semi,reported,confirmed
SID0003-P01,SID0003,,PE,,Polyolefin,yes,field_detection,confirmed
SID0003-P02,SID0003,,PP,,Polyolefin,yes,field_detection,confirmed
SID0003-P03,SID0003,,PET,PEST,Polyester,yes,field_detection,confirmed
SID0003-P04,SID0003,,PVC,,Vinyl,yes,field_detection,confirmed
SID0003-P05,SID0003,,PA,,Polyamide,yes,field_detection,confirmed
SID0003-P06,SID0003,,PU,,Polyurethane,yes,field_detection,confirmed
SID0003-P07,SID0003,,PMMA,ACR,Acrylic,yes,field_detection,confirmed
SID0003-P08,SID0003,,ACR,,Acrylic,yes,field_detection,confirmed
SID0003-P09,SID0003,,PE-CL,PE,Polyolefin,yes,field_detection,confirmed
SID0003-P10,SID0003,,EVA,,Polyolefin,yes,field_detection,confirmed
SID0003-P11,SID0003,,PB,,Elastomer,yes,field_detection,confirmed
SID0003-P12,SID0003,,EAA,,Polyolefin,yes,field_detection,confirmed
SID0003-P13,SID0003,,FKM,,Elastomer,yes,field_detection,confirmed
SID0003-P14,SID0003,,MBS,,Styrenic,yes,field_detection,confirmed
SID0003-P15,SID0003,,PIB,,Elastomer,yes,field_detection,confirmed
SID0003-P16,SID0003,,POM,,Polyacetal,yes,field_detection,confirmed
SID0003-P17,SID0003,,PA66,PA,Polyamide,yes,field_detection,confirmed
SID0003-P18,SID0003,,PE,,Polyolefin,yes,recovery_spike,known_material
SID0003-P19,SID0003,,PA66,PA,Polyamide,yes,recovery_spike,known_material
SID0003-P20,SID0003,,PVC,,Vinyl,yes,recovery_spike,known_material
SID0003-P21,SID0003,,PS,,Styrenic,yes,recovery_spike,known_material
SID0003-P22,SID0003,,PET,PEST,Polyester,yes,recovery_spike,known_material
SID0003-P23,SID0003,,PMMA,ACR,Acrylic,yes,recovery_spike,known_material
SID0003-P24,SID0003,,PC,,Polycarbonate,yes,recovery_spike,known_material
SID0003-P25,SID0003,,PA6,PA,Polyamide,yes,recovery_spike,known_material
SID0003-P26,SID0003,,PP,,Polyolefin,yes,recovery_spike,known_material
SID0004-P01,SID0004,,PE,,Polyolefin,yes,reported,confirmed
SID0004-P02,SID0004,,PP,,Polyolefin,yes,reported,confirmed
SID0004-P03,SID0004,,PET,PEST,Polyester,yes,reported,confirmed
SID0004-P04,SID0004,,PS,,Styrenic,yes,reported,confirmed
SID0004-P05,SID0004,,PVC,,Vinyl,yes,reported,confirmed
SID0004-P06,SID0004,,PA,,Polyamide,yes,reported,confirmed
SID0004-P07,SID0004,,PMMA,ACR,Acrylic,yes,reported,confirmed
SID0004-P08,SID0004,,CELL,,Natural,no,reported,confirmed
SID0005-P01,SID0005,,PE,,Polyolefin,yes,field_detection,confirmed
SID0005-P02,SID0005,,PP,,Polyolefin,yes,field_detection,confirmed
SID0005-P03,SID0005,,PET,PEST,Polyester,yes,field_detection,confirmed
SID0005-P04,SID0005,,PS,,Styrenic,yes,field_detection,confirmed
SID0005-P05,SID0005,,PVC,,Vinyl,yes,field_detection,confirmed
SID0005-P06,SID0005,,PC,,Polycarbonate,yes,field_detection,confirmed
SID0005-P07,SID0005,,POM,,Polyacetal,yes,field_detection,confirmed
SID0005-P08,SID0005,,ACR,,Acrylic,yes,field_detection,confirmed
SID0007-P01,SID0007,,PS,,Styrenic,yes,reported,confirmed
SID0007-P02,SID0007,,PS,,Styrenic,yes,recovery_spike,known_material
SID0008-P01,SID0008,,PE-HD,PE,Polyolefin,yes,exposure_material,confirmed
SID0008-P02,SID0008,,PC,,Polycarbonate,yes,exposure_material,confirmed
SID0009-P01,SID0009,,PE,,Polyolefin,yes,field_detection,confirmed
SID0009-P02,SID0009,,PP,,Polyolefin,yes,field_detection,confirmed
SID0009-P03,SID0009,,PS,,Styrenic,yes,field_detection,confirmed
SID0009-P04,SID0009,,PVC,,Vinyl,yes,field_detection,confirmed
SID0010-P01,SID0010,,PE,,Polyolefin,yes,field_detection,confirmed
SID0010-P02,SID0010,,PP,,Polyolefin,yes,field_detection,confirmed
SID0010-P03,SID0010,,PS,,Styrenic,yes,field_detection,confirmed
SID0010-P04,SID0010,,PVC,,Vinyl,yes,field_detection,confirmed
SID0010-P05,SID0010,,PA,,Polyamide,yes,field_detection,confirmed
SID0010-P06,SID0010,,PU,,Polyurethane,yes,field_detection,confirmed
SID0010-P07,SID0010,,PC,,Polycarbonate,yes,field_detection,confirmed
SID0010-P08,SID0010,,PMMA,ACR,Acrylic,yes,field_detection,confirmed
SID0010-P09,SID0010,,EVA,,Polyolefin,yes,field_detection,confirmed
SID0010-P10,SID0010,,PEST,,Polyester,yes,field_detection,confirmed
SID0010-P11,SID0010,,PSU,,Sulfone polymer,yes,field_detection,confirmed
SID0010-P12,SID0010,,PVME,,Vinyl,yes,field_detection,confirmed
SID0010-P13,SID0010,,PVP,,Vinyl,yes,field_detection,confirmed
SID0010-P14,SID0010,,EPM,,Polyolefin,yes,field_detection,confirmed
SID0011-P01,SID0011,,PS,,Styrenic,yes,exposure_material,known_material
SID0011-P02,SID0011,,PET,PEST,Polyester,yes,method_material,known_material
SID0011-P03,SID0011,,PE,,Polyolefin,yes,method_material,known_material
SID0011-P04,SID0011,,PVC,,Vinyl,yes,method_material,known_material
SID0013-P01,SID0013,,PE,,Polyolefin,yes,field_detection,confirmed
SID0013-P02,SID0013,,PS,,Styrenic,yes,field_detection,confirmed
SID0013-P03,SID0013,,PVC,,Vinyl,yes,field_detection,confirmed
SID0013-P04,SID0013,,PC,,Polycarbonate,yes,field_detection,confirmed
SID0013-P05,SID0013,,ABS,,Styrenic,yes,field_detection,confirmed
SID0013-P06,SID0013,,PTFE,,Fluoropolymer,yes,field_detection,confirmed
SID0014-P01,SID0014,,PE,,Polyolefin,yes,field_detection,confirmed
SID0014-P02,SID0014,,PP,,Polyolefin,yes,field_detection,confirmed
SID0014-P03,SID0014,,PET,PEST,Polyester,yes,field_detection,confirmed
SID0014-P04,SID0014,,PS,,Styrenic,yes,field_detection,confirmed
SID0014-P05,SID0014,,PA,,Polyamide,yes,field_detection,confirmed
SID0014-P06,SID0014,,PU,,Polyurethane,yes,field_detection,confirmed
SID0014-P07,SID0014,,ABS,,Styrenic,yes,field_detection,confirmed
SID0014-P08,SID0014,,ACR,,Acrylic,yes,field_detection,confirmed
SID0014-P09,SID0014,,PA,,Polyamide,yes,recovery_spike,known_material
SID0014-P10,SID0014,,PS-E,PS,Styrenic,yes,recovery_spike,known_material
SID0014-P11,SID0014,,PE-HD,PE,Polyolefin,yes,recovery_spike,known_material
SID0014-P12,SID0014,,PP,,Polyolefin,yes,recovery_spike,known_material
SID0015-P01,SID0015,,PE,,Polyolefin,yes,field_detection,confirmed
SID0015-P02,SID0015,,PP,,Polyolefin,yes,field_detection,confirmed
SID0015-P03,SID0015,,PET,PEST,Polyester,yes,field_detection,confirmed
SID0015-P04,SID0015,,PS,,Styrenic,yes,field_detection,confirmed
SID0015-P05,SID0015,,PMMA,ACR,Acrylic,yes,field_detection,below_quantification
SID0015-P06,SID0015,,PVC,,Vinyl,yes,excluded_target,not_applicable
SID0015-P07,SID0015,,PE,,Polyolefin,yes,recovery_spike,known_material
SID0015-P08,SID0015,,PMMA,ACR,Acrylic,yes,recovery_spike,known_material
SID0015-P09,SID0015,,PP,,Polyolefin,yes,recovery_spike,known_material
SID0015-P10,SID0015,,PS,,Styrenic,yes,recovery_spike,known_material
SID0015-P11,SID0015,,PET,PEST,Polyester,yes,recovery_spike,known_material
SID0016-P01,SID0016,,PET,PEST,Polyester,yes,exposure_material,known_material
SID0016-P02,SID0016,,PP,,Polyolefin,yes,exposure_material,known_material
SID0018-P01,SID0018,,PS,,Styrenic,yes,field_detection,tentative
SID0018-P02,SID0018,,PP,,Polyolefin,yes,field_detection,contamination_qualified
SID0018-P03,SID0018,,PE,,Polyolefin,yes,field_detection,interference
SID0018-P04,SID0018,,PMMA,ACR,Acrylic,yes,target_not_detected,below_detection
SID0018-P05,SID0018,,PET,PEST,Polyester,yes,target_not_detected,below_detection
SID0018-P06,SID0018,,PVC,,Vinyl,yes,target_not_detected,below_detection
SID0018-P07,SID0018,,PC,,Polycarbonate,yes,target_not_detected,below_detection
SID0018-P08,SID0018,,PA6,PA,Polyamide,yes,target_not_detected,below_detection
SID0018-P09,SID0018,,PA66,PA,Polyamide,yes,target_not_detected,below_detection
SID0018-P10,SID0018,,PE,,Polyolefin,yes,recovery_spike,known_material
SID0018-P11,SID0018,,PP,,Polyolefin,yes,recovery_spike,known_material
SID0018-P12,SID0018,,PMMA,ACR,Acrylic,yes,recovery_spike,known_material
SID0018-P13,SID0018,,PC,,Polycarbonate,yes,recovery_spike,known_material
SID0018-P14,SID0018,,PA6,PA,Polyamide,yes,recovery_spike,known_material
SID0018-P15,SID0018,,PA66,PA,Polyamide,yes,recovery_spike,known_material
SID0018-P16,SID0018,,PS,,Styrenic,yes,recovery_spike,known_material
SID0019-P01,SID0019,,PE,,Polyolefin,yes,reported,confirmed
SID0019-P02,SID0019,,PP,,Polyolefin,yes,reported,confirmed
SID0019-P03,SID0019,,PS,,Styrenic,yes,reported,confirmed
SID0019-P04,SID0019,,PVC,,Vinyl,yes,reported,confirmed
SID0019-P05,SID0019,,PC,,Polycarbonate,yes,reported,confirmed
SID0019-P06,SID0019,,PA,,Polyamide,yes,reported,confirmed
SID0019-P07,SID0019,,PEST,,Polyester,yes,reported,confirmed
SID0019-P08,SID0019,,PET,PEST,Polyester,yes,reported,confirmed
SID0019-P09,SID0019,,PE,,Polyolefin,yes,recovery_spike,known_material
SID0019-P10,SID0019,,PS,,Styrenic,yes,recovery_spike,known_material
SID0019-P11,SID0019,,PP,,Polyolefin,yes,recovery_spike,known_material
SID0019-P12,SID0019,,PVC,,Vinyl,yes,recovery_spike,known_material
SID0020-P01,SID0020,,PE,,Polyolefin,yes,field_detection,confirmed
SID0020-P02,SID0020,,PP,,Polyolefin,yes,field_detection,confirmed
SID0020-P03,SID0020,,PET,PEST,Polyester,yes,field_detection,confirmed
SID0020-P04,SID0020,,PS,,Styrenic,yes,field_detection,confirmed
SID0020-P05,SID0020,,PVC,,Vinyl,yes,field_detection,confirmed
SID0020-P06,SID0020,,PC,,Polycarbonate,yes,field_detection,confirmed
SID0020-P07,SID0020,,PMMA,ACR,Acrylic,yes,field_detection,confirmed
SID0021-P01,SID0021,,PE,,Polyolefin,yes,field_detection,confirmed
SID0021-P02,SID0021,,PP,,Polyolefin,yes,field_detection,confirmed
SID0021-P03,SID0021,,PET,PEST,Polyester,yes,field_detection,confirmed
SID0021-P04,SID0021,,PS,,Styrenic,yes,field_detection,confirmed
SID0021-P05,SID0021,,PVC,,Vinyl,yes,field_detection,confirmed
SID0022-P01,SID0022,,PE,,Polyolefin,yes,field_detection,confirmed
SID0022-P02,SID0022,,PP,,Polyolefin,yes,field_detection,confirmed
SID0022-P03,SID0022,,PET,PEST,Polyester,yes,field_detection,confirmed
SID0022-P04,SID0022,,PS,,Styrenic,yes,field_detection,confirmed
SID0022-P05,SID0022,,PC,,Polycarbonate,yes,field_detection,confirmed
SID0022-P06,SID0022,,PMMA,ACR,Acrylic,yes,target_not_reported,contamination_qualified
SID0022-P07,SID0022,,PVC,,Vinyl,yes,excluded_target,not_applicable
SID0022-P08,SID0022,,PE,,Polyolefin,yes,recovery_spike,known_material
SID0022-P09,SID0022,,PET,PEST,Polyester,yes,recovery_spike,known_material
SID0022-P10,SID0022,,PMMA,ACR,Acrylic,yes,recovery_spike,known_material
SID0022-P11,SID0022,,PP,,Polyolefin,yes,recovery_spike,known_material
SID0022-P12,SID0022,,PC,,Polycarbonate,yes,recovery_spike,known_material
SID0022-P13,SID0022,,PS,,Styrenic,yes,recovery_spike,known_material
SID0024-P01,SID0024,,PE,,Polyolefin,yes,reported,confirmed
SID0024-P02,SID0024,,PE,,Polyolefin,yes,recovery_spike,known_material
SID0026-P01,SID0026,,PE,,Polyolefin,yes,field_detection,confirmed
SID0026-P02,SID0026,,PP,,Polyolefin,yes,field_detection,confirmed
SID0026-P03,SID0026,,PET,PEST,Polyester,yes,field_detection,confirmed
SID0026-P04,SID0026,,PS,,Styrenic,yes,field_detection,confirmed
SID0026-P05,SID0026,,PEST,,Polyester,yes,field_detection,confirmed
SID0026-P06,SID0026,,PDMS,,Silicone,yes,field_detection,confirmed
SID0026-P07,SID0026,,EP,,Thermoset,yes,field_detection,confirmed
SID0026-P08,SID0026,,PS,,Styrenic,yes,recovery_spike,known_material
SID0027-P01,SID0027,,PP,,Polyolefin,yes,field_detection,confirmed
SID0027-P02,SID0027,,PVC,,Vinyl,yes,field_detection,confirmed
SID0027-P03,SID0027,,PA,,Polyamide,yes,field_detection,confirmed
SID0027-P04,SID0027,,RAYON,,Semi-synthetic cellulose,semi,field_detection,confirmed
SID0027-P05,SID0027,,PEST,,Polyester,yes,field_detection,confirmed
SID0027-P06,SID0027,,CELL,,Natural,no,field_detection,confirmed
SID0028-P01,SID0028,,PE,,Polyolefin,yes,field_detection,confirmed
SID0028-P02,SID0028,,PP,,Polyolefin,yes,field_detection,confirmed
SID0028-P03,SID0028,,PS,,Styrenic,yes,field_detection,confirmed
SID0028-P04,SID0028,,PA,,Polyamide,yes,field_detection,confirmed
SID0028-P05,SID0028,,PE-HD,PE,Polyolefin,yes,field_detection,confirmed
SID0028-P06,SID0028,,EPDM,,Elastomer,yes,field_detection,confirmed
SID0028-P07,SID0028,,EPM,,Polyolefin,yes,field_detection,confirmed
SID0029-P01,SID0029,,PE,,Polyolefin,yes,reported,confirmed
SID0029-P02,SID0029,,PVAC,,Vinyl,yes,reported,confirmed
SID0029-P03,SID0029,,PS,,Styrenic,yes,mentioned_uncertain,confirmed
SID0029-P04,SID0029,,PS,,Styrenic,yes,recovery_spike,known_material
SID0030-P01,SID0030,,PE,,Polyolefin,yes,field_detection,confirmed
SID0030-P02,SID0030,,PP,,Polyolefin,yes,field_detection,confirmed
SID0030-P03,SID0030,,PET,PEST,Polyester,yes,field_detection,confirmed
SID0030-P04,SID0030,,PS,,Styrenic,yes,field_detection,confirmed
SID0030-P05,SID0030,,PVC,,Vinyl,yes,field_detection,confirmed
SID0030-P06,SID0030,,PESU,,Sulfone polymer,yes,field_detection,confirmed
SID0031-P01,SID0031,,PE,,Polyolefin,yes,field_detection,confirmed
SID0031-P02,SID0031,,PU,,Polyurethane,yes,field_detection,confirmed
SID0031-P03,SID0031,,EVA,,Polyolefin,yes,field_detection,confirmed
SID0031-P04,SID0031,,ACR,,Acrylic,yes,field_detection,confirmed
SID0032-P01,SID0032,,PE,,Polyolefin,yes,reported,confirmed
SID0032-P02,SID0032,,PP,,Polyolefin,yes,reported,confirmed
SID0032-P03,SID0032,,PET,PEST,Polyester,yes,reported,confirmed
SID0032-P04,SID0032,,PS,,Styrenic,yes,reported,confirmed
SID0032-P05,SID0032,,PVC,,Vinyl,yes,reported,confirmed
SID0032-P06,SID0032,,PC,,Polycarbonate,yes,reported,confirmed
SID0032-P07,SID0032,,PMMA,ACR,Acrylic,yes,reported,confirmed
SID0032-P08,SID0032,,PA,,Polyamide,yes,reported,confirmed
SID0032-P09,SID0032,,PU,,Polyurethane,yes,reported,confirmed
SID0032-P10,SID0032,,PA66,PA,Polyamide,yes,reported,confirmed
SID0032-P11,SID0032,,ABS,,Styrenic,yes,reported,confirmed
SID0032-P12,SID0032,,SBR,,Elastomer,yes,reported,confirmed
SID0032-P13,SID0032,,PE,,Polyolefin,yes,recovery_spike,known_material
SID0032-P14,SID0032,,PA66,PA,Polyamide,yes,recovery_spike,known_material
SID0032-P15,SID0032,,PP,,Polyolefin,yes,recovery_spike,known_material
SID0032-P16,SID0032,,PVC,,Vinyl,yes,recovery_spike,known_material
SID0032-P17,SID0032,,ABS,,Styrenic,yes,recovery_spike,known_material
SID0032-P18,SID0032,,PA6,PA,Polyamide,yes,recovery_spike,known_material
SID0032-P19,SID0032,,PC,,Polycarbonate,yes,recovery_spike,known_material
SID0032-P20,SID0032,,PET,PEST,Polyester,yes,recovery_spike,known_material
SID0032-P21,SID0032,,PMMA,ACR,Acrylic,yes,recovery_spike,known_material
SID0032-P22,SID0032,,PS,,Styrenic,yes,recovery_spike,known_material
SID0032-P23,SID0032,,PU,,Polyurethane,yes,recovery_spike,known_material
SID0032-P24,SID0032,,SBR,,Elastomer,yes,recovery_spike,known_material
SID0034-P01,SID0034,,PE,,Polyolefin,yes,field_detection,confirmed
SID0034-P02,SID0034,,PP,,Polyolefin,yes,field_detection,confirmed
SID0034-P03,SID0034,,PET,PEST,Polyester,yes,field_detection,confirmed
SID0034-P04,SID0034,,PS,,Styrenic,yes,field_detection,confirmed
SID0035-P01,SID0035,,PE,,Polyolefin,yes,field_detection,confirmed
SID0035-P02,SID0035,,PP,,Polyolefin,yes,field_detection,confirmed
SID0035-P03,SID0035,,PET,PEST,Polyester,yes,field_detection,confirmed
SID0035-P04,SID0035,,PEST,,Polyester,yes,field_detection,confirmed
SID0035-P05,SID0035,,ACR,,Acrylic,yes,field_detection,confirmed
SID0035-P06,SID0035,,CELL,,Natural,no,field_detection,confirmed
SID0037-P01,SID0037,,PP,,Polyolefin,yes,reported,confirmed
SID0037-P02,SID0037,,PVC,,Vinyl,yes,reported,confirmed
SID0037-P03,SID0037,,RAYON,,Semi-synthetic cellulose,semi,reported,confirmed
SID0038-P01,SID0038,,PE,,Polyolefin,yes,field_detection,confirmed
SID0038-P02,SID0038,,PP,,Polyolefin,yes,field_detection,confirmed
SID0038-P03,SID0038,,PET,PEST,Polyester,yes,field_detection,confirmed
SID0038-P04,SID0038,,PS,,Styrenic,yes,field_detection,confirmed
SID0038-P05,SID0038,,PVC,,Vinyl,yes,field_detection,confirmed
SID0038-P06,SID0038,,PA,,Polyamide,yes,field_detection,confirmed
SID0038-P07,SID0038,,PU,,Polyurethane,yes,field_detection,confirmed
SID0038-P08,SID0038,,PMMA,ACR,Acrylic,yes,field_detection,confirmed
SID0038-P09,SID0038,,EVA,,Polyolefin,yes,field_detection,confirmed
SID0038-P10,SID0038,,POM,,Polyacetal,yes,field_detection,confirmed
SID0039-P01,SID0039,,PP,,Polyolefin,yes,field_detection,confirmed
SID0039-P02,SID0039,,PS,,Styrenic,yes,field_detection,confirmed
SID0039-P03,SID0039,,PA,,Polyamide,yes,field_detection,confirmed
SID0039-P04,SID0039,,PU,,Polyurethane,yes,field_detection,confirmed
SID0040-P01,SID0040,,PS,,Styrenic,yes,field_detection,confirmed
SID0040-P02,SID0040,,PMMA,ACR,Acrylic,yes,field_detection,confirmed
SID0040-P03,SID0040,,PA,,Polyamide,yes,field_detection,confirmed
SID0040-P04,SID0040,,PU,,Polyurethane,yes,field_detection,confirmed
SID0040-P05,SID0040,,PC,,Polycarbonate,yes,field_detection,confirmed
SID0040-P06,SID0040,,PTFE,,Fluoropolymer,yes,field_detection,confirmed
SID0040-P07,SID0040,,CA,,Semi-synthetic cellulose,semi,field_detection,confirmed
SID0041-P01,SID0041,,PP,,Polyolefin,yes,field_detection,confirmed
SID0041-P02,SID0041,,PA,,Polyamide,yes,field_detection,confirmed
SID0041-P03,SID0041,,PAA,ACR,Acrylic,yes,field_detection,confirmed
SID0041-P04,SID0041,,PDMS,,Silicone,yes,field_detection,confirmed
SID0042-P01,SID0042,,PE,,Polyolefin,yes,field_detection,confirmed
SID0042-P02,SID0042,,PP,,Polyolefin,yes,field_detection,confirmed
SID0042-P03,SID0042,,PET,PEST,Polyester,yes,field_detection,confirmed
SID0042-P04,SID0042,,PS,,Styrenic,yes,field_detection,confirmed
SID0042-P05,SID0042,,PVC,,Vinyl,yes,field_detection,confirmed
SID0042-P06,SID0042,,PC,,Polycarbonate,yes,field_detection,confirmed
SID0042-P07,SID0042,,PMMA,ACR,Acrylic,yes,field_detection,confirmed
SID0042-P08,SID0042,,PA,,Polyamide,yes,field_detection,confirmed
SID0042-P09,SID0042,,PU,,Polyurethane,yes,field_detection,confirmed
SID0042-P10,SID0042,,ABS,,Styrenic,yes,field_detection,confirmed
SID0042-P11,SID0042,,PDMS,,Silicone,yes,field_detection,confirmed
SID0042-P12,SID0042,,SBR,,Elastomer,yes,field_detection,confirmed
SID0042-P13,SID0042,,PAA,ACR,Acrylic,yes,field_detection,confirmed
SID0042-P14,SID0042,,PE,,Polyolefin,yes,recovery_spike,known_material
SID0043-P01,SID0043,,PET,PEST,Polyester,yes,field_detection,confirmed
SID0043-P02,SID0043,,CELL,,Natural,no,non_plastic_particle,confirmed
SID0044-P01,SID0044,,PE,,Polyolefin,yes,field_detection,confirmed
SID0044-P02,SID0044,,PP,,Polyolefin,yes,field_detection,confirmed
SID0044-P03,SID0044,,PA,,Polyamide,yes,field_detection,confirmed
SID0044-P04,SID0044,,PEST,,Polyester,yes,field_detection,confirmed
SID0044-P05,SID0044,,RAYON,,Semi-synthetic cellulose,semi,field_detection,confirmed
SID0046-P01,SID0046,,PE,,Polyolefin,yes,field_detection,confirmed
SID0046-P02,SID0046,,PP,,Polyolefin,yes,field_detection,confirmed
SID0046-P03,SID0046,,PVS,,Vinyl,yes,field_detection,identity_unresolved
SID0047-P01,SID0047,,PE,,Polyolefin,yes,field_detection,confirmed
SID0047-P02,SID0047,,PP,,Polyolefin,yes,field_detection,confirmed
SID0047-P03,SID0047,,PET,PEST,Polyester,yes,field_detection,confirmed
SID0047-P04,SID0047,,PVC,,Vinyl,yes,field_detection,confirmed
SID0047-P05,SID0047,,PA,,Polyamide,yes,field_detection,confirmed
SID0047-P06,SID0047,,PVAC,,Vinyl,yes,field_detection,confirmed
SID0047-P07,SID0047,,PE-LD,PE,Polyolefin,yes,field_detection,confirmed
SID0047-P08,SID0047,,PE-HD,PE,Polyolefin,yes,field_detection,confirmed
SID0047-P09,SID0047,,PAN,ACR,Acrylic,yes,field_detection,confirmed
SID0048-P01,SID0048,,OTHER,,Other,yes,field_detection,confirmed
SID0049-P01,SID0049,,PP,,Polyolefin,yes,field_detection,confirmed
SID0049-P02,SID0049,,PET,PEST,Polyester,yes,field_detection,confirmed
SID0049-P03,SID0049,,PS,,Styrenic,yes,field_detection,confirmed
SID0049-P04,SID0049,,PVC,,Vinyl,yes,field_detection,confirmed
SID0049-P05,SID0049,,PC,,Polycarbonate,yes,field_detection,confirmed
SID0049-P06,SID0049,,PA,,Polyamide,yes,field_detection,confirmed
SID0049-P07,SID0049,,ABS,,Styrenic,yes,field_detection,confirmed
SID0049-P08,SID0049,,ACR,,Acrylic,yes,field_detection,confirmed
SID0049-P09,SID0049,,PU,,Polyurethane,yes,field_detection,confirmed
SID0050-P01,SID0050,,PE,,Polyolefin,yes,field_detection,confirmed
SID0050-P02,SID0050,,PP,,Polyolefin,yes,field_detection,confirmed
SID0050-P03,SID0050,,PVC,,Vinyl,yes,field_detection,confirmed
SID0050-P04,SID0050,,PA,,Polyamide,yes,field_detection,confirmed
SID0050-P05,SID0050,,PVOH,,Vinyl,yes,field_detection,confirmed
SID0050-P06,SID0050,,PAN,ACR,Acrylic,yes,field_detection,confirmed
SID0050-P07,SID0050,,PA6,PA,Polyamide,yes,field_detection,confirmed
SID0051-P01,SID0051,,PE,,Polyolefin,yes,reported,confirmed
SID0051-P02,SID0051,,PP,,Polyolefin,yes,reported,confirmed
SID0051-P03,SID0051,,PET,PEST,Polyester,yes,reported,confirmed
SID0051-P04,SID0051,,PS,,Styrenic,yes,reported,confirmed
SID0051-P05,SID0051,,PS-E,PS,Styrenic,yes,reported,confirmed
SID0051-P06,SID0051,,CA,,Semi-synthetic cellulose,semi,reported,confirmed
SID0051-P07,SID0051,,PE,,Polyolefin,yes,recovery_spike,known_material
SID0051-P08,SID0051,,PET,PEST,Polyester,yes,recovery_spike,known_material
SID0051-P09,SID0051,,PP,,Polyolefin,yes,recovery_spike,known_material
SID0051-P10,SID0051,,PS,,Styrenic,yes,recovery_spike,known_material
SID0052-P01,SID0052,,PE,,Polyolefin,yes,field_detection,confirmed
SID0052-P02,SID0052,,PP,,Polyolefin,yes,field_detection,confirmed
SID0052-P03,SID0052,,PA,,Polyamide,yes,field_detection,confirmed
SID0052-P04,SID0052,,PE-HD,PE,Polyolefin,yes,field_detection,confirmed
SID0052-P05,SID0052,,PE-LD,PE,Polyolefin,yes,field_detection,confirmed
SID0054-P01,SID0054,,PE,,Polyolefin,yes,field_detection,confirmed
SID0054-P02,SID0054,,PE-LD,PE,Polyolefin,yes,field_detection,confirmed
SID0055-P01,SID0055,,PE,,Polyolefin,yes,field_detection,confirmed
SID0055-P02,SID0055,,PVC,,Vinyl,yes,field_detection,confirmed
SID0056-P01,SID0056,,PE,,Polyolefin,yes,field_detection,confirmed
SID0056-P02,SID0056,,PP,,Polyolefin,yes,field_detection,confirmed
SID0056-P03,SID0056,,PA,,Polyamide,yes,field_detection,confirmed
SID0056-P04,SID0056,,PE-LD,PE,Polyolefin,yes,field_detection,confirmed
SID0057-P01,SID0057,,PE,,Polyolefin,yes,field_detection,confirmed
SID0057-P02,SID0057,,PVC,,Vinyl,yes,field_detection,confirmed
SID0057-P03,SID0057,,PS,,Styrenic,yes,field_detection,confirmed
SID0057-P04,SID0057,,PP,,Polyolefin,yes,field_detection,confirmed
SID0057-P05,SID0057,,PET,PEST,Polyester,yes,field_detection,confirmed
SID0057-P06,SID0057,,PA66,PA,Polyamide,yes,field_detection,confirmed
SID0057-P07,SID0057,,PC,,Polycarbonate,yes,target_not_detected,not_detected
SID0057-P08,SID0057,,PA6,PA,Polyamide,yes,target_not_detected,not_detected
SID0057-P09,SID0057,,PLA,PEST,Polyester (bio-based),yes,target_not_detected,not_detected
SID0057-P10,SID0057,,PMMA,ACR,Acrylic,yes,target_not_detected,not_detected
SID0057-P11,SID0057,,PBAT,PEST,Polyester,yes,target_not_detected,not_detected
SID0057-P12,SID0057,,PE,,Polyolefin,yes,recovery_spike,known_material
SID0059-P01,SID0059,,PE,,Polyolefin,yes,field_detection,confirmed
SID0059-P02,SID0059,,PET,PEST,Polyester,yes,field_detection,confirmed
SID0059-P03,SID0059,,PVC,,Vinyl,yes,field_detection,confirmed
SID0059-P04,SID0059,,PS,,Styrenic,yes,field_detection,confirmed
SID0059-P05,SID0059,,PE-CL,PE,Polyolefin,yes,field_detection,confirmed
SID0059-P06,SID0059,,RAYON,,Semi-synthetic cellulose,semi,field_detection,confirmed
SID0059-P07,SID0059,,PEST,,Polyester,yes,field_detection,confirmed
SID0059-P08,SID0059,,PB,,Elastomer,yes,field_detection,confirmed
SID0060-P01,SID0060,,PE,,Polyolefin,yes,field_detection,confirmed
SID0060-P02,SID0060,,PET,PEST,Polyester,yes,field_detection,confirmed
SID0060-P03,SID0060,,PS,,Styrenic,yes,field_detection,confirmed
SID0060-P04,SID0060,,PP,,Polyolefin,yes,field_detection,confirmed
SID0060-P05,SID0060,,PVC,,Vinyl,yes,field_detection,confirmed
SID0060-P06,SID0060,,PA,,Polyamide,yes,field_detection,confirmed
SID0061-P01,SID0061,,PE,,Polyolefin,yes,field_detection,confirmed
SID0061-P02,SID0061,,PP,,Polyolefin,yes,field_detection,confirmed
SID0061-P03,SID0061,,PE-HD,PE,Polyolefin,yes,field_detection,confirmed
SID0061-P04,SID0061,,EVA,,Polyolefin,yes,field_detection,confirmed
SID0061-P05,SID0061,,EPM,,Polyolefin,yes,field_detection,confirmed
SID0062-P01,SID0062,,PVC,,Vinyl,yes,field_detection,confirmed
SID0062-P02,SID0062,,RAYON,,Semi-synthetic cellulose,semi,field_detection,confirmed
SID0062-P03,SID0062,,CELL,,Natural,no,field_detection,confirmed
SID0063-P01,SID0063,,PP,,Polyolefin,yes,reported,confirmed
SID0063-P02,SID0063,,PS,,Styrenic,yes,reported,confirmed
SID0063-P03,SID0063,,PU,,Polyurethane,yes,reported,confirmed
SID0063-P04,SID0063,,NBR,,Elastomer,yes,reported,confirmed
SID0063-P05,SID0063,,PA,,Polyamide,yes,reported,confirmed
SID0066-P01,SID0066,,PE,,Polyolefin,yes,field_detection,confirmed
SID0066-P02,SID0066,,PP,,Polyolefin,yes,field_detection,confirmed
SID0066-P03,SID0066,,PS,,Styrenic,yes,field_detection,confirmed
SID0066-P04,SID0066,,PA,,Polyamide,yes,field_detection,confirmed
SID0066-P05,SID0066,,EPM,,Polyolefin,yes,field_detection,confirmed
SID0066-P06,SID0066,,PEST,,Polyester,yes,field_detection,confirmed
SID0066-P07,SID0066,,RAYON,,Semi-synthetic cellulose,semi,field_detection,confirmed
SID0068-P01,SID0068,,PE,,Polyolefin,yes,exposure_material,confirmed
SID0068-P02,SID0068,,PS,,Styrenic,yes,exposure_material,confirmed
SID0068-P03,SID0068,,PVC,,Vinyl,yes,exposure_material,confirmed
SID0068-P04,SID0068,,PE-LD,PE,Polyolefin,yes,exposure_material,confirmed
SID0068-P05,SID0068,,PE-HD,PE,Polyolefin,yes,exposure_material,confirmed
SID0068-P06,SID0068,,PE,,Polyolefin,yes,recovery_spike,known_material
SID0068-P07,SID0068,,PVC,,Vinyl,yes,recovery_spike,known_material
SID0068-P08,SID0068,,PS,,Styrenic,yes,recovery_spike,known_material
SID0069-P01,SID0069,,PE,,Polyolefin,yes,reported,confirmed
SID0069-P02,SID0069,,PP,,Polyolefin,yes,reported,confirmed
SID0069-P03,SID0069,,PS,,Styrenic,yes,reported,confirmed
SID0069-P04,SID0069,,PVC,,Vinyl,yes,reported,confirmed
SID0069-P05,SID0069,,PET,PEST,Polyester,yes,reported,confirmed
SID0069-P06,SID0069,,PC,,Polycarbonate,yes,reported,confirmed
SID0069-P07,SID0069,,PE-LD,PE,Polyolefin,yes,reported,confirmed
SID0069-P08,SID0069,,PE-HD,PE,Polyolefin,yes,reported,confirmed
SID0069-P09,SID0069,,PS-E,PS,Styrenic,yes,reported,confirmed
SID0069-P10,SID0069,,PE,,Polyolefin,yes,recovery_spike,known_material
SID0069-P11,SID0069,,PET,PEST,Polyester,yes,recovery_spike,known_material
SID0069-P12,SID0069,,PVC,,Vinyl,yes,recovery_spike,known_material
SID0069-P13,SID0069,,PP,,Polyolefin,yes,recovery_spike,known_material
SID0069-P14,SID0069,,PC,,Polycarbonate,yes,recovery_spike,known_material
SID0069-P15,SID0069,,PS,,Styrenic,yes,recovery_spike,known_material
SID0070-P01,SID0070,,PE,,Polyolefin,yes,field_detection,confirmed
SID0070-P02,SID0070,,PP,,Polyolefin,yes,field_detection,confirmed
SID0070-P03,SID0070,,EVA,,Polyolefin,yes,field_detection,confirmed
SID0070-P04,SID0070,,PB,,Elastomer,yes,field_detection,confirmed
SID0071-P01,SID0071,,PE,,Polyolefin,yes,field_detection,confirmed
SID0071-P02,SID0071,,PE-HD,PE,Polyolefin,yes,field_detection,confirmed
SID0071-P03,SID0071,,PE-LD,PE,Polyolefin,yes,field_detection,confirmed
SID0072-P01,SID0072,,PE,,Polyolefin,yes,field_detection,confirmed
SID0072-P02,SID0072,,PP,,Polyolefin,yes,field_detection,confirmed
SID0072-P03,SID0072,,PS,,Styrenic,yes,field_detection,confirmed
SID0072-P04,SID0072,,EPDM,,Elastomer,yes,field_detection,confirmed
SID0072-P05,SID0072,,PBT,PEST,Polyester,yes,field_detection,confirmed
SID0072-P06,SID0072,,PET,PEST,Polyester,yes,field_detection,confirmed
SID0072-P07,SID0072,,EPM,,Polyolefin,yes,field_detection,confirmed
SID0072-P08,SID0072,,PS,,Styrenic,yes,recovery_spike,known_material
SID0073-P01,SID0073,,PE,,Polyolefin,yes,field_detection,confirmed
SID0073-P02,SID0073,,PP,,Polyolefin,yes,field_detection,confirmed
SID0073-P03,SID0073,,PET,PEST,Polyester,yes,field_detection,confirmed
SID0073-P04,SID0073,,PS,,Styrenic,yes,field_detection,confirmed
SID0073-P05,SID0073,,PA,,Polyamide,yes,field_detection,confirmed
SID0073-P06,SID0073,,PA6,PA,Polyamide,yes,field_detection,confirmed
SID0074-P01,SID0074,,PE,,Polyolefin,yes,field_detection,confirmed
SID0074-P02,SID0074,,PP,,Polyolefin,yes,field_detection,confirmed
SID0074-P03,SID0074,,PET,PEST,Polyester,yes,field_detection,confirmed
SID0074-P04,SID0074,,PS,,Styrenic,yes,field_detection,confirmed
SID0074-P05,SID0074,,PVC,,Vinyl,yes,field_detection,confirmed
SID0074-P06,SID0074,,PA,,Polyamide,yes,field_detection,confirmed
SID0074-P07,SID0074,,PMMA,ACR,Acrylic,yes,field_detection,confirmed
SID0074-P08,SID0074,,PA66,PA,Polyamide,yes,field_detection,confirmed
SID0074-P09,SID0074,,PA6,PA,Polyamide,yes,field_detection,confirmed
SID0074-P10,SID0074,,PBAT,PEST,Polyester,yes,mentioned_uncertain,confirmed
SID0074-P11,SID0074,,PLA,PEST,Polyester (bio-based),yes,mentioned_uncertain,confirmed
SID0074-P12,SID0074,,PC,,Polycarbonate,yes,mentioned_uncertain,confirmed
SID0074-P13,SID0074,,PE,,Polyolefin,yes,recovery_spike,known_material
SID0074-P14,SID0074,,PC,,Polycarbonate,yes,recovery_spike,known_material
SID0074-P15,SID0074,,PP,,Polyolefin,yes,recovery_spike,known_material
SID0074-P16,SID0074,,PS,,Styrenic,yes,recovery_spike,known_material
SID0074-P17,SID0074,,PA6,PA,Polyamide,yes,recovery_spike,known_material
SID0074-P18,SID0074,,PET,PEST,Polyester,yes,recovery_spike,known_material
SID0074-P19,SID0074,,PLA,PEST,Polyester (bio-based),yes,recovery_spike,known_material
SID0074-P20,SID0074,,PVC,,Vinyl,yes,recovery_spike,known_material
SID0074-P21,SID0074,,PA66,PA,Polyamide,yes,recovery_spike,known_material
SID0074-P22,SID0074,,PBAT,PEST,Polyester,yes,recovery_spike,known_material
SID0074-P23,SID0074,,PMMA,ACR,Acrylic,yes,recovery_spike,known_material
SID0075-P01,SID0075,,PE,,Polyolefin,yes,field_detection,confirmed
SID0075-P02,SID0075,,PP,,Polyolefin,yes,field_detection,confirmed
SID0075-P03,SID0075,,PET,PEST,Polyester,yes,field_detection,confirmed
SID0075-P04,SID0075,,PS,,Styrenic,yes,field_detection,confirmed
SID0075-P05,SID0075,,PE-LD,PE,Polyolefin,yes,field_detection,confirmed
SID0075-P06,SID0075,,PE-HD,PE,Polyolefin,yes,field_detection,confirmed
SID0076-P01,SID0076,,PE,,Polyolefin,yes,field_detection,confirmed
SID0076-P02,SID0076,,PA,,Polyamide,yes,field_detection,confirmed
SID0076-P03,SID0076,,PC,,Polycarbonate,yes,field_detection,confirmed
SID0076-P04,SID0076,,PE-LD,PE,Polyolefin,yes,field_detection,confirmed
SID0077-P01,SID0077,,PE,,Polyolefin,yes,field_detection,confirmed
SID0077-P02,SID0077,,PP,,Polyolefin,yes,field_detection,confirmed
SID0077-P03,SID0077,,PA,,Polyamide,yes,field_detection,confirmed
SID0077-P04,SID0077,,PS,,Styrenic,yes,field_detection,confirmed
SID0077-P05,SID0077,,PET,PEST,Polyester,yes,field_detection,confirmed
SID0077-P06,SID0077,,PU,,Polyurethane,yes,field_detection,confirmed
SID0077-P07,SID0077,,PMMA,ACR,Acrylic,yes,field_detection,confirmed
SID0077-P08,SID0077,,PEST,,Polyester,yes,field_detection,confirmed
SID0077-P09,SID0077,,EVA,,Polyolefin,yes,field_detection,confirmed
SID0077-P10,SID0077,,PB,,Elastomer,yes,field_detection,confirmed
SID0077-P11,SID0077,,RAYON,,Semi-synthetic cellulose,semi,field_detection,confirmed
SID0077-P12,SID0077,,ACR,,Acrylic,yes,field_detection,confirmed
SID0077-P13,SID0077,,PE,,Polyolefin,yes,recovery_spike,known_material
SID0077-P14,SID0077,,PA,,Polyamide,yes,recovery_spike,known_material
SID0077-P15,SID0077,,PP,,Polyolefin,yes,recovery_spike,known_material
SID0077-P16,SID0077,,PS,,Styrenic,yes,recovery_spike,known_material
SID0078-P01,SID0078,,PE,,Polyolefin,yes,field_detection,confirmed
SID0078-P02,SID0078,,PP,,Polyolefin,yes,field_detection,confirmed
SID0078-P03,SID0078,,PE-HD,PE,Polyolefin,yes,field_detection,confirmed
SID0078-P04,SID0078,,PE-LD,PE,Polyolefin,yes,field_detection,confirmed
SID0079-P01,SID0079,,PE,,Polyolefin,yes,field_detection,confirmed
SID0079-P02,SID0079,,PP,,Polyolefin,yes,field_detection,confirmed
SID0079-P03,SID0079,,PVC,,Vinyl,yes,field_detection,confirmed
SID0079-P04,SID0079,,PU,,Polyurethane,yes,field_detection,confirmed
SID0079-P05,SID0079,,PA,,Polyamide,yes,field_detection,confirmed
SID0079-P06,SID0079,,PS,,Styrenic,yes,field_detection,confirmed
SID0079-P07,SID0079,,PVOH,,Vinyl,yes,field_detection,confirmed
SID0079-P08,SID0079,,PVC,,Vinyl,yes,recovery_spike,known_material
SID0079-P09,SID0079,,PE,,Polyolefin,yes,recovery_spike,known_material
SID0080-P01,SID0080,,PE,,Polyolefin,yes,field_detection,confirmed
SID0080-P02,SID0080,,PP,,Polyolefin,yes,field_detection,confirmed
SID0080-P03,SID0080,,PA,,Polyamide,yes,field_detection,confirmed
SID0080-P04,SID0080,,EVA,,Polyolefin,yes,field_detection,confirmed
SID0080-P05,SID0080,,CELL,,Natural,no,field_detection,confirmed
SID0081-P01,SID0081,,PE,,Polyolefin,yes,field_detection,confirmed
SID0081-P02,SID0081,,PP,,Polyolefin,yes,field_detection,confirmed
SID0081-P03,SID0081,,PET,PEST,Polyester,yes,field_detection,confirmed
SID0081-P04,SID0081,,PEST,,Polyester,yes,field_detection,confirmed
SID0081-P05,SID0081,,EVA,,Polyolefin,yes,field_detection,confirmed
SID0081-P06,SID0081,,CA,,Semi-synthetic cellulose,semi,field_detection,confirmed
SID0081-P07,SID0081,,CELL,,Natural,no,field_detection,confirmed
SID0082-P01,SID0082,,PP,,Polyolefin,yes,field_detection,confirmed
SID0082-P02,SID0082,,PET,PEST,Polyester,yes,field_detection,confirmed
SID0082-P03,SID0082,,PAN,ACR,Acrylic,yes,field_detection,confirmed
SID0082-P04,SID0082,,CELL,,Natural,no,field_detection,confirmed
SID0082-P05,SID0082,,PS,,Styrenic,yes,field_detection,confirmed
SID0082-P06,SID0082,,PE,,Polyolefin,yes,field_detection,confirmed
SID0082-P07,SID0082,,PEST,,Polyester,yes,field_detection,confirmed
SID0082-P08,SID0082,,PA,,Polyamide,yes,field_detection,confirmed
SID0083-P01,SID0083,,PE,,Polyolefin,yes,field_detection,confirmed
SID0083-P02,SID0083,,PP,,Polyolefin,yes,field_detection,confirmed
SID0083-P03,SID0083,,PVC,,Vinyl,yes,field_detection,confirmed
SID0083-P04,SID0083,,PS,,Styrenic,yes,field_detection,confirmed
SID0083-P05,SID0083,,PA,,Polyamide,yes,field_detection,confirmed
SID0083-P06,SID0083,,PMMA,ACR,Acrylic,yes,field_detection,confirmed
SID0083-P07,SID0083,,PC,,Polycarbonate,yes,field_detection,confirmed
SID0083-P08,SID0083,,PTFE,,Fluoropolymer,yes,field_detection,confirmed
SID0083-P09,SID0083,,CA,,Semi-synthetic cellulose,semi,field_detection,confirmed
SID0083-P10,SID0083,,ABS,,Styrenic,yes,field_detection,confirmed
SID0083-P11,SID0083,,MF,,Thermoset,yes,field_detection,confirmed
SID0083-P12,SID0083,,CELL,,Natural,no,field_detection,confirmed
SID0083-P13,SID0083,,ACR,,Acrylic,yes,field_detection,confirmed
SID0084-P01,SID0084,,PE,,Polyolefin,yes,field_detection,confirmed
SID0084-P02,SID0084,,PP,,Polyolefin,yes,field_detection,confirmed
SID0084-P03,SID0084,,PVC,,Vinyl,yes,field_detection,confirmed
SID0084-P04,SID0084,,PS,,Styrenic,yes,field_detection,confirmed
SID0084-P05,SID0084,,PVAC,,Vinyl,yes,field_detection,confirmed
SID0084-P06,SID0084,,EPDM,,Elastomer,yes,field_detection,confirmed
SID0084-P07,SID0084,,CA,,Semi-synthetic cellulose,semi,field_detection,confirmed
SID0084-P08,SID0084,,RAYON,,Semi-synthetic cellulose,semi,field_detection,confirmed
SID0084-P09,SID0084,,PVDF,,Fluoropolymer,yes,field_detection,confirmed
SID0084-P10,SID0084,,PLA,PEST,Polyester (bio-based),yes,field_detection,confirmed
SID0084-P11,SID0084,,POM,,Polyacetal,yes,field_detection,confirmed
SID0084-P12,SID0084,,CELL,,Natural,no,field_detection,confirmed
SID0085-P01,SID0085,,PE,,Polyolefin,yes,field_detection,confirmed
SID0085-P02,SID0085,,PP,,Polyolefin,yes,field_detection,confirmed
SID0085-P03,SID0085,,PET,PEST,Polyester,yes,field_detection,confirmed
SID0085-P04,SID0085,,PS,,Styrenic,yes,field_detection,confirmed
SID0085-P05,SID0085,,PVC,,Vinyl,yes,field_detection,confirmed
SID0085-P06,SID0085,,PU,,Polyurethane,yes,field_detection,confirmed
SID0085-P07,SID0085,,PA,,Polyamide,yes,field_detection,confirmed
SID0085-P08,SID0085,,PMMA,ACR,Acrylic,yes,field_detection,confirmed
SID0085-P09,SID0085,,PC,,Polycarbonate,yes,field_detection,confirmed
SID0085-P10,SID0085,,PLA,PEST,Polyester (bio-based),yes,field_detection,confirmed
SID0085-P11,SID0085,,PEST,,Polyester,yes,field_detection,confirmed
SID0085-P12,SID0085,,ACR,,Acrylic,yes,field_detection,confirmed
SID0085-P13,SID0085,,CA,,Semi-synthetic cellulose,semi,field_detection,confirmed
SID0085-P14,SID0085,,PSU,,Sulfone polymer,yes,field_detection,confirmed
SID0085-P15,SID0085,,EVA,,Polyolefin,yes,field_detection,confirmed
SID0085-P16,SID0085,,SAN,,Styrenic,yes,field_detection,confirmed
SID0085-P17,SID0085,,ABS,,Styrenic,yes,field_detection,confirmed
SID0085-P18,SID0085,,PE,,Polyolefin,yes,recovery_spike,known_material
SID0086-P01,SID0086,,PEST,,Polyester,yes,field_detection,confirmed
SID0086-P02,SID0086,,PA,,Polyamide,yes,field_detection,confirmed
SID0086-P03,SID0086,,PE,,Polyolefin,yes,field_detection,confirmed
SID0086-P04,SID0086,,OTHER,,Other,yes,field_detection,identity_unresolved
SID0088-P01,SID0088,,PE,,Polyolefin,yes,field_detection,confirmed
SID0088-P02,SID0088,,PP,,Polyolefin,yes,field_detection,confirmed
SID0088-P03,SID0088,,PET,PEST,Polyester,yes,field_detection,confirmed
SID0088-P04,SID0088,,PEST,,Polyester,yes,field_detection,confirmed
SID0089-P01,SID0089,,PE,,Polyolefin,yes,field_detection,confirmed
SID0089-P02,SID0089,,PP,,Polyolefin,yes,field_detection,confirmed
SID0089-P03,SID0089,,PS,,Styrenic,yes,field_detection,confirmed
SID0089-P04,SID0089,,PA,,Polyamide,yes,field_detection,confirmed
SID0089-P05,SID0089,,PMMA,ACR,Acrylic,yes,field_detection,confirmed
SID0089-P06,SID0089,,PEST,,Polyester,yes,field_detection,confirmed
SID0089-P07,SID0089,,ABS,,Styrenic,yes,field_detection,confirmed
SID0089-P08,SID0089,,SAN,,Styrenic,yes,field_detection,confirmed
SID0089-P09,SID0089,,CELL,,Natural,no,field_detection,confirmed
SID0090-P01,SID0090,,PS,,Styrenic,yes,field_detection,confirmed
SID0090-P02,SID0090,,PA,,Polyamide,yes,field_detection,confirmed
SID0090-P03,SID0090,,PET,PEST,Polyester,yes,field_detection,confirmed
SID0090-P04,SID0090,,PU,,Polyurethane,yes,field_detection,confirmed
SID0090-P05,SID0090,,PTFE,,Fluoropolymer,yes,field_detection,confirmed
SID0090-P06,SID0090,,ABS,,Styrenic,yes,field_detection,confirmed
SID0090-P07,SID0090,,CELL,,Natural,no,field_detection,confirmed
SID0090-P08,SID0090,,ACR,,Acrylic,yes,field_detection,confirmed
SID0090-P09,SID0090,,RAYON,,Semi-synthetic cellulose,semi,field_detection,confirmed
SID0091-P01,SID0091,,PE,,Polyolefin,yes,field_detection,confirmed
SID0091-P02,SID0091,,PP,,Polyolefin,yes,field_detection,confirmed
SID0091-P03,SID0091,,PET,PEST,Polyester,yes,field_detection,confirmed
SID0091-P04,SID0091,,PS,,Styrenic,yes,field_detection,confirmed
SID0091-P05,SID0091,,PVC,,Vinyl,yes,field_detection,confirmed
SID0091-P06,SID0091,,PC,,Polycarbonate,yes,field_detection,confirmed
SID0091-P07,SID0091,,PTFE,,Fluoropolymer,yes,field_detection,confirmed
SID0091-P08,SID0091,,ABS,,Styrenic,yes,field_detection,confirmed
SID0092-P01,SID0092,,PE,,Polyolefin,yes,field_detection,confirmed
SID0092-P02,SID0092,,PP,,Polyolefin,yes,field_detection,confirmed
SID0092-P03,SID0092,,PET,PEST,Polyester,yes,field_detection,confirmed
SID0092-P04,SID0092,,PS,,Styrenic,yes,field_detection,confirmed
SID0092-P05,SID0092,,PVC,,Vinyl,yes,field_detection,confirmed
SID0092-P06,SID0092,,PU,,Polyurethane,yes,field_detection,confirmed
SID0092-P07,SID0092,,PA,,Polyamide,yes,field_detection,confirmed
SID0092-P08,SID0092,,PE-LD,PE,Polyolefin,yes,field_detection,confirmed
SID0092-P09,SID0092,,PE-HD,PE,Polyolefin,yes,field_detection,confirmed
SID0092-P10,SID0092,,PEST,,Polyester,yes,field_detection,confirmed
SID0092-P11,SID0092,,CELL,,Natural,no,field_detection,confirmed
SID0092-P12,SID0092,,RAYON,,Semi-synthetic cellulose,semi,field_detection,confirmed
SID0092-P13,SID0092,,PE,,Polyolefin,yes,recovery_spike,known_material
SID0092-P14,SID0092,,PP,,Polyolefin,yes,recovery_spike,known_material
SID0093-P01,SID0093,,PE,,Polyolefin,yes,field_detection,confirmed
SID0093-P02,SID0093,,PP,,Polyolefin,yes,field_detection,confirmed
SID0093-P03,SID0093,,PET,PEST,Polyester,yes,field_detection,confirmed
SID0093-P04,SID0093,,PS,,Styrenic,yes,field_detection,confirmed
SID0093-P05,SID0093,,PVC,,Vinyl,yes,field_detection,confirmed
SID0093-P06,SID0093,,PA,,Polyamide,yes,field_detection,confirmed
SID0093-P07,SID0093,,RAYON,,Semi-synthetic cellulose,semi,field_detection,confirmed
SID0093-P08,SID0093,,ACR,,Acrylic,yes,field_detection,confirmed
SID0093-P09,SID0093,,PEST,,Polyester,yes,field_detection,confirmed
SID0093-P10,SID0093,,PAN,ACR,Acrylic,yes,field_detection,confirmed
SID0094-P01,SID0094,,PE,,Polyolefin,yes,field_detection,confirmed
SID0094-P02,SID0094,,PP,,Polyolefin,yes,field_detection,confirmed
SID0094-P03,SID0094,,PET,PEST,Polyester,yes,field_detection,confirmed
SID0094-P04,SID0094,,PVC,,Vinyl,yes,field_detection,confirmed
SID0094-P05,SID0094,,PU,,Polyurethane,yes,field_detection,confirmed
SID0094-P06,SID0094,,ABS,,Styrenic,yes,field_detection,confirmed
SID0094-P07,SID0094,,PEST,,Polyester,yes,field_detection,confirmed
SID0094-P08,SID0094,,CELL,,Natural,no,field_detection,confirmed
SID0094-P09,SID0094,,PCL,PEST,Polyester,yes,field_detection,confirmed
SID0094-P10,SID0094,,ACR,,Acrylic,yes,field_detection,confirmed
SID0094-P11,SID0094,,SEBS,,Elastomer,yes,field_detection,confirmed
SID0095-P01,SID0095,,PE,,Polyolefin,yes,field_detection,confirmed
SID0095-P02,SID0095,,PP,,Polyolefin,yes,field_detection,confirmed
SID0095-P03,SID0095,,PET,PEST,Polyester,yes,field_detection,confirmed
SID0095-P04,SID0095,,PS,,Styrenic,yes,field_detection,confirmed
SID0095-P05,SID0095,,PEST,,Polyester,yes,field_detection,confirmed
SID0095-P06,SID0095,,EPM,,Polyolefin,yes,field_detection,confirmed
SID0096-P01,SID0096,,PE,,Polyolefin,yes,field_detection,confirmed
SID0096-P02,SID0096,,PVOH,,Vinyl,yes,field_detection,confirmed
SID0096-P03,SID0096,,ABS,,Styrenic,yes,field_detection,confirmed
SID0096-P04,SID0096,,PCL,PEST,Polyester,yes,field_detection,confirmed
SID0097-P01,SID0097,,PE,,Polyolefin,yes,field_detection,confirmed
SID0097-P02,SID0097,,PP,,Polyolefin,yes,field_detection,confirmed
SID0097-P03,SID0097,,PET,PEST,Polyester,yes,field_detection,confirmed
SID0097-P04,SID0097,,PA,,Polyamide,yes,field_detection,confirmed
SID0097-P05,SID0097,,PET,PEST,Polyester,yes,recovery_spike,known_material
SID0101-P01,SID0101,,PE,,Polyolefin,yes,field_detection,confirmed
SID0101-P02,SID0101,,PET,PEST,Polyester,yes,field_detection,confirmed
SID0101-P03,SID0101,,PVC,,Vinyl,yes,field_detection,confirmed
SID0101-P04,SID0101,,PTFE,,Fluoropolymer,yes,field_detection,confirmed
SID0101-P05,SID0101,,PEST,,Polyester,yes,field_detection,confirmed
SID0101-P06,SID0101,,PAA,ACR,Acrylic,yes,field_detection,identity_unresolved
SID0102-P01,SID0102,,PE,,Polyolefin,yes,field_detection,confirmed
SID0102-P02,SID0102,,PP,,Polyolefin,yes,field_detection,confirmed
SID0102-P03,SID0102,,PS,,Styrenic,yes,field_detection,confirmed
SID0102-P04,SID0102,,PVC,,Vinyl,yes,field_detection,confirmed
SID0102-P05,SID0102,,PA,,Polyamide,yes,field_detection,confirmed
SID0102-P06,SID0102,,EPDM,,Elastomer,yes,field_detection,confirmed
SID0102-P07,SID0102,,PVDF,,Fluoropolymer,yes,field_detection,confirmed
SID0102-P08,SID0102,,PEST,,Polyester,yes,field_detection,confirmed
SID0103-P01,SID0103,,PE,,Polyolefin,yes,field_detection,confirmed
SID0103-P02,SID0103,,PP,,Polyolefin,yes,field_detection,confirmed
SID0103-P03,SID0103,,PS,,Styrenic,yes,field_detection,confirmed
SID0103-P04,SID0103,,PA,,Polyamide,yes,field_detection,confirmed
SID0103-P05,SID0103,,PEST,,Polyester,yes,field_detection,confirmed
SID0103-P06,SID0103,,PVAC,,Vinyl,yes,field_detection,confirmed
SID0103-P07,SID0103,,PIB,,Elastomer,yes,field_detection,confirmed
SID0103-P08,SID0103,,EP,,Thermoset,yes,field_detection,confirmed
SID0103-P09,SID0103,,PAN,ACR,Acrylic,yes,field_detection,confirmed
SID0103-P10,SID0103,,RAYON,,Semi-synthetic cellulose,semi,field_detection,confirmed
SID0103-P11,SID0103,,PP,,Polyolefin,yes,recovery_spike,known_material
SID0103-P12,SID0103,,PA,,Polyamide,yes,recovery_spike,known_material
SID0103-P13,SID0103,,OTHER,,Other,yes,recovery_spike,known_material
SID0104-P01,SID0104,,PE,,Polyolefin,yes,field_detection,confirmed
SID0104-P02,SID0104,,PA,,Polyamide,yes,field_detection,confirmed
SID0104-P03,SID0104,,PEST,,Polyester,yes,field_detection,confirmed
SID0104-P04,SID0104,,PET,PEST,Polyester,yes,field_detection,confirmed
SID0106-P01,SID0106,,PET,PEST,Polyester,yes,field_detection,confirmed
SID0106-P02,SID0106,,PU,,Polyurethane,yes,field_detection,confirmed
SID0106-P03,SID0106,,PA,,Polyamide,yes,field_detection,confirmed
SID0106-P04,SID0106,,PE-LD,PE,Polyolefin,yes,field_detection,confirmed
SID0108-P01,SID0108,,PE,,Polyolefin,yes,field_detection,confirmed
SID0108-P02,SID0108,,PP,,Polyolefin,yes,field_detection,confirmed
SID0108-P03,SID0108,,PS,,Styrenic,yes,field_detection,confirmed
SID0108-P04,SID0108,,PA,,Polyamide,yes,field_detection,confirmed
SID0108-P05,SID0108,,PEST,,Polyester,yes,field_detection,confirmed
SID0109-P01,SID0109,,PE,,Polyolefin,yes,field_detection,confirmed
SID0109-P02,SID0109,,PS,,Styrenic,yes,field_detection,confirmed
SID0109-P03,SID0109,,PA,,Polyamide,yes,field_detection,confirmed
SID0109-P04,SID0109,,PE-LD,PE,Polyolefin,yes,field_detection,confirmed
SID0109-P05,SID0109,,PE-HD,PE,Polyolefin,yes,field_detection,confirmed
SID0109-P06,SID0109,,EVA,,Polyolefin,yes,field_detection,confirmed
SID0109-P07,SID0109,,ACR,,Acrylic,yes,field_detection,confirmed
SID0109-P08,SID0109,,PVC,,Vinyl,yes,field_detection,confirmed
SID0112-P01,SID0112,,PE,,Polyolefin,yes,field_detection,confirmed
SID0112-P02,SID0112,,PP,,Polyolefin,yes,field_detection,confirmed
SID0112-P03,SID0112,,PET,PEST,Polyester,yes,field_detection,confirmed
SID0112-P04,SID0112,,PS,,Styrenic,yes,field_detection,confirmed
SID0112-P05,SID0112,,PMMA,ACR,Acrylic,yes,field_detection,confirmed
SID0112-P06,SID0112,,PS-E,PS,Styrenic,yes,field_detection,confirmed
SID0112-P07,SID0112,,ABS,,Styrenic,yes,field_detection,confirmed
SID0112-P08,SID0112,,PE,,Polyolefin,yes,recovery_spike,known_material
SID0112-P09,SID0112,,PET,PEST,Polyester,yes,recovery_spike,known_material
SID0112-P10,SID0112,,PMMA,ACR,Acrylic,yes,recovery_spike,known_material
SID0112-P11,SID0112,,PP,,Polyolefin,yes,recovery_spike,known_material
SID0112-P12,SID0112,,PS,,Styrenic,yes,recovery_spike,known_material
SID0113-P01,SID0113,,PMMA,ACR,Acrylic,yes,field_detection,confirmed
SID0113-P02,SID0113,,PET,PEST,Polyester,yes,field_detection,confirmed
SID0113-P03,SID0113,,PVC,,Vinyl,yes,field_detection,confirmed
SID0113-P04,SID0113,,PE,,Polyolefin,yes,field_detection,confirmed
SID0113-P05,SID0113,,PP,,Polyolefin,yes,field_detection,confirmed
SID0113-P06,SID0113,,PS,,Styrenic,yes,field_detection,confirmed
SID0113-P07,SID0113,,PC,,Polycarbonate,yes,field_detection,confirmed
SID0113-P08,SID0113,,PE,,Polyolefin,yes,recovery_spike,known_material
SID0113-P09,SID0113,,PET,PEST,Polyester,yes,recovery_spike,known_material
SID0113-P10,SID0113,,PVC,,Vinyl,yes,recovery_spike,known_material
SID0113-P11,SID0113,,PP,,Polyolefin,yes,recovery_spike,known_material
SID0113-P12,SID0113,,PC,,Polycarbonate,yes,recovery_spike,known_material
SID0113-P13,SID0113,,PS,,Styrenic,yes,recovery_spike,known_material
SID0114-P01,SID0114,,PE,,Polyolefin,yes,field_detection,confirmed
SID0114-P02,SID0114,,PP,,Polyolefin,yes,field_detection,confirmed
SID0114-P03,SID0114,,PET,PEST,Polyester,yes,field_detection,confirmed
SID0114-P04,SID0114,,PVOH,,Vinyl,yes,field_detection,confirmed
SID0114-P05,SID0114,,PMMA,ACR,Acrylic,yes,mentioned_uncertain,confirmed
SID0114-P06,SID0114,,PVC,,Vinyl,yes,mentioned_uncertain,confirmed
SID0114-P07,SID0114,,PS,,Styrenic,yes,mentioned_uncertain,confirmed
SID0114-P08,SID0114,,PC,,Polycarbonate,yes,mentioned_uncertain,confirmed
SID0114-P09,SID0114,,PET,PEST,Polyester,yes,recovery_spike,known_material
SID0114-P10,SID0114,,PMMA,ACR,Acrylic,yes,recovery_spike,known_material
SID0114-P11,SID0114,,PVC,,Vinyl,yes,recovery_spike,known_material
SID0114-P12,SID0114,,PP,,Polyolefin,yes,recovery_spike,known_material
SID0114-P13,SID0114,,PC,,Polycarbonate,yes,recovery_spike,known_material
SID0114-P14,SID0114,,PE,,Polyolefin,yes,recovery_spike,known_material
SID0114-P15,SID0114,,PS,,Styrenic,yes,recovery_spike,known_material
SID0115-P01,SID0115,,PE,,Polyolefin,yes,field_detection,confirmed
SID0115-P02,SID0115,,PP,,Polyolefin,yes,field_detection,confirmed
SID0115-P03,SID0115,,PVC,,Vinyl,yes,field_detection,confirmed
SID0115-P04,SID0115,,PLA,PEST,Polyester (bio-based),yes,field_detection,confirmed
SID0115-P05,SID0115,,PEST,,Polyester,yes,field_detection,confirmed
SID0115-P06,SID0115,,EVA,,Polyolefin,yes,field_detection,confirmed
SID0115-P07,SID0115,,RAYON,,Semi-synthetic cellulose,semi,field_detection,confirmed
SID0115-P08,SID0115,,PAN,ACR,Acrylic,yes,field_detection,confirmed
SID0115-P09,SID0115,,EP,,Thermoset,yes,field_detection,confirmed
SID0115-P10,SID0115,,OTHER,,Other,yes,recovery_spike,known_material
SID0116-P01,SID0116,,PE,,Polyolefin,yes,reported,confirmed
SID0116-P02,SID0116,,PP,,Polyolefin,yes,reported,confirmed
SID0116-P03,SID0116,,PS,,Styrenic,yes,reported,confirmed
SID0116-P04,SID0116,,PMMA,ACR,Acrylic,yes,reported,confirmed
SID0116-P05,SID0116,,PET,PEST,Polyester,yes,mentioned_uncertain,confirmed
SID0116-P06,SID0116,,PVC,,Vinyl,yes,mentioned_uncertain,confirmed
SID0116-P07,SID0116,,PE,,Polyolefin,yes,recovery_spike,known_material
SID0116-P08,SID0116,,PET,PEST,Polyester,yes,recovery_spike,known_material
SID0116-P09,SID0116,,PMMA,ACR,Acrylic,yes,recovery_spike,known_material
SID0116-P10,SID0116,,PVC,,Vinyl,yes,recovery_spike,known_material
SID0116-P11,SID0116,,PP,,Polyolefin,yes,recovery_spike,known_material
SID0116-P12,SID0116,,PS,,Styrenic,yes,recovery_spike,known_material
SID0118-P01,SID0118,,PS,,Styrenic,yes,exposure_material,known_material
SID0118-P02,SID0118,,PS,,Styrenic,yes,recovery_spike,known_material
SID0119-P01,SID0119,,PP,,Polyolefin,yes,field_detection,confirmed
SID0119-P02,SID0119,,PET,PEST,Polyester,yes,field_detection,confirmed
SID0120-P01,SID0120,,PE,,Polyolefin,yes,field_detection,confirmed
SID0120-P02,SID0120,,PP,,Polyolefin,yes,field_detection,confirmed
SID0120-P03,SID0120,,PS,,Styrenic,yes,field_detection,confirmed
SID0120-P04,SID0120,,PVC,,Vinyl,yes,field_detection,confirmed
SID0120-P05,SID0120,,PET,PEST,Polyester,yes,field_detection,confirmed
SID0120-P06,SID0120,,PA,,Polyamide,yes,field_detection,confirmed
SID0120-P07,SID0120,,PMMA,ACR,Acrylic,yes,field_detection,confirmed
SID0120-P08,SID0120,,PA6,PA,Polyamide,yes,field_detection,confirmed
SID0120-P09,SID0120,,ABS,,Styrenic,yes,field_detection,confirmed
SID0120-P10,SID0120,,PC,,Polycarbonate,yes,field_detection,confirmed
SID0120-P11,SID0120,,SBR,,Elastomer,yes,mentioned_uncertain,confirmed
SID0120-P12,SID0120,,PA66,PA,Polyamide,yes,mentioned_uncertain,confirmed
SID0120-P13,SID0120,,PU,,Polyurethane,yes,mentioned_uncertain,confirmed
SID0121-P01,SID0121,,PE,,Polyolefin,yes,reported,confirmed
SID0121-P02,SID0121,,PE-LD,PE,Polyolefin,yes,mentioned_uncertain,confirmed
SID0121-P03,SID0121,,PE,,Polyolefin,yes,recovery_spike,known_material
SID0122-P01,SID0122,,PS,,Styrenic,yes,reported,confirmed
SID0122-P02,SID0122,,PS-DVB,PS,Styrenic,yes,reported,confirmed
SID0122-P03,SID0122,,PS,,Styrenic,yes,recovery_spike,known_material
SID0123-P01,SID0123,,PE,,Polyolefin,yes,field_detection,confirmed
SID0123-P02,SID0123,,PP,,Polyolefin,yes,field_detection,confirmed
SID0123-P03,SID0123,,PS,,Styrenic,yes,field_detection,confirmed
SID0123-P04,SID0123,,PVC,,Vinyl,yes,field_detection,confirmed
SID0123-P05,SID0123,,PET,PEST,Polyester,yes,field_detection,confirmed
SID0123-P06,SID0123,,PA,,Polyamide,yes,field_detection,confirmed
SID0124-P01,SID0124,,PE,,Polyolefin,yes,reported,confirmed
SID0124-P02,SID0124,,PET,PEST,Polyester,yes,reported,confirmed
SID0124-P03,SID0124,,PS,,Styrenic,yes,reported,confirmed
SID0124-P04,SID0124,,PVC,,Vinyl,yes,reported,confirmed
SID0124-P05,SID0124,,PMMA,ACR,Acrylic,yes,reported,confirmed
SID0124-P06,SID0124,,PE-LD,PE,Polyolefin,yes,reported,confirmed
SID0124-P07,SID0124,,PE-HD,PE,Polyolefin,yes,reported,confirmed
SID0124-P08,SID0124,,PE,,Polyolefin,yes,recovery_spike,known_material
SID0124-P09,SID0124,,OTHER,,Other,yes,recovery_spike,known_material
SID0125-P01,SID0125,,OTHER,,Other,yes,field_detection,confirmed
SID0125-P02,SID0125,,PET,PEST,Polyester,yes,mentioned_uncertain,confirmed
SID0125-P03,SID0125,,PVC,,Vinyl,yes,mentioned_uncertain,confirmed
SID0125-P04,SID0125,,PE,,Polyolefin,yes,mentioned_uncertain,confirmed
SID0125-P05,SID0125,,PP,,Polyolefin,yes,mentioned_uncertain,confirmed
SID0125-P06,SID0125,,PS,,Styrenic,yes,mentioned_uncertain,confirmed
SID0125-P07,SID0125,,PA,,Polyamide,yes,mentioned_uncertain,confirmed
SID0125-P08,SID0125,,PU,,Polyurethane,yes,mentioned_uncertain,confirmed
SID0126-P01,SID0126,,PE,,Polyolefin,yes,field_detection,confirmed
SID0126-P02,SID0126,,PP,,Polyolefin,yes,field_detection,confirmed
SID0126-P03,SID0126,,PU,,Polyurethane,yes,field_detection,confirmed
SID0126-P04,SID0126,,PA,,Polyamide,yes,field_detection,confirmed
SID0126-P05,SID0126,,PE-LD,PE,Polyolefin,yes,field_detection,confirmed
SID0126-P06,SID0126,,PE-HD,PE,Polyolefin,yes,field_detection,confirmed
SID0126-P07,SID0126,,PA66,PA,Polyamide,yes,field_detection,confirmed
SID0126-P08,SID0126,,PE,,Polyolefin,yes,recovery_spike,known_material
SID0126-P09,SID0126,,PET,PEST,Polyester,yes,recovery_spike,known_material
SID0126-P10,SID0126,,PVC,,Vinyl,yes,recovery_spike,known_material
SID0127-P01,SID0127,,PE,,Polyolefin,yes,reported,confirmed
SID0127-P02,SID0127,,PP,,Polyolefin,yes,reported,confirmed
SID0127-P03,SID0127,,PET,PEST,Polyester,yes,reported,confirmed
SID0127-P04,SID0127,,PU,,Polyurethane,yes,reported,confirmed
SID0127-P05,SID0127,,PA,,Polyamide,yes,reported,confirmed
SID0127-P06,SID0127,,ALK,,Thermoset,yes,reported,confirmed
SID0127-P07,SID0127,,CELL,,Natural,no,mentioned_uncertain,confirmed
SID0127-P08,SID0127,,PE,,Polyolefin,yes,recovery_spike,known_material
SID0127-P09,SID0127,,PET,PEST,Polyester,yes,recovery_spike,known_material
SID0127-P10,SID0127,,PA,,Polyamide,yes,recovery_spike,known_material
SID0127-P11,SID0127,,PP,,Polyolefin,yes,recovery_spike,known_material
SID0127-P12,SID0127,,PS,,Styrenic,yes,recovery_spike,known_material
SID0127-P13,SID0127,,OTHER,,Other,yes,recovery_spike,known_material
SID0129-P01,SID0129,,PE,,Polyolefin,yes,field_detection,confirmed
SID0129-P02,SID0129,,PP,,Polyolefin,yes,field_detection,confirmed
SID0129-P03,SID0129,,PET,PEST,Polyester,yes,field_detection,confirmed
SID0129-P04,SID0129,,PS,,Styrenic,yes,field_detection,confirmed
SID0129-P05,SID0129,,PMMA,ACR,Acrylic,yes,field_detection,confirmed
SID0129-P06,SID0129,,PE-HD,PE,Polyolefin,yes,field_detection,confirmed
SID0130-P01,SID0130,,PE,,Polyolefin,yes,field_detection,confirmed
SID0130-P02,SID0130,,PP,,Polyolefin,yes,field_detection,confirmed
SID0130-P03,SID0130,,PET,PEST,Polyester,yes,field_detection,confirmed
SID0130-P04,SID0130,,PS,,Styrenic,yes,field_detection,confirmed
SID0131-P01,SID0131,,PE,,Polyolefin,yes,field_detection,confirmed
SID0131-P02,SID0131,,PS,,Styrenic,yes,field_detection,confirmed
SID0131-P03,SID0131,,PVC,,Vinyl,yes,field_detection,confirmed
SID0131-P04,SID0131,,PA,,Polyamide,yes,field_detection,confirmed
SID0131-P05,SID0131,,PA66,PA,Polyamide,yes,field_detection,confirmed
SID0131-P06,SID0131,,PE,,Polyolefin,yes,recovery_spike,known_material
SID0132-P01,SID0132,,PE,,Polyolefin,yes,exposure_material,confirmed
SID0132-P02,SID0132,,PET,PEST,Polyester,yes,exposure_material,confirmed
SID0132-P03,SID0132,,PS,,Styrenic,yes,exposure_material,confirmed
SID0132-P04,SID0132,,PMMA,ACR,Acrylic,yes,exposure_material,confirmed
SID0132-P05,SID0132,,PU,,Polyurethane,yes,exposure_material,confirmed
SID0132-P06,SID0132,,PE-LD,PE,Polyolefin,yes,exposure_material,confirmed
SID0132-P07,SID0132,,ACR,,Acrylic,yes,exposure_material,confirmed
SID0132-P08,SID0132,,PE,,Polyolefin,yes,recovery_spike,known_material
SID0132-P09,SID0132,,PET,PEST,Polyester,yes,recovery_spike,known_material
SID0132-P10,SID0132,,PS,,Styrenic,yes,recovery_spike,known_material
SID0132-P11,SID0132,,OTHER,,Other,yes,recovery_spike,known_material
SID0132-P12,SID0132,,ACR,,Acrylic,yes,recovery_spike,known_material
SID0133-P01,SID0133,,PE,,Polyolefin,yes,field_detection,confirmed
SID0133-P02,SID0133,,PP,,Polyolefin,yes,field_detection,confirmed
SID0133-P03,SID0133,,PET,PEST,Polyester,yes,field_detection,confirmed
SID0133-P04,SID0133,,PA,,Polyamide,yes,field_detection,confirmed
SID0133-P05,SID0133,,PAN,ACR,Acrylic,yes,field_detection,confirmed
SID0133-P06,SID0133,,RAYON,,Semi-synthetic cellulose,semi,field_detection,confirmed
SID0133-P07,SID0133,,PEST,,Polyester,yes,field_detection,confirmed
SID0133-P08,SID0133,,CELL,,Natural,no,field_detection,confirmed
SID0134-P01,SID0134,,PE,,Polyolefin,yes,field_detection,confirmed
SID0134-P02,SID0134,,PP,,Polyolefin,yes,field_detection,confirmed
SID0134-P03,SID0134,,PET,PEST,Polyester,yes,field_detection,confirmed
SID0134-P04,SID0134,,PA,,Polyamide,yes,field_detection,confirmed
SID0134-P05,SID0134,,CELL,,Natural,no,field_detection,confirmed
SID0134-P06,SID0134,,PCL,PEST,Polyester,yes,field_detection,confirmed
SID0134-P07,SID0134,,PVOH,,Vinyl,yes,field_detection,confirmed
SID0134-P08,SID0134,,PVS,,Vinyl,yes,field_detection,confirmed
SID0134-P09,SID0134,,PC,,Polycarbonate,yes,field_detection,confirmed
SID0134-P10,SID0134,,PE,,Polyolefin,yes,recovery_spike,known_material
SID0135-P01,SID0135,,PP,,Polyolefin,yes,field_detection,confirmed
SID0135-P02,SID0135,,PET,PEST,Polyester,yes,field_detection,confirmed
SID0135-P03,SID0135,,CELL,,Natural,no,field_detection,confirmed
SID0135-P04,SID0135,,RAYON,,Semi-synthetic cellulose,semi,field_detection,confirmed
SID0135-P05,SID0135,,PE,,Polyolefin,yes,field_detection,confirmed
SID0136-P01,SID0136,,PE,,Polyolefin,yes,field_detection,confirmed
SID0136-P02,SID0136,,PP,,Polyolefin,yes,field_detection,confirmed
SID0136-P03,SID0136,,PS,,Styrenic,yes,field_detection,confirmed
SID0136-P04,SID0136,,PA,,Polyamide,yes,field_detection,confirmed
SID0136-P05,SID0136,,PC,,Polycarbonate,yes,field_detection,confirmed
SID0136-P06,SID0136,,RAYON,,Semi-synthetic cellulose,semi,field_detection,confirmed
SID0136-P07,SID0136,,PEST,,Polyester,yes,field_detection,confirmed
SID0136-P08,SID0136,,PE,,Polyolefin,yes,recovery_spike,known_material
SID0136-P09,SID0136,,PP,,Polyolefin,yes,recovery_spike,known_material
SID0136-P10,SID0136,,PS,,Styrenic,yes,recovery_spike,known_material
SID0137-P01,SID0137,,PE,,Polyolefin,yes,field_detection,confirmed
SID0137-P02,SID0137,,PP,,Polyolefin,yes,field_detection,confirmed
SID0137-P03,SID0137,,PVC,,Vinyl,yes,field_detection,confirmed
SID0137-P04,SID0137,,PS,,Styrenic,yes,field_detection,confirmed
SID0137-P05,SID0137,,PA,,Polyamide,yes,field_detection,confirmed
SID0137-P06,SID0137,,PC,,Polycarbonate,yes,field_detection,confirmed
SID0137-P07,SID0137,,PVOH,,Vinyl,yes,field_detection,confirmed
SID0137-P08,SID0137,,ABS,,Styrenic,yes,field_detection,confirmed
SID0137-P09,SID0137,,PEST,,Polyester,yes,field_detection,confirmed
SID0137-P10,SID0137,,EVA,,Polyolefin,yes,field_detection,confirmed
SID0137-P11,SID0137,,PE-CL,PE,Polyolefin,yes,field_detection,confirmed
SID0138-P01,SID0138,,PP,,Polyolefin,yes,field_detection,confirmed
SID0138-P02,SID0138,,PS,,Styrenic,yes,field_detection,confirmed
SID0138-P03,SID0138,,PVC,,Vinyl,yes,field_detection,confirmed
SID0138-P04,SID0138,,PMMA,ACR,Acrylic,yes,field_detection,confirmed
SID0138-P05,SID0138,,PAN,ACR,Acrylic,yes,field_detection,confirmed
SID0138-P06,SID0138,,PU,,Polyurethane,yes,field_detection,confirmed
SID0138-P07,SID0138,,PC,,Polycarbonate,yes,field_detection,confirmed
SID0138-P08,SID0138,,ABS,,Styrenic,yes,field_detection,confirmed
SID0138-P09,SID0138,,PTFE,,Fluoropolymer,yes,field_detection,confirmed
SID0138-P10,SID0138,,EVA,,Polyolefin,yes,field_detection,confirmed
SID0139-P01,SID0139,,PP,,Polyolefin,yes,field_detection,confirmed
SID0139-P02,SID0139,,PET,PEST,Polyester,yes,field_detection,confirmed
SID0139-P03,SID0139,,PAN,ACR,Acrylic,yes,field_detection,confirmed
SID0139-P04,SID0139,,CELL,,Natural,no,field_detection,confirmed
SID0140-P01,SID0140,,PE,,Polyolefin,yes,field_detection,confirmed
SID0140-P02,SID0140,,PP,,Polyolefin,yes,field_detection,confirmed
SID0140-P03,SID0140,,PET,PEST,Polyester,yes,field_detection,confirmed
SID0140-P04,SID0140,,PS,,Styrenic,yes,field_detection,confirmed
SID0140-P05,SID0140,,PVC,,Vinyl,yes,field_detection,confirmed
SID0140-P06,SID0140,,PMMA,ACR,Acrylic,yes,field_detection,confirmed
SID0140-P07,SID0140,,PA,,Polyamide,yes,field_detection,confirmed
SID0140-P08,SID0140,,PA66,PA,Polyamide,yes,field_detection,confirmed
SID0140-P09,SID0140,,PE,,Polyolefin,yes,recovery_spike,known_material
SID0141-P01,SID0141,,PE,,Polyolefin,yes,field_detection,confirmed
SID0141-P02,SID0141,,PP,,Polyolefin,yes,field_detection,confirmed
SID0141-P03,SID0141,,PVC,,Vinyl,yes,field_detection,confirmed
SID0141-P04,SID0141,,PMMA,ACR,Acrylic,yes,field_detection,confirmed
SID0141-P05,SID0141,,PA,,Polyamide,yes,field_detection,confirmed
SID0141-P06,SID0141,,PC,,Polycarbonate,yes,field_detection,confirmed
SID0141-P07,SID0141,,PU,,Polyurethane,yes,field_detection,confirmed
SID0141-P08,SID0141,,EVA,,Polyolefin,yes,field_detection,confirmed
SID0141-P09,SID0141,,ABS,,Styrenic,yes,field_detection,confirmed
SID0141-P10,SID0141,,PB,,Elastomer,yes,field_detection,confirmed
SID0141-P11,SID0141,,PE-HD,PE,Polyolefin,yes,field_detection,confirmed
SID0141-P12,SID0141,,NBR,,Elastomer,yes,field_detection,confirmed
SID0143-P01,SID0143,,PS,,Styrenic,yes,recovery_spike,known_material
SID0144-P01,SID0144,,PA,,Polyamide,yes,field_detection,confirmed
SID0144-P02,SID0144,,RAYON,,Semi-synthetic cellulose,semi,field_detection,confirmed
SID0144-P03,SID0144,,CELL,,Natural,no,field_detection,confirmed
SID0145-P01,SID0145,,PE,,Polyolefin,yes,reported,confirmed
SID0145-P02,SID0145,,PA,,Polyamide,yes,reported,confirmed
SID0145-P03,SID0145,,PMMA,ACR,Acrylic,yes,reported,confirmed
SID0145-P04,SID0145,,PU,,Polyurethane,yes,reported,confirmed
SID0145-P05,SID0145,,PEST,,Polyester,yes,reported,confirmed
SID0145-P06,SID0145,,CELL,,Natural,no,reported,confirmed
SID0145-P07,SID0145,,ACR,,Acrylic,yes,reported,confirmed
SID0146-P01,SID0146,,PE,,Polyolefin,yes,field_detection,confirmed
SID0146-P02,SID0146,,PP,,Polyolefin,yes,field_detection,confirmed
SID0146-P03,SID0146,,PVC,,Vinyl,yes,field_detection,confirmed
SID0146-P04,SID0146,,EVA,,Polyolefin,yes,field_detection,confirmed
SID0147-P01,SID0147,,PE,,Polyolefin,yes,field_detection,confirmed
SID0147-P02,SID0147,,PP,,Polyolefin,yes,field_detection,confirmed
SID0147-P03,SID0147,,PET,PEST,Polyester,yes,field_detection,confirmed
SID0148-P01,SID0148,,PE,,Polyolefin,yes,reported,confirmed
SID0148-P02,SID0148,,PP,,Polyolefin,yes,reported,confirmed
SID0148-P03,SID0148,,PET,PEST,Polyester,yes,reported,confirmed
SID0148-P04,SID0148,,PVC,,Vinyl,yes,reported,confirmed
SID0148-P05,SID0148,,PMMA,ACR,Acrylic,yes,reported,confirmed
SID0148-P06,SID0148,,PU,,Polyurethane,yes,reported,confirmed
SID0148-P07,SID0148,,PTFE,,Fluoropolymer,yes,reported,confirmed
SID0148-P08,SID0148,,EVA,,Polyolefin,yes,reported,confirmed
SID0148-P09,SID0148,,PPS,,Sulfide polymer,yes,reported,confirmed
SID0148-P10,SID0148,,SBR,,Elastomer,yes,reported,confirmed
SID0148-P11,SID0148,,POM,,Polyacetal,yes,reported,confirmed
SID0148-P12,SID0148,,PS,,Styrenic,yes,reported,confirmed
SID0148-P13,SID0148,,PE,,Polyolefin,yes,recovery_spike,known_material
SID0149-P01,SID0149,,PE,,Polyolefin,yes,field_detection,confirmed
SID0149-P02,SID0149,,PP,,Polyolefin,yes,field_detection,confirmed
SID0149-P03,SID0149,,PET,PEST,Polyester,yes,field_detection,confirmed
SID0149-P04,SID0149,,PS,,Styrenic,yes,field_detection,confirmed
SID0149-P05,SID0149,,PU,,Polyurethane,yes,field_detection,confirmed
SID0149-P06,SID0149,,PEST,,Polyester,yes,field_detection,confirmed
SID0149-P07,SID0149,,CELL,,Natural,no,field_detection,confirmed
SID0149-P08,SID0149,,PE,,Polyolefin,yes,recovery_spike,known_material
SID0149-P09,SID0149,,PS,,Styrenic,yes,recovery_spike,known_material
SID0149-P10,SID0149,,PEST,,Polyester,yes,recovery_spike,known_material
SID0150-P01,SID0150,,PE,,Polyolefin,yes,field_detection,confirmed
SID0150-P02,SID0150,,PP,,Polyolefin,yes,field_detection,confirmed
SID0150-P03,SID0150,,PET,PEST,Polyester,yes,field_detection,confirmed
SID0150-P04,SID0150,,PS,,Styrenic,yes,field_detection,confirmed
SID0150-P05,SID0150,,PMMA,ACR,Acrylic,yes,field_detection,confirmed
SID0151-P01,SID0151,,PE,,Polyolefin,yes,field_detection,confirmed
SID0151-P02,SID0151,,PP,,Polyolefin,yes,field_detection,confirmed
SID0151-P03,SID0151,,PET,PEST,Polyester,yes,field_detection,confirmed
SID0151-P04,SID0151,,PS,,Styrenic,yes,field_detection,confirmed
SID0151-P05,SID0151,,PVC,,Vinyl,yes,field_detection,confirmed
SID0152-P01,SID0152,,PE,,Polyolefin,yes,field_detection,confirmed
SID0152-P02,SID0152,,PP,,Polyolefin,yes,field_detection,confirmed
SID0152-P03,SID0152,,PET,PEST,Polyester,yes,field_detection,confirmed
SID0152-P04,SID0152,,PVC,,Vinyl,yes,field_detection,confirmed
SID0152-P05,SID0152,,PA,,Polyamide,yes,field_detection,confirmed
SID0152-P06,SID0152,,PC,,Polycarbonate,yes,field_detection,confirmed
SID0152-P07,SID0152,,PEST,,Polyester,yes,field_detection,confirmed
SID0152-P08,SID0152,,RAYON,,Semi-synthetic cellulose,semi,field_detection,confirmed
SID0152-P09,SID0152,,PVOH,,Vinyl,yes,field_detection,confirmed
SID0152-P10,SID0152,,PMMA,ACR,Acrylic,yes,mentioned_uncertain,confirmed
SID0152-P11,SID0152,,PS,,Styrenic,yes,mentioned_uncertain,confirmed
SID0155-P01,SID0155,,PE,,Polyolefin,yes,field_detection,contamination_qualified
SID0155-P02,SID0155,,PET,PEST,Polyester,yes,field_detection,contamination_qualified
SID0155-P03,SID0155,,PLA,PEST,Polyester (bio-based),yes,field_detection,contamination_qualified
SID0155-P04,SID0155,,PMMA,ACR,Acrylic,yes,field_detection,contamination_qualified
SID0155-P05,SID0155,,PP,,Polyolefin,yes,field_detection,contamination_qualified
SID0155-P06,SID0155,,PPTA,PA,Polyamide,yes,field_detection,contamination_qualified
SID0155-P07,SID0155,,PS,,Styrenic,yes,field_detection,contamination_qualified
SID0155-P08,SID0155,,PTFE,,Fluoropolymer,yes,blank_finding,confirmed
SID0155-P09,SID0155,,PVC,,Vinyl,yes,blank_finding,confirmed
SID0155-P10,SID0155,,PESU,,Sulfone polymer,yes,library_only,not_applicable
SID0155-P11,SID0155,,POM,,Polyacetal,yes,library_only,not_applicable
SID0155-P12,SID0155,,PDMS,,Silicone,yes,library_only,identity_unresolved
SID0157-P01,SID0157,,PE,,Polyolefin,yes,field_detection,confirmed
SID0157-P02,SID0157,,PP,,Polyolefin,yes,field_detection,confirmed
SID0157-P03,SID0157,,PET,PEST,Polyester,yes,field_detection,confirmed
SID0157-P04,SID0157,,PS,,Styrenic,yes,field_detection,confirmed
SID0157-P05,SID0157,,PVC,,Vinyl,yes,field_detection,confirmed
SID0157-P06,SID0157,,PU,,Polyurethane,yes,field_detection,confirmed
SID0157-P07,SID0157,,PA,,Polyamide,yes,field_detection,confirmed
SID0157-P08,SID0157,,PAN,ACR,Acrylic,yes,field_detection,confirmed
SID0157-P09,SID0157,,EVA,,Polyolefin,yes,field_detection,confirmed
SID0157-P10,SID0157,,EP,,Thermoset,yes,field_detection,confirmed
SID0158-P01,SID0158,,PET,PEST,Polyester,yes,field_detection,confirmed
SID0158-P02,SID0158,,PC,,Polycarbonate,yes,field_detection,confirmed
SID0158-P03,SID0158,,PA,,Polyamide,yes,field_detection,confirmed
SID0158-P04,SID0158,,PP,,Polyolefin,yes,field_detection,confirmed
SID0158-P05,SID0158,,PE,,Polyolefin,yes,field_detection,confirmed
SID0158-P06,SID0158,,RAYON,,Semi-synthetic cellulose,semi,field_detection,confirmed
SID0158-P07,SID0158,,EPM,,Polyolefin,yes,field_detection,confirmed
SID0159-P01,SID0159,,PA,,Polyamide,yes,field_detection,confirmed
SID0159-P02,SID0159,,PET,PEST,Polyester,yes,field_detection,confirmed
SID0159-P03,SID0159,,PE,,Polyolefin,yes,field_detection,confirmed
SID0159-P04,SID0159,,PP,,Polyolefin,yes,field_detection,confirmed
SID0159-P05,SID0159,,EVA,,Polyolefin,yes,field_detection,confirmed
SID0159-P06,SID0159,,PIB,,Elastomer,yes,field_detection,confirmed
SID0159-P07,SID0159,,CELL,,Natural,no,field_detection,confirmed
SID0159-P08,SID0159,,PLA,PEST,Polyester (bio-based),yes,field_detection,confirmed
SID0159-P09,SID0159,,PEST,,Polyester,yes,field_detection,confirmed
SID0160-P01,SID0160,,PE,,Polyolefin,yes,field_detection,confirmed
SID0160-P02,SID0160,,PA,,Polyamide,yes,field_detection,confirmed
SID0160-P03,SID0160,,PET,PEST,Polyester,yes,field_detection,confirmed
SID0160-P04,SID0160,,PS,,Styrenic,yes,field_detection,confirmed
SID0160-P05,SID0160,,PEST,,Polyester,yes,field_detection,confirmed
SID0161-P01,SID0161,,PE,,Polyolefin,yes,field_detection,confirmed
SID0161-P02,SID0161,,PE-HD,PE,Polyolefin,yes,field_detection,confirmed
SID0161-P03,SID0161,,PP,,Polyolefin,yes,field_detection,confirmed
SID0162-P01,SID0162,,PET,PEST,Polyester,yes,field_detection,confirmed
SID0162-P02,SID0162,,PE-LD,PE,Polyolefin,yes,field_detection,confirmed
SID0162-P03,SID0162,,PE-HD,PE,Polyolefin,yes,field_detection,confirmed
SID0162-P04,SID0162,,EVA,,Polyolefin,yes,field_detection,confirmed
SID0162-P05,SID0162,,PP,,Polyolefin,yes,field_detection,confirmed
SID0162-P06,SID0162,,PPTA,PA,Polyamide,yes,field_detection,confirmed
SID0162-P07,SID0162,,CELL,,Natural,no,field_detection,confirmed
SID0162-P08,SID0162,,CA,,Semi-synthetic cellulose,semi,field_detection,confirmed
SID0162-P09,SID0162,,RAYON,,Semi-synthetic cellulose,semi,field_detection,confirmed
SID0162-P10,SID0162,,PE,,Polyolefin,yes,field_detection,confirmed
SID0162-P11,SID0162,,PVC,,Vinyl,yes,field_detection,confirmed
SID0167-P01,SID0167,,PA,,Polyamide,yes,field_detection,confirmed
SID0167-P02,SID0167,,PET,PEST,Polyester,yes,field_detection,confirmed
SID0167-P03,SID0167,,PE-HD,PE,Polyolefin,yes,field_detection,confirmed
SID0167-P04,SID0167,,PE-CL,PE,Polyolefin,yes,field_detection,confirmed
SID0167-P05,SID0167,,EPM,,Polyolefin,yes,field_detection,confirmed
SID0167-P06,SID0167,,PE,,Polyolefin,yes,field_detection,confirmed
SID0169-P01,SID0169,,PS,,Styrenic,yes,exposure_material,confirmed
SID0169-P02,SID0169,,PS,,Styrenic,yes,recovery_spike,known_material
SID0170-P01,SID0170,,PVC,,Vinyl,yes,exposure_material,confirmed
SID0170-P02,SID0170,,EVA,,Polyolefin,yes,exposure_material,confirmed
SID0170-P03,SID0170,,PET,PEST,Polyester,yes,exposure_material,confirmed
SID0170-P04,SID0170,,PE,,Polyolefin,yes,exposure_material,confirmed
SID0170-P05,SID0170,,PP,,Polyolefin,yes,exposure_material,confirmed
SID0170-P06,SID0170,,PS,,Styrenic,yes,exposure_material,confirmed
SID0170-P07,SID0170,,PA,,Polyamide,yes,exposure_material,confirmed
SID0170-P08,SID0170,,PU,,Polyurethane,yes,exposure_material,confirmed
SID0170-P09,SID0170,,ACR,,Acrylic,yes,exposure_material,confirmed
SID0170-P10,SID0170,,PTFE,,Fluoropolymer,yes,exposure_material,confirmed
SID0170-P11,SID0170,,PMMA,ACR,Acrylic,yes,exposure_material,confirmed
SID0170-P12,SID0170,,ABS,,Styrenic,yes,exposure_material,confirmed
SID0170-P13,SID0170,,POM,,Polyacetal,yes,exposure_material,confirmed
SID0170-P14,SID0170,,PC,,Polycarbonate,yes,exposure_material,confirmed
SID0171-P01,SID0171,,ACR,,Acrylic,yes,field_detection,confirmed
SID0171-P02,SID0171,,CELL,,Natural,no,field_detection,confirmed
SID0171-P03,SID0171,,RAYON,,Semi-synthetic cellulose,semi,field_detection,confirmed
SID0171-P04,SID0171,,PMMA,ACR,Acrylic,yes,field_detection,confirmed
SID0171-P05,SID0171,,PE-HD,PE,Polyolefin,yes,field_detection,confirmed
SID0171-P06,SID0171,,PS-E,PS,Styrenic,yes,field_detection,confirmed
SID0171-P07,SID0171,,PET,PEST,Polyester,yes,field_detection,confirmed
SID0171-P08,SID0171,,PVC,,Vinyl,yes,field_detection,confirmed
SID0171-P09,SID0171,,PE,,Polyolefin,yes,recovery_spike,known_material
SID0171-P10,SID0171,,PVC,,Vinyl,yes,recovery_spike,known_material
SID0171-P11,SID0171,,PET,PEST,Polyester,yes,recovery_spike,known_material
SID0171-P12,SID0171,,PS,,Styrenic,yes,recovery_spike,known_material
SID0172-P01,SID0172,,PET,PEST,Polyester,yes,field_detection,confirmed
SID0172-P02,SID0172,,PE,,Polyolefin,yes,field_detection,confirmed
SID0172-P03,SID0172,,PP,,Polyolefin,yes,field_detection,confirmed
SID0173-P01,SID0173,,PET,PEST,Polyester,yes,field_detection,confirmed
SID0173-P02,SID0173,,PEST,,Polyester,yes,field_detection,confirmed
SID0173-P03,SID0173,,PE,,Polyolefin,yes,field_detection,confirmed
SID0173-P04,SID0173,,POM,,Polyacetal,yes,field_detection,confirmed
SID0173-P05,SID0173,,PVP,,Vinyl,yes,field_detection,confirmed
SID0173-P06,SID0173,,PU,,Polyurethane,yes,field_detection,confirmed
SID0173-P07,SID0173,,PA,,Polyamide,yes,field_detection,confirmed
SID0174-P01,SID0174,,PET,PEST,Polyester,yes,field_detection,confirmed
SID0174-P02,SID0174,,PPS,,Sulfide polymer,yes,field_detection,confirmed
SID0174-P03,SID0174,,PEST,,Polyester,yes,field_detection,confirmed
SID0174-P04,SID0174,,PVC,,Vinyl,yes,field_detection,confirmed
SID0174-P05,SID0174,,PE,,Polyolefin,yes,field_detection,confirmed
SID0174-P06,SID0174,,PP,,Polyolefin,yes,field_detection,confirmed
SID0174-P07,SID0174,,PA,,Polyamide,yes,field_detection,confirmed
SID0174-P08,SID0174,,PU,,Polyurethane,yes,field_detection,confirmed
SID0174-P09,SID0174,,PIB,,Elastomer,yes,field_detection,confirmed
SID0174-P10,SID0174,,CELL,,Natural,no,field_detection,confirmed
SID0174-P11,SID0174,,PVOH,,Vinyl,yes,field_detection,confirmed
SID0175-P01,SID0175,,PP,,Polyolefin,yes,field_detection,confirmed
SID0175-P02,SID0175,,PS,,Styrenic,yes,field_detection,confirmed
SID0175-P03,SID0175,,PA,,Polyamide,yes,field_detection,confirmed
SID0175-P04,SID0175,,PAN,ACR,Acrylic,yes,field_detection,confirmed
SID0176-P01,SID0176,,PE,,Polyolefin,yes,recovery_spike,known_material
SID0176-P02,SID0176,,PS,,Styrenic,yes,recovery_spike,known_material
SID0176-P03,SID0176,,OTHER,,Other,yes,recovery_spike,known_material
SID0176-P04,SID0176,,PEST,,Polyester,yes,recovery_spike,known_material
SID0178-P01,SID0178,,PVC,,Vinyl,yes,field_detection,confirmed
SID0178-P02,SID0178,,PTFE,,Fluoropolymer,yes,field_detection,confirmed
SID0178-P03,SID0178,,PET,PEST,Polyester,yes,field_detection,confirmed
SID0178-P04,SID0178,,PAN,ACR,Acrylic,yes,field_detection,confirmed
SID0178-P05,SID0178,,PE,,Polyolefin,yes,field_detection,confirmed
SID0178-P06,SID0178,,PP,,Polyolefin,yes,field_detection,confirmed
SID0178-P07,SID0178,,PS,,Styrenic,yes,field_detection,confirmed
SID0180-P01,SID0180,,PS,,Styrenic,yes,field_detection,confirmed
SID0180-P02,SID0180,,PET,PEST,Polyester,yes,field_detection,confirmed
SID0180-P03,SID0180,,PVC,,Vinyl,yes,field_detection,confirmed
SID0180-P04,SID0180,,PE,,Polyolefin,yes,field_detection,confirmed
SID0180-P05,SID0180,,PP,,Polyolefin,yes,field_detection,confirmed
SID0180-P06,SID0180,,PU,,Polyurethane,yes,field_detection,confirmed
SID0180-P07,SID0180,,PEST,,Polyester,yes,field_detection,confirmed
SID0180-P08,SID0180,,PA,,Polyamide,yes,field_detection,confirmed
SID0180-P09,SID0180,,PA6,PA,Polyamide,yes,field_detection,confirmed
SID0180-P10,SID0180,,CELL,,Natural,no,field_detection,confirmed
SID0180-P11,SID0180,,RAYON,,Semi-synthetic cellulose,semi,field_detection,confirmed
SID0181-P01,SID0181,,PE,,Polyolefin,yes,field_detection,confirmed
SID0181-P02,SID0181,,PU,,Polyurethane,yes,field_detection,confirmed
SID0181-P03,SID0181,,PS,,Styrenic,yes,field_detection,confirmed
SID0182-P01,SID0182,,PVC,,Vinyl,yes,field_detection,confirmed
SID0182-P02,SID0182,,PEST,,Polyester,yes,field_detection,confirmed
SID0182-P03,SID0182,,PA,,Polyamide,yes,field_detection,confirmed
SID0182-P04,SID0182,,PMMA,ACR,Acrylic,yes,field_detection,confirmed
SID0182-P05,SID0182,,PE,,Polyolefin,yes,field_detection,confirmed
SID0182-P06,SID0182,,PP,,Polyolefin,yes,field_detection,confirmed
SID0182-P07,SID0182,,PVOH,,Vinyl,yes,field_detection,confirmed
SID0182-P08,SID0182,,RAYON,,Semi-synthetic cellulose,semi,field_detection,confirmed
SID0182-P09,SID0182,,CELL,,Natural,no,field_detection,confirmed
SID0183-P01,SID0183,,PE,,Polyolefin,yes,field_detection,confirmed
SID0183-P02,SID0183,,PET,PEST,Polyester,yes,field_detection,confirmed
SID0183-P03,SID0183,,SEBS,,Elastomer,yes,field_detection,confirmed
SID0183-P04,SID0183,,CELL,,Natural,no,field_detection,confirmed
SID0183-P05,SID0183,,PS,,Styrenic,yes,field_detection,confirmed
SID0183-P06,SID0183,,PS,,Styrenic,yes,recovery_spike,known_material
SID0185-P01,SID0185,,PA,,Polyamide,yes,field_detection,confirmed
SID0185-P02,SID0185,,PVAC,,Vinyl,yes,field_detection,confirmed
SID0185-P03,SID0185,,PU,,Polyurethane,yes,field_detection,confirmed
SID0185-P04,SID0185,,PP,,Polyolefin,yes,field_detection,confirmed
SID0187-P01,SID0187,,EPM,,Polyolefin,yes,reported,confirmed
SID0187-P02,SID0187,,ACR,,Acrylic,yes,reported,confirmed
SID0187-P03,SID0187,,PA,,Polyamide,yes,reported,confirmed
SID0189-P01,SID0189,,RAYON,,Semi-synthetic cellulose,semi,field_detection,confirmed
SID0189-P02,SID0189,,PEST,,Polyester,yes,field_detection,confirmed
SID0189-P03,SID0189,,PET,PEST,Polyester,yes,field_detection,confirmed
SID0189-P04,SID0189,,PE,,Polyolefin,yes,field_detection,confirmed
SID0189-P05,SID0189,,PP,,Polyolefin,yes,field_detection,confirmed
SID0189-P06,SID0189,,PA,,Polyamide,yes,field_detection,confirmed
SID0190-P01,SID0190,,PS,,Styrenic,yes,reported,confirmed
SID0190-P02,SID0190,,PET,PEST,Polyester,yes,reported,confirmed
SID0190-P03,SID0190,,PA6,PA,Polyamide,yes,reported,confirmed
SID0190-P04,SID0190,,PVC,,Vinyl,yes,reported,confirmed
SID0190-P05,SID0190,,PE,,Polyolefin,yes,reported,confirmed
SID0190-P06,SID0190,,PP,,Polyolefin,yes,reported,confirmed
SID0190-P07,SID0190,,PA,,Polyamide,yes,recovery_spike,known_material
SID0191-P01,SID0191,,PVC,,Vinyl,yes,field_detection,confirmed
SID0191-P02,SID0191,,PE-LD,PE,Polyolefin,yes,field_detection,confirmed
SID0191-P03,SID0191,,PS,,Styrenic,yes,field_detection,confirmed
SID0191-P04,SID0191,,PP,,Polyolefin,yes,field_detection,confirmed
SID0191-P05,SID0191,,PE,,Polyolefin,yes,field_detection,confirmed
SID0192-P01,SID0192,,PET,PEST,Polyester,yes,field_detection,confirmed
SID0192-P02,SID0192,,CELL,,Natural,no,field_detection,confirmed
SID0192-P03,SID0192,,PA,,Polyamide,yes,field_detection,confirmed
SID0192-P04,SID0192,,PP,,Polyolefin,yes,field_detection,confirmed
SID0192-P05,SID0192,,PE,,Polyolefin,yes,field_detection,confirmed
SID0192-P06,SID0192,,PEST,,Polyester,yes,field_detection,confirmed
SID0193-P01,SID0193,,PA,,Polyamide,yes,field_detection,confirmed
SID0193-P02,SID0193,,PET,PEST,Polyester,yes,field_detection,confirmed
SID0193-P03,SID0193,,PAA,ACR,Acrylic,yes,field_detection,confirmed
SID0193-P04,SID0193,,PE,,Polyolefin,yes,field_detection,confirmed
SID0193-P05,SID0193,,PU,,Polyurethane,yes,field_detection,confirmed
SID0193-P06,SID0193,,CELL,,Natural,no,field_detection,confirmed
SID0193-P07,SID0193,,ACR,,Acrylic,yes,field_detection,confirmed
SID0194-P01,SID0194,,PS,,Styrenic,yes,field_detection,confirmed
SID0194-P02,SID0194,,PE,,Polyolefin,yes,field_detection,confirmed
SID0196-P01,SID0196,,PE,,Polyolefin,yes,field_detection,confirmed
SID0196-P02,SID0196,,PE-CL,PE,Polyolefin,yes,field_detection,confirmed
SID0196-P03,SID0196,,PET,PEST,Polyester,yes,field_detection,confirmed
SID0196-P04,SID0196,,PVC,,Vinyl,yes,field_detection,confirmed
SID0196-P05,SID0196,,PEEK,,Polyketone,yes,field_detection,confirmed
SID0196-P06,SID0196,,PA,,Polyamide,yes,field_detection,confirmed
SID0197-P01,SID0197,,PE,,Polyolefin,yes,field_detection,confirmed
SID0197-P02,SID0197,,PP,,Polyolefin,yes,field_detection,confirmed
SID0197-P03,SID0197,,PS,,Styrenic,yes,field_detection,confirmed
SID0197-P04,SID0197,,PVC,,Vinyl,yes,field_detection,confirmed
SID0198-P01,SID0198,,PET,PEST,Polyester,yes,field_detection,confirmed
SID0198-P02,SID0198,,PP,,Polyolefin,yes,field_detection,confirmed
SID0198-P03,SID0198,,PS,,Styrenic,yes,field_detection,confirmed
SID0198-P04,SID0198,,PA,,Polyamide,yes,field_detection,confirmed
SID0198-P05,SID0198,,RAYON,,Semi-synthetic cellulose,semi,field_detection,confirmed
SID0198-P06,SID0198,,PE,,Polyolefin,yes,field_detection,confirmed
SID0199-P01,SID0199,,PE,,Polyolefin,yes,field_detection,confirmed
SID0199-P02,SID0199,,PET,PEST,Polyester,yes,field_detection,confirmed
SID0199-P03,SID0199,,PP,,Polyolefin,yes,field_detection,confirmed
SID0199-P04,SID0199,,PVC,,Vinyl,yes,field_detection,confirmed
SID0199-P05,SID0199,,PS,,Styrenic,yes,field_detection,confirmed
SID0199-P06,SID0199,,PE,,Polyolefin,yes,exposure_material,known_material
SID0200-P01,SID0200,,PET,PEST,Polyester,yes,field_detection,confirmed
SID0200-P02,SID0200,,CELL,,Natural,no,field_detection,confirmed
SID0200-P03,SID0200,,PA,,Polyamide,yes,field_detection,confirmed
SID0202-P01,SID0202,,PET,PEST,Polyester,yes,field_detection,confirmed
SID0202-P02,SID0202,,EVA,,Polyolefin,yes,field_detection,confirmed
SID0204-P01,SID0204,,PE,,Polyolefin,yes,exposure_material,known_material
SID0205-P01,SID0205,,PEST,,Polyester,yes,field_detection,confirmed
SID0205-P02,SID0205,,ACR,,Acrylic,yes,field_detection,confirmed
SID0205-P03,SID0205,,PU,,Polyurethane,yes,field_detection,confirmed
SID0205-P04,SID0205,,PE,,Polyolefin,yes,field_detection,confirmed
SID0205-P05,SID0205,,PVC,,Vinyl,yes,field_detection,confirmed
SID0206-P01,SID0206,,PET,PEST,Polyester,yes,field_detection,confirmed
SID0206-P02,SID0206,,PE,,Polyolefin,yes,field_detection,confirmed
SID0206-P03,SID0206,,PP,,Polyolefin,yes,field_detection,confirmed
SID0206-P04,SID0206,,PA,,Polyamide,yes,field_detection,confirmed
SID0206-P05,SID0206,,PS,,Styrenic,yes,field_detection,confirmed
SID0206-P06,SID0206,,PE,,Polyolefin,yes,recovery_spike,known_material
SID0208-P01,SID0208,,PET,PEST,Polyester,yes,field_detection,confirmed
SID0208-P02,SID0208,,PP,,Polyolefin,yes,field_detection,confirmed
SID0208-P03,SID0208,,PA,,Polyamide,yes,field_detection,confirmed
SID0208-P04,SID0208,,PE,,Polyolefin,yes,field_detection,confirmed
SID0208-P05,SID0208,,PU,,Polyurethane,yes,field_detection,confirmed
SID0209-P01,SID0209,,PS,,Styrenic,yes,reported,confirmed
SID0209-P02,SID0209,,PS,,Styrenic,yes,recovery_spike,known_material
SID0210-P01,SID0210,,PS,,Styrenic,yes,reported,confirmed
SID0210-P02,SID0210,,PP,,Polyolefin,yes,reported,confirmed
SID0210-P03,SID0210,,PE,,Polyolefin,yes,reported,confirmed
SID0210-P04,SID0210,,PEST,,Polyester,yes,mentioned_uncertain,confirmed
SID0210-P05,SID0210,,PS,,Styrenic,yes,recovery_spike,known_material
SID0211-P01,SID0211,,OTHER,,Other,yes,field_detection,confirmed
SID0212-P01,SID0212,,PE-LD,PE,Polyolefin,yes,environmental_sample,confirmed
SID0212-P02,SID0212,,PE-HD,PE,Polyolefin,yes,environmental_sample,confirmed
SID0212-P03,SID0212,,PP,,Polyolefin,yes,environmental_sample,confirmed
SID0212-P04,SID0212,,PS,,Styrenic,yes,environmental_sample,confirmed
SID0212-P05,SID0212,,PU,,Polyurethane,yes,environmental_sample,confirmed
SID0212-P06,SID0212,,PA,,Polyamide,yes,environmental_sample,confirmed
SID0212-P07,SID0212,,PE,,Polyolefin,yes,environmental_sample,confirmed
SID0213-P01,SID0213,,PE,,Polyolefin,yes,field_detection,confirmed
SID0213-P02,SID0213,,EPDM,,Elastomer,yes,field_detection,confirmed
SID0213-P03,SID0213,,PDMS,,Silicone,yes,field_detection,confirmed
SID0213-P04,SID0213,,EAA,,Polyolefin,yes,field_detection,confirmed
SID0213-P05,SID0213,,PET,PEST,Polyester,yes,field_detection,confirmed
SID0213-P06,SID0213,,PP,,Polyolefin,yes,field_detection,confirmed
SID0213-P07,SID0213,,PS,,Styrenic,yes,field_detection,confirmed
SID0213-P08,SID0213,,PU,,Polyurethane,yes,field_detection,confirmed
SID0213-P09,SID0213,,RAYON,,Semi-synthetic cellulose,semi,field_detection,confirmed
SID0213-P10,SID0213,,ABS,,Styrenic,yes,field_detection,confirmed
SID0213-P11,SID0213,,PA,,Polyamide,yes,field_detection,confirmed
SID0213-P12,SID0213,,PVOH,,Vinyl,yes,field_detection,confirmed
SID0213-P13,SID0213,,ACR,,Acrylic,yes,field_detection,confirmed
SID0213-P14,SID0213,,CELL,,Natural,no,field_detection,confirmed
SID0214-P01,SID0214,,PE,,Polyolefin,yes,field_detection,confirmed
SID0214-P02,SID0214,,PE-HD,PE,Polyolefin,yes,exposure_material,known_material
SID0216-P01,SID0216,,PET,PEST,Polyester,yes,field_detection,confirmed
SID0216-P02,SID0216,,PP,,Polyolefin,yes,field_detection,confirmed
SID0216-P03,SID0216,,PE,,Polyolefin,yes,field_detection,confirmed
SID0216-P04,SID0216,,PVC,,Vinyl,yes,field_detection,confirmed
SID0216-P05,SID0216,,PS,,Styrenic,yes,field_detection,confirmed
SID0216-P06,SID0216,,PA,,Polyamide,yes,field_detection,confirmed
SID0216-P07,SID0216,,RAYON,,Semi-synthetic cellulose,semi,field_detection,confirmed
SID0218-P01,SID0218,,PP,,Polyolefin,yes,field_detection,confirmed
SID0218-P02,SID0218,,PE,,Polyolefin,yes,field_detection,confirmed
SID0218-P03,SID0218,,PVC,,Vinyl,yes,field_detection,confirmed
SID0218-P04,SID0218,,PA,,Polyamide,yes,field_detection,confirmed
SID0218-P05,SID0218,,PS,,Styrenic,yes,field_detection,confirmed
SID0218-P06,SID0218,,PU,,Polyurethane,yes,field_detection,confirmed
SID0218-P07,SID0218,,CA,,Semi-synthetic cellulose,semi,field_detection,confirmed
SID0218-P08,SID0218,,CELL,,Natural,no,field_detection,confirmed
SID0219-P01,SID0219,,PA,,Polyamide,yes,field_detection,confirmed
SID0219-P02,SID0219,,PVDF,,Fluoropolymer,yes,field_detection,confirmed
SID0219-P03,SID0219,,PU,,Polyurethane,yes,field_detection,confirmed
SID0219-P04,SID0219,,PEST,,Polyester,yes,field_detection,confirmed
SID0219-P05,SID0219,,PP,,Polyolefin,yes,field_detection,confirmed
SID0219-P06,SID0219,,PE,,Polyolefin,yes,field_detection,confirmed
SID0219-P07,SID0219,,PE-LD,PE,Polyolefin,yes,field_detection,confirmed
SID0220-P01,SID0220,,PET,PEST,Polyester,yes,field_detection,confirmed
SID0220-P02,SID0220,,RAYON,,Semi-synthetic cellulose,semi,field_detection,confirmed
SID0220-P03,SID0220,,CELL,,Natural,no,field_detection,confirmed
SID0220-P04,SID0220,,PU,,Polyurethane,yes,field_detection,confirmed
SID0220-P05,SID0220,,PAA,ACR,Acrylic,yes,field_detection,confirmed
SID0220-P06,SID0220,,PEST,,Polyester,yes,field_detection,confirmed
SID0221-P01,SID0221,,PE,,Polyolefin,yes,field_detection,confirmed
SID0221-P02,SID0221,,PMMA,ACR,Acrylic,yes,field_detection,confirmed
SID0221-P03,SID0221,,PP,,Polyolefin,yes,field_detection,confirmed
SID0221-P04,SID0221,,PEST,,Polyester,yes,field_detection,confirmed
SID0221-P05,SID0221,,PET,PEST,Polyester,yes,field_detection,confirmed
SID0222-P01,SID0222,,PE,,Polyolefin,yes,field_detection,confirmed
SID0222-P02,SID0222,,PP,,Polyolefin,yes,field_detection,confirmed
SID0222-P03,SID0222,,PU,,Polyurethane,yes,field_detection,confirmed
SID0223-P01,SID0223,,PET,PEST,Polyester,yes,field_detection,tentative
SID0223-P02,SID0223,,PVC,,Vinyl,yes,field_detection,tentative
SID0223-P03,SID0223,,PA,,Polyamide,yes,field_detection,tentative
SID0223-P04,SID0223,,PE,,Polyolefin,yes,field_detection,confirmed
SID0223-P05,SID0223,,PP,,Polyolefin,yes,field_detection,confirmed
SID0223-P06,SID0223,,PS,,Styrenic,yes,field_detection,confirmed
SID0223-P07,SID0223,,PC,,Polycarbonate,yes,field_detection,confirmed
SID0223-P08,SID0223,,ABS,,Styrenic,yes,field_detection,confirmed
SID0224-P01,SID0224,,PE,,Polyolefin,yes,field_detection,confirmed
SID0225-P01,SID0225,,PET,PEST,Polyester,yes,field_detection,confirmed
SID0225-P02,SID0225,,PCL,PEST,Polyester,yes,field_detection,confirmed
SID0225-P03,SID0225,,ACR,,Acrylic,yes,field_detection,confirmed
SID0225-P04,SID0225,,PE,,Polyolefin,yes,field_detection,confirmed
SID0225-P05,SID0225,,PB,,Elastomer,yes,field_detection,confirmed
SID0225-P06,SID0225,,PC,,Polycarbonate,yes,field_detection,confirmed
SID0225-P07,SID0225,,PMMA,ACR,Acrylic,yes,field_detection,confirmed
SID0225-P08,SID0225,,PIB,,Elastomer,yes,field_detection,confirmed
SID0225-P09,SID0225,,ABS,,Styrenic,yes,field_detection,confirmed
SID0225-P10,SID0225,,MBS,,Styrenic,yes,field_detection,confirmed
SID0225-P11,SID0225,,PLA,PEST,Polyester (bio-based),yes,field_detection,confirmed
SID0225-P12,SID0225,,PVC,,Vinyl,yes,field_detection,confirmed
SID0225-P13,SID0225,,PP,,Polyolefin,yes,field_detection,confirmed
SID0225-P14,SID0225,,PS,,Styrenic,yes,field_detection,confirmed
SID0225-P15,SID0225,,PU,,Polyurethane,yes,field_detection,confirmed
SID0225-P16,SID0225,,EP,,Thermoset,yes,field_detection,confirmed
SID0225-P17,SID0225,,PBAT,PEST,Polyester,yes,field_detection,confirmed
SID0225-P18,SID0225,,PTFE,,Fluoropolymer,yes,field_detection,confirmed
SID0225-P19,SID0225,,PE-CL,PE,Polyolefin,yes,field_detection,confirmed
SID0225-P20,SID0225,,EVA,,Polyolefin,yes,field_detection,confirmed
SID0225-P21,SID0225,,EAA,,Polyolefin,yes,field_detection,confirmed
SID0225-P22,SID0225,,SBR,,Elastomer,yes,field_detection,confirmed
SID0225-P23,SID0225,,FKM,,Elastomer,yes,field_detection,confirmed
SID0225-P24,SID0225,,POM,,Polyacetal,yes,field_detection,confirmed
SID0225-P25,SID0225,,PF,,Thermoset,yes,field_detection,confirmed
SID0225-P26,SID0225,,PSU,,Sulfone polymer,yes,field_detection,confirmed
SID0225-P27,SID0225,,PE,,Polyolefin,yes,recovery_spike,known_material
SID0225-P28,SID0225,,PP,,Polyolefin,yes,recovery_spike,known_material
SID0225-P29,SID0225,,PS,,Styrenic,yes,recovery_spike,known_material
SID0227-P01,SID0227,,PS,,Styrenic,yes,field_detection,confirmed
SID0227-P02,SID0227,,PP,,Polyolefin,yes,field_detection,confirmed
SID0227-P03,SID0227,,PE-LD,PE,Polyolefin,yes,field_detection,confirmed
SID0227-P04,SID0227,,PE-HD,PE,Polyolefin,yes,field_detection,confirmed
SID0227-P05,SID0227,,PET,PEST,Polyester,yes,field_detection,confirmed
SID0227-P06,SID0227,,PA,,Polyamide,yes,field_detection,confirmed
SID0227-P07,SID0227,,PC,,Polycarbonate,yes,field_detection,confirmed
SID0227-P08,SID0227,,ACR,,Acrylic,yes,field_detection,confirmed
SID0227-P09,SID0227,,PTFE,,Fluoropolymer,yes,field_detection,confirmed
SID0227-P10,SID0227,,PMMA,ACR,Acrylic,yes,field_detection,confirmed
SID0227-P11,SID0227,,PVC,,Vinyl,yes,field_detection,confirmed
SID0227-P12,SID0227,,EVA,,Polyolefin,yes,field_detection,confirmed
SID0227-P13,SID0227,,ABS,,Styrenic,yes,field_detection,confirmed
SID0227-P14,SID0227,,CA,,Semi-synthetic cellulose,semi,field_detection,confirmed
SID0227-P15,SID0227,,PE,,Polyolefin,yes,field_detection,confirmed
SID0227-P16,SID0227,,RAYON,,Semi-synthetic cellulose,semi,field_detection,confirmed
SID0228-P01,SID0228,,PE,,Polyolefin,yes,field_detection,confirmed
SID0228-P02,SID0228,,EVA,,Polyolefin,yes,field_detection,confirmed
SID0228-P03,SID0228,,PE-LD,PE,Polyolefin,yes,field_detection,confirmed
SID0228-P04,SID0228,,PE-HD,PE,Polyolefin,yes,field_detection,confirmed
SID0228-P05,SID0228,,PA,,Polyamide,yes,field_detection,confirmed
SID0228-P06,SID0228,,PTFE,,Fluoropolymer,yes,field_detection,confirmed
SID0230-P01,SID0230,,NBR,,Elastomer,yes,field_detection,confirmed
SID0230-P02,SID0230,,PDMS,,Silicone,yes,field_detection,identity_unresolved
SID0230-P03,SID0230,,PP,,Polyolefin,yes,field_detection,confirmed
SID0230-P04,SID0230,,PA66,PA,Polyamide,yes,field_detection,confirmed
SID0230-P05,SID0230,,PVC,,Vinyl,yes,field_detection,confirmed
SID0231-P01,SID0231,,PET,PEST,Polyester,yes,exposure_material,known_material
SID0232-P01,SID0232,,PE,,Polyolefin,yes,reported,confirmed
SID0232-P02,SID0232,,PA66,PA,Polyamide,yes,reported,confirmed
SID0232-P03,SID0232,,PC,,Polycarbonate,yes,reported,confirmed
SID0232-P04,SID0232,,PMMA,ACR,Acrylic,yes,reported,confirmed
SID0232-P05,SID0232,,PET,PEST,Polyester,yes,reported,confirmed
SID0232-P06,SID0232,,PP,,Polyolefin,yes,reported,confirmed
SID0232-P07,SID0232,,PS,,Styrenic,yes,reported,confirmed
SID0232-P08,SID0232,,PVC,,Vinyl,yes,reported,confirmed
SID0232-P09,SID0232,,PE-LD,PE,Polyolefin,yes,reported,confirmed
SID0232-P10,SID0232,,PE-HD,PE,Polyolefin,yes,reported,confirmed
SID0232-P11,SID0232,,PA,,Polyamide,yes,reported,confirmed
SID0232-P12,SID0232,,PE,,Polyolefin,yes,recovery_spike,known_material
SID0232-P13,SID0232,,PA66,PA,Polyamide,yes,recovery_spike,known_material
SID0232-P14,SID0232,,PMMA,ACR,Acrylic,yes,recovery_spike,known_material
SID0232-P15,SID0232,,PET,PEST,Polyester,yes,recovery_spike,known_material
SID0232-P16,SID0232,,PVC,,Vinyl,yes,recovery_spike,known_material
SID0232-P17,SID0232,,PP,,Polyolefin,yes,recovery_spike,known_material
SID0232-P18,SID0232,,PS,,Styrenic,yes,recovery_spike,known_material
SID0233-P01,SID0233,,PET,PEST,Polyester,yes,field_detection,confirmed
SID0233-P02,SID0233,,PEST,,Polyester,yes,field_detection,confirmed
SID0234-P01,SID0234,,PE,,Polyolefin,yes,reported,confirmed
SID0234-P02,SID0234,,PP,,Polyolefin,yes,reported,confirmed
SID0234-P03,SID0234,,PS,,Styrenic,yes,reported,confirmed
SID0234-P04,SID0234,,PVC,,Vinyl,yes,reported,confirmed
SID0234-P05,SID0234,,PE,,Polyolefin,yes,recovery_spike,known_material
SID0234-P06,SID0234,,PVC,,Vinyl,yes,recovery_spike,known_material
SID0234-P07,SID0234,,PP,,Polyolefin,yes,recovery_spike,known_material
SID0234-P08,SID0234,,PS,,Styrenic,yes,recovery_spike,known_material
SID0235-P01,SID0235,,PET,PEST,Polyester,yes,field_detection,confirmed
SID0235-P02,SID0235,,PE,,Polyolefin,yes,field_detection,confirmed
SID0235-P03,SID0235,,ABS,,Styrenic,yes,field_detection,confirmed
SID0235-P04,SID0235,,PP,,Polyolefin,yes,field_detection,confirmed
SID0235-P05,SID0235,,PA,,Polyamide,yes,field_detection,confirmed
SID0235-P06,SID0235,,PAN,ACR,Acrylic,yes,field_detection,confirmed
SID0235-P07,SID0235,,PVC,,Vinyl,yes,field_detection,confirmed
SID0235-P08,SID0235,,CELL,,Natural,no,field_detection,confirmed
SID0235-P09,SID0235,,PEST,,Polyester,yes,field_detection,confirmed
SID0236-P01,SID0236,,PA,,Polyamide,yes,field_detection,confirmed
SID0236-P02,SID0236,,PS,,Styrenic,yes,field_detection,confirmed
SID0236-P03,SID0236,,PP,,Polyolefin,yes,field_detection,confirmed
SID0236-P04,SID0236,,PC,,Polycarbonate,yes,field_detection,confirmed
SID0237-P01,SID0237,,PVC,,Vinyl,yes,field_detection,confirmed
SID0237-P02,SID0237,,PET,PEST,Polyester,yes,field_detection,confirmed
SID0237-P03,SID0237,,PA6,PA,Polyamide,yes,field_detection,confirmed
SID0237-P04,SID0237,,PA,,Polyamide,yes,field_detection,confirmed
SID0237-P05,SID0237,,PDMS,,Silicone,yes,field_detection,confirmed
SID0237-P06,SID0237,,EP,,Thermoset,yes,field_detection,confirmed
SID0238-P01,SID0238,,PP,,Polyolefin,yes,field_detection,confirmed
SID0238-P02,SID0238,,PEST,,Polyester,yes,field_detection,confirmed
SID0238-P03,SID0238,,PET,PEST,Polyester,yes,field_detection,confirmed
SID0238-P04,SID0238,,PS,,Styrenic,yes,field_detection,confirmed
SID0238-P05,SID0238,,PE,,Polyolefin,yes,field_detection,confirmed
SID0238-P06,SID0238,,PE-LD,PE,Polyolefin,yes,field_detection,confirmed
SID0238-P07,SID0238,,PE-HD,PE,Polyolefin,yes,field_detection,confirmed
SID0238-P08,SID0238,,CELL,,Natural,no,field_detection,confirmed
SID0238-P09,SID0238,,RAYON,,Semi-synthetic cellulose,semi,field_detection,confirmed
SID0239-P01,SID0239,,PE,,Polyolefin,yes,reported,confirmed
SID0239-P02,SID0239,,PS,,Styrenic,yes,reported,confirmed
SID0239-P03,SID0239,,PP,,Polyolefin,yes,reported,confirmed
SID0239-P04,SID0239,,PET,PEST,Polyester,yes,reported,confirmed
SID0239-P05,SID0239,,EPDM,,Elastomer,yes,reported,confirmed
SID0239-P06,SID0239,,PVC,,Vinyl,yes,reported,confirmed
SID0239-P07,SID0239,,SBR,,Elastomer,yes,reported,confirmed
SID0239-P08,SID0239,,ACR,,Acrylic,yes,reported,confirmed
SID0239-P09,SID0239,,PEST,,Polyester,yes,reported,confirmed
SID0239-P10,SID0239,,PP,,Polyolefin,yes,recovery_spike,known_material
SID0239-P11,SID0239,,PA,,Polyamide,yes,recovery_spike,known_material
SID0239-P12,SID0239,,PS-E,PS,Styrenic,yes,recovery_spike,known_material
SID0239-P13,SID0239,,PET,PEST,Polyester,yes,recovery_spike,known_material
SID0239-P14,SID0239,,PS,,Styrenic,yes,recovery_spike,known_material
SID0240-P01,SID0240,,PP,,Polyolefin,yes,field_detection,confirmed
SID0240-P02,SID0240,,CELL,,Natural,no,field_detection,confirmed
SID0240-P03,SID0240,,PVOH,,Vinyl,yes,field_detection,confirmed
SID0240-P04,SID0240,,PA6,PA,Polyamide,yes,field_detection,confirmed
SID0240-P05,SID0240,,PA66,PA,Polyamide,yes,field_detection,confirmed
SID0240-P06,SID0240,,PVC,,Vinyl,yes,field_detection,confirmed
SID0240-P07,SID0240,,PS,,Styrenic,yes,field_detection,confirmed
SID0240-P08,SID0240,,PEST,,Polyester,yes,field_detection,confirmed
SID0240-P09,SID0240,,PA,,Polyamide,yes,field_detection,confirmed
SID0240-P10,SID0240,,PE,,Polyolefin,yes,field_detection,confirmed
SID0241-P01,SID0241,,PP,,Polyolefin,yes,field_detection,confirmed
SID0241-P02,SID0241,,EVA,,Polyolefin,yes,field_detection,confirmed
SID0241-P03,SID0241,,PE-LD,PE,Polyolefin,yes,field_detection,confirmed
SID0241-P04,SID0241,,PE-HD,PE,Polyolefin,yes,field_detection,confirmed
SID0241-P05,SID0241,,PET,PEST,Polyester,yes,field_detection,confirmed
SID0241-P06,SID0241,,PA,,Polyamide,yes,field_detection,confirmed
SID0242-P01,SID0242,,PP,,Polyolefin,yes,field_detection,confirmed
SID0242-P02,SID0242,,PE,,Polyolefin,yes,field_detection,confirmed
SID0242-P03,SID0242,,PA,,Polyamide,yes,field_detection,confirmed
SID0242-P04,SID0242,,PS,,Styrenic,yes,field_detection,confirmed
SID0242-P05,SID0242,,PVC,,Vinyl,yes,field_detection,confirmed
SID0242-P06,SID0242,,PET,PEST,Polyester,yes,field_detection,confirmed
SID0242-P07,SID0242,,PC,,Polycarbonate,yes,field_detection,confirmed
SID0244-P01,SID0244,,PET,PEST,Polyester,yes,field_detection,confirmed
SID0245-P01,SID0245,,PEST,,Polyester,yes,field_detection,confirmed
SID0245-P02,SID0245,,PE,,Polyolefin,yes,field_detection,confirmed
SID0245-P03,SID0245,,RAYON,,Semi-synthetic cellulose,semi,field_detection,confirmed
SID0245-P04,SID0245,,PP,,Polyolefin,yes,field_detection,confirmed
SID0245-P05,SID0245,,PA,,Polyamide,yes,field_detection,confirmed
SID0245-P06,SID0245,,PS,,Styrenic,yes,field_detection,confirmed
SID0245-P07,SID0245,,PVC,,Vinyl,yes,field_detection,confirmed
SID0245-P08,SID0245,,PET,PEST,Polyester,yes,field_detection,confirmed
SID0245-P09,SID0245,,PE,,Polyolefin,yes,recovery_spike,known_material
SID0245-P10,SID0245,,PP,,Polyolefin,yes,recovery_spike,known_material
SID0246-P01,SID0246,,PS,,Styrenic,yes,field_detection,confirmed
SID0246-P02,SID0246,,PE,,Polyolefin,yes,field_detection,confirmed
SID0246-P03,SID0246,,PP,,Polyolefin,yes,field_detection,confirmed
SID0246-P04,SID0246,,PET,PEST,Polyester,yes,field_detection,confirmed
SID0246-P05,SID0246,,PA,,Polyamide,yes,field_detection,confirmed
SID0246-P06,SID0246,,PVC,,Vinyl,yes,field_detection,confirmed
SID0246-P07,SID0246,,PAN,ACR,Acrylic,yes,field_detection,confirmed
SID0246-P08,SID0246,,EVA,,Polyolefin,yes,field_detection,confirmed
SID0247-P01,SID0247,,PS,,Styrenic,yes,reported,confirmed
SID0247-P02,SID0247,,PP,,Polyolefin,yes,reported,confirmed
SID0247-P03,SID0247,,PET,PEST,Polyester,yes,reported,confirmed
SID0247-P04,SID0247,,PA,,Polyamide,yes,reported,confirmed
SID0247-P05,SID0247,,PAN,ACR,Acrylic,yes,reported,confirmed
SID0247-P06,SID0247,,ACR,,Acrylic,yes,reported,confirmed
SID0247-P07,SID0247,,RAYON,,Semi-synthetic cellulose,semi,reported,confirmed
SID0247-P08,SID0247,,PVC,,Vinyl,yes,reported,confirmed
SID0247-P09,SID0247,,PE-LD,PE,Polyolefin,yes,reported,confirmed
SID0247-P10,SID0247,,PE,,Polyolefin,yes,reported,confirmed
SID0247-P11,SID0247,,PS,,Styrenic,yes,recovery_spike,known_material
SID0247-P12,SID0247,,PET,PEST,Polyester,yes,recovery_spike,known_material
SID0247-P13,SID0247,,PVC,,Vinyl,yes,recovery_spike,known_material
SID0247-P14,SID0247,,PA,,Polyamide,yes,recovery_spike,known_material
SID0247-P15,SID0247,,PP,,Polyolefin,yes,recovery_spike,known_material
SID0247-P16,SID0247,,PE,,Polyolefin,yes,recovery_spike,known_material
SID0247-P17,SID0247,,OTHER,,Other,yes,recovery_spike,known_material
SID0248-P01,SID0248,,PA,,Polyamide,yes,reported,confirmed
SID0248-P02,SID0248,,PE,,Polyolefin,yes,reported,confirmed
SID0248-P03,SID0248,,PA,,Polyamide,yes,recovery_spike,known_material
SID0248-P04,SID0248,,PE,,Polyolefin,yes,recovery_spike,known_material
SID0248-P05,SID0248,,PA6,PA,Polyamide,yes,recovery_spike,known_material
SID0249-P01,SID0249,,PE,,Polyolefin,yes,field_detection,confirmed
SID0249-P02,SID0249,,PA,,Polyamide,yes,field_detection,confirmed
SID0249-P03,SID0249,,EPDM,,Elastomer,yes,field_detection,confirmed
SID0249-P04,SID0249,,EVA,,Polyolefin,yes,field_detection,confirmed
SID0249-P05,SID0249,,PET,PEST,Polyester,yes,field_detection,confirmed
SID0249-P06,SID0249,,PU,,Polyurethane,yes,field_detection,confirmed
SID0249-P07,SID0249,,PS,,Styrenic,yes,field_detection,confirmed
SID0249-P08,SID0249,,ALK,,Thermoset,yes,field_detection,confirmed
SID0249-P09,SID0249,,PVC,,Vinyl,yes,field_detection,confirmed
SID0249-P10,SID0249,,ACR,,Acrylic,yes,field_detection,confirmed
SID0249-P11,SID0249,,PP,,Polyolefin,yes,field_detection,confirmed
SID0249-P12,SID0249,,EAA,,Polyolefin,yes,field_detection,confirmed
SID0249-P13,SID0249,,POM,,Polyacetal,yes,field_detection,confirmed
SID0249-P14,SID0249,,PDMS,,Silicone,yes,field_detection,confirmed
SID0249-P15,SID0249,,PMMA,ACR,Acrylic,yes,field_detection,confirmed
SID0249-P16,SID0249,,PHB,PEST,Polyester (bio-based),yes,field_detection,confirmed
SID0249-P17,SID0249,,PP,,Polyolefin,yes,recovery_spike,known_material
SID0249-P18,SID0249,,PVC,,Vinyl,yes,recovery_spike,known_material
SID0250-P01,SID0250,,PP,,Polyolefin,yes,field_detection,confirmed
SID0250-P02,SID0250,,PE-HD,PE,Polyolefin,yes,field_detection,confirmed
SID0250-P03,SID0250,,PET,PEST,Polyester,yes,field_detection,confirmed
SID0250-P04,SID0250,,PE,,Polyolefin,yes,field_detection,confirmed
SID0251-P01,SID0251,,PP,,Polyolefin,yes,field_detection,confirmed
SID0251-P02,SID0251,,PE,,Polyolefin,yes,field_detection,confirmed
SID0251-P03,SID0251,,PET,PEST,Polyester,yes,field_detection,confirmed
SID0251-P04,SID0251,,PS,,Styrenic,yes,field_detection,confirmed
SID0251-P05,SID0251,,RAYON,,Semi-synthetic cellulose,semi,field_detection,confirmed
SID0251-P06,SID0251,,CELL,,Natural,no,field_detection,confirmed
SID0251-P07,SID0251,,PE,,Polyolefin,yes,recovery_spike,known_material
SID0252-P01,SID0252,,PP,,Polyolefin,yes,field_detection,confirmed
SID0252-P02,SID0252,,EVA,,Polyolefin,yes,field_detection,confirmed
SID0252-P03,SID0252,,PE,,Polyolefin,yes,field_detection,confirmed
SID0253-P01,SID0253,,PP,,Polyolefin,yes,exposure_material,confirmed
SID0253-P02,SID0253,,CELL,,Natural,no,exposure_material,confirmed
SID0253-P03,SID0253,,PS,,Styrenic,yes,mentioned_uncertain,confirmed
SID0255-P01,SID0255,,PE,,Polyolefin,yes,field_detection,confirmed
SID0255-P02,SID0255,,PEST,,Polyester,yes,field_detection,confirmed
SID0255-P03,SID0255,,PET,PEST,Polyester,yes,field_detection,confirmed
SID0255-P04,SID0255,,PP,,Polyolefin,yes,field_detection,confirmed
SID0255-P05,SID0255,,ACR,,Acrylic,yes,field_detection,confirmed
SID0255-P06,SID0255,,PVC,,Vinyl,yes,field_detection,confirmed
SID0255-P07,SID0255,,PC,,Polycarbonate,yes,field_detection,confirmed
SID0255-P08,SID0255,,PMMA,ACR,Acrylic,yes,field_detection,confirmed
SID0256-P01,SID0256,,PE,,Polyolefin,yes,field_detection,confirmed
SID0256-P02,SID0256,,PA,,Polyamide,yes,field_detection,confirmed
SID0256-P03,SID0256,,PMMA,ACR,Acrylic,yes,field_detection,confirmed
SID0256-P04,SID0256,,PDMS,,Silicone,yes,field_detection,confirmed
SID0256-P05,SID0256,,PVC,,Vinyl,yes,field_detection,confirmed
SID0256-P06,SID0256,,PP,,Polyolefin,yes,field_detection,confirmed
SID0256-P07,SID0256,,PS,,Styrenic,yes,field_detection,confirmed
SID0256-P08,SID0256,,ALK,,Thermoset,yes,field_detection,confirmed
SID0256-P09,SID0256,,PU,,Polyurethane,yes,field_detection,confirmed
SID0256-P10,SID0256,,PBT,PEST,Polyester,yes,field_detection,confirmed
SID0256-P11,SID0256,,PVOH,,Vinyl,yes,field_detection,confirmed
SID0256-P12,SID0256,,PET,PEST,Polyester,yes,field_detection,confirmed
SID0256-P13,SID0256,,ACR,,Acrylic,yes,field_detection,confirmed
SID0258-P01,SID0258,,PA,,Polyamide,yes,field_detection,confirmed
SID0258-P02,SID0258,,PET,PEST,Polyester,yes,field_detection,confirmed
SID0258-P03,SID0258,,PEST,,Polyester,yes,field_detection,confirmed
SID0258-P04,SID0258,,PE,,Polyolefin,yes,field_detection,confirmed
SID0258-P05,SID0258,,PP,,Polyolefin,yes,field_detection,confirmed
SID0259-PF01560,SID0259,SID0259-G01,PS,,Styrenic,yes,field_detection,confirmed
SID0259-PF01561,SID0259,SID0259-G01,PE,,Polyolefin,yes,field_detection,confirmed
SID0259-PF01562,SID0259,SID0259-G01,PP,,Polyolefin,yes,field_detection,confirmed
SID0259-PF01563,SID0259,SID0259-G01,PMMA,ACR,Acrylic,yes,field_detection,tentative
SID0259-PF01564,SID0259,SID0259-G01,PET,PEST,Polyester,yes,field_detection,tentative
SID0260-PF01565,SID0260,SID0260-G01,PP,,Polyolefin,yes,field_detection,confirmed
SID0260-PF01566,SID0260,SID0260-G01,PET,PEST,Polyester,yes,field_detection,confirmed
SID0260-PF01567,SID0260,SID0260-G01,OTHER,,Other,yes,field_detection,confirmed
SID0260-PF01568,SID0260,SID0260-G01,PE,,Polyolefin,yes,field_detection,confirmed
SID0260-PF01569,SID0260,SID0260-G02,PE,,Polyolefin,yes,field_detection,confirmed
SID0260-PF01570,SID0260,SID0260-G02,PET,PEST,Polyester,yes,field_detection,confirmed
SID0260-PF01571,SID0260,SID0260-G02,PP,,Polyolefin,yes,field_detection,confirmed
SID0260-PF01572,SID0260,SID0260-G02,PEST,,Polyester,yes,field_detection,confirmed
SID0260-PF01573,SID0260,SID0260-G02,PS,,Styrenic,yes,field_detection,confirmed
SID0260-PF01574,SID0260,SID0260-G02,OTHER,,Other,yes,field_detection,confirmed
SID0260-PF01575,SID0260,SID0260-G02,SEBS,,Elastomer,yes,field_detection,confirmed
SID0260-PF01576,SID0260,SID0260-G03,PET,PEST,Polyester,yes,field_detection,confirmed
SID0260-PF01577,SID0260,SID0260-G03,OTHER,,Other,yes,field_detection,confirmed
SID0260-PF01578,SID0260,SID0260-G03,PE,,Polyolefin,yes,field_detection,confirmed
SID0260-PF01579,SID0260,SID0260-G03,PMMA,ACR,Acrylic,yes,field_detection,confirmed
SID0260-PF01580,SID0260,SID0260-G03,PU,,Polyurethane,yes,field_detection,confirmed
SID0260-PF01581,SID0260,SID0260-G04,PP,,Polyolefin,yes,field_detection,confirmed
SID0260-PF01582,SID0260,SID0260-G04,PTFE,,Fluoropolymer,yes,field_detection,confirmed
SID0260-PF01583,SID0260,SID0260-G04,PET,PEST,Polyester,yes,field_detection,confirmed
SID0260-PF01584,SID0260,SID0260-G04,OTHER,,Other,yes,field_detection,confirmed
SID0260-PF01585,SID0260,SID0260-G04,PS,,Styrenic,yes,field_detection,confirmed
SID0260-PF01586,SID0260,SID0260-G04,PAN,ACR,Acrylic,yes,field_detection,confirmed
SID0260-PF01587,SID0260,SID0260-G04,PE,,Polyolefin,yes,field_detection,confirmed
SID0261-PF01588,SID0261,SID0261-G01,PET,PEST,Polyester,yes,field_detection,confirmed
SID0261-PF01589,SID0261,SID0261-G01,PS,,Styrenic,yes,field_detection,confirmed
SID0261-PF01590,SID0261,SID0261-G01,PVC,,Vinyl,yes,field_detection,confirmed
SID0261-PF01591,SID0261,SID0261-G01,PP,,Polyolefin,yes,field_detection,confirmed
SID0261-PF01592,SID0261,SID0261-G02,PVC,,Vinyl,yes,field_detection,confirmed
SID0261-PF01593,SID0261,SID0261-G02,PMMA,ACR,Acrylic,yes,field_detection,confirmed
SID0261-PF01594,SID0261,SID0261-G02,PC,,Polycarbonate,yes,field_detection,confirmed
SID0261-PF01595,SID0261,SID0261-G02,PS,,Styrenic,yes,field_detection,confirmed
SID0261-PF01596,SID0261,SID0261-G02,PP,,Polyolefin,yes,field_detection,confirmed
SID0263-PF01597,SID0263,SID0263-G01,PMMA,ACR,Acrylic,yes,field_detection,confirmed
SID0263-PF01598,SID0263,SID0263-G01,PP,,Polyolefin,yes,field_detection,confirmed
SID0263-PF01599,SID0263,SID0263-G01,PE,,Polyolefin,yes,field_detection,confirmed
SID0263-PF01600,SID0263,SID0263-G01,PET,PEST,Polyester,yes,field_detection,confirmed
SID0263-PF01601,SID0263,SID0263-G01,PVC,,Vinyl,yes,field_detection,confirmed
SID0263-PF01602,SID0263,SID0263-G01,PC,,Polycarbonate,yes,field_detection,confirmed
SID0263-PF01603,SID0263,SID0263-G01,ABS,,Styrenic,yes,field_detection,confirmed
SID0263-PF01604,SID0263,SID0263-G01,PS,,Styrenic,yes,field_detection,confirmed
SID0262-PF01605,SID0262,SID0262-G01,PS,,Styrenic,yes,field_detection,confirmed
SID0262-PF01606,SID0262,SID0262-G01,PC,,Polycarbonate,yes,field_detection,confirmed
SID0262-PF01607,SID0262,SID0262-G01,PE,,Polyolefin,yes,field_detection,confirmed
SID0262-PF01608,SID0262,SID0262-G01,ABS,,Styrenic,yes,field_detection,confirmed
SID0262-PF01609,SID0262,SID0262-G01,PTFE,,Fluoropolymer,yes,field_detection,confirmed
SID0262-PF01610,SID0262,SID0262-G01,PVC,,Vinyl,yes,field_detection,confirmed
SID0262-PF01611,SID0262,SID0262-G01,PP,,Polyolefin,yes,field_detection,confirmed
SID0262-PF01612,SID0262,SID0262-G01,PET,PEST,Polyester,yes,field_detection,confirmed
SID0264-PF01613,SID0264,SID0264-G09,PE,,Polyolefin,yes,field_detection,confirmed
SID0264-PF01614,SID0264,SID0264-G09,PA66,PA,Polyamide,yes,field_detection,confirmed
SID0264-PF01615,SID0264,SID0264-G09,ABS,,Styrenic,yes,field_detection,confirmed
SID0264-PF01616,SID0264,SID0264-G09,PET,PEST,Polyester,yes,field_detection,confirmed
SID0264-PF01617,SID0264,SID0264-G09,PVC,,Vinyl,yes,field_detection,confirmed
SID0264-PF01618,SID0264,SID0264-G09,SBR,,Elastomer,yes,field_detection,confirmed
SID0264-PF01619,SID0264,SID0264-G01,PE,,Polyolefin,yes,field_detection,confirmed
SID0264-PF01620,SID0264,SID0264-G01,PP,,Polyolefin,yes,field_detection,confirmed
SID0264-PF01621,SID0264,SID0264-G01,PS,,Styrenic,yes,field_detection,confirmed
SID0264-PF01622,SID0264,SID0264-G01,ABS,,Styrenic,yes,field_detection,confirmed
SID0264-PF01623,SID0264,SID0264-G01,SBR,,Elastomer,yes,field_detection,confirmed
SID0264-PF01624,SID0264,SID0264-G01,PMMA,ACR,Acrylic,yes,field_detection,confirmed
SID0264-PF01625,SID0264,SID0264-G01,PC,,Polycarbonate,yes,field_detection,confirmed
SID0264-PF01626,SID0264,SID0264-G01,PVC,,Vinyl,yes,field_detection,confirmed
SID0264-PF01627,SID0264,SID0264-G01,PU,,Polyurethane,yes,field_detection,confirmed
SID0264-PF01628,SID0264,SID0264-G01,PET,PEST,Polyester,yes,field_detection,confirmed
SID0264-PF01629,SID0264,SID0264-G01,PA6,PA,Polyamide,yes,field_detection,confirmed
SID0264-PF01630,SID0264,SID0264-G01,PA66,PA,Polyamide,yes,field_detection,confirmed
SID0264-PF01631,SID0264,SID0264-G02,PE,,Polyolefin,yes,field_detection,confirmed
SID0264-PF01632,SID0264,SID0264-G02,PP,,Polyolefin,yes,field_detection,confirmed
SID0264-PF01633,SID0264,SID0264-G02,PS,,Styrenic,yes,field_detection,confirmed
SID0264-PF01634,SID0264,SID0264-G02,ABS,,Styrenic,yes,field_detection,confirmed
SID0264-PF01635,SID0264,SID0264-G02,SBR,,Elastomer,yes,field_detection,confirmed
SID0264-PF01636,SID0264,SID0264-G02,PMMA,ACR,Acrylic,yes,field_detection,confirmed
SID0264-PF01637,SID0264,SID0264-G02,PC,,Polycarbonate,yes,field_detection,confirmed
SID0264-PF01638,SID0264,SID0264-G02,PVC,,Vinyl,yes,field_detection,confirmed
SID0264-PF01639,SID0264,SID0264-G02,PU,,Polyurethane,yes,field_detection,confirmed
SID0264-PF01640,SID0264,SID0264-G02,PET,PEST,Polyester,yes,field_detection,confirmed
SID0264-PF01641,SID0264,SID0264-G02,PA6,PA,Polyamide,yes,field_detection,confirmed
SID0264-PF01642,SID0264,SID0264-G02,PA66,PA,Polyamide,yes,field_detection,confirmed
SID0264-PF01643,SID0264,SID0264-G03,PE,,Polyolefin,yes,field_detection,confirmed
SID0264-PF01644,SID0264,SID0264-G03,PP,,Polyolefin,yes,field_detection,confirmed
SID0264-PF01645,SID0264,SID0264-G03,PS,,Styrenic,yes,field_detection,confirmed
SID0264-PF01646,SID0264,SID0264-G03,ABS,,Styrenic,yes,field_detection,confirmed
SID0264-PF01647,SID0264,SID0264-G03,SBR,,Elastomer,yes,field_detection,confirmed
SID0264-PF01648,SID0264,SID0264-G03,PMMA,ACR,Acrylic,yes,field_detection,confirmed
SID0264-PF01649,SID0264,SID0264-G03,PC,,Polycarbonate,yes,field_detection,confirmed
SID0264-PF01650,SID0264,SID0264-G03,PVC,,Vinyl,yes,field_detection,confirmed
SID0264-PF01651,SID0264,SID0264-G03,PU,,Polyurethane,yes,field_detection,confirmed
SID0264-PF01652,SID0264,SID0264-G03,PET,PEST,Polyester,yes,field_detection,confirmed
SID0264-PF01653,SID0264,SID0264-G03,PA6,PA,Polyamide,yes,field_detection,confirmed
SID0264-PF01654,SID0264,SID0264-G03,PA66,PA,Polyamide,yes,field_detection,confirmed
SID0264-PF01655,SID0264,SID0264-G04,PE,,Polyolefin,yes,field_detection,confirmed
SID0264-PF01656,SID0264,SID0264-G04,PP,,Polyolefin,yes,field_detection,confirmed
SID0264-PF01657,SID0264,SID0264-G04,PS,,Styrenic,yes,field_detection,confirmed
SID0264-PF01658,SID0264,SID0264-G04,ABS,,Styrenic,yes,field_detection,confirmed
SID0264-PF01659,SID0264,SID0264-G04,SBR,,Elastomer,yes,field_detection,confirmed
SID0264-PF01660,SID0264,SID0264-G04,PMMA,ACR,Acrylic,yes,field_detection,confirmed
SID0264-PF01661,SID0264,SID0264-G04,PC,,Polycarbonate,yes,field_detection,confirmed
SID0264-PF01662,SID0264,SID0264-G04,PVC,,Vinyl,yes,field_detection,confirmed
SID0264-PF01663,SID0264,SID0264-G04,PU,,Polyurethane,yes,field_detection,confirmed
SID0264-PF01664,SID0264,SID0264-G04,PET,PEST,Polyester,yes,field_detection,confirmed
SID0264-PF01665,SID0264,SID0264-G04,PA6,PA,Polyamide,yes,field_detection,confirmed
SID0264-PF01666,SID0264,SID0264-G04,PA66,PA,Polyamide,yes,field_detection,confirmed
SID0264-PF01667,SID0264,SID0264-G05,PE,,Polyolefin,yes,field_detection,confirmed
SID0264-PF01668,SID0264,SID0264-G05,PP,,Polyolefin,yes,field_detection,confirmed
SID0264-PF01669,SID0264,SID0264-G05,PS,,Styrenic,yes,field_detection,confirmed
SID0264-PF01670,SID0264,SID0264-G05,ABS,,Styrenic,yes,field_detection,confirmed
SID0264-PF01671,SID0264,SID0264-G05,SBR,,Elastomer,yes,field_detection,confirmed
SID0264-PF01672,SID0264,SID0264-G05,PMMA,ACR,Acrylic,yes,field_detection,confirmed
SID0264-PF01673,SID0264,SID0264-G05,PC,,Polycarbonate,yes,field_detection,confirmed
SID0264-PF01674,SID0264,SID0264-G05,PVC,,Vinyl,yes,field_detection,confirmed
SID0264-PF01675,SID0264,SID0264-G05,PU,,Polyurethane,yes,field_detection,confirmed
SID0264-PF01676,SID0264,SID0264-G05,PET,PEST,Polyester,yes,field_detection,confirmed
SID0264-PF01677,SID0264,SID0264-G05,PA6,PA,Polyamide,yes,field_detection,confirmed
SID0264-PF01678,SID0264,SID0264-G05,PA66,PA,Polyamide,yes,field_detection,confirmed
SID0264-PF01679,SID0264,SID0264-G06,PE,,Polyolefin,yes,field_detection,confirmed
SID0264-PF01680,SID0264,SID0264-G06,PP,,Polyolefin,yes,field_detection,confirmed
SID0264-PF01681,SID0264,SID0264-G06,PS,,Styrenic,yes,field_detection,confirmed
SID0264-PF01682,SID0264,SID0264-G06,ABS,,Styrenic,yes,field_detection,confirmed
SID0264-PF01683,SID0264,SID0264-G06,SBR,,Elastomer,yes,field_detection,confirmed
SID0264-PF01684,SID0264,SID0264-G06,PMMA,ACR,Acrylic,yes,field_detection,confirmed
SID0264-PF01685,SID0264,SID0264-G06,PC,,Polycarbonate,yes,field_detection,confirmed
SID0264-PF01686,SID0264,SID0264-G06,PVC,,Vinyl,yes,field_detection,confirmed
SID0264-PF01687,SID0264,SID0264-G06,PU,,Polyurethane,yes,field_detection,confirmed
SID0264-PF01688,SID0264,SID0264-G06,PET,PEST,Polyester,yes,field_detection,confirmed
SID0264-PF01689,SID0264,SID0264-G06,PA6,PA,Polyamide,yes,field_detection,confirmed
SID0264-PF01690,SID0264,SID0264-G06,PA66,PA,Polyamide,yes,field_detection,confirmed
SID0264-PF01691,SID0264,SID0264-G07,PE,,Polyolefin,yes,field_detection,confirmed
SID0264-PF01692,SID0264,SID0264-G07,PP,,Polyolefin,yes,field_detection,confirmed
SID0264-PF01693,SID0264,SID0264-G07,PS,,Styrenic,yes,field_detection,confirmed
SID0264-PF01694,SID0264,SID0264-G07,ABS,,Styrenic,yes,target_not_detected,not_detected
SID0264-PF01695,SID0264,SID0264-G07,SBR,,Elastomer,yes,field_detection,confirmed
SID0264-PF01696,SID0264,SID0264-G07,PMMA,ACR,Acrylic,yes,field_detection,confirmed
SID0264-PF01697,SID0264,SID0264-G07,PC,,Polycarbonate,yes,field_detection,confirmed
SID0264-PF01698,SID0264,SID0264-G07,PVC,,Vinyl,yes,field_detection,confirmed
SID0264-PF01699,SID0264,SID0264-G07,PU,,Polyurethane,yes,field_detection,confirmed
SID0264-PF01700,SID0264,SID0264-G07,PET,PEST,Polyester,yes,field_detection,confirmed
SID0264-PF01701,SID0264,SID0264-G07,PA6,PA,Polyamide,yes,field_detection,confirmed
SID0264-PF01702,SID0264,SID0264-G07,PA66,PA,Polyamide,yes,field_detection,confirmed
SID0264-PF01703,SID0264,SID0264-G08,PE,,Polyolefin,yes,field_detection,confirmed
SID0264-PF01704,SID0264,SID0264-G08,PP,,Polyolefin,yes,field_detection,confirmed
SID0264-PF01705,SID0264,SID0264-G08,PS,,Styrenic,yes,field_detection,confirmed
SID0264-PF01706,SID0264,SID0264-G08,ABS,,Styrenic,yes,field_detection,confirmed
SID0264-PF01707,SID0264,SID0264-G08,SBR,,Elastomer,yes,field_detection,confirmed
SID0264-PF01708,SID0264,SID0264-G08,PMMA,ACR,Acrylic,yes,field_detection,confirmed
SID0264-PF01709,SID0264,SID0264-G08,PC,,Polycarbonate,yes,field_detection,confirmed
SID0264-PF01710,SID0264,SID0264-G08,PVC,,Vinyl,yes,field_detection,confirmed
SID0264-PF01711,SID0264,SID0264-G08,PU,,Polyurethane,yes,field_detection,confirmed
SID0264-PF01712,SID0264,SID0264-G08,PET,PEST,Polyester,yes,field_detection,confirmed
SID0264-PF01713,SID0264,SID0264-G08,PA6,PA,Polyamide,yes,field_detection,confirmed
SID0264-PF01714,SID0264,SID0264-G08,PA66,PA,Polyamide,yes,field_detection,confirmed
SID0265-PF01715,SID0265,SID0265-G01,RAYON,,Semi-synthetic cellulose,semi,field_detection,tentative
SID0265-PF01716,SID0265,SID0265-G02,RAYON,,Semi-synthetic cellulose,semi,field_detection,tentative
SID0265-PF01717,SID0265,SID0265-G01,PET,PEST,Polyester,yes,field_detection,confirmed
SID0265-PF01718,SID0265,SID0265-G02,PP,,Polyolefin,yes,field_detection,confirmed
SID0266-PF01719,SID0266,SID0266-G01,PP,,Polyolefin,yes,field_detection,confirmed
SID0266-PF01720,SID0266,SID0266-G01,PET,PEST,Polyester,yes,field_detection,confirmed
SID0266-PF01721,SID0266,SID0266-G01,PMMA,ACR,Acrylic,yes,target_not_detected,not_detected
SID0267-PF01722,SID0267,SID0267-G01,FKM,,Elastomer,yes,field_detection,confirmed
SID0267-PF01723,SID0267,SID0267-G01,PE,,Polyolefin,yes,field_detection,confirmed
SID0267-PF01724,SID0267,SID0267-G01,ACR,,Acrylic,yes,field_detection,confirmed
SID0267-PF01725,SID0267,SID0267-G01,PU,,Polyurethane,yes,field_detection,confirmed
SID0267-PF01726,SID0267,SID0267-G01,PE-CL,PE,Polyolefin,yes,field_detection,confirmed
SID0267-PF01727,SID0267,SID0267-G01,EAA,,Polyolefin,yes,field_detection,confirmed
SID0267-PF01728,SID0267,SID0267-G01,PET,PEST,Polyester,yes,field_detection,confirmed
SID0267-PF01729,SID0267,SID0267-G01,PP,,Polyolefin,yes,field_detection,confirmed
SID0267-PF01730,SID0267,SID0267-G01,PS,,Styrenic,yes,field_detection,confirmed
SID0267-PF01731,SID0267,SID0267-G01,PVC,,Vinyl,yes,field_detection,confirmed
SID0267-PF01732,SID0267,SID0267-G01,PB,,Elastomer,yes,field_detection,confirmed
SID0267-PF01733,SID0267,SID0267-G01,EVA,,Polyolefin,yes,field_detection,confirmed
SID0267-PF01734,SID0267,SID0267-G01,EP,,Thermoset,yes,field_detection,confirmed
SID0268-PF01735,SID0268,SID0268-G01,PTFE,,Fluoropolymer,yes,field_detection,confirmed
SID0268-PF01736,SID0268,SID0268-G01,PS,,Styrenic,yes,field_detection,confirmed
SID0268-PF01737,SID0268,SID0268-G01,ABS,,Styrenic,yes,field_detection,confirmed
SID0268-PF01738,SID0268,SID0268-G01,PC,,Polycarbonate,yes,field_detection,confirmed
SID0268-PF01739,SID0268,SID0268-G01,PP,,Polyolefin,yes,field_detection,confirmed
SID0268-PF01740,SID0268,SID0268-G01,PE,,Polyolefin,yes,field_detection,confirmed
SID0268-PF01741,SID0268,SID0268-G01,PVC,,Vinyl,yes,field_detection,confirmed
SID0269-PF01742,SID0269,SID0269-G01,PS,,Styrenic,yes,field_detection,confirmed
SID0269-PF01743,SID0269,SID0269-G01,PE,,Polyolefin,yes,field_detection,confirmed
SID0269-PF01744,SID0269,SID0269-G01,PP,,Polyolefin,yes,field_detection,confirmed
SID0269-PF01745,SID0269,SID0269-G01,PVC,,Vinyl,yes,field_detection,confirmed
SID0269-PF01746,SID0269,SID0269-G01,PMMA,ACR,Acrylic,yes,field_detection,confirmed
SID0269-PF01747,SID0269,SID0269-G01,PA66,PA,Polyamide,yes,field_detection,confirmed
SID0269-PF01748,SID0269,SID0269-G01,PC,,Polycarbonate,yes,target_not_detected,not_detected
SID0269-PF01749,SID0269,SID0269-G01,PET,PEST,Polyester,yes,target_not_detected,not_detected
SID0269-PF01750,SID0269,SID0269-G01,PA6,PA,Polyamide,yes,target_not_detected,not_detected
SID0269-PF01751,SID0269,SID0269-G01,PLA,PEST,Polyester (bio-based),yes,target_not_detected,not_detected
SID0269-PF01752,SID0269,SID0269-G01,PBAT,PEST,Polyester,yes,target_not_detected,not_detected
SID0269-PF01753,SID0269,SID0269-G02,PS,,Styrenic,yes,field_detection,confirmed
SID0269-PF01754,SID0269,SID0269-G02,PE,,Polyolefin,yes,field_detection,confirmed
SID0269-PF01755,SID0269,SID0269-G02,PP,,Polyolefin,yes,field_detection,confirmed
SID0269-PF01756,SID0269,SID0269-G02,PVC,,Vinyl,yes,field_detection,confirmed
SID0269-PF01757,SID0269,SID0269-G02,PMMA,ACR,Acrylic,yes,field_detection,confirmed
SID0269-PF01758,SID0269,SID0269-G02,PC,,Polycarbonate,yes,target_not_detected,not_detected
SID0269-PF01759,SID0269,SID0269-G02,PET,PEST,Polyester,yes,target_not_detected,not_detected
SID0269-PF01760,SID0269,SID0269-G02,PA6,PA,Polyamide,yes,target_not_detected,not_detected
SID0269-PF01761,SID0269,SID0269-G02,PA66,PA,Polyamide,yes,target_not_detected,not_detected
SID0269-PF01762,SID0269,SID0269-G02,PLA,PEST,Polyester (bio-based),yes,target_not_detected,not_detected
SID0269-PF01763,SID0269,SID0269-G02,PBAT,PEST,Polyester,yes,target_not_detected,not_detected
SID0269-PF01764,SID0269,SID0269-G03,PS,,Styrenic,yes,field_detection,confirmed
SID0269-PF01765,SID0269,SID0269-G03,PE,,Polyolefin,yes,field_detection,confirmed
SID0269-PF01766,SID0269,SID0269-G03,PP,,Polyolefin,yes,field_detection,confirmed
SID0269-PF01767,SID0269,SID0269-G03,PVC,,Vinyl,yes,field_detection,confirmed
SID0269-PF01768,SID0269,SID0269-G03,PA66,PA,Polyamide,yes,field_detection,confirmed
SID0269-PF01769,SID0269,SID0269-G03,PMMA,ACR,Acrylic,yes,target_not_detected,not_detected
SID0269-PF01770,SID0269,SID0269-G03,PC,,Polycarbonate,yes,target_not_detected,not_detected
SID0269-PF01771,SID0269,SID0269-G03,PET,PEST,Polyester,yes,target_not_detected,not_detected
SID0269-PF01772,SID0269,SID0269-G03,PA6,PA,Polyamide,yes,target_not_detected,not_detected
SID0269-PF01773,SID0269,SID0269-G03,PLA,PEST,Polyester (bio-based),yes,target_not_detected,not_detected
SID0269-PF01774,SID0269,SID0269-G03,PBAT,PEST,Polyester,yes,target_not_detected,not_detected
SID0269-PF01775,SID0269,SID0269-G04,PB,,Elastomer,yes,field_detection,confirmed
SID0269-PF01776,SID0269,SID0269-G04,ACR,,Acrylic,yes,field_detection,confirmed
SID0269-PF01777,SID0269,SID0269-G04,PE,,Polyolefin,yes,field_detection,confirmed
SID0269-PF01778,SID0269,SID0269-G04,PVC,,Vinyl,yes,field_detection,confirmed
SID0269-PF01779,SID0269,SID0269-G04,PET,PEST,Polyester,yes,field_detection,confirmed
SID0269-PF01780,SID0269,SID0269-G04,OTHER,,Other,yes,field_detection,confirmed
SID0269-PF01781,SID0269,SID0269-G04,PP,,Polyolefin,yes,field_detection,confirmed
SID0269-PF01782,SID0269,SID0269-G04,FKM,,Elastomer,yes,field_detection,contamination_qualified
SID0269-PF01783,SID0269,SID0269-G04,PF,,Thermoset,yes,field_detection,confirmed
SID0269-PF01784,SID0269,SID0269-G04,PU,,Polyurethane,yes,field_detection,contamination_qualified
SID0269-PF01785,SID0269,SID0269-G05,ACR,,Acrylic,yes,field_detection,confirmed
SID0269-PF01786,SID0269,SID0269-G05,PET,PEST,Polyester,yes,field_detection,confirmed
SID0269-PF01787,SID0269,SID0269-G05,PU,,Polyurethane,yes,field_detection,contamination_qualified
SID0269-PF01788,SID0269,SID0269-G05,PB,,Elastomer,yes,field_detection,confirmed
SID0269-PF01789,SID0269,SID0269-G05,PVC,,Vinyl,yes,field_detection,confirmed
SID0269-PF01790,SID0269,SID0269-G05,FKM,,Elastomer,yes,field_detection,contamination_qualified
SID0269-PF01791,SID0269,SID0269-G05,PE,,Polyolefin,yes,field_detection,confirmed
SID0269-PF01792,SID0269,SID0269-G05,EAA,,Polyolefin,yes,field_detection,confirmed
SID0269-PF01793,SID0269,SID0269-G05,OTHER,,Other,yes,field_detection,confirmed
SID0269-PF01794,SID0269,SID0269-G05,PLA,PEST,Polyester (bio-based),yes,field_detection,confirmed
SID0269-PF01795,SID0269,SID0269-G06,FKM,,Elastomer,yes,field_detection,contamination_qualified
SID0269-PF01796,SID0269,SID0269-G06,PVC,,Vinyl,yes,field_detection,confirmed
SID0269-PF01797,SID0269,SID0269-G06,PB,,Elastomer,yes,field_detection,confirmed
SID0269-PF01798,SID0269,SID0269-G06,ACR,,Acrylic,yes,field_detection,confirmed
SID0269-PF01799,SID0269,SID0269-G06,PET,PEST,Polyester,yes,field_detection,confirmed
SID0269-PF01800,SID0269,SID0269-G06,OTHER,,Other,yes,field_detection,confirmed
SID0270-PF01801,SID0270,SID0270-G01,PE,,Polyolefin,yes,field_detection,confirmed
SID0270-PF01802,SID0270,SID0270-G01,PP,,Polyolefin,yes,field_detection,confirmed
SID0270-PF01803,SID0270,SID0270-G01,PS,,Styrenic,yes,field_detection,confirmed
SID0270-PF01804,SID0270,SID0270-G01,PVC,,Vinyl,yes,field_detection,confirmed
SID0270-PF01805,SID0270,SID0270-G02,PP,,Polyolefin,yes,field_detection,confirmed
SID0270-PF01806,SID0270,SID0270-G02,PS,,Styrenic,yes,field_detection,confirmed
SID0270-PF01807,SID0270,SID0270-G02,ABS,,Styrenic,yes,field_detection,confirmed
SID0270-PF01808,SID0270,SID0270-G02,PVC,,Vinyl,yes,field_detection,confirmed
SID0270-PF01809,SID0270,SID0270-G01,PMMA,ACR,Acrylic,yes,field_detection,confirmed
SID0270-PF01810,SID0270,SID0270-G02,PMMA,ACR,Acrylic,yes,field_detection,confirmed
SID0270-PF01811,SID0270,SID0270-G01,SBR,,Elastomer,yes,field_detection,confirmed
SID0270-PF01812,SID0270,SID0270-G01,ABS,,Styrenic,yes,field_detection,confirmed
SID0270-PF01813,SID0270,SID0270-G01,PET,PEST,Polyester,yes,field_detection,confirmed
SID0270-PF01814,SID0270,SID0270-G01,PC,,Polycarbonate,yes,field_detection,confirmed
SID0270-PF01815,SID0270,SID0270-G01,PA6,PA,Polyamide,yes,field_detection,confirmed
SID0270-PF01816,SID0270,SID0270-G01,PU,,Polyurethane,yes,field_detection,confirmed
SID0270-PF01817,SID0270,SID0270-G01,PA66,PA,Polyamide,yes,field_detection,confirmed
SID0270-PF01818,SID0270,SID0270-G02,PE,,Polyolefin,yes,field_detection,confirmed
SID0270-PF01819,SID0270,SID0270-G02,SBR,,Elastomer,yes,field_detection,confirmed
SID0272-PF01820,SID0272,SID0272-G01,PB,,Elastomer,yes,field_detection,confirmed
SID0272-PF01821,SID0272,SID0272-G01,PE-CL,PE,Polyolefin,yes,field_detection,confirmed
SID0272-PF01822,SID0272,SID0272-G01,PP,,Polyolefin,yes,field_detection,confirmed
SID0272-PF01823,SID0272,SID0272-G01,PET,PEST,Polyester,yes,field_detection,confirmed
SID0272-PF01824,SID0272,SID0272-G01,FKM,,Elastomer,yes,field_detection,confirmed
SID0272-PF01825,SID0272,SID0272-G01,PE,,Polyolefin,yes,field_detection,confirmed
SID0272-PF01826,SID0272,SID0272-G01,PVC,,Vinyl,yes,field_detection,confirmed
SID0272-PF01827,SID0272,SID0272-G01,PS,,Styrenic,yes,field_detection,confirmed
SID0272-PF01828,SID0272,SID0272-G01,OTHER,,Other,yes,field_detection,confirmed
SID0272-PF01829,SID0272,SID0272-G01,PU,,Polyurethane,yes,field_detection,confirmed
SID0272-PF01830,SID0272,SID0272-G01,EAA,,Polyolefin,yes,field_detection,confirmed
SID0272-PF01831,SID0272,SID0272-G01,EP,,Thermoset,yes,field_detection,confirmed
SID0272-PF01832,SID0272,SID0272-G01,ABS,,Styrenic,yes,field_detection,confirmed
SID0272-PF01833,SID0272,SID0272-G01,PLA,PEST,Polyester (bio-based),yes,field_detection,confirmed
SID0274-PF01834,SID0274,SID0274-G01,PE-LD,PE,Polyolefin,yes,field_detection,confirmed
SID0274-PF01835,SID0274,SID0274-G01,PS,,Styrenic,yes,field_detection,confirmed
SID0274-PF01836,SID0274,SID0274-G01,PP,,Polyolefin,yes,field_detection,confirmed
SID0274-PF01837,SID0274,SID0274-G01,PET,PEST,Polyester,yes,field_detection,confirmed
SID0275-PF01838,SID0275,SID0275-G01,PP,,Polyolefin,yes,field_detection,confirmed
SID0275-PF01839,SID0275,SID0275-G01,PE,,Polyolefin,yes,field_detection,confirmed
SID0275-PF01840,SID0275,SID0275-G01,PET,PEST,Polyester,yes,field_detection,confirmed
SID0275-PF01841,SID0275,SID0275-G01,PS,,Styrenic,yes,field_detection,confirmed
SID0275-PF01842,SID0275,SID0275-G01,PA,,Polyamide,yes,field_detection,confirmed
SID0276-PF01843,SID0276,SID0276-G01,PS,,Styrenic,yes,field_detection,confirmed
SID0276-PF01844,SID0276,SID0276-G02,PS,,Styrenic,yes,field_detection,confirmed
SID0276-PF01845,SID0276,SID0276-G01,PE,,Polyolefin,yes,field_detection,confirmed
SID0276-PF01846,SID0276,SID0276-G02,PE,,Polyolefin,yes,field_detection,confirmed
SID0276-PF01847,SID0276,SID0276-G01,PP,,Polyolefin,yes,field_detection,confirmed
SID0276-PF01848,SID0276,SID0276-G02,PP,,Polyolefin,yes,field_detection,confirmed
SID0276-PF01849,SID0276,SID0276-G01,PMMA,ACR,Acrylic,yes,field_detection,confirmed
SID0276-PF01850,SID0276,SID0276-G02,PMMA,ACR,Acrylic,yes,field_detection,confirmed
SID0276-PF01851,SID0276,SID0276-G01,PVC,,Vinyl,yes,field_detection,confirmed
SID0276-PF01852,SID0276,SID0276-G02,PVC,,Vinyl,yes,field_detection,confirmed
SID0276-PF01853,SID0276,SID0276-G01,PC,,Polycarbonate,yes,target_not_detected,not_detected
SID0276-PF01854,SID0276,SID0276-G02,PC,,Polycarbonate,yes,target_not_detected,not_detected
SID0276-PF01855,SID0276,SID0276-G01,PET,PEST,Polyester,yes,target_not_detected,not_detected
SID0276-PF01856,SID0276,SID0276-G02,PET,PEST,Polyester,yes,target_not_detected,not_detected
SID0276-PF01857,SID0276,SID0276-G01,PA6,PA,Polyamide,yes,target_not_detected,not_detected
SID0276-PF01858,SID0276,SID0276-G02,PA6,PA,Polyamide,yes,target_not_detected,not_detected
SID0276-PF01859,SID0276,SID0276-G01,PA66,PA,Polyamide,yes,field_detection,confirmed
SID0276-PF01860,SID0276,SID0276-G02,PA66,PA,Polyamide,yes,field_detection,confirmed
SID0276-PF01861,SID0276,SID0276-G01,PLA,PEST,Polyester (bio-based),yes,target_not_detected,not_detected
SID0276-PF01862,SID0276,SID0276-G02,PLA,PEST,Polyester (bio-based),yes,target_not_detected,not_detected
SID0276-PF01863,SID0276,SID0276-G01,PBAT,PEST,Polyester,yes,target_not_detected,not_detected
SID0276-PF01864,SID0276,SID0276-G02,PBAT,PEST,Polyester,yes,target_not_detected,not_detected
SID0276-PF01865,SID0276,SID0276-G03,PS,,Styrenic,yes,field_detection,confirmed
SID0276-PF01866,SID0276,SID0276-G03,PE,,Polyolefin,yes,field_detection,confirmed
SID0276-PF01867,SID0276,SID0276-G03,PP,,Polyolefin,yes,field_detection,confirmed
SID0276-PF01868,SID0276,SID0276-G03,PMMA,ACR,Acrylic,yes,field_detection,confirmed
SID0276-PF01869,SID0276,SID0276-G03,PVC,,Vinyl,yes,field_detection,confirmed
SID0276-PF01870,SID0276,SID0276-G03,PA66,PA,Polyamide,yes,field_detection,confirmed
SID0276-PF01871,SID0276,SID0276-G04,PS,,Styrenic,yes,field_detection,confirmed
SID0276-PF01872,SID0276,SID0276-G04,PE,,Polyolefin,yes,field_detection,confirmed
SID0276-PF01873,SID0276,SID0276-G04,PP,,Polyolefin,yes,field_detection,confirmed
SID0276-PF01874,SID0276,SID0276-G04,PMMA,ACR,Acrylic,yes,field_detection,confirmed
SID0276-PF01875,SID0276,SID0276-G04,PVC,,Vinyl,yes,field_detection,confirmed
SID0276-PF01876,SID0276,SID0276-G04,PA66,PA,Polyamide,yes,field_detection,confirmed
SID0276-PF01877,SID0276,SID0276-G05,PS,,Styrenic,yes,field_detection,confirmed
SID0276-PF01878,SID0276,SID0276-G05,PE,,Polyolefin,yes,field_detection,confirmed
SID0276-PF01879,SID0276,SID0276-G05,PP,,Polyolefin,yes,field_detection,confirmed
SID0276-PF01880,SID0276,SID0276-G05,PMMA,ACR,Acrylic,yes,field_detection,confirmed
SID0276-PF01881,SID0276,SID0276-G05,PVC,,Vinyl,yes,field_detection,confirmed
SID0276-PF01882,SID0276,SID0276-G05,PA66,PA,Polyamide,yes,field_detection,confirmed
SID0276-PF01883,SID0276,SID0276-G06,PS,,Styrenic,yes,field_detection,confirmed
SID0276-PF01884,SID0276,SID0276-G06,PE,,Polyolefin,yes,field_detection,confirmed
SID0276-PF01885,SID0276,SID0276-G06,PP,,Polyolefin,yes,field_detection,confirmed
SID0276-PF01886,SID0276,SID0276-G06,PMMA,ACR,Acrylic,yes,field_detection,confirmed
SID0276-PF01887,SID0276,SID0276-G06,PVC,,Vinyl,yes,field_detection,confirmed
SID0276-PF01888,SID0276,SID0276-G06,PA66,PA,Polyamide,yes,field_detection,confirmed
SID0277-PF01889,SID0277,SID0277-G01,PA,,Polyamide,yes,field_detection,confirmed
SID0277-PF01890,SID0277,SID0277-G01,PE,,Polyolefin,yes,field_detection,confirmed
SID0277-PF01891,SID0277,SID0277-G01,PP,,Polyolefin,yes,field_detection,confirmed
SID0277-PF01892,SID0277,SID0277-G01,POM,,Polyacetal,yes,field_detection,confirmed
SID0277-PF01893,SID0277,SID0277-G02,PA,,Polyamide,yes,field_detection,confirmed
SID0277-PF01894,SID0277,SID0277-G02,PE,,Polyolefin,yes,field_detection,confirmed
SID0277-PF01895,SID0277,SID0277-G02,PP,,Polyolefin,yes,field_detection,confirmed
SID0277-PF01896,SID0277,SID0277-G02,OTHER,,Other,yes,field_detection,confirmed
SID0277-PF01897,SID0277,SID0277-G02,PMMA,ACR,Acrylic,yes,field_detection,confirmed
SID0277-PF01898,SID0277,SID0277-G01,UNSPEC,,Other,yes,field_detection,confirmed
SID0277-PF01899,SID0277,SID0277-G02,UNSPEC,,Other,yes,field_detection,confirmed
SID0278-PF01900,SID0278,SID0278-G01,PS,,Styrenic,yes,field_detection,confirmed
SID0278-PF01901,SID0278,SID0278-G02,PS,,Styrenic,yes,field_detection,confirmed
SID0278-PF01902,SID0278,SID0278-G03,PS,,Styrenic,yes,field_detection,confirmed
SID0278-PF01903,SID0278,SID0278-G01,PE,,Polyolefin,yes,field_detection,confirmed
SID0278-PF01904,SID0278,SID0278-G02,PE,,Polyolefin,yes,field_detection,confirmed
SID0278-PF01905,SID0278,SID0278-G03,PE,,Polyolefin,yes,field_detection,confirmed
SID0278-PF01906,SID0278,SID0278-G01,PVC,,Vinyl,yes,field_detection,confirmed
SID0278-PF01907,SID0278,SID0278-G02,PVC,,Vinyl,yes,field_detection,confirmed
SID0278-PF01908,SID0278,SID0278-G03,PVC,,Vinyl,yes,field_detection,confirmed
SID0278-PF01909,SID0278,SID0278-G01,PC,,Polycarbonate,yes,target_not_detected,not_detected
SID0278-PF01910,SID0278,SID0278-G02,PC,,Polycarbonate,yes,target_not_detected,not_detected
SID0278-PF01911,SID0278,SID0278-G03,PC,,Polycarbonate,yes,target_not_detected,not_detected
SID0278-PF01912,SID0278,SID0278-G01,PA66,PA,Polyamide,yes,field_detection,confirmed
SID0278-PF01913,SID0278,SID0278-G01,PLA,PEST,Polyester (bio-based),yes,target_not_detected,not_detected
SID0278-PF01914,SID0278,SID0278-G02,PLA,PEST,Polyester (bio-based),yes,target_not_detected,not_detected
SID0278-PF01915,SID0278,SID0278-G03,PLA,PEST,Polyester (bio-based),yes,target_not_detected,not_detected
SID0278-PF01916,SID0278,SID0278-G01,PBAT,PEST,Polyester,yes,target_not_detected,not_detected
SID0278-PF01917,SID0278,SID0278-G02,PBAT,PEST,Polyester,yes,target_not_detected,not_detected
SID0278-PF01918,SID0278,SID0278-G03,PBAT,PEST,Polyester,yes,target_not_detected,not_detected
SID0280-PF01919,SID0280,SID0280-G01,PA,,Polyamide,yes,field_detection,confirmed
SID0280-PF01920,SID0280,SID0280-G01,PE,,Polyolefin,yes,field_detection,contamination_qualified
SID0280-PF01921,SID0280,SID0280-G01,PMMA,ACR,Acrylic,yes,field_detection,confirmed
SID0280-PF01922,SID0280,SID0280-G01,PS,,Styrenic,yes,field_detection,confirmed
SID0280-PF01923,SID0280,SID0280-G01,PTFE,,Fluoropolymer,yes,field_detection,contamination_qualified
SID0280-PF01924,SID0280,SID0280-G01,PET,PEST,Polyester,yes,field_detection,confirmed
SID0280-PF01925,SID0280,SID0280-G01,PU,,Polyurethane,yes,field_detection,contamination_qualified
SID0280-PF01926,SID0280,SID0280-G01,RAYON,,Semi-synthetic cellulose,semi,field_detection,contamination_qualified
SID0280-PF01927,SID0280,SID0280-G01,SBR,,Elastomer,yes,target_not_detected,below_detection
SID0280-PF01928,SID0280,SID0280-G01,PVC,,Vinyl,yes,target_not_detected,below_detection
SID0280-PF01929,SID0280,SID0280-G01,PU,,Polyurethane,yes,target_not_detected,below_detection
SID0280-PF01930,SID0280,SID0280-G01,PS,,Styrenic,yes,target_not_detected,below_detection
SID0280-PF01931,SID0280,SID0280-G01,PP,,Polyolefin,yes,target_not_detected,below_detection
SID0280-PF01932,SID0280,SID0280-G01,PMMA,ACR,Acrylic,yes,target_not_detected,below_detection
SID0280-PF01933,SID0280,SID0280-G01,PET,PEST,Polyester,yes,target_not_detected,below_detection
SID0280-PF01934,SID0280,SID0280-G01,PE,,Polyolefin,yes,target_not_detected,below_detection
SID0280-PF01935,SID0280,SID0280-G01,PA66,PA,Polyamide,yes,target_not_detected,below_detection
SID0280-PF01936,SID0280,SID0280-G01,PA6,PA,Polyamide,yes,target_not_detected,below_detection
SID0280-PF01937,SID0280,SID0280-G01,PC,,Polycarbonate,yes,field_detection,tentative
SID0280-PF01938,SID0280,SID0280-G01,ABS,,Styrenic,yes,field_detection,contamination_qualified
SID0281-PF01939,SID0281,SID0281-G01,PE,,Polyolefin,yes,field_detection,confirmed
SID0281-PF01940,SID0281,SID0281-G01,PP,,Polyolefin,yes,target_not_detected,not_detected
SID0282-PF01941,SID0282,SID0282-G01,PA66,PA,Polyamide,yes,field_detection,confirmed
SID0282-PF01942,SID0282,SID0282-G01,PS,,Styrenic,yes,target_not_detected,not_detected
SID0282-PF01943,SID0282,SID0282-G02,PE,,Polyolefin,yes,field_detection,confirmed
SID0282-PF01944,SID0282,SID0282-G02,PVC,,Vinyl,yes,field_detection,confirmed
SID0282-PF01945,SID0282,SID0282-G02,PP,,Polyolefin,yes,field_detection,confirmed
SID0282-PF01946,SID0282,SID0282-G02,PS,,Styrenic,yes,target_not_detected,not_detected
SID0282-PF01947,SID0282,SID0282-G03,PE,,Polyolefin,yes,field_detection,confirmed
SID0282-PF01948,SID0282,SID0282-G03,PVC,,Vinyl,yes,field_detection,confirmed
SID0282-PF01949,SID0282,SID0282-G03,PS,,Styrenic,yes,target_not_detected,not_detected
SID0282-PF01950,SID0282,SID0282-G04,PE,,Polyolefin,yes,field_detection,confirmed
SID0282-PF01951,SID0282,SID0282-G04,PMMA,ACR,Acrylic,yes,field_detection,confirmed
SID0282-PF01952,SID0282,SID0282-G04,PP,,Polyolefin,yes,field_detection,confirmed
SID0282-PF01953,SID0282,SID0282-G04,PVC,,Vinyl,yes,field_detection,confirmed
SID0282-PF01954,SID0282,SID0282-G04,PS,,Styrenic,yes,target_not_detected,not_detected
SID0282-PF01955,SID0282,SID0282-G05,PE,,Polyolefin,yes,field_detection,confirmed
SID0282-PF01956,SID0282,SID0282-G05,PVC,,Vinyl,yes,field_detection,confirmed
SID0282-PF01957,SID0282,SID0282-G05,PS,,Styrenic,yes,target_not_detected,not_detected
SID0284-PF01958,SID0284,SID0284-G01,PS,,Styrenic,yes,field_detection,confirmed
SID0284-PF01959,SID0284,SID0284-G01,PE,,Polyolefin,yes,field_detection,confirmed
SID0284-PF01960,SID0284,SID0284-G01,PP,,Polyolefin,yes,field_detection,confirmed
SID0284-PF01961,SID0284,SID0284-G01,PVC,,Vinyl,yes,field_detection,confirmed
SID0284-PF01962,SID0284,SID0284-G01,PA66,PA,Polyamide,yes,field_detection,confirmed
SID0284-PF01963,SID0284,SID0284-G02,PS,,Styrenic,yes,field_detection,confirmed
SID0284-PF01964,SID0284,SID0284-G02,PE,,Polyolefin,yes,field_detection,confirmed
SID0284-PF01965,SID0284,SID0284-G02,PP,,Polyolefin,yes,field_detection,confirmed
SID0284-PF01966,SID0284,SID0284-G02,PVC,,Vinyl,yes,field_detection,confirmed
SID0284-PF01967,SID0284,SID0284-G02,PA66,PA,Polyamide,yes,field_detection,confirmed
SID0285-PF01968,SID0285,SID0285-G01,PE,,Polyolefin,yes,field_detection,confirmed
SID0285-PF01969,SID0285,SID0285-G01,PVC,,Vinyl,yes,field_detection,confirmed
SID0285-PF01970,SID0285,SID0285-G02,PE,,Polyolefin,yes,field_detection,confirmed
SID0285-PF01971,SID0285,SID0285-G02,PVC,,Vinyl,yes,field_detection,confirmed
SID0285-PF01972,SID0285,SID0285-G01,PET,PEST,Polyester,yes,target_not_detected,not_detected
SID0285-PF01973,SID0285,SID0285-G02,PET,PEST,Polyester,yes,target_not_detected,not_detected
SID0285-PF01974,SID0285,SID0285-G03,PS,,Styrenic,yes,field_detection,confirmed
SID0285-PF01975,SID0285,SID0285-G03,PE,,Polyolefin,yes,field_detection,confirmed
SID0285-PF01976,SID0285,SID0285-G03,PP,,Polyolefin,yes,field_detection,confirmed
SID0285-PF01977,SID0285,SID0285-G03,PVC,,Vinyl,yes,field_detection,confirmed
SID0285-PF01978,SID0285,SID0285-G03,PMMA,ACR,Acrylic,yes,target_not_detected,not_detected
SID0285-PF01979,SID0285,SID0285-G03,PC,,Polycarbonate,yes,target_not_detected,not_detected
SID0285-PF01980,SID0285,SID0285-G03,PET,PEST,Polyester,yes,target_not_detected,not_detected
SID0285-PF01981,SID0285,SID0285-G03,PA6,PA,Polyamide,yes,target_not_detected,not_detected
SID0285-PF01982,SID0285,SID0285-G03,PA66,PA,Polyamide,yes,target_not_detected,not_detected
SID0286-PF01983,SID0286,SID0286-G01,PE,,Polyolefin,yes,field_detection,confirmed
SID0286-PF01984,SID0286,SID0286-G01,PVC,,Vinyl,yes,field_detection,confirmed
SID0286-PF01985,SID0286,SID0286-G01,PMMA,ACR,Acrylic,yes,field_detection,confirmed
SID0286-PF01986,SID0286,SID0286-G01,PP,,Polyolefin,yes,field_detection,confirmed
SID0286-PF01987,SID0286,SID0286-G01,PS,,Styrenic,yes,field_detection,confirmed
SID0286-PF01988,SID0286,SID0286-G01,PA66,PA,Polyamide,yes,field_detection,confirmed
SID0286-PF01989,SID0286,SID0286-G01,PC,,Polycarbonate,yes,target_not_detected,not_detected
SID0286-PF01990,SID0286,SID0286-G01,PET,PEST,Polyester,yes,target_not_detected,not_detected
SID0286-PF01991,SID0286,SID0286-G01,PA6,PA,Polyamide,yes,target_not_detected,not_detected
SID0286-PF01992,SID0286,SID0286-G01,PLA,PEST,Polyester (bio-based),yes,target_not_detected,not_detected
SID0286-PF01993,SID0286,SID0286-G01,PBAT,PEST,Polyester,yes,target_not_detected,not_detected
SID0286-PF01994,SID0286,SID0286-G02,PE,,Polyolefin,yes,field_detection,confirmed
SID0286-PF01995,SID0286,SID0286-G02,PVC,,Vinyl,yes,field_detection,confirmed
SID0286-PF01996,SID0286,SID0286-G02,PMMA,ACR,Acrylic,yes,field_detection,confirmed
SID0286-PF01997,SID0286,SID0286-G02,PP,,Polyolefin,yes,field_detection,confirmed
SID0286-PF01998,SID0286,SID0286-G02,PS,,Styrenic,yes,field_detection,confirmed
SID0286-PF01999,SID0286,SID0286-G02,PA66,PA,Polyamide,yes,field_detection,confirmed
SID0286-PF02000,SID0286,SID0286-G03,PE,,Polyolefin,yes,field_detection,confirmed
SID0286-PF02001,SID0286,SID0286-G03,PVC,,Vinyl,yes,field_detection,confirmed
SID0286-PF02002,SID0286,SID0286-G03,PMMA,ACR,Acrylic,yes,field_detection,confirmed
SID0286-PF02003,SID0286,SID0286-G03,PP,,Polyolefin,yes,field_detection,confirmed
SID0286-PF02004,SID0286,SID0286-G03,PS,,Styrenic,yes,field_detection,confirmed
SID0286-PF02005,SID0286,SID0286-G03,PA66,PA,Polyamide,yes,target_not_detected,not_detected
SID0286-PF02006,SID0286,SID0286-G04,PE,,Polyolefin,yes,field_detection,confirmed
SID0286-PF02007,SID0286,SID0286-G04,PVC,,Vinyl,yes,field_detection,confirmed
SID0286-PF02008,SID0286,SID0286-G04,PMMA,ACR,Acrylic,yes,field_detection,confirmed
SID0286-PF02009,SID0286,SID0286-G04,PP,,Polyolefin,yes,field_detection,confirmed
SID0286-PF02010,SID0286,SID0286-G04,PS,,Styrenic,yes,field_detection,confirmed
SID0286-PF02011,SID0286,SID0286-G04,PA66,PA,Polyamide,yes,field_detection,confirmed
SID0286-PF02012,SID0286,SID0286-G05,PE,,Polyolefin,yes,field_detection,confirmed
SID0286-PF02013,SID0286,SID0286-G05,PVC,,Vinyl,yes,field_detection,confirmed
SID0286-PF02014,SID0286,SID0286-G05,PMMA,ACR,Acrylic,yes,field_detection,confirmed
SID0286-PF02015,SID0286,SID0286-G05,PP,,Polyolefin,yes,field_detection,confirmed
SID0286-PF02016,SID0286,SID0286-G05,PS,,Styrenic,yes,field_detection,confirmed
SID0286-PF02017,SID0286,SID0286-G05,PA66,PA,Polyamide,yes,field_detection,confirmed
SID0286-PF02018,SID0286,SID0286-G06,PE,,Polyolefin,yes,field_detection,confirmed
SID0286-PF02019,SID0286,SID0286-G06,PVC,,Vinyl,yes,field_detection,confirmed
SID0286-PF02020,SID0286,SID0286-G06,PMMA,ACR,Acrylic,yes,field_detection,confirmed
SID0286-PF02021,SID0286,SID0286-G06,PP,,Polyolefin,yes,field_detection,confirmed
SID0286-PF02022,SID0286,SID0286-G06,PS,,Styrenic,yes,field_detection,confirmed
SID0286-PF02023,SID0286,SID0286-G06,PA66,PA,Polyamide,yes,target_not_detected,not_detected
SID0286-PF02024,SID0286,SID0286-G07,PE,,Polyolefin,yes,field_detection,confirmed
SID0286-PF02025,SID0286,SID0286-G07,PVC,,Vinyl,yes,field_detection,confirmed
SID0286-PF02026,SID0286,SID0286-G07,PMMA,ACR,Acrylic,yes,field_detection,confirmed
SID0286-PF02027,SID0286,SID0286-G07,PP,,Polyolefin,yes,field_detection,confirmed
SID0286-PF02028,SID0286,SID0286-G07,PS,,Styrenic,yes,field_detection,confirmed
SID0286-PF02029,SID0286,SID0286-G07,PA66,PA,Polyamide,yes,field_detection,confirmed
SID0286-PF02030,SID0286,SID0286-G01,FKM,,Elastomer,yes,field_detection,tentative
SID0286-PF02031,SID0286,SID0286-G01,PU,,Polyurethane,yes,field_detection,tentative
SID0286-PF02032,SID0286,SID0286-G01,ACR,,Acrylic,yes,field_detection,tentative
SID0286-PF02033,SID0286,SID0286-G01,PET,PEST,Polyester,yes,field_detection,tentative
SID0286-PF02034,SID0286,SID0286-G01,PB,,Elastomer,yes,field_detection,tentative
SID0286-PF02035,SID0286,SID0286-G01,PF,,Thermoset,yes,field_detection,tentative
SID0286-PF02036,SID0286,SID0286-G01,EVA,,Polyolefin,yes,field_detection,tentative
SID0287-PF02037,SID0287,SID0287-G01,PE,,Polyolefin,yes,field_detection,confirmed
SID0287-PF02038,SID0287,SID0287-G01,PVC,,Vinyl,yes,field_detection,confirmed
SID0287-PF02039,SID0287,SID0287-G01,PP,,Polyolefin,yes,field_detection,confirmed
SID0287-PF02040,SID0287,SID0287-G01,PS,,Styrenic,yes,field_detection,confirmed
SID0287-PF02041,SID0287,SID0287-G02,PE,,Polyolefin,yes,field_detection,confirmed
SID0287-PF02042,SID0287,SID0287-G02,PVC,,Vinyl,yes,target_not_detected,confirmed
SID0287-PF02043,SID0287,SID0287-G02,PP,,Polyolefin,yes,target_not_detected,confirmed
SID0287-PF02044,SID0287,SID0287-G02,PS,,Styrenic,yes,field_detection,confirmed
SID0287-PF02045,SID0287,SID0287-G03,PE,,Polyolefin,yes,field_detection,confirmed
SID0287-PF02046,SID0287,SID0287-G03,PVC,,Vinyl,yes,target_not_detected,confirmed
SID0287-PF02047,SID0287,SID0287-G03,PP,,Polyolefin,yes,field_detection,confirmed
SID0287-PF02048,SID0287,SID0287-G03,PS,,Styrenic,yes,target_not_detected,confirmed
SID0287-PF02049,SID0287,SID0287-G01,PC,,Polycarbonate,yes,target_not_detected,not_detected
SID0287-PF02050,SID0287,SID0287-G01,PET,PEST,Polyester,yes,target_not_detected,not_detected
SID0287-PF02051,SID0287,SID0287-G01,PA6,PA,Polyamide,yes,target_not_detected,not_detected
SID0287-PF02052,SID0287,SID0287-G01,PA66,PA,Polyamide,yes,target_not_detected,not_detected
SID0287-PF02053,SID0287,SID0287-G01,PMMA,ACR,Acrylic,yes,target_not_detected,not_detected
SID0287-PF02054,SID0287,SID0287-G01,ABS,,Styrenic,yes,target_not_detected,not_detected
SID0287-PF02055,SID0287,SID0287-G01,SBR,,Elastomer,yes,target_not_detected,not_detected
SID0287-PF02056,SID0287,SID0287-G03,PC,,Polycarbonate,yes,target_not_detected,not_detected
SID0287-PF02057,SID0287,SID0287-G03,PET,PEST,Polyester,yes,target_not_detected,not_detected
SID0287-PF02058,SID0287,SID0287-G03,PA6,PA,Polyamide,yes,target_not_detected,not_detected
SID0287-PF02059,SID0287,SID0287-G03,PA66,PA,Polyamide,yes,target_not_detected,not_detected
SID0287-PF02060,SID0287,SID0287-G03,PMMA,ACR,Acrylic,yes,target_not_detected,not_detected
SID0287-PF02061,SID0287,SID0287-G03,ABS,,Styrenic,yes,target_not_detected,not_detected
SID0287-PF02062,SID0287,SID0287-G03,SBR,,Elastomer,yes,target_not_detected,not_detected
SID0288-PF02063,SID0288,SID0288-G01,PS,,Styrenic,yes,field_detection,confirmed
SID0288-PF02064,SID0288,SID0288-G02,PS,,Styrenic,yes,field_detection,confirmed
SID0288-PF02065,SID0288,SID0288-G01,PE,,Polyolefin,yes,field_detection,confirmed
SID0288-PF02066,SID0288,SID0288-G02,PE,,Polyolefin,yes,field_detection,confirmed
SID0288-PF02067,SID0288,SID0288-G01,PP,,Polyolefin,yes,field_detection,confirmed
SID0288-PF02068,SID0288,SID0288-G02,PP,,Polyolefin,yes,field_detection,confirmed
SID0288-PF02069,SID0288,SID0288-G01,PMMA,ACR,Acrylic,yes,field_detection,confirmed
SID0288-PF02070,SID0288,SID0288-G02,PMMA,ACR,Acrylic,yes,field_detection,confirmed
SID0288-PF02071,SID0288,SID0288-G01,PVC,,Vinyl,yes,field_detection,confirmed
SID0288-PF02072,SID0288,SID0288-G02,PVC,,Vinyl,yes,field_detection,confirmed
SID0288-PF02073,SID0288,SID0288-G01,PET,PEST,Polyester,yes,field_detection,confirmed
SID0288-PF02074,SID0288,SID0288-G02,PET,PEST,Polyester,yes,target_not_detected,not_detected
SID0288-PF02075,SID0288,SID0288-G01,PA6,PA,Polyamide,yes,target_not_detected,not_detected
SID0288-PF02076,SID0288,SID0288-G02,PA6,PA,Polyamide,yes,field_detection,confirmed
SID0288-PF02077,SID0288,SID0288-G01,PA66,PA,Polyamide,yes,field_detection,confirmed
SID0288-PF02078,SID0288,SID0288-G02,PA66,PA,Polyamide,yes,field_detection,confirmed
SID0288-PF02079,SID0288,SID0288-G01,PC,,Polycarbonate,yes,target_not_detected,not_detected
SID0288-PF02080,SID0288,SID0288-G02,PC,,Polycarbonate,yes,target_not_detected,not_detected
SID0288-PF02081,SID0288,SID0288-G01,PLA,PEST,Polyester (bio-based),yes,target_not_detected,not_detected
SID0288-PF02082,SID0288,SID0288-G02,PLA,PEST,Polyester (bio-based),yes,target_not_detected,not_detected
SID0288-PF02083,SID0288,SID0288-G01,PBAT,PEST,Polyester,yes,target_not_detected,not_detected
SID0288-PF02084,SID0288,SID0288-G02,PBAT,PEST,Polyester,yes,target_not_detected,not_detected
SID0288-PF02085,SID0288,SID0288-G03,ACR,,Acrylic,yes,field_detection,tentative
SID0288-PF02086,SID0288,SID0288-G03,PE,,Polyolefin,yes,field_detection,tentative
SID0288-PF02087,SID0288,SID0288-G03,PU,,Polyurethane,yes,field_detection,tentative
SID0288-PF02088,SID0288,SID0288-G03,PVC,,Vinyl,yes,field_detection,tentative
SID0288-PF02089,SID0288,SID0288-G03,ABS,,Styrenic,yes,field_detection,tentative
SID0288-PF02090,SID0288,SID0288-G03,PB,,Elastomer,yes,field_detection,tentative
SID0288-PF02091,SID0288,SID0288-G03,FKM,,Elastomer,yes,field_detection,tentative
SID0288-PF02092,SID0288,SID0288-G03,PF,,Thermoset,yes,field_detection,tentative
SID0288-PF02093,SID0288,SID0288-G04,ACR,,Acrylic,yes,field_detection,tentative
SID0288-PF02094,SID0288,SID0288-G04,PB,,Elastomer,yes,field_detection,tentative
SID0288-PF02095,SID0288,SID0288-G04,PE,,Polyolefin,yes,field_detection,tentative
SID0288-PF02096,SID0288,SID0288-G04,PET,PEST,Polyester,yes,field_detection,tentative
SID0288-PF02097,SID0288,SID0288-G04,PU,,Polyurethane,yes,field_detection,tentative
SID0288-PF02098,SID0288,SID0288-G04,PVC,,Vinyl,yes,field_detection,tentative
SID0288-PF02099,SID0288,SID0288-G04,FKM,,Elastomer,yes,field_detection,tentative
SID0288-PF02100,SID0288,SID0288-G04,PBAT,PEST,Polyester,yes,field_detection,tentative
SID0288-PF02101,SID0288,SID0288-G05,ACR,,Acrylic,yes,field_detection,tentative
SID0288-PF02102,SID0288,SID0288-G05,EVA,,Polyolefin,yes,field_detection,tentative
SID0288-PF02103,SID0288,SID0288-G05,PB,,Elastomer,yes,field_detection,tentative
SID0288-PF02104,SID0288,SID0288-G05,PET,PEST,Polyester,yes,field_detection,tentative
SID0288-PF02105,SID0288,SID0288-G05,PMMA,ACR,Acrylic,yes,field_detection,tentative
SID0288-PF02106,SID0288,SID0288-G05,PP,,Polyolefin,yes,field_detection,tentative
SID0288-PF02107,SID0288,SID0288-G05,PU,,Polyurethane,yes,field_detection,tentative
SID0288-PF02108,SID0288,SID0288-G05,PVC,,Vinyl,yes,field_detection,tentative
SID0288-PF02109,SID0288,SID0288-G05,EAA,,Polyolefin,yes,field_detection,tentative
SID0288-PF02110,SID0288,SID0288-G05,FKM,,Elastomer,yes,field_detection,tentative
SID0288-PF02111,SID0288,SID0288-G05,PIB,,Elastomer,yes,field_detection,tentative
SID0288-PF02112,SID0288,SID0288-G05,POM,,Polyacetal,yes,field_detection,tentative
SID0288-PF02113,SID0288,SID0288-G06,PCL,PEST,Polyester,yes,field_detection,tentative
SID0288-PF02114,SID0288,SID0288-G06,PET,PEST,Polyester,yes,field_detection,tentative
SID0288-PF02115,SID0288,SID0288-G06,PMMA,ACR,Acrylic,yes,field_detection,tentative
SID0288-PF02116,SID0288,SID0288-G06,PB,,Elastomer,yes,field_detection,tentative
SID0288-PF02117,SID0288,SID0288-G06,PU,,Polyurethane,yes,field_detection,tentative
SID0288-PF02118,SID0288,SID0288-G06,PVC,,Vinyl,yes,field_detection,tentative
SID0288-PF02119,SID0288,SID0288-G06,FKM,,Elastomer,yes,field_detection,tentative
SID0288-PF02120,SID0288,SID0288-G06,OTHER,,Other,yes,field_detection,tentative
SID0288-PF02121,SID0288,SID0288-G06,PF,,Thermoset,yes,field_detection,tentative
SID0289-PF02122,SID0289,SID0289-G01,ACR,,Acrylic,yes,field_detection,confirmed
SID0289-PF02123,SID0289,SID0289-G01,CELL,,Natural,no,field_detection,confirmed
SID0289-PF02124,SID0289,SID0289-G01,EP,,Thermoset,yes,field_detection,confirmed
SID0289-PF02125,SID0289,SID0289-G01,PAN,ACR,Acrylic,yes,field_detection,confirmed
SID0289-PF02126,SID0289,SID0289-G01,PA,,Polyamide,yes,field_detection,confirmed
SID0289-PF02127,SID0289,SID0289-G01,PTFE,,Fluoropolymer,yes,field_detection,confirmed
SID0289-PF02128,SID0289,SID0289-G01,PF,,Thermoset,yes,field_detection,confirmed
SID0289-PF02129,SID0289,SID0289-G01,PE,,Polyolefin,yes,field_detection,confirmed
SID0289-PF02130,SID0289,SID0289-G01,OTHER,,Other,yes,field_detection,confirmed
SID0289-PF02131,SID0289,SID0289-G01,PP,,Polyolefin,yes,field_detection,confirmed
SID0289-PF02132,SID0289,SID0289-G01,PEST,,Polyester,yes,field_detection,confirmed
SID0289-PF02133,SID0289,SID0289-G01,PET,PEST,Polyester,yes,field_detection,confirmed
SID0289-PF02134,SID0289,SID0289-G01,PU,,Polyurethane,yes,field_detection,confirmed
SID0289-PF02135,SID0289,SID0289-G01,RAYON,,Semi-synthetic cellulose,semi,field_detection,confirmed
SID0289-PF02136,SID0289,SID0289-G01,PS,,Styrenic,yes,field_detection,confirmed
SID0291-PF02137,SID0291,SID0291-G01,PS,,Styrenic,yes,field_detection,confirmed
SID0291-PF02138,SID0291,SID0291-G01,PE,,Polyolefin,yes,field_detection,confirmed
SID0291-PF02139,SID0291,SID0291-G01,PP,,Polyolefin,yes,field_detection,confirmed
SID0291-PF02140,SID0291,SID0291-G01,PMMA,ACR,Acrylic,yes,field_detection,confirmed
SID0291-PF02141,SID0291,SID0291-G01,PVC,,Vinyl,yes,field_detection,confirmed
SID0291-PF02142,SID0291,SID0291-G01,PA66,PA,Polyamide,yes,field_detection,confirmed
SID0291-PF02143,SID0291,SID0291-G02,PS,,Styrenic,yes,field_detection,confirmed
SID0291-PF02144,SID0291,SID0291-G02,PE,,Polyolefin,yes,field_detection,confirmed
SID0291-PF02145,SID0291,SID0291-G02,PP,,Polyolefin,yes,field_detection,confirmed
SID0291-PF02146,SID0291,SID0291-G02,PMMA,ACR,Acrylic,yes,field_detection,confirmed
SID0291-PF02147,SID0291,SID0291-G02,PVC,,Vinyl,yes,field_detection,confirmed
SID0291-PF02148,SID0291,SID0291-G02,PA66,PA,Polyamide,yes,field_detection,confirmed
SID0291-PF02149,SID0291,SID0291-G03,PS,,Styrenic,yes,target_not_detected,confirmed
SID0291-PF02150,SID0291,SID0291-G03,PE,,Polyolefin,yes,field_detection,confirmed
SID0291-PF02151,SID0291,SID0291-G03,PP,,Polyolefin,yes,field_detection,confirmed
SID0291-PF02152,SID0291,SID0291-G03,PMMA,ACR,Acrylic,yes,target_not_detected,confirmed
SID0291-PF02153,SID0291,SID0291-G03,PVC,,Vinyl,yes,field_detection,confirmed
SID0291-PF02154,SID0291,SID0291-G03,PA66,PA,Polyamide,yes,field_detection,confirmed
SID0291-PF02155,SID0291,SID0291-G04,PE,,Polyolefin,yes,field_detection,tentative
SID0291-PF02156,SID0291,SID0291-G04,PP,,Polyolefin,yes,field_detection,tentative
SID0291-PF02157,SID0291,SID0291-G04,PVC,,Vinyl,yes,field_detection,tentative
SID0291-PF02158,SID0291,SID0291-G04,PET,PEST,Polyester,yes,field_detection,tentative
SID0291-PF02159,SID0291,SID0291-G04,PA,,Polyamide,yes,field_detection,tentative
SID0291-PF02160,SID0291,SID0291-G04,PU,,Polyurethane,yes,field_detection,tentative
SID0291-PF02161,SID0291,SID0291-G04,PMMA,ACR,Acrylic,yes,target_not_detected,tentative
SID0291-PF02162,SID0291,SID0291-G04,PLA,PEST,Polyester (bio-based),yes,field_detection,tentative
SID0291-PF02163,SID0291,SID0291-G04,EVA,,Polyolefin,yes,field_detection,tentative
SID0291-PF02164,SID0291,SID0291-G04,ACR,,Acrylic,yes,field_detection,tentative
SID0291-PF02165,SID0291,SID0291-G04,PTFE,,Fluoropolymer,yes,target_not_detected,tentative
SID0291-PF02166,SID0291,SID0291-G05,PE,,Polyolefin,yes,field_detection,tentative
SID0291-PF02167,SID0291,SID0291-G05,PP,,Polyolefin,yes,field_detection,tentative
SID0291-PF02168,SID0291,SID0291-G05,PVC,,Vinyl,yes,field_detection,tentative
SID0291-PF02169,SID0291,SID0291-G05,PET,PEST,Polyester,yes,field_detection,tentative
SID0291-PF02170,SID0291,SID0291-G05,PA,,Polyamide,yes,field_detection,tentative
SID0291-PF02171,SID0291,SID0291-G05,PU,,Polyurethane,yes,field_detection,tentative
SID0291-PF02172,SID0291,SID0291-G05,PMMA,ACR,Acrylic,yes,field_detection,tentative
SID0291-PF02173,SID0291,SID0291-G05,PLA,PEST,Polyester (bio-based),yes,field_detection,tentative
SID0291-PF02174,SID0291,SID0291-G05,EVA,,Polyolefin,yes,field_detection,tentative
SID0291-PF02175,SID0291,SID0291-G05,ACR,,Acrylic,yes,field_detection,tentative
SID0291-PF02176,SID0291,SID0291-G05,PTFE,,Fluoropolymer,yes,field_detection,tentative
SID0292-PF02177,SID0292,SID0292-G01,PP,,Polyolefin,yes,field_detection,confirmed
SID0292-PF02178,SID0292,SID0292-G01,PE,,Polyolefin,yes,field_detection,confirmed
SID0292-PF02179,SID0292,SID0292-G01,PS,,Styrenic,yes,field_detection,confirmed
SID0292-PF02180,SID0292,SID0292-G01,PET,PEST,Polyester,yes,field_detection,confirmed
SID0292-PF02181,SID0292,SID0292-G01,PVC,,Vinyl,yes,field_detection,confirmed
SID0292-PF02182,SID0292,SID0292-G01,OTHER,,Other,yes,field_detection,identity_unresolved
SID0294-PF02183,SID0294,SID0294-G01,PE,,Polyolefin,yes,field_detection,confirmed
SID0294-PF02184,SID0294,SID0294-G01,PVC,,Vinyl,yes,field_detection,confirmed
SID0294-PF02185,SID0294,SID0294-G01,PS,,Styrenic,yes,field_detection,confirmed
SID0294-PF02186,SID0294,SID0294-G02,PE,,Polyolefin,yes,field_detection,confirmed
SID0294-PF02187,SID0294,SID0294-G02,PVC,,Vinyl,yes,field_detection,confirmed
SID0294-PF02188,SID0294,SID0294-G02,PS,,Styrenic,yes,target_not_detected,not_detected
SID0296-PF02189,SID0296,SID0296-G01,PE,,Polyolefin,yes,field_detection,confirmed
SID0296-PF02190,SID0296,SID0296-G01,PP,,Polyolefin,yes,field_detection,confirmed
SID0296-PF02191,SID0296,SID0296-G01,PVC,,Vinyl,yes,field_detection,confirmed
SID0296-PF02192,SID0296,SID0296-G01,PS,,Styrenic,yes,field_detection,confirmed
SID0296-PF02193,SID0296,SID0296-G02,PE,,Polyolefin,yes,field_detection,confirmed
SID0296-PF02194,SID0296,SID0296-G02,PP,,Polyolefin,yes,field_detection,confirmed
SID0296-PF02195,SID0296,SID0296-G02,PVC,,Vinyl,yes,field_detection,confirmed
SID0296-PF02196,SID0296,SID0296-G02,PS,,Styrenic,yes,field_detection,confirmed
SID0296-PF02197,SID0296,SID0296-G01,PC,,Polycarbonate,yes,field_detection,confirmed
SID0296-PF02198,SID0296,SID0296-G01,PA6,PA,Polyamide,yes,field_detection,confirmed
SID0296-PF02199,SID0296,SID0296-G01,PA66,PA,Polyamide,yes,field_detection,confirmed
SID0296-PF02200,SID0296,SID0296-G02,PC,,Polycarbonate,yes,field_detection,confirmed
SID0296-PF02201,SID0296,SID0296-G02,PA6,PA,Polyamide,yes,field_detection,confirmed
SID0296-PF02202,SID0296,SID0296-G02,PA66,PA,Polyamide,yes,field_detection,confirmed
SID0296-PF02203,SID0296,SID0296-G01,PET,PEST,Polyester,yes,target_not_detected,not_detected
SID0296-PF02204,SID0296,SID0296-G02,PET,PEST,Polyester,yes,target_not_detected,not_detected
SID0296-PF02205,SID0296,SID0296-G01,PMMA,ACR,Acrylic,yes,target_not_detected,not_detected
SID0296-PF02206,SID0296,SID0296-G02,PMMA,ACR,Acrylic,yes,target_not_detected,not_detected
SID0296-PF02207,SID0296,SID0296-G01,PLA,PEST,Polyester (bio-based),yes,target_not_detected,not_detected
SID0296-PF02208,SID0296,SID0296-G02,PLA,PEST,Polyester (bio-based),yes,target_not_detected,not_detected
SID0296-PF02209,SID0296,SID0296-G01,PBAT,PEST,Polyester,yes,target_not_detected,not_detected
SID0296-PF02210,SID0296,SID0296-G02,PBAT,PEST,Polyester,yes,target_not_detected,not_detected
SID0297-PF02211,SID0297,SID0297-G01,PS,,Styrenic,yes,field_detection,confirmed
SID0297-PF02212,SID0297,SID0297-G01,PE,,Polyolefin,yes,field_detection,confirmed
SID0297-PF02213,SID0297,SID0297-G01,PVC,,Vinyl,yes,field_detection,confirmed
SID0297-PF02214,SID0297,SID0297-G01,PA66,PA,Polyamide,yes,field_detection,confirmed
SID0297-PF02215,SID0297,SID0297-G01,PP,,Polyolefin,yes,field_detection,confirmed
SID0297-PF02216,SID0297,SID0297-G01,PMMA,ACR,Acrylic,yes,target_not_detected,not_detected
SID0297-PF02217,SID0297,SID0297-G01,PET,PEST,Polyester,yes,target_not_detected,not_detected
SID0297-PF02218,SID0297,SID0297-G01,PC,,Polycarbonate,yes,target_not_detected,not_detected
SID0297-PF02219,SID0297,SID0297-G01,PA6,PA,Polyamide,yes,target_not_detected,not_detected
SID0297-PF02220,SID0297,SID0297-G01,PLA,PEST,Polyester (bio-based),yes,target_not_detected,not_detected
SID0297-PF02221,SID0297,SID0297-G01,PBAT,PEST,Polyester,yes,target_not_detected,not_detected
SID0299-PF02222,SID0299,SID0299-G01,PE,,Polyolefin,yes,field_detection,confirmed
SID0299-PF02223,SID0299,SID0299-G01,PP,,Polyolefin,yes,field_detection,confirmed
SID0299-PF02224,SID0299,SID0299-G01,PS,,Styrenic,yes,field_detection,confirmed
SID0300-PF02225,SID0300,SID0300-G01,PE,,Polyolefin,yes,field_detection,confirmed
SID0300-PF02226,SID0300,SID0300-G01,PVC,,Vinyl,yes,field_detection,confirmed
SID0300-PF02227,SID0300,SID0300-G02,PS,,Styrenic,yes,field_detection,confirmed
SID0300-PF02228,SID0300,SID0300-G02,PE,,Polyolefin,yes,field_detection,confirmed
SID0300-PF02229,SID0300,SID0300-G02,PP,,Polyolefin,yes,field_detection,confirmed
SID0300-PF02230,SID0300,SID0300-G02,PVC,,Vinyl,yes,field_detection,confirmed
SID0300-PF02231,SID0300,SID0300-G03,PS,,Styrenic,yes,field_detection,confirmed
SID0300-PF02232,SID0300,SID0300-G03,PE,,Polyolefin,yes,field_detection,confirmed
SID0300-PF02233,SID0300,SID0300-G03,PP,,Polyolefin,yes,field_detection,confirmed
SID0300-PF02234,SID0300,SID0300-G03,PVC,,Vinyl,yes,field_detection,confirmed
SID0300-PF02235,SID0300,SID0300-G01,PMMA,ACR,Acrylic,yes,target_not_detected,not_detected
SID0300-PF02236,SID0300,SID0300-G01,PC,,Polycarbonate,yes,target_not_detected,not_detected
SID0300-PF02237,SID0300,SID0300-G01,PET,PEST,Polyester,yes,target_not_detected,not_detected
SID0300-PF02238,SID0300,SID0300-G01,PA6,PA,Polyamide,yes,target_not_detected,not_detected
SID0300-PF02239,SID0300,SID0300-G01,PA66,PA,Polyamide,yes,target_not_detected,not_detected
SID0300-PF02240,SID0300,SID0300-G01,PLA,PEST,Polyester (bio-based),yes,target_not_detected,not_detected
SID0300-PF02241,SID0300,SID0300-G01,PBAT,PEST,Polyester,yes,target_not_detected,not_detected
SID0300-PF02242,SID0300,SID0300-G04,PMMA,ACR,Acrylic,yes,target_not_detected,not_detected
SID0300-PF02243,SID0300,SID0300-G04,PC,,Polycarbonate,yes,target_not_detected,not_detected
SID0300-PF02244,SID0300,SID0300-G04,PET,PEST,Polyester,yes,target_not_detected,not_detected
SID0300-PF02245,SID0300,SID0300-G04,PA6,PA,Polyamide,yes,target_not_detected,not_detected
SID0300-PF02246,SID0300,SID0300-G04,PA66,PA,Polyamide,yes,target_not_detected,not_detected
SID0300-PF02247,SID0300,SID0300-G04,PLA,PEST,Polyester (bio-based),yes,target_not_detected,not_detected
SID0300-PF02248,SID0300,SID0300-G04,PBAT,PEST,Polyester,yes,target_not_detected,not_detected
SID0301-PF02249,SID0301,SID0301-G01,PE,,Polyolefin,yes,field_detection,confirmed
SID0301-PF02250,SID0301,SID0301-G02,PE,,Polyolefin,yes,field_detection,confirmed
SID0301-PF02251,SID0301,SID0301-G01,PP,,Polyolefin,yes,field_detection,confirmed
SID0301-PF02252,SID0301,SID0301-G02,PP,,Polyolefin,yes,field_detection,confirmed
SID0301-PF02253,SID0301,SID0301-G01,PVC,,Vinyl,yes,field_detection,confirmed
SID0301-PF02254,SID0301,SID0301-G02,PVC,,Vinyl,yes,target_not_detected,not_detected
SID0301-PF02255,SID0301,SID0301-G01,PA,,Polyamide,yes,field_detection,confirmed
SID0301-PF02256,SID0301,SID0301-G02,PA,,Polyamide,yes,field_detection,confirmed
SID0301-PF02257,SID0301,SID0301-G01,PS,,Styrenic,yes,field_detection,confirmed
SID0301-PF02258,SID0301,SID0301-G02,PS,,Styrenic,yes,field_detection,confirmed
SID0301-PF02259,SID0301,SID0301-G01,PET,PEST,Polyester,yes,field_detection,confirmed
SID0301-PF02260,SID0301,SID0301-G02,PET,PEST,Polyester,yes,field_detection,confirmed
SID0301-PF02261,SID0301,SID0301-G01,OTHER,,Other,yes,field_detection,confirmed
SID0301-PF02262,SID0301,SID0301-G02,OTHER,,Other,yes,target_not_detected,not_detected
SID0301-PF02263,SID0301,SID0301-G01,EVA,,Polyolefin,yes,target_not_detected,not_detected
SID0301-PF02264,SID0301,SID0301-G02,EVA,,Polyolefin,yes,target_not_detected,not_detected
SID0301-PF02265,SID0301,SID0301-G01,PVOH,,Vinyl,yes,target_not_detected,not_detected
SID0301-PF02266,SID0301,SID0301-G02,PVOH,,Vinyl,yes,target_not_detected,not_detected
SID0301-PF02267,SID0301,SID0301-G01,POM,,Polyacetal,yes,target_not_detected,not_detected
SID0301-PF02268,SID0301,SID0301-G02,POM,,Polyacetal,yes,target_not_detected,not_detected
SID0302-PF02269,SID0302,SID0302-G01,PE,,Polyolefin,yes,field_detection,confirmed
SID0302-PF02270,SID0302,SID0302-G02,PE,,Polyolefin,yes,field_detection,confirmed
SID0303-PF02271,SID0303,SID0303-G01,PS,,Styrenic,yes,field_detection,confirmed
SID0303-PF02272,SID0303,SID0303-G01,PE,,Polyolefin,yes,field_detection,confirmed
SID0303-PF02273,SID0303,SID0303-G01,PVC,,Vinyl,yes,field_detection,confirmed
SID0303-PF02274,SID0303,SID0303-G01,PP,,Polyolefin,yes,field_detection,confirmed
SID0303-PF02275,SID0303,SID0303-G01,PET,PEST,Polyester,yes,target_not_detected,not_detected
SID0303-PF02276,SID0303,SID0303-G01,PMMA,ACR,Acrylic,yes,target_not_detected,not_detected
SID0303-PF02277,SID0303,SID0303-G01,PC,,Polycarbonate,yes,target_not_detected,not_detected
SID0304-PF02278,SID0304,SID0304-G01,PE-CL,PE,Polyolefin,yes,field_detection,confirmed
SID0304-PF02279,SID0304,SID0304-G02,PE-CL,PE,Polyolefin,yes,field_detection,confirmed
SID0304-PF02280,SID0304,SID0304-G01,PU,,Polyurethane,yes,field_detection,confirmed
SID0304-PF02281,SID0304,SID0304-G01,FKM,,Elastomer,yes,field_detection,confirmed
SID0304-PF02282,SID0304,SID0304-G01,OTHER,,Other,yes,field_detection,confirmed
SID0304-PF02283,SID0304,SID0304-G02,FKM,,Elastomer,yes,field_detection,confirmed
SID0304-PF02284,SID0304,SID0304-G02,EVA,,Polyolefin,yes,field_detection,confirmed
SID0304-PF02285,SID0304,SID0304-G02,PU,,Polyurethane,yes,field_detection,confirmed
SID0305-PF02286,SID0305,SID0305-G01,PVC,,Vinyl,yes,field_detection,confirmed
SID0305-PF02287,SID0305,SID0305-G01,ACR,,Acrylic,yes,field_detection,confirmed
SID0305-PF02288,SID0305,SID0305-G01,PU,,Polyurethane,yes,field_detection,confirmed
SID0305-PF02289,SID0305,SID0305-G01,PE,,Polyolefin,yes,field_detection,confirmed
SID0305-PF02290,SID0305,SID0305-G01,PET,PEST,Polyester,yes,field_detection,confirmed
SID0305-PF02291,SID0305,SID0305-G02,PVC,,Vinyl,yes,field_detection,confirmed
SID0305-PF02292,SID0305,SID0305-G02,ACR,,Acrylic,yes,field_detection,confirmed
SID0305-PF02293,SID0305,SID0305-G02,PET,PEST,Polyester,yes,field_detection,confirmed
SID0305-PF02294,SID0305,SID0305-G02,PU,,Polyurethane,yes,field_detection,confirmed
SID0305-PF02295,SID0305,SID0305-G02,EVA,,Polyolefin,yes,field_detection,confirmed
SID0305-PF02296,SID0305,SID0305-G02,PE,,Polyolefin,yes,field_detection,confirmed
SID0305-PF02297,SID0305,SID0305-G03,PS,,Styrenic,yes,field_detection,confirmed
SID0305-PF02298,SID0305,SID0305-G03,PE,,Polyolefin,yes,field_detection,confirmed
SID0305-PF02299,SID0305,SID0305-G03,PVC,,Vinyl,yes,field_detection,confirmed
SID0305-PF02300,SID0305,SID0305-G03,PP,,Polyolefin,yes,target_not_detected,not_detected
SID0305-PF02301,SID0305,SID0305-G03,PMMA,ACR,Acrylic,yes,target_not_detected,not_detected
SID0305-PF02302,SID0305,SID0305-G03,PET,PEST,Polyester,yes,target_not_detected,not_detected
SID0305-PF02303,SID0305,SID0305-G03,PC,,Polycarbonate,yes,target_not_detected,not_detected
SID0305-PF02304,SID0305,SID0305-G03,PA6,PA,Polyamide,yes,target_not_detected,not_detected
SID0305-PF02305,SID0305,SID0305-G03,PA66,PA,Polyamide,yes,target_not_detected,not_detected
SID0305-PF02306,SID0305,SID0305-G03,PLA,PEST,Polyester (bio-based),yes,target_not_detected,not_detected
SID0305-PF02307,SID0305,SID0305-G03,PBAT,PEST,Polyester,yes,target_not_detected,not_detected
SID0306-PF02308,SID0306,SID0306-G01,PE,,Polyolefin,yes,field_detection,confirmed
SID0306-PF02309,SID0306,SID0306-G01,PVC,,Vinyl,yes,field_detection,confirmed
SID0306-PF02310,SID0306,SID0306-G01,PS,,Styrenic,yes,field_detection,confirmed
SID0306-PF02311,SID0306,SID0306-G02,PE,,Polyolefin,yes,field_detection,confirmed
SID0306-PF02312,SID0306,SID0306-G02,PVC,,Vinyl,yes,field_detection,confirmed
SID0306-PF02313,SID0306,SID0306-G02,PP,,Polyolefin,yes,field_detection,confirmed
SID0307-PF02314,SID0307,SID0307-G04,PVC,,Vinyl,yes,field_detection,confirmed
SID0307-PF02315,SID0307,SID0307-G05,PVC,,Vinyl,yes,field_detection,confirmed
SID0307-PF02316,SID0307,SID0307-G06,PA66,PA,Polyamide,yes,field_detection,confirmed
SID0307-PF02317,SID0307,SID0307-G06,PMMA,ACR,Acrylic,yes,field_detection,confirmed
SID0308-PF02318,SID0308,SID0308-G01,PA,,Polyamide,yes,field_detection,confirmed
SID0308-PF02319,SID0308,SID0308-G02,PA,,Polyamide,yes,field_detection,confirmed
SID0308-PF02320,SID0308,SID0308-G03,PA,,Polyamide,yes,field_detection,confirmed
SID0308-PF02321,SID0308,SID0308-G04,PA,,Polyamide,yes,field_detection,confirmed
SID0308-PF02322,SID0308,SID0308-G01,PU,,Polyurethane,yes,field_detection,confirmed
SID0308-PF02323,SID0308,SID0308-G02,PU,,Polyurethane,yes,field_detection,confirmed
SID0308-PF02324,SID0308,SID0308-G03,PU,,Polyurethane,yes,field_detection,confirmed
SID0308-PF02325,SID0308,SID0308-G04,PU,,Polyurethane,yes,field_detection,confirmed
SID0308-PF02326,SID0308,SID0308-G01,PE,,Polyolefin,yes,field_detection,confirmed
SID0308-PF02327,SID0308,SID0308-G02,PE,,Polyolefin,yes,field_detection,confirmed
SID0308-PF02328,SID0308,SID0308-G03,PE,,Polyolefin,yes,field_detection,confirmed
SID0308-PF02329,SID0308,SID0308-G04,PE,,Polyolefin,yes,field_detection,confirmed
SID0308-PF02330,SID0308,SID0308-G01,PET,PEST,Polyester,yes,field_detection,confirmed
SID0308-PF02331,SID0308,SID0308-G02,PET,PEST,Polyester,yes,field_detection,confirmed
SID0308-PF02332,SID0308,SID0308-G03,PET,PEST,Polyester,yes,field_detection,confirmed
SID0308-PF02333,SID0308,SID0308-G04,PET,PEST,Polyester,yes,field_detection,confirmed
SID0308-PF02334,SID0308,SID0308-G01,PP,,Polyolefin,yes,field_detection,confirmed
SID0308-PF02335,SID0308,SID0308-G02,PP,,Polyolefin,yes,field_detection,confirmed
SID0308-PF02336,SID0308,SID0308-G03,PP,,Polyolefin,yes,field_detection,confirmed
SID0308-PF02337,SID0308,SID0308-G04,PP,,Polyolefin,yes,field_detection,confirmed
SID0308-PF02338,SID0308,SID0308-G01,PVC,,Vinyl,yes,field_detection,confirmed
SID0308-PF02339,SID0308,SID0308-G02,PVC,,Vinyl,yes,field_detection,confirmed
SID0308-PF02340,SID0308,SID0308-G03,PVC,,Vinyl,yes,field_detection,confirmed
SID0308-PF02341,SID0308,SID0308-G04,PVC,,Vinyl,yes,field_detection,confirmed
SID0308-PF02342,SID0308,SID0308-G01,POM,,Polyacetal,yes,field_detection,confirmed
SID0308-PF02343,SID0308,SID0308-G02,POM,,Polyacetal,yes,field_detection,confirmed
SID0308-PF02344,SID0308,SID0308-G03,POM,,Polyacetal,yes,field_detection,confirmed
SID0308-PF02345,SID0308,SID0308-G04,POM,,Polyacetal,yes,field_detection,confirmed
SID0308-PF02346,SID0308,SID0308-G01,EVA,,Polyolefin,yes,field_detection,confirmed
SID0308-PF02347,SID0308,SID0308-G02,EVA,,Polyolefin,yes,field_detection,confirmed
SID0308-PF02348,SID0308,SID0308-G03,EVA,,Polyolefin,yes,field_detection,confirmed
SID0308-PF02349,SID0308,SID0308-G04,EVA,,Polyolefin,yes,field_detection,confirmed
SID0308-PF02350,SID0308,SID0308-G01,PTFE,,Fluoropolymer,yes,field_detection,confirmed
SID0308-PF02351,SID0308,SID0308-G02,PTFE,,Fluoropolymer,yes,field_detection,confirmed
SID0308-PF02352,SID0308,SID0308-G03,PTFE,,Fluoropolymer,yes,field_detection,confirmed
SID0308-PF02353,SID0308,SID0308-G04,PTFE,,Fluoropolymer,yes,field_detection,confirmed
SID0308-PF02354,SID0308,SID0308-G01,PE-CL,PE,Polyolefin,yes,field_detection,confirmed
SID0308-PF02355,SID0308,SID0308-G02,PE-CL,PE,Polyolefin,yes,field_detection,confirmed
SID0308-PF02356,SID0308,SID0308-G03,PE-CL,PE,Polyolefin,yes,field_detection,confirmed
SID0308-PF02357,SID0308,SID0308-G04,PE-CL,PE,Polyolefin,yes,field_detection,confirmed
SID0308-PF02358,SID0308,SID0308-G01,PB,,Elastomer,yes,field_detection,confirmed
SID0308-PF02359,SID0308,SID0308-G03,PB,,Elastomer,yes,field_detection,confirmed
SID0308-PF02360,SID0308,SID0308-G04,PB,,Elastomer,yes,field_detection,confirmed
SID0308-PF02361,SID0308,SID0308-G01,PC,,Polycarbonate,yes,field_detection,confirmed
SID0308-PF02362,SID0308,SID0308-G01,PS,,Styrenic,yes,field_detection,confirmed
SID0308-PF02363,SID0308,SID0308-G02,PS,,Styrenic,yes,field_detection,confirmed
SID0308-PF02364,SID0308,SID0308-G03,PS,,Styrenic,yes,field_detection,confirmed
SID0308-PF02365,SID0308,SID0308-G04,PS,,Styrenic,yes,field_detection,confirmed
SID0308-PF02366,SID0308,SID0308-G01,PMMA,ACR,Acrylic,yes,field_detection,confirmed
SID0308-PF02367,SID0308,SID0308-G02,PMMA,ACR,Acrylic,yes,field_detection,confirmed
SID0308-PF02368,SID0308,SID0308-G03,PMMA,ACR,Acrylic,yes,field_detection,confirmed
SID0308-PF02369,SID0308,SID0308-G04,PMMA,ACR,Acrylic,yes,field_detection,confirmed
SID0308-PF02370,SID0308,SID0308-G01,PLA,PEST,Polyester (bio-based),yes,field_detection,confirmed
SID0308-PF02371,SID0308,SID0308-G02,PLA,PEST,Polyester (bio-based),yes,field_detection,confirmed
SID0308-PF02372,SID0308,SID0308-G03,PLA,PEST,Polyester (bio-based),yes,field_detection,confirmed
SID0308-PF02373,SID0308,SID0308-G04,PLA,PEST,Polyester (bio-based),yes,field_detection,confirmed
SID0308-PF02374,SID0308,SID0308-G01,PSU,,Sulfone polymer,yes,field_detection,confirmed
SID0308-PF02375,SID0308,SID0308-G02,PSU,,Sulfone polymer,yes,field_detection,confirmed
SID0308-PF02376,SID0308,SID0308-G03,PSU,,Sulfone polymer,yes,field_detection,confirmed
SID0308-PF02377,SID0308,SID0308-G04,PSU,,Sulfone polymer,yes,field_detection,confirmed
SID0309-PF02378,SID0309,SID0309-G01,PA,,Polyamide,yes,field_detection,confirmed
SID0309-PF02379,SID0309,SID0309-G01,PE,,Polyolefin,yes,field_detection,confirmed
SID0309-PF02380,SID0309,SID0309-G01,PU,,Polyurethane,yes,field_detection,confirmed
SID0309-PF02381,SID0309,SID0309-G01,PET,PEST,Polyester,yes,field_detection,confirmed
SID0309-PF02382,SID0309,SID0309-G01,OTHER,,Other,yes,field_detection,confirmed
SID0310-PF02383,SID0310,SID0310-G01,PA66,PA,Polyamide,yes,field_detection,confirmed
SID0310-PF02384,SID0310,SID0310-G01,PE,,Polyolefin,yes,field_detection,confirmed
SID0310-PF02385,SID0310,SID0310-G01,PVC,,Vinyl,yes,field_detection,confirmed
SID0310-PF02386,SID0310,SID0310-G01,PS,,Styrenic,yes,field_detection,confirmed
SID0310-PF02387,SID0310,SID0310-G02,PA66,PA,Polyamide,yes,field_detection,confirmed
SID0310-PF02388,SID0310,SID0310-G02,PE,,Polyolefin,yes,field_detection,confirmed
SID0310-PF02389,SID0310,SID0310-G02,PVC,,Vinyl,yes,field_detection,confirmed
SID0310-PF02390,SID0310,SID0310-G02,PS,,Styrenic,yes,field_detection,confirmed
SID0310-PF02391,SID0310,SID0310-G03,PA66,PA,Polyamide,yes,field_detection,confirmed
SID0310-PF02392,SID0310,SID0310-G03,PE,,Polyolefin,yes,field_detection,confirmed
SID0310-PF02393,SID0310,SID0310-G03,PVC,,Vinyl,yes,field_detection,confirmed
SID0310-PF02394,SID0310,SID0310-G03,PS,,Styrenic,yes,field_detection,confirmed
SID0310-PF02395,SID0310,SID0310-G01,PMMA,ACR,Acrylic,yes,field_detection,confirmed
SID0310-PF02396,SID0310,SID0310-G01,PP,,Polyolefin,yes,field_detection,confirmed
SID0311-PF02397,SID0311,SID0311-G01,PE,,Polyolefin,yes,field_detection,confirmed
SID0311-PF02398,SID0311,SID0311-G01,PP,,Polyolefin,yes,field_detection,confirmed
SID0311-PF02399,SID0311,SID0311-G02,PET,PEST,Polyester,yes,field_detection,confirmed
SID0311-PF02400,SID0311,SID0311-G02,PVC,,Vinyl,yes,field_detection,confirmed
SID0311-PF02401,SID0311,SID0311-G02,PS,,Styrenic,yes,field_detection,confirmed
SID0311-PF02402,SID0311,SID0311-G02,PE,,Polyolefin,yes,field_detection,confirmed
SID0311-PF02403,SID0311,SID0311-G02,PP,,Polyolefin,yes,field_detection,confirmed
SID0312-PF02404,SID0312,SID0312-G01,PE,,Polyolefin,yes,field_detection,confirmed
SID0312-PF02405,SID0312,SID0312-G01,PVC,,Vinyl,yes,field_detection,confirmed
SID0312-PF02406,SID0312,SID0312-G01,PA66,PA,Polyamide,yes,field_detection,confirmed
SID0312-PF02407,SID0312,SID0312-G02,PE,,Polyolefin,yes,field_detection,confirmed
SID0312-PF02408,SID0312,SID0312-G02,PC,,Polycarbonate,yes,field_detection,confirmed
SID0312-PF02409,SID0312,SID0312-G02,SBR,,Elastomer,yes,field_detection,confirmed
SID0312-PF02410,SID0312,SID0312-G03,PE,,Polyolefin,yes,field_detection,confirmed
SID0312-PF02411,SID0312,SID0312-G03,SBR,,Elastomer,yes,field_detection,confirmed
SID0312-PF02412,SID0312,SID0312-G03,PC,,Polycarbonate,yes,field_detection,confirmed
SID0315-PF02413,SID0315,SID0315-G01,PVC,,Vinyl,yes,field_detection,confirmed
SID0315-PF02414,SID0315,SID0315-G01,PET,PEST,Polyester,yes,field_detection,below_quantification
SID0315-PF02415,SID0315,SID0315-G01,PP,,Polyolefin,yes,field_detection,confirmed
SID0315-PF02416,SID0315,SID0315-G01,PS,,Styrenic,yes,field_detection,below_quantification
SID0315-PF02417,SID0315,SID0315-G01,PMMA,ACR,Acrylic,yes,field_detection,confirmed
SID0315-PF02418,SID0315,SID0315-G01,PE,,Polyolefin,yes,target_not_detected,not_detected
SID0317-PF02419,SID0317,SID0317-G01,PE,,Polyolefin,yes,field_detection,confirmed
SID0317-PF02420,SID0317,SID0317-G01,PET,PEST,Polyester,yes,field_detection,confirmed
SID0317-PF02421,SID0317,SID0317-G01,PU,,Polyurethane,yes,field_detection,confirmed
SID0317-PF02422,SID0317,SID0317-G01,PP,,Polyolefin,yes,field_detection,confirmed
SID0317-PF02423,SID0317,SID0317-G01,PS,,Styrenic,yes,field_detection,confirmed
SID0317-PF02424,SID0317,SID0317-G01,PC,,Polycarbonate,yes,field_detection,confirmed
SID0317-PF02425,SID0317,SID0317-G01,PVC,,Vinyl,yes,field_detection,confirmed
SID0317-PF02426,SID0317,SID0317-G01,PSU,,Sulfone polymer,yes,field_detection,confirmed
SID0317-PF02427,SID0317,SID0317-G01,ACR,,Acrylic,yes,field_detection,confirmed
SID0317-PF02428,SID0317,SID0317-G01,OTHER,,Other,yes,field_detection,confirmed
SID0317-PF02429,SID0317,SID0317-G01,PTFE,,Fluoropolymer,yes,field_detection,confirmed
SID0317-PF02430,SID0317,SID0317-G01,PMMA,ACR,Acrylic,yes,field_detection,confirmed
SID0319-PF02431,SID0319,SID0319-G01,PMMA,ACR,Acrylic,yes,field_detection,confirmed
SID0319-PF02432,SID0319,SID0319-G01,PA66,PA,Polyamide,yes,field_detection,confirmed
SID0319-PF02433,SID0319,SID0319-G01,PP,,Polyolefin,yes,field_detection,contamination_qualified
SID0319-PF02434,SID0319,SID0319-G01,NBR,,Elastomer,yes,field_detection,confirmed
SID0319-PF02435,SID0319,SID0319-G01,PVC,,Vinyl,yes,field_detection,contamination_qualified
SID0319-PF02436,SID0319,SID0319-G01,ABS,,Styrenic,yes,field_detection,confirmed
SID0319-PF02437,SID0319,SID0319-G01,PET,PEST,Polyester,yes,field_detection,contamination_qualified
SID0319-PF02438,SID0319,SID0319-G01,PE,,Polyolefin,yes,field_detection,confirmed
SID0319-PF02439,SID0319,SID0319-G01,PC,,Polycarbonate,yes,target_not_detected,not_detected
SID0319-PF02440,SID0319,SID0319-G01,PS,,Styrenic,yes,field_detection,confirmed
SID0319-PF02441,SID0319,SID0319-G02,PMMA,ACR,Acrylic,yes,field_detection,confirmed
SID0319-PF02442,SID0319,SID0319-G02,PA66,PA,Polyamide,yes,field_detection,confirmed
SID0319-PF02443,SID0319,SID0319-G02,PP,,Polyolefin,yes,field_detection,contamination_qualified
SID0319-PF02444,SID0319,SID0319-G02,NBR,,Elastomer,yes,field_detection,confirmed
SID0319-PF02445,SID0319,SID0319-G02,PVC,,Vinyl,yes,field_detection,confirmed
SID0319-PF02446,SID0319,SID0319-G02,ABS,,Styrenic,yes,field_detection,confirmed
SID0319-PF02447,SID0319,SID0319-G02,PET,PEST,Polyester,yes,field_detection,contamination_qualified
SID0319-PF02448,SID0319,SID0319-G02,PE,,Polyolefin,yes,field_detection,confirmed
SID0319-PF02449,SID0319,SID0319-G02,PC,,Polycarbonate,yes,field_detection,confirmed
SID0319-PF02450,SID0319,SID0319-G02,PS,,Styrenic,yes,field_detection,confirmed
SID0320-PF02451,SID0320,SID0320-G01,PE,,Polyolefin,yes,field_detection,confirmed
SID0320-PF02452,SID0320,SID0320-G01,PS,,Styrenic,yes,field_detection,confirmed
SID0320-PF02453,SID0320,SID0320-G01,EP,,Thermoset,yes,field_detection,confirmed
SID0320-PF02454,SID0320,SID0320-G01,PP,,Polyolefin,yes,field_detection,confirmed
SID0320-PF02455,SID0320,SID0320-G02,PTFE,,Fluoropolymer,yes,field_detection,confirmed
SID0320-PF02456,SID0320,SID0320-G02,PE,,Polyolefin,yes,field_detection,confirmed
SID0322-PF02457,SID0322,SID0322-G01,PVC,,Vinyl,yes,field_detection,confirmed
SID0322-PF02458,SID0322,SID0322-G01,PP,,Polyolefin,yes,field_detection,confirmed
SID0322-PF02459,SID0322,SID0322-G01,OTHER,,Other,yes,field_detection,confirmed
SID0322-PF02460,SID0322,SID0322-G01,PET,PEST,Polyester,yes,field_detection,confirmed
SID0322-PF02461,SID0322,SID0322-G02,PVC,,Vinyl,yes,field_detection,confirmed
SID0322-PF02462,SID0322,SID0322-G02,PP,,Polyolefin,yes,field_detection,confirmed
SID0322-PF02463,SID0322,SID0322-G02,OTHER,,Other,yes,field_detection,confirmed
SID0322-PF02464,SID0322,SID0322-G02,PET,PEST,Polyester,yes,field_detection,confirmed
SID0322-PF02465,SID0322,SID0322-G03,PVC,,Vinyl,yes,field_detection,confirmed
SID0322-PF02466,SID0322,SID0322-G03,PP,,Polyolefin,yes,field_detection,confirmed
SID0322-PF02467,SID0322,SID0322-G03,OTHER,,Other,yes,field_detection,confirmed
SID0322-PF02468,SID0322,SID0322-G03,PET,PEST,Polyester,yes,field_detection,confirmed
SID0323-PF02469,SID0323,SID0323-G01,PA,,Polyamide,yes,field_detection,confirmed
SID0323-PF02470,SID0323,SID0323-G02,PA,,Polyamide,yes,field_detection,confirmed
SID0323-PF02471,SID0323,SID0323-G03,PA,,Polyamide,yes,field_detection,confirmed
SID0323-PF02472,SID0323,SID0323-G04,PA,,Polyamide,yes,field_detection,confirmed
SID0323-PF02473,SID0323,SID0323-G05,PA,,Polyamide,yes,field_detection,confirmed
SID0323-PF02474,SID0323,SID0323-G06,PA,,Polyamide,yes,field_detection,confirmed
SID0323-PF02475,SID0323,SID0323-G01,PU,,Polyurethane,yes,field_detection,confirmed
SID0323-PF02476,SID0323,SID0323-G02,PU,,Polyurethane,yes,field_detection,confirmed
SID0323-PF02477,SID0323,SID0323-G03,PU,,Polyurethane,yes,field_detection,confirmed
SID0323-PF02478,SID0323,SID0323-G04,PU,,Polyurethane,yes,field_detection,confirmed
SID0323-PF02479,SID0323,SID0323-G05,PU,,Polyurethane,yes,field_detection,confirmed
SID0323-PF02480,SID0323,SID0323-G06,PU,,Polyurethane,yes,field_detection,confirmed
SID0323-PF02481,SID0323,SID0323-G01,PET,PEST,Polyester,yes,field_detection,confirmed
SID0323-PF02482,SID0323,SID0323-G02,PET,PEST,Polyester,yes,field_detection,confirmed
SID0323-PF02483,SID0323,SID0323-G03,PET,PEST,Polyester,yes,field_detection,confirmed
SID0323-PF02484,SID0323,SID0323-G04,PET,PEST,Polyester,yes,field_detection,confirmed
SID0323-PF02485,SID0323,SID0323-G05,PET,PEST,Polyester,yes,field_detection,confirmed
SID0323-PF02486,SID0323,SID0323-G06,PET,PEST,Polyester,yes,field_detection,confirmed
SID0323-PF02487,SID0323,SID0323-G01,PE-CL,PE,Polyolefin,yes,field_detection,confirmed
SID0323-PF02488,SID0323,SID0323-G02,PE-CL,PE,Polyolefin,yes,field_detection,confirmed
SID0323-PF02489,SID0323,SID0323-G03,PE-CL,PE,Polyolefin,yes,field_detection,confirmed
SID0323-PF02490,SID0323,SID0323-G04,PE-CL,PE,Polyolefin,yes,field_detection,confirmed
SID0323-PF02491,SID0323,SID0323-G05,PE-CL,PE,Polyolefin,yes,field_detection,confirmed
SID0323-PF02492,SID0323,SID0323-G06,PE-CL,PE,Polyolefin,yes,field_detection,confirmed
SID0323-PF02493,SID0323,SID0323-G01,PE,,Polyolefin,yes,field_detection,confirmed
SID0323-PF02494,SID0323,SID0323-G02,PE,,Polyolefin,yes,field_detection,confirmed
SID0323-PF02495,SID0323,SID0323-G03,PE,,Polyolefin,yes,field_detection,confirmed
SID0323-PF02496,SID0323,SID0323-G04,PE,,Polyolefin,yes,field_detection,confirmed
SID0323-PF02497,SID0323,SID0323-G05,PE,,Polyolefin,yes,field_detection,confirmed
SID0323-PF02498,SID0323,SID0323-G06,PE,,Polyolefin,yes,field_detection,confirmed
SID0323-PF02499,SID0323,SID0323-G01,PMMA,ACR,Acrylic,yes,field_detection,confirmed
SID0323-PF02500,SID0323,SID0323-G02,PMMA,ACR,Acrylic,yes,field_detection,confirmed
SID0323-PF02501,SID0323,SID0323-G03,PMMA,ACR,Acrylic,yes,field_detection,confirmed
SID0323-PF02502,SID0323,SID0323-G05,PMMA,ACR,Acrylic,yes,field_detection,confirmed
SID0323-PF02503,SID0323,SID0323-G01,ACR,,Acrylic,yes,field_detection,confirmed
SID0323-PF02504,SID0323,SID0323-G02,ACR,,Acrylic,yes,field_detection,confirmed
SID0323-PF02505,SID0323,SID0323-G03,ACR,,Acrylic,yes,field_detection,confirmed
SID0323-PF02506,SID0323,SID0323-G04,ACR,,Acrylic,yes,field_detection,confirmed
SID0323-PF02507,SID0323,SID0323-G05,ACR,,Acrylic,yes,field_detection,confirmed
SID0323-PF02508,SID0323,SID0323-G06,ACR,,Acrylic,yes,field_detection,confirmed
SID0323-PF02509,SID0323,SID0323-G01,PP,,Polyolefin,yes,field_detection,confirmed
SID0323-PF02510,SID0323,SID0323-G02,PP,,Polyolefin,yes,field_detection,confirmed
SID0323-PF02511,SID0323,SID0323-G03,PP,,Polyolefin,yes,field_detection,confirmed
SID0323-PF02512,SID0323,SID0323-G04,PP,,Polyolefin,yes,field_detection,confirmed
SID0323-PF02513,SID0323,SID0323-G05,PP,,Polyolefin,yes,field_detection,confirmed
SID0323-PF02514,SID0323,SID0323-G06,PP,,Polyolefin,yes,field_detection,confirmed
SID0323-PF02515,SID0323,SID0323-G01,FKM,,Elastomer,yes,field_detection,confirmed
SID0323-PF02516,SID0323,SID0323-G02,FKM,,Elastomer,yes,field_detection,confirmed
SID0323-PF02517,SID0323,SID0323-G03,FKM,,Elastomer,yes,field_detection,confirmed
SID0323-PF02518,SID0323,SID0323-G04,FKM,,Elastomer,yes,field_detection,confirmed
SID0323-PF02519,SID0323,SID0323-G05,FKM,,Elastomer,yes,field_detection,confirmed
SID0323-PF02520,SID0323,SID0323-G06,FKM,,Elastomer,yes,field_detection,confirmed
SID0323-PF02521,SID0323,SID0323-G01,PS,,Styrenic,yes,field_detection,confirmed
SID0323-PF02522,SID0323,SID0323-G03,PS,,Styrenic,yes,field_detection,confirmed
SID0323-PF02523,SID0323,SID0323-G01,PVC,,Vinyl,yes,field_detection,confirmed
SID0323-PF02524,SID0323,SID0323-G04,PVC,,Vinyl,yes,field_detection,confirmed
SID0323-PF02525,SID0323,SID0323-G06,PVC,,Vinyl,yes,field_detection,confirmed
SID0323-PF02526,SID0323,SID0323-G01,PB,,Elastomer,yes,field_detection,confirmed
SID0323-PF02527,SID0323,SID0323-G03,PB,,Elastomer,yes,field_detection,confirmed
SID0323-PF02528,SID0323,SID0323-G04,PB,,Elastomer,yes,field_detection,confirmed
SID0323-PF02529,SID0323,SID0323-G06,PB,,Elastomer,yes,field_detection,confirmed
SID0324-PF02530,SID0324,SID0324-G01,PVC,,Vinyl,yes,field_detection,confirmed
SID0324-PF02531,SID0324,SID0324-G01,PET,PEST,Polyester,yes,field_detection,confirmed
SID0324-PF02532,SID0324,SID0324-G01,PP,,Polyolefin,yes,field_detection,confirmed
SID0324-PF02533,SID0324,SID0324-G01,OTHER,,Other,yes,field_detection,confirmed
SID0325-PF02534,SID0325,SID0325-G01,PS,,Styrenic,yes,field_detection,confirmed
SID0325-PF02535,SID0325,SID0325-G01,PE,,Polyolefin,yes,field_detection,confirmed
SID0325-PF02536,SID0325,SID0325-G01,PP,,Polyolefin,yes,field_detection,confirmed
SID0325-PF02537,SID0325,SID0325-G01,PMMA,ACR,Acrylic,yes,field_detection,confirmed
SID0325-PF02538,SID0325,SID0325-G01,PVC,,Vinyl,yes,field_detection,confirmed
SID0325-PF02539,SID0325,SID0325-G01,PET,PEST,Polyester,yes,field_detection,confirmed
SID0325-PF02540,SID0325,SID0325-G01,PA66,PA,Polyamide,yes,field_detection,confirmed
SID0327-PF02541,SID0327,SID0327-G01,PE,,Polyolefin,yes,field_detection,confirmed
SID0327-PF02542,SID0327,SID0327-G02,PE,,Polyolefin,yes,field_detection,confirmed
SID0327-PF02543,SID0327,SID0327-G01,PA66,PA,Polyamide,yes,field_detection,confirmed
SID0327-PF02544,SID0327,SID0327-G01,PVC,,Vinyl,yes,field_detection,confirmed
SID0327-PF02545,SID0327,SID0327-G02,PA66,PA,Polyamide,yes,field_detection,confirmed
SID0327-PF02546,SID0327,SID0327-G02,PVC,,Vinyl,yes,field_detection,confirmed
SID0327-PF02547,SID0327,SID0327-G02,PP,,Polyolefin,yes,field_detection,confirmed
SID0327-PF02548,SID0327,SID0327-G01,EVA,,Polyolefin,yes,field_detection,tentative
SID0327-PF02549,SID0327,SID0327-G01,PET,PEST,Polyester,yes,field_detection,tentative
SID0327-PF02550,SID0327,SID0327-G01,PP,,Polyolefin,yes,field_detection,tentative
SID0327-PF02551,SID0327,SID0327-G01,PS,,Styrenic,yes,field_detection,tentative
SID0327-PF02552,SID0327,SID0327-G01,ABS,,Styrenic,yes,field_detection,tentative
SID0327-PF02553,SID0327,SID0327-G01,OTHER,,Other,yes,field_detection,tentative
SID0327-PF02554,SID0327,SID0327-G01,PLA,PEST,Polyester (bio-based),yes,field_detection,tentative
SID0327-PF02555,SID0327,SID0327-G02,OTHER,,Other,yes,field_detection,tentative
SID0327-PF02556,SID0327,SID0327-G02,PIB,,Elastomer,yes,field_detection,tentative
SID0327-PF02557,SID0327,SID0327-G02,SBR,,Elastomer,yes,field_detection,tentative
SID0327-PF02558,SID0327,SID0327-G02,PLA,PEST,Polyester (bio-based),yes,field_detection,tentative
SID0327-PF02559,SID0327,SID0327-G02,PU,,Polyurethane,yes,field_detection,tentative
SID0328-PF02560,SID0328,SID0328-G01,PVC,,Vinyl,yes,field_detection,confirmed
SID0328-PF02561,SID0328,SID0328-G01,PP,,Polyolefin,yes,field_detection,confirmed
SID0328-PF02562,SID0328,SID0328-G01,OTHER,,Other,yes,field_detection,confirmed
SID0329-PF02563,SID0329,SID0329-G01,PMMA,ACR,Acrylic,yes,target_not_detected,not_detected
SID0329-PF02564,SID0329,SID0329-G02,PMMA,ACR,Acrylic,yes,target_not_detected,not_detected
SID0329-PF02565,SID0329,SID0329-G01,PET,PEST,Polyester,yes,target_not_detected,not_detected
SID0329-PF02566,SID0329,SID0329-G02,PET,PEST,Polyester,yes,target_not_detected,not_detected
SID0329-PF02567,SID0329,SID0329-G01,PA6,PA,Polyamide,yes,target_not_detected,not_detected
SID0329-PF02568,SID0329,SID0329-G02,PA6,PA,Polyamide,yes,target_not_detected,not_detected
SID0329-PF02569,SID0329,SID0329-G01,PA66,PA,Polyamide,yes,target_not_detected,not_detected
SID0329-PF02570,SID0329,SID0329-G02,PA66,PA,Polyamide,yes,target_not_detected,not_detected
SID0329-PF02571,SID0329,SID0329-G01,PLA,PEST,Polyester (bio-based),yes,target_not_detected,not_detected
SID0329-PF02572,SID0329,SID0329-G02,PLA,PEST,Polyester (bio-based),yes,target_not_detected,not_detected
SID0329-PF02573,SID0329,SID0329-G01,PBAT,PEST,Polyester,yes,target_not_detected,not_detected
SID0329-PF02574,SID0329,SID0329-G02,PBAT,PEST,Polyester,yes,target_not_detected,not_detected
SID0329-PF02575,SID0329,SID0329-G02,PS,,Styrenic,yes,target_not_detected,not_detected
SID0329-PF02576,SID0329,SID0329-G02,PP,,Polyolefin,yes,target_not_detected,not_detected
SID0329-PF02577,SID0329,SID0329-G02,PC,,Polycarbonate,yes,target_not_detected,not_detected
SID0330-PF02578,SID0330,SID0330-G01,PVC,,Vinyl,yes,field_detection,confirmed
SID0330-PF02579,SID0330,SID0330-G02,PVC,,Vinyl,yes,field_detection,confirmed
SID0330-PF02580,SID0330,SID0330-G03,PVC,,Vinyl,yes,field_detection,confirmed
SID0330-PF02581,SID0330,SID0330-G04,PVC,,Vinyl,yes,field_detection,confirmed
SID0330-PF02582,SID0330,SID0330-G05,PVC,,Vinyl,yes,field_detection,confirmed
SID0330-PF02583,SID0330,SID0330-G06,PVC,,Vinyl,yes,field_detection,confirmed
SID0330-PF02584,SID0330,SID0330-G01,PA66,PA,Polyamide,yes,field_detection,confirmed
SID0330-PF02585,SID0330,SID0330-G02,PA66,PA,Polyamide,yes,field_detection,confirmed
SID0330-PF02586,SID0330,SID0330-G03,PA66,PA,Polyamide,yes,field_detection,confirmed
SID0330-PF02587,SID0330,SID0330-G04,PA66,PA,Polyamide,yes,field_detection,confirmed
SID0330-PF02588,SID0330,SID0330-G05,PA66,PA,Polyamide,yes,field_detection,confirmed
SID0330-PF02589,SID0330,SID0330-G06,PA66,PA,Polyamide,yes,field_detection,confirmed
SID0330-PF02590,SID0330,SID0330-G01,PE,,Polyolefin,yes,field_detection,confirmed
SID0330-PF02591,SID0330,SID0330-G02,PE,,Polyolefin,yes,field_detection,confirmed
SID0330-PF02592,SID0330,SID0330-G03,PE,,Polyolefin,yes,field_detection,confirmed
SID0330-PF02593,SID0330,SID0330-G04,PE,,Polyolefin,yes,field_detection,confirmed
SID0330-PF02594,SID0330,SID0330-G05,PE,,Polyolefin,yes,field_detection,confirmed
SID0330-PF02595,SID0330,SID0330-G06,PE,,Polyolefin,yes,field_detection,confirmed
SID0330-PF02596,SID0330,SID0330-G01,PP,,Polyolefin,yes,field_detection,confirmed
SID0330-PF02597,SID0330,SID0330-G02,PP,,Polyolefin,yes,field_detection,confirmed
SID0330-PF02598,SID0330,SID0330-G03,PP,,Polyolefin,yes,field_detection,confirmed
SID0330-PF02599,SID0330,SID0330-G04,PP,,Polyolefin,yes,field_detection,confirmed
SID0330-PF02600,SID0330,SID0330-G05,PP,,Polyolefin,yes,field_detection,confirmed
SID0330-PF02601,SID0330,SID0330-G06,PP,,Polyolefin,yes,field_detection,confirmed
SID0330-PF02602,SID0330,SID0330-G01,PS,,Styrenic,yes,field_detection,confirmed
SID0330-PF02603,SID0330,SID0330-G02,PS,,Styrenic,yes,field_detection,confirmed
SID0330-PF02604,SID0330,SID0330-G03,PS,,Styrenic,yes,field_detection,confirmed
SID0330-PF02605,SID0330,SID0330-G04,PS,,Styrenic,yes,field_detection,confirmed
SID0330-PF02606,SID0330,SID0330-G05,PS,,Styrenic,yes,field_detection,confirmed
SID0330-PF02607,SID0330,SID0330-G06,PS,,Styrenic,yes,field_detection,confirmed
SID0330-PF02608,SID0330,SID0330-G01,PET,PEST,Polyester,yes,target_not_detected,not_detected
SID0330-PF02609,SID0330,SID0330-G01,PMMA,ACR,Acrylic,yes,target_not_detected,not_detected
SID0330-PF02610,SID0330,SID0330-G01,PC,,Polycarbonate,yes,target_not_detected,not_detected
SID0330-PF02611,SID0330,SID0330-G01,PA6,PA,Polyamide,yes,target_not_detected,not_detected
SID0330-PF02612,SID0330,SID0330-G01,PLA,PEST,Polyester (bio-based),yes,target_not_detected,not_detected
SID0330-PF02613,SID0330,SID0330-G01,PBAT,PEST,Polyester,yes,target_not_detected,not_detected
SID0330-PF02614,SID0330,SID0330-G02,PET,PEST,Polyester,yes,target_not_detected,not_detected
SID0330-PF02615,SID0330,SID0330-G02,PMMA,ACR,Acrylic,yes,target_not_detected,not_detected
SID0330-PF02616,SID0330,SID0330-G02,PC,,Polycarbonate,yes,target_not_detected,not_detected
SID0330-PF02617,SID0330,SID0330-G02,PA6,PA,Polyamide,yes,target_not_detected,not_detected
SID0330-PF02618,SID0330,SID0330-G02,PLA,PEST,Polyester (bio-based),yes,target_not_detected,not_detected
SID0330-PF02619,SID0330,SID0330-G02,PBAT,PEST,Polyester,yes,target_not_detected,not_detected
SID0330-PF02620,SID0330,SID0330-G03,PET,PEST,Polyester,yes,target_not_detected,not_detected
SID0330-PF02621,SID0330,SID0330-G03,PMMA,ACR,Acrylic,yes,target_not_detected,not_detected
SID0330-PF02622,SID0330,SID0330-G03,PC,,Polycarbonate,yes,target_not_detected,not_detected
SID0330-PF02623,SID0330,SID0330-G03,PA6,PA,Polyamide,yes,target_not_detected,not_detected
SID0330-PF02624,SID0330,SID0330-G03,PLA,PEST,Polyester (bio-based),yes,target_not_detected,not_detected
SID0330-PF02625,SID0330,SID0330-G03,PBAT,PEST,Polyester,yes,target_not_detected,not_detected
SID0330-PF02626,SID0330,SID0330-G04,PET,PEST,Polyester,yes,target_not_detected,not_detected
SID0330-PF02627,SID0330,SID0330-G04,PMMA,ACR,Acrylic,yes,target_not_detected,not_detected
SID0330-PF02628,SID0330,SID0330-G04,PC,,Polycarbonate,yes,target_not_detected,not_detected
SID0330-PF02629,SID0330,SID0330-G04,PA6,PA,Polyamide,yes,target_not_detected,not_detected
SID0330-PF02630,SID0330,SID0330-G04,PLA,PEST,Polyester (bio-based),yes,target_not_detected,not_detected
SID0330-PF02631,SID0330,SID0330-G04,PBAT,PEST,Polyester,yes,target_not_detected,not_detected
SID0330-PF02632,SID0330,SID0330-G05,PET,PEST,Polyester,yes,target_not_detected,not_detected
SID0330-PF02633,SID0330,SID0330-G05,PMMA,ACR,Acrylic,yes,target_not_detected,not_detected
SID0330-PF02634,SID0330,SID0330-G05,PC,,Polycarbonate,yes,target_not_detected,not_detected
SID0330-PF02635,SID0330,SID0330-G05,PA6,PA,Polyamide,yes,target_not_detected,not_detected
SID0330-PF02636,SID0330,SID0330-G05,PLA,PEST,Polyester (bio-based),yes,target_not_detected,not_detected
SID0330-PF02637,SID0330,SID0330-G05,PBAT,PEST,Polyester,yes,target_not_detected,not_detected
SID0330-PF02638,SID0330,SID0330-G06,PET,PEST,Polyester,yes,target_not_detected,not_detected
SID0330-PF02639,SID0330,SID0330-G06,PMMA,ACR,Acrylic,yes,target_not_detected,not_detected
SID0330-PF02640,SID0330,SID0330-G06,PC,,Polycarbonate,yes,target_not_detected,not_detected
SID0330-PF02641,SID0330,SID0330-G06,PA6,PA,Polyamide,yes,target_not_detected,not_detected
SID0330-PF02642,SID0330,SID0330-G06,PLA,PEST,Polyester (bio-based),yes,target_not_detected,not_detected
SID0330-PF02643,SID0330,SID0330-G06,PBAT,PEST,Polyester,yes,target_not_detected,not_detected
SID0332-PF02644,SID0332,SID0332-G01,PS,,Styrenic,yes,field_detection,confirmed
SID0332-PF02645,SID0332,SID0332-G01,PE,,Polyolefin,yes,field_detection,confirmed
SID0332-PF02646,SID0332,SID0332-G01,PP,,Polyolefin,yes,field_detection,confirmed
SID0332-PF02647,SID0332,SID0332-G01,PVC,,Vinyl,yes,field_detection,confirmed
SID0332-PF02648,SID0332,SID0332-G01,PMMA,ACR,Acrylic,yes,target_not_detected,not_detected
SID0332-PF02649,SID0332,SID0332-G01,PC,,Polycarbonate,yes,target_not_detected,not_detected
SID0332-PF02650,SID0332,SID0332-G01,PET,PEST,Polyester,yes,target_not_detected,not_detected
SID0332-PF02651,SID0332,SID0332-G01,PA6,PA,Polyamide,yes,target_not_detected,not_detected
SID0332-PF02652,SID0332,SID0332-G01,PA66,PA,Polyamide,yes,target_not_detected,not_detected
SID0332-PF02653,SID0332,SID0332-G01,PLA,PEST,Polyester (bio-based),yes,target_not_detected,not_detected
SID0332-PF02654,SID0332,SID0332-G01,PBAT,PEST,Polyester,yes,target_not_detected,not_detected
SID0333-PF02655,SID0333,SID0333-G03,PE,,Polyolefin,yes,field_detection,confirmed
SID0333-PF02656,SID0333,SID0333-G03,PP,,Polyolefin,yes,field_detection,confirmed
SID0333-PF02657,SID0333,SID0333-G03,EPM,,Polyolefin,yes,field_detection,confirmed
SID0333-PF02658,SID0333,SID0333-G04,PE,,Polyolefin,yes,field_detection,confirmed
SID0333-PF02659,SID0333,SID0333-G04,PP,,Polyolefin,yes,field_detection,confirmed
SID0333-PF02660,SID0333,SID0333-G04,EPM,,Polyolefin,yes,field_detection,confirmed
SID0333-PF02661,SID0333,SID0333-G01,PE,,Polyolefin,yes,field_detection,confirmed
SID0333-PF02662,SID0333,SID0333-G01,PP,,Polyolefin,yes,field_detection,confirmed
SID0333-PF02663,SID0333,SID0333-G01,EPM,,Polyolefin,yes,field_detection,confirmed
SID0333-PF02664,SID0333,SID0333-G01,EVA,,Polyolefin,yes,field_detection,confirmed
SID0333-PF02665,SID0333,SID0333-G01,PA,,Polyamide,yes,field_detection,confirmed
SID0333-PF02666,SID0333,SID0333-G02,PE,,Polyolefin,yes,field_detection,confirmed
SID0333-PF02667,SID0333,SID0333-G02,PP,,Polyolefin,yes,field_detection,confirmed
SID0333-PF02668,SID0333,SID0333-G02,EPM,,Polyolefin,yes,field_detection,confirmed
SID0333-PF02669,SID0333,SID0333-G02,ABS,,Styrenic,yes,field_detection,confirmed
SID0334-PF02670,SID0334,SID0334-G01,PE,,Polyolefin,yes,field_detection,confirmed
SID0334-PF02671,SID0334,SID0334-G02,PE,,Polyolefin,yes,field_detection,confirmed
SID0334-PF02672,SID0334,SID0334-G03,PE,,Polyolefin,yes,field_detection,confirmed
SID0334-PF02673,SID0334,SID0334-G04,PE,,Polyolefin,yes,field_detection,confirmed
SID0334-PF02674,SID0334,SID0334-G01,PP,,Polyolefin,yes,field_detection,confirmed
SID0334-PF02675,SID0334,SID0334-G02,PP,,Polyolefin,yes,field_detection,confirmed
SID0334-PF02676,SID0334,SID0334-G03,PP,,Polyolefin,yes,field_detection,confirmed
SID0334-PF02677,SID0334,SID0334-G04,PP,,Polyolefin,yes,field_detection,confirmed
SID0334-PF02678,SID0334,SID0334-G01,EPM,,Polyolefin,yes,field_detection,confirmed
SID0334-PF02679,SID0334,SID0334-G02,EPM,,Polyolefin,yes,field_detection,confirmed
SID0334-PF02680,SID0334,SID0334-G03,EPM,,Polyolefin,yes,field_detection,confirmed
SID0334-PF02681,SID0334,SID0334-G04,EPM,,Polyolefin,yes,field_detection,confirmed
SID0334-PF02682,SID0334,SID0334-G01,PS,,Styrenic,yes,field_detection,confirmed
SID0334-PF02683,SID0334,SID0334-G02,PS,,Styrenic,yes,field_detection,confirmed
SID0334-PF02684,SID0334,SID0334-G03,PS,,Styrenic,yes,field_detection,confirmed
SID0334-PF02685,SID0334,SID0334-G04,PS,,Styrenic,yes,field_detection,confirmed
SID0334-PF02686,SID0334,SID0334-G01,PA,,Polyamide,yes,field_detection,confirmed
SID0334-PF02687,SID0334,SID0334-G02,PA,,Polyamide,yes,field_detection,confirmed
SID0334-PF02688,SID0334,SID0334-G03,PA,,Polyamide,yes,field_detection,confirmed
SID0334-PF02689,SID0334,SID0334-G04,PA,,Polyamide,yes,field_detection,confirmed
SID0334-PF02690,SID0334,SID0334-G04,PVC,,Vinyl,yes,field_detection,confirmed
SID0334-PF02691,SID0334,SID0334-G04,PU,,Polyurethane,yes,field_detection,confirmed
SID0334-PF02692,SID0334,SID0334-G04,EVA,,Polyolefin,yes,field_detection,confirmed
SID0334-PF02693,SID0334,SID0334-G04,PET,PEST,Polyester,yes,field_detection,confirmed
SID0335-PF02694,SID0335,SID0335-G01,PE,,Polyolefin,yes,field_detection,confirmed
SID0335-PF02695,SID0335,SID0335-G01,PE-CL,PE,Polyolefin,yes,field_detection,confirmed
SID0335-PF02696,SID0335,SID0335-G01,PA,,Polyamide,yes,field_detection,confirmed
SID0335-PF02697,SID0335,SID0335-G01,PU,,Polyurethane,yes,field_detection,confirmed
SID0335-PF02698,SID0335,SID0335-G01,PP,,Polyolefin,yes,field_detection,confirmed
SID0335-PF02699,SID0335,SID0335-G01,EVA,,Polyolefin,yes,field_detection,confirmed
SID0335-PF02700,SID0335,SID0335-G01,OTHER,,Other,yes,field_detection,confirmed
SID0335-PF02701,SID0335,SID0335-G01,PET,PEST,Polyester,yes,field_detection,confirmed
SID0335-PF02702,SID0335,SID0335-G01,PVC,,Vinyl,yes,field_detection,confirmed
SID0336-PF02703,SID0336,SID0336-G01,PP,,Polyolefin,yes,target_not_detected,not_detected
SID0336-PF02704,SID0336,SID0336-G01,PET,PEST,Polyester,yes,field_detection,confirmed
SID0336-PF02705,SID0336,SID0336-G01,PS,,Styrenic,yes,field_detection,confirmed
SID0336-PF02706,SID0336,SID0336-G01,PE,,Polyolefin,yes,field_detection,confirmed
SID0336-PF02707,SID0336,SID0336-G01,PA,,Polyamide,yes,field_detection,confirmed
SID0336-PF02708,SID0336,SID0336-G01,PC,,Polycarbonate,yes,field_detection,confirmed
SID0336-PF02709,SID0336,SID0336-G01,PVC,,Vinyl,yes,field_detection,confirmed
SID0336-PF02710,SID0336,SID0336-G01,PU,,Polyurethane,yes,field_detection,confirmed
SID0336-PF02711,SID0336,SID0336-G01,PMMA,ACR,Acrylic,yes,target_not_detected,not_detected
SID0336-PF02712,SID0336,SID0336-G02,PP,,Polyolefin,yes,field_detection,confirmed
SID0336-PF02713,SID0336,SID0336-G02,PET,PEST,Polyester,yes,field_detection,confirmed
SID0336-PF02714,SID0336,SID0336-G02,PS,,Styrenic,yes,target_not_detected,not_detected
SID0336-PF02715,SID0336,SID0336-G02,PE,,Polyolefin,yes,field_detection,confirmed
SID0336-PF02716,SID0336,SID0336-G02,PA,,Polyamide,yes,field_detection,confirmed
SID0336-PF02717,SID0336,SID0336-G02,PC,,Polycarbonate,yes,target_not_detected,not_detected
SID0336-PF02718,SID0336,SID0336-G02,PVC,,Vinyl,yes,target_not_detected,not_detected
SID0336-PF02719,SID0336,SID0336-G02,PU,,Polyurethane,yes,field_detection,confirmed
SID0336-PF02720,SID0336,SID0336-G02,PMMA,ACR,Acrylic,yes,field_detection,confirmed
SID0336-PF02721,SID0336,SID0336-G03,PP,,Polyolefin,yes,target_not_detected,not_detected
SID0336-PF02722,SID0336,SID0336-G03,PET,PEST,Polyester,yes,field_detection,confirmed
SID0336-PF02723,SID0336,SID0336-G03,PS,,Styrenic,yes,field_detection,confirmed
SID0336-PF02724,SID0336,SID0336-G03,PE,,Polyolefin,yes,field_detection,confirmed
SID0336-PF02725,SID0336,SID0336-G03,PA,,Polyamide,yes,field_detection,confirmed
SID0336-PF02726,SID0336,SID0336-G03,PC,,Polycarbonate,yes,target_not_detected,not_detected
SID0336-PF02727,SID0336,SID0336-G03,PVC,,Vinyl,yes,field_detection,confirmed
SID0336-PF02728,SID0336,SID0336-G03,PU,,Polyurethane,yes,field_detection,confirmed
SID0336-PF02729,SID0336,SID0336-G03,PMMA,ACR,Acrylic,yes,field_detection,confirmed
SID0336-PF02730,SID0336,SID0336-G04,PP,,Polyolefin,yes,target_not_detected,not_detected
SID0336-PF02731,SID0336,SID0336-G04,PET,PEST,Polyester,yes,field_detection,confirmed
SID0336-PF02732,SID0336,SID0336-G04,PS,,Styrenic,yes,target_not_detected,not_detected
SID0336-PF02733,SID0336,SID0336-G04,PE,,Polyolefin,yes,field_detection,confirmed
SID0336-PF02734,SID0336,SID0336-G04,PA,,Polyamide,yes,field_detection,confirmed
SID0336-PF02735,SID0336,SID0336-G04,PC,,Polycarbonate,yes,target_not_detected,not_detected
SID0336-PF02736,SID0336,SID0336-G04,PVC,,Vinyl,yes,target_not_detected,not_detected
SID0336-PF02737,SID0336,SID0336-G04,PU,,Polyurethane,yes,target_not_detected,not_detected
SID0336-PF02738,SID0336,SID0336-G04,PMMA,ACR,Acrylic,yes,target_not_detected,not_detected
SID0336-PF02739,SID0336,SID0336-G05,PP,,Polyolefin,yes,field_detection,confirmed
SID0336-PF02740,SID0336,SID0336-G05,PET,PEST,Polyester,yes,field_detection,confirmed
SID0336-PF02741,SID0336,SID0336-G05,PS,,Styrenic,yes,target_not_detected,not_detected
SID0336-PF02742,SID0336,SID0336-G05,PE,,Polyolefin,yes,field_detection,confirmed
SID0336-PF02743,SID0336,SID0336-G05,PA,,Polyamide,yes,field_detection,confirmed
SID0336-PF02744,SID0336,SID0336-G05,PC,,Polycarbonate,yes,target_not_detected,not_detected
SID0336-PF02745,SID0336,SID0336-G05,PVC,,Vinyl,yes,field_detection,confirmed
SID0336-PF02746,SID0336,SID0336-G05,PU,,Polyurethane,yes,field_detection,confirmed
SID0336-PF02747,SID0336,SID0336-G05,PMMA,ACR,Acrylic,yes,field_detection,confirmed
SID0336-PF02748,SID0336,SID0336-G06,PP,,Polyolefin,yes,field_detection,confirmed
SID0336-PF02749,SID0336,SID0336-G06,PET,PEST,Polyester,yes,field_detection,confirmed
SID0336-PF02750,SID0336,SID0336-G06,PS,,Styrenic,yes,target_not_detected,not_detected
SID0336-PF02751,SID0336,SID0336-G06,PE,,Polyolefin,yes,field_detection,confirmed
SID0336-PF02752,SID0336,SID0336-G06,PA,,Polyamide,yes,field_detection,confirmed
SID0336-PF02753,SID0336,SID0336-G06,PC,,Polycarbonate,yes,target_not_detected,not_detected
SID0336-PF02754,SID0336,SID0336-G06,PVC,,Vinyl,yes,field_detection,confirmed
SID0336-PF02755,SID0336,SID0336-G06,PU,,Polyurethane,yes,target_not_detected,not_detected
SID0336-PF02756,SID0336,SID0336-G06,PMMA,ACR,Acrylic,yes,field_detection,confirmed
SID0337-PF02757,SID0337,SID0337-G01,PS,,Styrenic,yes,target_not_detected,not_detected
SID0337-PF02758,SID0337,SID0337-G01,PE,,Polyolefin,yes,field_detection,confirmed
SID0337-PF02759,SID0337,SID0337-G01,PVC,,Vinyl,yes,field_detection,confirmed
SID0337-PF02760,SID0337,SID0337-G01,PA66,PA,Polyamide,yes,field_detection,confirmed
SID0337-PF02761,SID0337,SID0337-G01,PMMA,ACR,Acrylic,yes,target_not_detected,not_detected
SID0337-PF02762,SID0337,SID0337-G02,PS,,Styrenic,yes,field_detection,confirmed
SID0337-PF02763,SID0337,SID0337-G02,PE,,Polyolefin,yes,target_not_detected,not_detected
SID0337-PF02764,SID0337,SID0337-G02,PVC,,Vinyl,yes,field_detection,confirmed
SID0337-PF02765,SID0337,SID0337-G02,PA66,PA,Polyamide,yes,field_detection,confirmed
SID0337-PF02766,SID0337,SID0337-G02,PMMA,ACR,Acrylic,yes,field_detection,confirmed
SID0337-PF02767,SID0337,SID0337-G03,PVC,,Vinyl,yes,field_detection,confirmed
SID0337-PF02768,SID0337,SID0337-G01,PLA,PEST,Polyester (bio-based),yes,target_not_detected,not_detected
SID0337-PF02769,SID0337,SID0337-G02,PLA,PEST,Polyester (bio-based),yes,target_not_detected,not_detected
SID0337-PF02770,SID0337,SID0337-G03,PLA,PEST,Polyester (bio-based),yes,target_not_detected,not_detected
SID0337-PF02771,SID0337,SID0337-G01,PBAT,PEST,Polyester,yes,target_not_detected,not_detected
SID0337-PF02772,SID0337,SID0337-G02,PBAT,PEST,Polyester,yes,target_not_detected,not_detected
SID0337-PF02773,SID0337,SID0337-G03,PBAT,PEST,Polyester,yes,target_not_detected,not_detected
SID0337-PF02774,SID0337,SID0337-G04,PVC,,Vinyl,yes,field_detection,confirmed
SID0337-PF02775,SID0337,SID0337-G04,PE,,Polyolefin,yes,field_detection,confirmed
SID0337-PF02776,SID0337,SID0337-G04,PA66,PA,Polyamide,yes,field_detection,confirmed
SID0337-PF02777,SID0337,SID0337-G04,PS,,Styrenic,yes,field_detection,confirmed
SID0337-PF02778,SID0337,SID0337-G05,PA66,PA,Polyamide,yes,field_detection,confirmed
SID0337-PF02779,SID0337,SID0337-G05,PVC,,Vinyl,yes,field_detection,confirmed
SID0337-PF02780,SID0337,SID0337-G05,PE,,Polyolefin,yes,field_detection,confirmed
SID0337-PF02781,SID0337,SID0337-G05,PS,,Styrenic,yes,field_detection,confirmed
SID0337-PF02782,SID0337,SID0337-G06,PVC,,Vinyl,yes,field_detection,confirmed
SID0337-PF02783,SID0337,SID0337-G06,PE,,Polyolefin,yes,field_detection,confirmed
SID0337-PF02784,SID0337,SID0337-G06,PMMA,ACR,Acrylic,yes,field_detection,confirmed
SID0337-PF02785,SID0337,SID0337-G06,PS,,Styrenic,yes,field_detection,confirmed
SID0337-PF02786,SID0337,SID0337-G07,PVC,,Vinyl,yes,field_detection,confirmed
SID0337-PF02787,SID0337,SID0337-G07,PE,,Polyolefin,yes,field_detection,confirmed
SID0337-PF02788,SID0337,SID0337-G07,PS,,Styrenic,yes,field_detection,confirmed
SID0337-PF02789,SID0337,SID0337-G07,PMMA,ACR,Acrylic,yes,field_detection,confirmed
SID0338-PF02790,SID0338,SID0338-G01,PVC,,Vinyl,yes,field_detection,confirmed
SID0338-PF02791,SID0338,SID0338-G01,PP,,Polyolefin,yes,field_detection,confirmed
SID0338-PF02792,SID0338,SID0338-G01,OTHER,,Other,yes,field_detection,confirmed
SID0339-PF02793,SID0339,SID0339-G01,PVC,,Vinyl,yes,field_detection,confirmed
SID0339-PF02794,SID0339,SID0339-G02,PVC,,Vinyl,yes,field_detection,confirmed
SID0339-PF02795,SID0339,SID0339-G01,PA66,PA,Polyamide,yes,field_detection,confirmed
SID0339-PF02796,SID0339,SID0339-G02,PA66,PA,Polyamide,yes,field_detection,confirmed
SID0339-PF02797,SID0339,SID0339-G01,PS,,Styrenic,yes,field_detection,confirmed
SID0339-PF02798,SID0339,SID0339-G01,PP,,Polyolefin,yes,field_detection,confirmed
SID0339-PF02799,SID0339,SID0339-G02,PS,,Styrenic,yes,target_not_detected,not_detected
SID0339-PF02800,SID0339,SID0339-G02,PP,,Polyolefin,yes,target_not_detected,not_detected
SID0339-PF02801,SID0339,SID0339-G01,PE,,Polyolefin,yes,target_not_detected,not_detected
SID0339-PF02802,SID0339,SID0339-G01,PMMA,ACR,Acrylic,yes,target_not_detected,not_detected
SID0339-PF02803,SID0339,SID0339-G01,PC,,Polycarbonate,yes,target_not_detected,not_detected
SID0339-PF02804,SID0339,SID0339-G01,PET,PEST,Polyester,yes,target_not_detected,not_detected
SID0339-PF02805,SID0339,SID0339-G01,PA6,PA,Polyamide,yes,target_not_detected,not_detected
SID0339-PF02806,SID0339,SID0339-G01,PLA,PEST,Polyester (bio-based),yes,target_not_detected,not_detected
SID0339-PF02807,SID0339,SID0339-G01,PBAT,PEST,Polyester,yes,target_not_detected,not_detected
SID0339-PF02808,SID0339,SID0339-G02,PE,,Polyolefin,yes,target_not_detected,not_detected
SID0339-PF02809,SID0339,SID0339-G02,PMMA,ACR,Acrylic,yes,target_not_detected,not_detected
SID0339-PF02810,SID0339,SID0339-G02,PC,,Polycarbonate,yes,target_not_detected,not_detected
SID0339-PF02811,SID0339,SID0339-G02,PET,PEST,Polyester,yes,target_not_detected,not_detected
SID0339-PF02812,SID0339,SID0339-G02,PA6,PA,Polyamide,yes,target_not_detected,not_detected
SID0339-PF02813,SID0339,SID0339-G02,PLA,PEST,Polyester (bio-based),yes,target_not_detected,not_detected
SID0339-PF02814,SID0339,SID0339-G02,PBAT,PEST,Polyester,yes,target_not_detected,not_detected
SID0339-PF02815,SID0339,SID0339-G03,PE,,Polyolefin,yes,field_detection,tentative
SID0339-PF02816,SID0339,SID0339-G03,PU,,Polyurethane,yes,field_detection,tentative
SID0339-PF02817,SID0339,SID0339-G03,PE-CL,PE,Polyolefin,yes,field_detection,tentative
SID0339-PF02818,SID0339,SID0339-G03,PET,PEST,Polyester,yes,field_detection,tentative
SID0339-PF02819,SID0339,SID0339-G03,ACR,,Acrylic,yes,field_detection,tentative
SID0339-PF02820,SID0339,SID0339-G03,FKM,,Elastomer,yes,field_detection,tentative
SID0339-PF02821,SID0339,SID0339-G03,PVC,,Vinyl,yes,field_detection,tentative
SID0339-PF02822,SID0339,SID0339-G03,PMMA,ACR,Acrylic,yes,field_detection,tentative
SID0339-PF02823,SID0339,SID0339-G03,PB,,Elastomer,yes,field_detection,tentative
SID0340-PF02824,SID0340,SID0340-G01,PE,,Polyolefin,yes,field_detection,confirmed
SID0340-PF02825,SID0340,SID0340-G01,PP,,Polyolefin,yes,field_detection,confirmed
SID0340-PF02826,SID0340,SID0340-G01,PVC,,Vinyl,yes,field_detection,confirmed
SID0340-PF02827,SID0340,SID0340-G01,PET,PEST,Polyester,yes,field_detection,confirmed
SID0340-PF02828,SID0340,SID0340-G02,PS,,Styrenic,yes,field_detection,confirmed
SID0340-PF02829,SID0340,SID0340-G02,PE,,Polyolefin,yes,field_detection,confirmed
SID0340-PF02830,SID0340,SID0340-G02,PP,,Polyolefin,yes,field_detection,confirmed
SID0340-PF02831,SID0340,SID0340-G02,PVC,,Vinyl,yes,field_detection,confirmed
SID0340-PF02832,SID0340,SID0340-G02,PET,PEST,Polyester,yes,field_detection,confirmed
SID0340-PF02833,SID0340,SID0340-G02,PA66,PA,Polyamide,yes,field_detection,confirmed
SID0340-PF02834,SID0340,SID0340-G01,PS,,Styrenic,yes,target_not_detected,not_detected
SID0340-PF02835,SID0340,SID0340-G01,PA66,PA,Polyamide,yes,target_not_detected,not_detected
SID0340-PF02836,SID0340,SID0340-G02,PA,,Polyamide,yes,field_detection,confirmed
SID0340-PF02837,SID0340,SID0340-G03,PA,,Polyamide,yes,field_detection,tentative
SID0340-PF02838,SID0340,SID0340-G03,ACR,,Acrylic,yes,field_detection,tentative
SID0340-PF02839,SID0340,SID0340-G03,PE-CL,PE,Polyolefin,yes,field_detection,tentative
SID0340-PF02840,SID0340,SID0340-G03,PU,,Polyurethane,yes,field_detection,tentative
SID0340-PF02841,SID0340,SID0340-G03,PB,,Elastomer,yes,field_detection,tentative
SID0340-PF02842,SID0340,SID0340-G03,PET,PEST,Polyester,yes,field_detection,tentative
SID0340-PF02843,SID0340,SID0340-G03,PVC,,Vinyl,yes,field_detection,tentative
SID0340-PF02844,SID0340,SID0340-G03,FKM,,Elastomer,yes,field_detection,tentative
SID0340-PF02845,SID0340,SID0340-G03,PE,,Polyolefin,yes,field_detection,tentative
SID0340-PF02846,SID0340,SID0340-G03,PLA,PEST,Polyester (bio-based),yes,field_detection,tentative
SID0340-PF02847,SID0340,SID0340-G03,PMMA,ACR,Acrylic,yes,field_detection,tentative
SID0340-PF02848,SID0340,SID0340-G03,PP,,Polyolefin,yes,field_detection,tentative
SID0340-PF02849,SID0340,SID0340-G03,SBR,,Elastomer,yes,field_detection,tentative
SID0340-PF02850,SID0340,SID0340-G03,ABS,,Styrenic,yes,field_detection,tentative
SID0340-PF02851,SID0340,SID0340-G03,PSU,,Sulfone polymer,yes,field_detection,tentative
SID0349-PF02852,SID0349,SID0349-G01,PP,,Polyolefin,yes,field_detection,confirmed
SID0349-PF02853,SID0349,SID0349-G01,PE,,Polyolefin,yes,field_detection,confirmed
SID0349-PF02854,SID0349,SID0349-G01,PEST,,Polyester,yes,field_detection,confirmed
SID0349-PF02855,SID0349,SID0349-G01,PET,PEST,Polyester,yes,field_detection,confirmed
SID0350-PF02856,SID0350,SID0350-G01,PP,,Polyolefin,yes,field_detection,confirmed
SID0350-PF02857,SID0350,SID0350-G02,PP,,Polyolefin,yes,field_detection,confirmed
SID0350-PF02858,SID0350,SID0350-G03,PS,,Styrenic,yes,target_not_detected,not_detected
SID0352-PF02859,SID0352,SID0352-G01,PP,,Polyolefin,yes,field_detection,confirmed
SID0355-PF02860,SID0355,SID0355-G01,ACR,,Acrylic,yes,field_detection,confirmed
SID0355-PF02861,SID0355,SID0355-G01,NBR,,Elastomer,yes,field_detection,confirmed
SID0355-PF02862,SID0355,SID0355-G01,ALK,,Thermoset,yes,field_detection,confirmed
SID0355-PF02863,SID0355,SID0355-G01,EVA,,Polyolefin,yes,field_detection,confirmed
SID0355-PF02864,SID0355,SID0355-G01,POM,,Polyacetal,yes,field_detection,confirmed
SID0355-PF02865,SID0355,SID0355-G01,PB,,Elastomer,yes,field_detection,confirmed
SID0355-PF02866,SID0355,SID0355-G01,PEST,,Polyester,yes,field_detection,confirmed
SID0355-PF02867,SID0355,SID0355-G01,PE,,Polyolefin,yes,field_detection,confirmed
SID0355-PF02868,SID0355,SID0355-G01,PE-CL,PE,Polyolefin,yes,field_detection,confirmed
SID0355-PF02869,SID0355,SID0355-G01,OTHER,,Other,yes,field_detection,confirmed
SID0355-PF02870,SID0355,SID0355-G01,PMMA,ACR,Acrylic,yes,field_detection,confirmed
SID0355-PF02871,SID0355,SID0355-G01,PP,,Polyolefin,yes,field_detection,confirmed
SID0355-PF02872,SID0355,SID0355-G01,PSU,,Sulfone polymer,yes,field_detection,confirmed
SID0355-PF02873,SID0355,SID0355-G01,PU,,Polyurethane,yes,field_detection,confirmed
SID0355-PF02874,SID0355,SID0355-G01,PVOH,,Vinyl,yes,field_detection,confirmed
SID0355-PF02875,SID0355,SID0355-G01,PVC,,Vinyl,yes,field_detection,confirmed
SID0355-PF02876,SID0355,SID0355-G01,PDMS,,Silicone,yes,field_detection,confirmed
SID0355-PF02877,SID0355,SID0355-G01,PC,,Polycarbonate,yes,field_detection,confirmed
SID0355-PF02878,SID0355,SID0355-G01,PTFE,,Fluoropolymer,yes,field_detection,confirmed
SID0356-PF02879,SID0356,SID0356-G01,PET,PEST,Polyester,yes,field_detection,confirmed
SID0357-PF02880,SID0357,SID0357-G01,PET,PEST,Polyester,yes,field_detection,confirmed
SID0357-PF02881,SID0357,SID0357-G01,PE,,Polyolefin,yes,field_detection,confirmed
SID0357-PF02882,SID0357,SID0357-G01,RAYON,,Semi-synthetic cellulose,semi,field_detection,confirmed
SID0357-PF02883,SID0357,SID0357-G01,PEST,,Polyester,yes,field_detection,confirmed
SID0357-PF02884,SID0357,SID0357-G01,PP,,Polyolefin,yes,field_detection,confirmed
SID0357-PF02885,SID0357,SID0357-G01,PA,,Polyamide,yes,field_detection,confirmed
SID0357-PF02886,SID0357,SID0357-G01,PVC,,Vinyl,yes,field_detection,confirmed
SID0357-PF02887,SID0357,SID0357-G01,PS,,Styrenic,yes,field_detection,confirmed
SID0357-PF02888,SID0357,SID0357-G01,PC,,Polycarbonate,yes,field_detection,confirmed
SID0358-PF02889,SID0358,SID0358-G01,PA,,Polyamide,yes,field_detection,confirmed
SID0358-PF02890,SID0358,SID0358-G02,PA,,Polyamide,yes,field_detection,confirmed
SID0358-PF02891,SID0358,SID0358-G01,PU,,Polyurethane,yes,field_detection,confirmed
SID0358-PF02892,SID0358,SID0358-G02,PU,,Polyurethane,yes,field_detection,confirmed
SID0358-PF02893,SID0358,SID0358-G01,PE,,Polyolefin,yes,field_detection,confirmed
SID0358-PF02894,SID0358,SID0358-G02,PE,,Polyolefin,yes,field_detection,confirmed
SID0358-PF02895,SID0358,SID0358-G01,PET,PEST,Polyester,yes,field_detection,confirmed
SID0358-PF02896,SID0358,SID0358-G02,PET,PEST,Polyester,yes,field_detection,confirmed
SID0358-PF02897,SID0358,SID0358-G01,PP,,Polyolefin,yes,field_detection,confirmed
SID0358-PF02898,SID0358,SID0358-G02,PP,,Polyolefin,yes,field_detection,confirmed
SID0358-PF02899,SID0358,SID0358-G01,PVC,,Vinyl,yes,field_detection,confirmed
SID0358-PF02900,SID0358,SID0358-G02,PVC,,Vinyl,yes,field_detection,confirmed
SID0358-PF02901,SID0358,SID0358-G01,POM,,Polyacetal,yes,field_detection,confirmed
SID0358-PF02902,SID0358,SID0358-G02,POM,,Polyacetal,yes,field_detection,confirmed
SID0358-PF02903,SID0358,SID0358-G01,EVA,,Polyolefin,yes,field_detection,confirmed
SID0358-PF02904,SID0358,SID0358-G02,EVA,,Polyolefin,yes,field_detection,confirmed
SID0358-PF02905,SID0358,SID0358-G01,PTFE,,Fluoropolymer,yes,field_detection,confirmed
SID0358-PF02906,SID0358,SID0358-G02,PTFE,,Fluoropolymer,yes,field_detection,confirmed
SID0358-PF02907,SID0358,SID0358-G01,PE-CL,PE,Polyolefin,yes,field_detection,confirmed
SID0358-PF02908,SID0358,SID0358-G02,PE-CL,PE,Polyolefin,yes,field_detection,confirmed
SID0358-PF02909,SID0358,SID0358-G01,PB,,Elastomer,yes,field_detection,confirmed
SID0358-PF02910,SID0358,SID0358-G01,PC,,Polycarbonate,yes,field_detection,confirmed
SID0358-PF02911,SID0358,SID0358-G01,PS,,Styrenic,yes,field_detection,confirmed
SID0358-PF02912,SID0358,SID0358-G02,PS,,Styrenic,yes,field_detection,confirmed
SID0358-PF02913,SID0358,SID0358-G01,PMMA,ACR,Acrylic,yes,field_detection,confirmed
SID0358-PF02914,SID0358,SID0358-G02,PMMA,ACR,Acrylic,yes,field_detection,confirmed
SID0358-PF02915,SID0358,SID0358-G01,PLA,PEST,Polyester (bio-based),yes,field_detection,confirmed
SID0358-PF02916,SID0358,SID0358-G02,PLA,PEST,Polyester (bio-based),yes,field_detection,confirmed
SID0358-PF02917,SID0358,SID0358-G01,PSU,,Sulfone polymer,yes,field_detection,confirmed
SID0358-PF02918,SID0358,SID0358-G02,PSU,,Sulfone polymer,yes,field_detection,confirmed
SID0360-PF02919,SID0360,SID0360-G01,PA,,Polyamide,yes,field_detection,confirmed
SID0360-PF02920,SID0360,SID0360-G01,PTFE,,Fluoropolymer,yes,field_detection,confirmed
SID0360-PF02921,SID0360,SID0360-G01,PMMA,ACR,Acrylic,yes,field_detection,confirmed
SID0360-PF02922,SID0360,SID0360-G01,PP,,Polyolefin,yes,field_detection,confirmed
SID0360-PF02923,SID0360,SID0360-G01,PET,PEST,Polyester,yes,field_detection,confirmed
SID0360-PF02924,SID0360,SID0360-G01,PS,,Styrenic,yes,field_detection,confirmed
SID0360-PF02925,SID0360,SID0360-G01,PU,,Polyurethane,yes,field_detection,confirmed
SID0360-PF02926,SID0360,SID0360-G01,PVC,,Vinyl,yes,field_detection,confirmed
SID0360-PF02927,SID0360,SID0360-G01,PE,,Polyolefin,yes,field_detection,confirmed
SID0360-PF02928,SID0360,SID0360-G01,PC,,Polycarbonate,yes,field_detection,confirmed
SID0360-PF02929,SID0360,SID0360-G01,PLA,PEST,Polyester (bio-based),yes,field_detection,confirmed
SID0360-PF02930,SID0360,SID0360-G01,EVA,,Polyolefin,yes,field_detection,confirmed
SID0360-PF02931,SID0360,SID0360-G01,PE-HD,PE,Polyolefin,yes,field_detection,confirmed
SID0360-PF02932,SID0360,SID0360-G01,PE-CL,PE,Polyolefin,yes,field_detection,confirmed
SID0360-PF02933,SID0360,SID0360-G01,OTHER,,Other,yes,field_detection,confirmed
SID0360-PF02934,SID0360,SID0360-G01,PVOH,,Vinyl,yes,field_detection,confirmed
SID0360-PF02935,SID0360,SID0360-G01,PSU,,Sulfone polymer,yes,field_detection,confirmed
SID0360-PF02936,SID0360,SID0360-G01,POM,,Polyacetal,yes,field_detection,confirmed
SID0361-PF02937,SID0361,SID0361-G01,ALK,,Thermoset,yes,field_detection,confirmed
SID0361-PF02938,SID0361,SID0361-G01,PVAC,,Vinyl,yes,field_detection,confirmed
SID0361-PF02939,SID0361,SID0361-G01,OTHER,,Other,yes,field_detection,confirmed
SID0361-PF02940,SID0361,SID0361-G01,PU,,Polyurethane,yes,field_detection,confirmed
SID0363-PF02941,SID0363,SID0363-G02,PS,,Styrenic,yes,field_detection,confirmed
SID0363-PF02942,SID0363,SID0363-G01,PS,,Styrenic,yes,field_detection,confirmed
SID0363-PF02943,SID0363,SID0363-G02,PVC,,Vinyl,yes,field_detection,confirmed
SID0363-PF02944,SID0363,SID0363-G01,PVC,,Vinyl,yes,field_detection,confirmed
SID0363-PF02945,SID0363,SID0363-G02,PA66,PA,Polyamide,yes,field_detection,confirmed
SID0363-PF02946,SID0363,SID0363-G01,PA66,PA,Polyamide,yes,field_detection,confirmed
SID0363-PF02947,SID0363,SID0363-G03,PS,,Styrenic,yes,field_detection,confirmed
SID0363-PF02948,SID0363,SID0363-G03,PVC,,Vinyl,yes,field_detection,confirmed
SID0363-PF02949,SID0363,SID0363-G03,PA66,PA,Polyamide,yes,field_detection,confirmed
SID0363-PF02950,SID0363,SID0363-G03,PMMA,ACR,Acrylic,yes,field_detection,confirmed
SID0363-PF02951,SID0363,SID0363-G03,PP,,Polyolefin,yes,field_detection,confirmed
SID0363-PF02952,SID0363,SID0363-G03,PA6,PA,Polyamide,yes,field_detection,confirmed
SID0363-PF02953,SID0363,SID0363-G03,PC,,Polycarbonate,yes,target_not_detected,not_detected
SID0363-PF02954,SID0363,SID0363-G03,PET,PEST,Polyester,yes,target_not_detected,not_detected
SID0363-PF02955,SID0363,SID0363-G03,PLA,PEST,Polyester (bio-based),yes,target_not_detected,not_detected
SID0363-PF02956,SID0363,SID0363-G03,PE,,Polyolefin,yes,target_not_detected,not_detected
SID0363-PF02957,SID0363,SID0363-G03,PBAT,PEST,Polyester,yes,target_not_detected,not_detected
SID0363-PF02958,SID0363,SID0363-G05,PS,,Styrenic,yes,field_detection,confirmed
SID0363-PF02959,SID0363,SID0363-G05,PVC,,Vinyl,yes,field_detection,confirmed
SID0363-PF02960,SID0363,SID0363-G05,PA66,PA,Polyamide,yes,target_not_detected,not_detected
SID0365-PF02961,SID0365,SID0365-G01,PE-CL,PE,Polyolefin,yes,field_detection,confirmed
SID0365-PF02962,SID0365,SID0365-G02,PE-CL,PE,Polyolefin,yes,field_detection,confirmed
SID0365-PF02963,SID0365,SID0365-G03,PE-CL,PE,Polyolefin,yes,field_detection,confirmed
SID0365-PF02964,SID0365,SID0365-G04,PE-CL,PE,Polyolefin,yes,field_detection,confirmed
SID0365-PF02965,SID0365,SID0365-G02,ACR,,Acrylic,yes,field_detection,confirmed
SID0365-PF02966,SID0365,SID0365-G03,ACR,,Acrylic,yes,field_detection,confirmed
SID0365-PF02967,SID0365,SID0365-G04,ACR,,Acrylic,yes,field_detection,confirmed
SID0365-PF02968,SID0365,SID0365-G01,FKM,,Elastomer,yes,field_detection,confirmed
SID0365-PF02969,SID0365,SID0365-G02,FKM,,Elastomer,yes,field_detection,confirmed
SID0365-PF02970,SID0365,SID0365-G03,FKM,,Elastomer,yes,field_detection,confirmed
SID0365-PF02971,SID0365,SID0365-G04,FKM,,Elastomer,yes,field_detection,confirmed
SID0365-PF02972,SID0365,SID0365-G01,PU,,Polyurethane,yes,field_detection,confirmed
SID0365-PF02973,SID0365,SID0365-G02,PU,,Polyurethane,yes,field_detection,confirmed
SID0365-PF02974,SID0365,SID0365-G03,PU,,Polyurethane,yes,field_detection,confirmed
SID0365-PF02975,SID0365,SID0365-G04,PU,,Polyurethane,yes,field_detection,confirmed
SID0365-PF02976,SID0365,SID0365-G01,PMMA,ACR,Acrylic,yes,field_detection,confirmed
SID0365-PF02977,SID0365,SID0365-G02,PMMA,ACR,Acrylic,yes,field_detection,confirmed
SID0365-PF02978,SID0365,SID0365-G03,PMMA,ACR,Acrylic,yes,field_detection,confirmed
SID0365-PF02979,SID0365,SID0365-G04,PMMA,ACR,Acrylic,yes,field_detection,confirmed
SID0365-PF02980,SID0365,SID0365-G01,PS,,Styrenic,yes,field_detection,confirmed
SID0365-PF02981,SID0365,SID0365-G04,PS,,Styrenic,yes,field_detection,confirmed
SID0365-PF02982,SID0365,SID0365-G01,PE,,Polyolefin,yes,field_detection,confirmed
SID0365-PF02983,SID0365,SID0365-G02,PE,,Polyolefin,yes,field_detection,confirmed
SID0365-PF02984,SID0365,SID0365-G03,PE,,Polyolefin,yes,field_detection,confirmed
SID0365-PF02985,SID0365,SID0365-G04,PE,,Polyolefin,yes,field_detection,confirmed
SID0365-PF02986,SID0365,SID0365-G01,PP,,Polyolefin,yes,field_detection,confirmed
SID0365-PF02987,SID0365,SID0365-G02,PP,,Polyolefin,yes,field_detection,confirmed
SID0365-PF02988,SID0365,SID0365-G03,PP,,Polyolefin,yes,field_detection,confirmed
SID0365-PF02989,SID0365,SID0365-G04,PP,,Polyolefin,yes,field_detection,confirmed
SID0365-PF02990,SID0365,SID0365-G01,PET,PEST,Polyester,yes,field_detection,confirmed
SID0365-PF02991,SID0365,SID0365-G02,PET,PEST,Polyester,yes,field_detection,confirmed
SID0365-PF02992,SID0365,SID0365-G03,PET,PEST,Polyester,yes,field_detection,confirmed
SID0365-PF02993,SID0365,SID0365-G04,PET,PEST,Polyester,yes,field_detection,confirmed
SID0365-PF02994,SID0365,SID0365-G01,PVC,,Vinyl,yes,field_detection,confirmed
SID0365-PF02995,SID0365,SID0365-G02,PVC,,Vinyl,yes,field_detection,confirmed
SID0365-PF02996,SID0365,SID0365-G03,PVC,,Vinyl,yes,field_detection,confirmed
SID0365-PF02997,SID0365,SID0365-G04,PVC,,Vinyl,yes,field_detection,confirmed
SID0365-PF02998,SID0365,SID0365-G01,EVA,,Polyolefin,yes,field_detection,confirmed
SID0365-PF02999,SID0365,SID0365-G02,EVA,,Polyolefin,yes,field_detection,confirmed
SID0365-PF03000,SID0365,SID0365-G04,EVA,,Polyolefin,yes,field_detection,confirmed
SID0365-PF03001,SID0365,SID0365-G04,PB,,Elastomer,yes,field_detection,confirmed
SID0365-PF03002,SID0365,SID0365-G01,OTHER,,Other,yes,field_detection,confirmed
SID0365-PF03003,SID0365,SID0365-G02,OTHER,,Other,yes,field_detection,confirmed
SID0365-PF03004,SID0365,SID0365-G04,OTHER,,Other,yes,field_detection,confirmed
SID0366-PF03005,SID0366,SID0366-G01,PET,PEST,Polyester,yes,field_detection,confirmed
SID0366-PF03006,SID0366,SID0366-G01,PA,,Polyamide,yes,field_detection,confirmed
SID0366-PF03007,SID0366,SID0366-G01,PP,,Polyolefin,yes,field_detection,confirmed
SID0366-PF03008,SID0366,SID0366-G01,PE,,Polyolefin,yes,field_detection,confirmed
SID0366-PF03009,SID0366,SID0366-G01,PC,,Polycarbonate,yes,field_detection,confirmed
SID0366-PF03010,SID0366,SID0366-G02,PET,PEST,Polyester,yes,field_detection,confirmed
SID0366-PF03011,SID0366,SID0366-G02,PA,,Polyamide,yes,field_detection,confirmed
SID0366-PF03012,SID0366,SID0366-G02,PVC,,Vinyl,yes,field_detection,confirmed
SID0366-PF03013,SID0366,SID0366-G02,PP,,Polyolefin,yes,field_detection,confirmed
SID0366-PF03014,SID0366,SID0366-G02,PE,,Polyolefin,yes,field_detection,confirmed
SID0341-PF03015,SID0341,SID0341-G01,PET,PEST,Polyester,yes,field_detection,confirmed
SID0341-PF03016,SID0341,SID0341-G01,PC,,Polycarbonate,yes,field_detection,confirmed
SID0341-PF03017,SID0341,SID0341-G02,PET,PEST,Polyester,yes,field_detection,confirmed
SID0341-PF03018,SID0341,SID0341-G02,PC,,Polycarbonate,yes,field_detection,confirmed
SID0341-PF03019,SID0341,SID0341-G03,PET,PEST,Polyester,yes,field_detection,confirmed
SID0341-PF03020,SID0341,SID0341-G03,PC,,Polycarbonate,yes,field_detection,confirmed
SID0367-PF03021,SID0367,SID0367-G01,PU,,Polyurethane,yes,field_detection,confirmed
SID0367-PF03022,SID0367,SID0367-G02,PU,,Polyurethane,yes,field_detection,confirmed
SID0367-PF03023,SID0367,SID0367-G01,OTHER,,Other,yes,field_detection,confirmed
SID0367-PF03024,SID0367,SID0367-G02,OTHER,,Other,yes,field_detection,confirmed
SID0342-PF03025,SID0342,SID0342-G01,PE,,Polyolefin,yes,field_detection,confirmed
SID0342-PF03026,SID0342,SID0342-G01,PVC,,Vinyl,yes,field_detection,confirmed
SID0342-PF03027,SID0342,SID0342-G01,PP,,Polyolefin,yes,field_detection,confirmed
SID0342-PF03028,SID0342,SID0342-G01,PA66,PA,Polyamide,yes,target_not_detected,not_detected
SID0342-PF03029,SID0342,SID0342-G01,PS,,Styrenic,yes,target_not_detected,not_detected
SID0342-PF03030,SID0342,SID0342-G01,PMMA,ACR,Acrylic,yes,target_not_detected,not_detected
SID0342-PF03031,SID0342,SID0342-G01,PET,PEST,Polyester,yes,target_not_detected,not_detected
SID0342-PF03032,SID0342,SID0342-G01,PC,,Polycarbonate,yes,target_not_detected,not_detected
SID0342-PF03033,SID0342,SID0342-G01,PA6,PA,Polyamide,yes,target_not_detected,not_detected
SID0342-PF03034,SID0342,SID0342-G01,PLA,PEST,Polyester (bio-based),yes,target_not_detected,not_detected
SID0342-PF03035,SID0342,SID0342-G01,PBAT,PEST,Polyester,yes,target_not_detected,not_detected
SID0342-PF03036,SID0342,SID0342-G02,PE,,Polyolefin,yes,field_detection,confirmed
SID0342-PF03037,SID0342,SID0342-G02,PVC,,Vinyl,yes,field_detection,confirmed
SID0342-PF03038,SID0342,SID0342-G02,PP,,Polyolefin,yes,field_detection,confirmed
SID0342-PF03039,SID0342,SID0342-G02,PA66,PA,Polyamide,yes,field_detection,confirmed
SID0342-PF03040,SID0342,SID0342-G02,PS,,Styrenic,yes,field_detection,confirmed
SID0342-PF03041,SID0342,SID0342-G02,PMMA,ACR,Acrylic,yes,target_not_detected,not_detected
SID0342-PF03042,SID0342,SID0342-G02,PET,PEST,Polyester,yes,target_not_detected,not_detected
SID0342-PF03043,SID0342,SID0342-G02,PC,,Polycarbonate,yes,target_not_detected,not_detected
SID0342-PF03044,SID0342,SID0342-G02,PA6,PA,Polyamide,yes,target_not_detected,not_detected
SID0342-PF03045,SID0342,SID0342-G02,PLA,PEST,Polyester (bio-based),yes,target_not_detected,not_detected
SID0342-PF03046,SID0342,SID0342-G02,PBAT,PEST,Polyester,yes,target_not_detected,not_detected
SID0342-PF03047,SID0342,SID0342-G03,PE,,Polyolefin,yes,field_detection,confirmed
SID0342-PF03048,SID0342,SID0342-G03,PVC,,Vinyl,yes,field_detection,confirmed
SID0342-PF03049,SID0342,SID0342-G03,PP,,Polyolefin,yes,field_detection,confirmed
SID0342-PF03050,SID0342,SID0342-G03,PA66,PA,Polyamide,yes,field_detection,confirmed
SID0342-PF03051,SID0342,SID0342-G03,PS,,Styrenic,yes,field_detection,confirmed
SID0342-PF03052,SID0342,SID0342-G03,PMMA,ACR,Acrylic,yes,target_not_detected,not_detected
SID0342-PF03053,SID0342,SID0342-G03,PET,PEST,Polyester,yes,target_not_detected,not_detected
SID0342-PF03054,SID0342,SID0342-G03,PC,,Polycarbonate,yes,target_not_detected,not_detected
SID0342-PF03055,SID0342,SID0342-G03,PA6,PA,Polyamide,yes,target_not_detected,not_detected
SID0342-PF03056,SID0342,SID0342-G03,PLA,PEST,Polyester (bio-based),yes,target_not_detected,not_detected
SID0342-PF03057,SID0342,SID0342-G03,PBAT,PEST,Polyester,yes,target_not_detected,not_detected
SID0343-PF03058,SID0343,SID0343-G01,PS,,Styrenic,yes,field_detection,confirmed
SID0343-PF03059,SID0343,SID0343-G01,PVC,,Vinyl,yes,field_detection,confirmed
SID0343-PF03060,SID0343,SID0343-G01,PE,,Polyolefin,yes,field_detection,confirmed
SID0343-PF03061,SID0343,SID0343-G01,PP,,Polyolefin,yes,field_detection,confirmed
SID0343-PF03062,SID0343,SID0343-G01,PA,,Polyamide,yes,target_not_detected,not_detected
SID0343-PF03063,SID0343,SID0343-G01,PET,PEST,Polyester,yes,target_not_detected,not_detected
SID0343-PF03064,SID0343,SID0343-G02,PVC,,Vinyl,yes,field_detection,confirmed
SID0343-PF03065,SID0343,SID0343-G02,PE,,Polyolefin,yes,field_detection,confirmed
SID0343-PF03066,SID0343,SID0343-G02,PA,,Polyamide,yes,field_detection,confirmed
SID0343-PF03067,SID0343,SID0343-G02,PS,,Styrenic,yes,field_detection,confirmed
SID0343-PF03068,SID0343,SID0343-G02,PP,,Polyolefin,yes,field_detection,confirmed
SID0343-PF03069,SID0343,SID0343-G02,PET,PEST,Polyester,yes,field_detection,confirmed
SID0344-PF03070,SID0344,SID0344-G01,PS,,Styrenic,yes,field_detection,confirmed
SID0344-PF03071,SID0344,SID0344-G01,PE,,Polyolefin,yes,field_detection,confirmed
SID0344-PF03072,SID0344,SID0344-G03,PVC,,Vinyl,yes,field_detection,confirmed
SID0344-PF03073,SID0344,SID0344-G06,PS,,Styrenic,yes,field_detection,confirmed
SID0344-PF03074,SID0344,SID0344-G06,PVC,,Vinyl,yes,field_detection,confirmed
SID0344-PF03075,SID0344,SID0344-G06,PE,,Polyolefin,yes,field_detection,confirmed
SID0345-PF03076,SID0345,SID0345-G01,PS,,Styrenic,yes,field_detection,confirmed
SID0345-PF03077,SID0345,SID0345-G01,PE,,Polyolefin,yes,field_detection,confirmed
SID0345-PF03078,SID0345,SID0345-G01,PP,,Polyolefin,yes,field_detection,confirmed
SID0345-PF03079,SID0345,SID0345-G01,PMMA,ACR,Acrylic,yes,field_detection,confirmed
SID0345-PF03080,SID0345,SID0345-G02,PE,,Polyolefin,yes,target_not_detected,not_detected
SID0345-PF03081,SID0345,SID0345-G02,PMMA,ACR,Acrylic,yes,target_not_detected,not_detected
SID0345-PF03082,SID0345,SID0345-G02,PP,,Polyolefin,yes,target_not_detected,not_detected
SID0345-PF03083,SID0345,SID0345-G03,PS,,Styrenic,yes,field_detection,confirmed
SID0345-PF03084,SID0345,SID0345-G04,PS,,Styrenic,yes,field_detection,confirmed
SID0345-PF03085,SID0345,SID0345-G05,PS,,Styrenic,yes,field_detection,confirmed
SID0345-PF03086,SID0345,SID0345-G06,PS,,Styrenic,yes,field_detection,confirmed
SID0345-PF03087,SID0345,SID0345-G07,PS,,Styrenic,yes,field_detection,confirmed
SID0345-PF03088,SID0345,SID0345-G08,PS,,Styrenic,yes,field_detection,confirmed
SID0345-PF03089,SID0345,SID0345-G03,PVC,,Vinyl,yes,field_detection,confirmed
SID0345-PF03090,SID0345,SID0345-G04,PVC,,Vinyl,yes,field_detection,confirmed
SID0345-PF03091,SID0345,SID0345-G07,PVC,,Vinyl,yes,field_detection,confirmed
SID0345-PF03092,SID0345,SID0345-G03,PA66,PA,Polyamide,yes,field_detection,confirmed
SID0345-PF03093,SID0345,SID0345-G04,PA66,PA,Polyamide,yes,field_detection,confirmed
SID0345-PF03094,SID0345,SID0345-G05,PA66,PA,Polyamide,yes,field_detection,confirmed
SID0345-PF03095,SID0345,SID0345-G06,PA66,PA,Polyamide,yes,field_detection,confirmed
SID0345-PF03096,SID0345,SID0345-G07,PA66,PA,Polyamide,yes,field_detection,confirmed
SID0345-PF03097,SID0345,SID0345-G08,PA66,PA,Polyamide,yes,field_detection,confirmed
SID0346-PF03098,SID0346,SID0346-G03,PE,,Polyolefin,yes,field_detection,confirmed
SID0346-PF03099,SID0346,SID0346-G03,PVC,,Vinyl,yes,field_detection,confirmed
SID0346-PF03100,SID0346,SID0346-G03,PP,,Polyolefin,yes,target_not_detected,not_detected
SID0346-PF03101,SID0346,SID0346-G03,PP,,Polyolefin,yes,field_detection,confirmed
SID0346-PF03102,SID0346,SID0346-G03,PET,PEST,Polyester,yes,field_detection,confirmed
SID0346-PF03103,SID0346,SID0346-G03,PS,,Styrenic,yes,field_detection,confirmed
SID0346-PF03104,SID0346,SID0346-G04,PE,,Polyolefin,yes,field_detection,confirmed
SID0346-PF03105,SID0346,SID0346-G04,PVC,,Vinyl,yes,field_detection,confirmed
SID0346-PF03106,SID0346,SID0346-G04,PP,,Polyolefin,yes,field_detection,confirmed
SID0346-PF03107,SID0346,SID0346-G04,PET,PEST,Polyester,yes,field_detection,confirmed
SID0346-PF03108,SID0346,SID0346-G04,PS,,Styrenic,yes,field_detection,confirmed
SID0347-PF03109,SID0347,SID0347-G01,PA,,Polyamide,yes,field_detection,confirmed
SID0347-PF03110,SID0347,SID0347-G01,PEST,,Polyester,yes,field_detection,confirmed
SID0347-PF03111,SID0347,SID0347-G01,PE,,Polyolefin,yes,field_detection,confirmed
SID0347-PF03112,SID0347,SID0347-G01,PP,,Polyolefin,yes,field_detection,confirmed
SID0347-PF03113,SID0347,SID0347-G01,PVC,,Vinyl,yes,field_detection,confirmed
SID0347-PF03114,SID0347,SID0347-G01,PU,,Polyurethane,yes,field_detection,confirmed
SID0370-PF03115,SID0370,SID0370-G01,PE,,Polyolefin,yes,field_detection,confirmed
SID0370-PF03116,SID0370,SID0370-G01,PVC,,Vinyl,yes,field_detection,confirmed
SID0370-PF03117,SID0370,SID0370-G01,PS,,Styrenic,yes,field_detection,confirmed
SID0370-PF03118,SID0370,SID0370-G01,PP,,Polyolefin,yes,field_detection,confirmed
SID0370-PF03119,SID0370,SID0370-G01,PA66,PA,Polyamide,yes,field_detection,confirmed
SID0371-PF03120,SID0371,SID0371-G01,PE,,Polyolefin,yes,field_detection,confirmed
SID0371-PF03121,SID0371,SID0371-G01,PP,,Polyolefin,yes,field_detection,confirmed
SID0371-PF03122,SID0371,SID0371-G01,PVC,,Vinyl,yes,field_detection,confirmed
SID0371-PF03123,SID0371,SID0371-G01,PS,,Styrenic,yes,field_detection,confirmed
SID0371-PF03124,SID0371,SID0371-G01,PET,PEST,Polyester,yes,field_detection,confirmed
SID0371-PF03125,SID0371,SID0371-G01,PA,,Polyamide,yes,field_detection,confirmed
SID0371-PF03126,SID0371,SID0371-G01,PU,,Polyurethane,yes,field_detection,confirmed
SID0371-PF03127,SID0371,SID0371-G01,PMMA,ACR,Acrylic,yes,field_detection,confirmed
SID0371-PF03128,SID0371,SID0371-G01,POM,,Polyacetal,yes,field_detection,confirmed
SID0373-PF03129,SID0373,SID0373-G01,PVC,,Vinyl,yes,field_detection,confirmed
SID0373-PF03130,SID0373,SID0373-G01,PP,,Polyolefin,yes,field_detection,confirmed
SID0373-PF03131,SID0373,SID0373-G01,OTHER,,Other,yes,field_detection,confirmed
SID0375-PF03132,SID0375,SID0375-G06,PEST,,Polyester,yes,field_detection,confirmed
SID0375-PF03133,SID0375,SID0375-G06,PP,,Polyolefin,yes,field_detection,confirmed
SID0375-PF03134,SID0375,SID0375-G06,PE,,Polyolefin,yes,field_detection,confirmed
SID0375-PF03135,SID0375,SID0375-G06,ACR,,Acrylic,yes,field_detection,confirmed
SID0377-PF03136,SID0377,SID0377-G07,PET,PEST,Polyester,yes,field_detection,confirmed
SID0377-PF03137,SID0377,SID0377-G07,PP,,Polyolefin,yes,field_detection,confirmed
SID0377-PF03138,SID0377,SID0377-G07,PE,,Polyolefin,yes,field_detection,confirmed
SID0377-PF03139,SID0377,SID0377-G07,OTHER,,Other,yes,field_detection,identity_unresolved
SID0378-PF03140,SID0378,SID0378-G09,PEST,,Polyester,yes,field_detection,confirmed
SID0378-PF03141,SID0378,SID0378-G09,PA,,Polyamide,yes,field_detection,confirmed
SID0378-PF03142,SID0378,SID0378-G09,PET,PEST,Polyester,yes,field_detection,confirmed
SID0378-PF03143,SID0378,SID0378-G09,PBT,PEST,Polyester,yes,field_detection,confirmed
SID0378-PF03144,SID0378,SID0378-G09,PE-HD,PE,Polyolefin,yes,field_detection,confirmed
SID0379-PF03145,SID0379,SID0379-G01,EAA,,Polyolefin,yes,field_detection,tentative
SID0379-PF03146,SID0379,SID0379-G01,OTHER,,Other,yes,field_detection,tentative
SID0379-PF03147,SID0379,SID0379-G01,EVA,,Polyolefin,yes,field_detection,tentative
SID0379-PF03148,SID0379,SID0379-G01,PE,,Polyolefin,yes,field_detection,confirmed
SID0379-PF03149,SID0379,SID0379-G01,PET,PEST,Polyester,yes,field_detection,tentative
SID0379-PF03150,SID0379,SID0379-G01,PMMA,ACR,Acrylic,yes,field_detection,confirmed
SID0379-PF03151,SID0379,SID0379-G01,PP,,Polyolefin,yes,field_detection,confirmed
SID0379-PF03152,SID0379,SID0379-G01,PS,,Styrenic,yes,field_detection,tentative
SID0379-PF03153,SID0379,SID0379-G01,PU,,Polyurethane,yes,field_detection,confirmed
SID0379-PF03154,SID0379,SID0379-G01,PVC,,Vinyl,yes,field_detection,confirmed
SID0379-PF03155,SID0379,SID0379-G01,PVS,,Vinyl,yes,field_detection,tentative
SID0379-PF03156,SID0379,SID0379-G01,EP,,Thermoset,yes,target_not_detected,not_detected
SID0379-PF03157,SID0379,SID0379-G01,OTHER,,Other,yes,target_not_detected,not_detected
SID0379-PF03158,SID0379,SID0379-G01,PA,,Polyamide,yes,target_not_detected,not_detected
SID0379-PF03159,SID0379,SID0379-G01,PTFE,,Fluoropolymer,yes,target_not_detected,not_detected
SID0380-PF03160,SID0380,SID0380-G01,PE,,Polyolefin,yes,field_detection,confirmed
SID0380-PF03161,SID0380,SID0380-G01,PP,,Polyolefin,yes,field_detection,confirmed
SID0380-PF03162,SID0380,SID0380-G01,PET,PEST,Polyester,yes,field_detection,confirmed
SID0380-PF03163,SID0380,SID0380-G01,PS,,Styrenic,yes,field_detection,confirmed
SID0380-PF03164,SID0380,SID0380-G01,PA6,PA,Polyamide,yes,field_detection,confirmed
SID0380-PF03165,SID0380,SID0380-G01,PMMA,ACR,Acrylic,yes,field_detection,confirmed
SID0380-PF03166,SID0380,SID0380-G01,PC,,Polycarbonate,yes,field_detection,confirmed
SID0380-PF03167,SID0380,SID0380-G01,OTHER,,Other,yes,field_detection,confirmed
SID0380-PF03168,SID0380,SID0380-G02,PE,,Polyolefin,yes,field_detection,confirmed
SID0381-PF03169,SID0381,SID0381-G01,PE,,Polyolefin,yes,field_detection,confirmed
SID0381-PF03170,SID0381,SID0381-G01,OTHER,,Other,yes,field_detection,confirmed
SID0381-PF03171,SID0381,SID0381-G01,PP,,Polyolefin,yes,field_detection,confirmed
SID0381-PF03172,SID0381,SID0381-G01,PU,,Polyurethane,yes,field_detection,confirmed
SID0381-PF03173,SID0381,SID0381-G01,PMMA,ACR,Acrylic,yes,field_detection,confirmed
SID0381-PF03174,SID0381,SID0381-G01,EVA,,Polyolefin,yes,field_detection,confirmed
SID0381-PF03175,SID0381,SID0381-G01,PEST,,Polyester,yes,field_detection,confirmed
SID0381-PF03176,SID0381,SID0381-G01,PVAC,,Vinyl,yes,field_detection,confirmed
SID0381-PF03177,SID0381,SID0381-G02,PE,,Polyolefin,yes,field_detection,confirmed
SID0381-PF03178,SID0381,SID0381-G02,PP,,Polyolefin,yes,field_detection,confirmed
SID0381-PF03179,SID0381,SID0381-G02,OTHER,,Other,yes,field_detection,confirmed
SID0381-PF03180,SID0381,SID0381-G02,PU,,Polyurethane,yes,field_detection,confirmed
SID0381-PF03181,SID0381,SID0381-G02,PS,,Styrenic,yes,field_detection,confirmed
SID0381-PF03182,SID0381,SID0381-G02,EVA,,Polyolefin,yes,field_detection,confirmed
SID0381-PF03183,SID0381,SID0381-G02,PPS,,Sulfide polymer,yes,field_detection,confirmed
SID0381-PF03184,SID0381,SID0381-G02,PA,,Polyamide,yes,field_detection,confirmed
SID0381-PF03185,SID0381,SID0381-G03,PE,,Polyolefin,yes,field_detection,confirmed
SID0381-PF03186,SID0381,SID0381-G03,OTHER,,Other,yes,field_detection,confirmed
SID0381-PF03187,SID0381,SID0381-G03,PA,,Polyamide,yes,field_detection,confirmed
SID0381-PF03188,SID0381,SID0381-G03,PP,,Polyolefin,yes,field_detection,confirmed
SID0381-PF03189,SID0381,SID0381-G03,PU,,Polyurethane,yes,field_detection,confirmed
SID0381-PF03190,SID0381,SID0381-G03,PPS,,Sulfide polymer,yes,field_detection,confirmed
SID0382-PF03191,SID0382,SID0382-G01,PET,PEST,Polyester,yes,field_detection,confirmed
SID0382-PF03192,SID0382,SID0382-G01,PA,,Polyamide,yes,field_detection,confirmed
SID0382-PF03193,SID0382,SID0382-G01,PE,,Polyolefin,yes,field_detection,confirmed
SID0382-PF03194,SID0382,SID0382-G01,PP,,Polyolefin,yes,field_detection,confirmed
SID0382-PF03195,SID0382,SID0382-G01,PC,,Polycarbonate,yes,field_detection,confirmed
SID0382-PF03196,SID0382,SID0382-G02,PET,PEST,Polyester,yes,field_detection,confirmed
SID0382-PF03197,SID0382,SID0382-G02,PA,,Polyamide,yes,field_detection,confirmed
SID0382-PF03198,SID0382,SID0382-G02,PE,,Polyolefin,yes,field_detection,confirmed
SID0382-PF03199,SID0382,SID0382-G02,PC,,Polycarbonate,yes,field_detection,confirmed
SID0382-PF03200,SID0382,SID0382-G02,PP,,Polyolefin,yes,field_detection,confirmed
SID0383-PF03201,SID0383,SID0383-G01,PP,,Polyolefin,yes,field_detection,confirmed
SID0383-PF03202,SID0383,SID0383-G01,EVA,,Polyolefin,yes,field_detection,confirmed
SID0383-PF03203,SID0383,SID0383-G01,PS,,Styrenic,yes,field_detection,confirmed
SID0383-PF03204,SID0383,SID0383-G01,PA,,Polyamide,yes,field_detection,confirmed
SID0383-PF03205,SID0383,SID0383-G01,OTHER,,Other,yes,field_detection,confirmed
SID0383-PF03206,SID0383,SID0383-G02,PP,,Polyolefin,yes,field_detection,confirmed
SID0383-PF03207,SID0383,SID0383-G02,PS,,Styrenic,yes,field_detection,confirmed
SID0383-PF03208,SID0383,SID0383-G02,PET,PEST,Polyester,yes,field_detection,confirmed
SID0383-PF03209,SID0383,SID0383-G02,PC,,Polycarbonate,yes,field_detection,confirmed
SID0383-PF03210,SID0383,SID0383-G02,EVA,,Polyolefin,yes,field_detection,confirmed
SID0383-PF03211,SID0383,SID0383-G02,PU,,Polyurethane,yes,field_detection,confirmed
SID0383-PF03212,SID0383,SID0383-G03,EVA,,Polyolefin,yes,field_detection,confirmed
SID0383-PF03213,SID0383,SID0383-G03,PP,,Polyolefin,yes,field_detection,confirmed
SID0383-PF03214,SID0383,SID0383-G03,PS,,Styrenic,yes,field_detection,confirmed
SID0383-PF03215,SID0383,SID0383-G03,OTHER,,Other,yes,field_detection,confirmed
SID0384-PF03216,SID0384,SID0384-G01,PE,,Polyolefin,yes,field_detection,confirmed
SID0384-PF03217,SID0384,SID0384-G01,PVC,,Vinyl,yes,field_detection,confirmed
SID0384-PF03218,SID0384,SID0384-G01,PS,,Styrenic,yes,field_detection,confirmed
SID0384-PF03219,SID0384,SID0384-G01,PP,,Polyolefin,yes,field_detection,confirmed
SID0384-PF03220,SID0384,SID0384-G01,PMMA,ACR,Acrylic,yes,target_not_detected,not_detected
SID0384-PF03221,SID0384,SID0384-G01,PET,PEST,Polyester,yes,target_not_detected,not_detected
SID0384-PF03222,SID0384,SID0384-G01,PC,,Polycarbonate,yes,target_not_detected,not_detected
SID0384-PF03223,SID0384,SID0384-G01,PA6,PA,Polyamide,yes,target_not_detected,not_detected
SID0384-PF03224,SID0384,SID0384-G01,PA66,PA,Polyamide,yes,target_not_detected,not_detected
SID0384-PF03225,SID0384,SID0384-G01,ABS,,Styrenic,yes,target_not_detected,not_detected
SID0384-PF03226,SID0384,SID0384-G01,SBR,,Elastomer,yes,target_not_detected,not_detected
SID0384-PF03227,SID0384,SID0384-G01,PBAT,PEST,Polyester,yes,field_detection,confirmed
SID0385-PF03228,SID0385,SID0385-G01,PU,,Polyurethane,yes,field_detection,confirmed
SID0385-PF03229,SID0385,SID0385-G01,OTHER,,Other,yes,field_detection,confirmed
SID0385-PF03230,SID0385,SID0385-G01,EVA,,Polyolefin,yes,field_detection,confirmed
SID0385-PF03231,SID0385,SID0385-G01,ACR,,Acrylic,yes,field_detection,confirmed
SID0385-PF03232,SID0385,SID0385-G01,EPM,,Polyolefin,yes,field_detection,confirmed
SID0386-PF03233,SID0386,SID0386-G01,PS,,Styrenic,yes,field_detection,confirmed
SID0386-PF03234,SID0386,SID0386-G01,PE,,Polyolefin,yes,field_detection,confirmed
SID0386-PF03235,SID0386,SID0386-G01,PP,,Polyolefin,yes,field_detection,confirmed
SID0386-PF03236,SID0386,SID0386-G01,PET,PEST,Polyester,yes,field_detection,confirmed
SID0386-PF03237,SID0386,SID0386-G01,EVA,,Polyolefin,yes,field_detection,confirmed
SID0368-PF03238,SID0368,SID0368-G01,PC,,Polycarbonate,yes,field_detection,confirmed
SID0368-PF03239,SID0368,SID0368-G01,PP,,Polyolefin,yes,field_detection,confirmed
SID0368-PF03240,SID0368,SID0368-G01,PA,,Polyamide,yes,field_detection,confirmed
SID0368-PF03241,SID0368,SID0368-G02,PC,,Polycarbonate,yes,field_detection,confirmed
SID0368-PF03242,SID0368,SID0368-G02,PA,,Polyamide,yes,field_detection,confirmed
SID0368-PF03243,SID0368,SID0368-G02,PE,,Polyolefin,yes,field_detection,confirmed
SID0368-PF03244,SID0368,SID0368-G02,PS,,Styrenic,yes,field_detection,confirmed
SID0368-PF03245,SID0368,SID0368-G02,PP,,Polyolefin,yes,field_detection,confirmed
SID0368-PF03246,SID0368,SID0368-G02,PTFE,,Fluoropolymer,yes,field_detection,confirmed
SID0368-PF03247,SID0368,SID0368-G03,PC,,Polycarbonate,yes,field_detection,confirmed
SID0368-PF03248,SID0368,SID0368-G03,PA,,Polyamide,yes,field_detection,confirmed
SID0368-PF03249,SID0368,SID0368-G03,PP,,Polyolefin,yes,field_detection,confirmed
SID0368-PF03250,SID0368,SID0368-G03,PE,,Polyolefin,yes,field_detection,confirmed
SID0368-PF03251,SID0368,SID0368-G03,PET,PEST,Polyester,yes,field_detection,confirmed
SID0368-PF03252,SID0368,SID0368-G03,PU,,Polyurethane,yes,field_detection,confirmed
SID0368-PF03253,SID0368,SID0368-G03,PVC,,Vinyl,yes,field_detection,confirmed
SID0368-PF03254,SID0368,SID0368-G03,ALK,,Thermoset,yes,field_detection,confirmed
SID0387-PF03255,SID0387,SID0387-G01,PS,,Styrenic,yes,field_detection,confirmed
SID0387-PF03256,SID0387,SID0387-G01,OTHER,,Other,yes,field_detection,confirmed
SID0387-PF03257,SID0387,SID0387-G01,PVC,,Vinyl,yes,field_detection,confirmed
SID0387-PF03258,SID0387,SID0387-G01,PE,,Polyolefin,yes,field_detection,confirmed
SID0387-PF03259,SID0387,SID0387-G01,PC,,Polycarbonate,yes,target_not_detected,not_detected
SID0387-PF03260,SID0387,SID0387-G01,ABS,,Styrenic,yes,target_not_detected,not_detected
SID0387-PF03261,SID0387,SID0387-G02,OTHER,,Other,yes,field_detection,confirmed
SID0387-PF03262,SID0387,SID0387-G02,PS,,Styrenic,yes,field_detection,confirmed
SID0387-PF03263,SID0387,SID0387-G02,PVC,,Vinyl,yes,field_detection,confirmed
SID0387-PF03264,SID0387,SID0387-G02,PE,,Polyolefin,yes,field_detection,confirmed
SID0387-PF03265,SID0387,SID0387-G02,PC,,Polycarbonate,yes,field_detection,confirmed
SID0387-PF03266,SID0387,SID0387-G02,ABS,,Styrenic,yes,field_detection,confirmed
SID0388-PF03267,SID0388,SID0388-G01,PS,,Styrenic,yes,field_detection,confirmed
SID0388-PF03268,SID0388,SID0388-G01,PE,,Polyolefin,yes,field_detection,confirmed
SID0388-PF03269,SID0388,SID0388-G01,PVC,,Vinyl,yes,field_detection,confirmed
SID0388-PF03270,SID0388,SID0388-G01,PA66,PA,Polyamide,yes,field_detection,confirmed
SID0388-PF03271,SID0388,SID0388-G02,PS,,Styrenic,yes,field_detection,confirmed
SID0388-PF03272,SID0388,SID0388-G02,PE,,Polyolefin,yes,field_detection,confirmed
SID0388-PF03273,SID0388,SID0388-G02,PP,,Polyolefin,yes,field_detection,confirmed
SID0388-PF03274,SID0388,SID0388-G02,PVC,,Vinyl,yes,field_detection,confirmed
SID0388-PF03275,SID0388,SID0388-G02,PA66,PA,Polyamide,yes,field_detection,confirmed
SID0389-PF03276,SID0389,SID0389-G01,PVC,,Vinyl,yes,field_detection,confirmed
SID0389-PF03277,SID0389,SID0389-G01,PP,,Polyolefin,yes,field_detection,confirmed
SID0389-PF03278,SID0389,SID0389-G01,OTHER,,Other,yes,field_detection,confirmed
SID0369-PF03279,SID0369,SID0369-G01,PVC,,Vinyl,yes,field_detection,confirmed
SID0369-PF03280,SID0369,SID0369-G01,PP,,Polyolefin,yes,field_detection,confirmed
SID0369-PF03281,SID0369,SID0369-G01,OTHER,,Other,yes,field_detection,confirmed
SID0393-PF03282,SID0393,SID0393-G01,OTHER,,Other,yes,field_detection,identity_unresolved
SID0393-PF03283,SID0393,SID0393-G01,PE,,Polyolefin,yes,field_detection,confirmed
SID0393-PF03284,SID0393,SID0393-G01,PS,,Styrenic,yes,field_detection,confirmed
SID0393-PF03285,SID0393,SID0393-G01,PVC,,Vinyl,yes,field_detection,confirmed
SID0394-PF03286,SID0394,SID0394-G01,PU,,Polyurethane,yes,field_detection,confirmed
SID0394-PF03287,SID0394,SID0394-G01,PVC,,Vinyl,yes,field_detection,confirmed
SID0394-PF03288,SID0394,SID0394-G01,PA,,Polyamide,yes,field_detection,confirmed
SID0394-PF03289,SID0394,SID0394-G01,PET,PEST,Polyester,yes,field_detection,confirmed
SID0394-PF03290,SID0394,SID0394-G01,OTHER,,Other,yes,field_detection,confirmed
SID0394-PF03291,SID0394,SID0394-G01,PC,,Polycarbonate,yes,field_detection,confirmed
SID0394-PF03292,SID0394,SID0394-G02,PET,PEST,Polyester,yes,field_detection,confirmed
SID0394-PF03293,SID0394,SID0394-G03,PE,,Polyolefin,yes,field_detection,confirmed
SID0394-PF03294,SID0394,SID0394-G03,PA,,Polyamide,yes,field_detection,confirmed
SID0395-PF03295,SID0395,SID0395-G09,OTHER,,Other,yes,field_detection,identity_unresolved
SID0395-PF03296,SID0395,SID0395-G09,PP,,Polyolefin,yes,field_detection,confirmed
SID0395-PF03297,SID0395,SID0395-G09,PS,,Styrenic,yes,field_detection,confirmed
SID0395-PF03298,SID0395,SID0395-G09,PVC,,Vinyl,yes,field_detection,confirmed
SID0396-PF03299,SID0396,SID0396-G01,PET,PEST,Polyester,yes,field_detection,confirmed
SID0396-PF03300,SID0396,SID0396-G01,PE,,Polyolefin,yes,field_detection,confirmed
SID0396-PF03301,SID0396,SID0396-G01,PP,,Polyolefin,yes,field_detection,confirmed
SID0396-PF03302,SID0396,SID0396-G01,PS,,Styrenic,yes,field_detection,confirmed
SID0396-PF03303,SID0396,SID0396-G01,PAN,ACR,Acrylic,yes,field_detection,confirmed
SID0397-PF03304,SID0397,SID0397-G06,PS,,Styrenic,yes,field_detection,confirmed
SID0397-PF03305,SID0397,SID0397-G06,PA,,Polyamide,yes,field_detection,confirmed
SID0397-PF03306,SID0397,SID0397-G06,PE-LD,PE,Polyolefin,yes,field_detection,confirmed
SID0399-PF03307,SID0399,SID0399-G01,PE,,Polyolefin,yes,field_detection,confirmed
SID0399-PF03308,SID0399,SID0399-G01,PP,,Polyolefin,yes,field_detection,confirmed
SID0399-PF03309,SID0399,SID0399-G01,PU,,Polyurethane,yes,field_detection,contamination_qualified
SID0399-PF03310,SID0399,SID0399-G02,PE,,Polyolefin,yes,field_detection,confirmed
SID0399-PF03311,SID0399,SID0399-G03,PP,,Polyolefin,yes,field_detection,confirmed
SID0399-PF03312,SID0399,SID0399-G04,PP,,Polyolefin,yes,field_detection,confirmed
SID0399-PF03313,SID0399,SID0399-G04,PS,,Styrenic,yes,field_detection,confirmed
SID0399-PF03314,SID0399,SID0399-G05,PE,,Polyolefin,yes,field_detection,contamination_qualified
SID0399-PF03315,SID0399,SID0399-G05,PS,,Styrenic,yes,field_detection,contamination_qualified
SID0400-PF03316,SID0400,SID0400-G08,PP,,Polyolefin,yes,field_detection,confirmed
SID0400-PF03317,SID0400,SID0400-G08,PBAT,PEST,Polyester,yes,field_detection,confirmed
SID0400-PF03318,SID0400,SID0400-G08,PE,,Polyolefin,yes,field_detection,confirmed
SID0400-PF03319,SID0400,SID0400-G08,PS,,Styrenic,yes,field_detection,confirmed
SID0400-PF03320,SID0400,SID0400-G08,PLA,PEST,Polyester (bio-based),yes,field_detection,confirmed
SID0400-PF03321,SID0400,SID0400-G08,PC,,Polycarbonate,yes,field_detection,confirmed
SID0400-PF03322,SID0400,SID0400-G08,PET,PEST,Polyester,yes,field_detection,confirmed
SID0400-PF03323,SID0400,SID0400-G08,OTHER,,Other,yes,field_detection,confirmed
SID0401-PF03324,SID0401,SID0401-G01,OTHER,,Other,yes,field_detection,confirmed
SID0401-PF03325,SID0401,SID0401-G01,PET,PEST,Polyester,yes,field_detection,confirmed
SID0401-PF03326,SID0401,SID0401-G01,PP,,Polyolefin,yes,field_detection,confirmed
SID0401-PF03327,SID0401,SID0401-G02,PMMA,ACR,Acrylic,yes,field_detection,confirmed
SID0403-PF03328,SID0403,SID0403-G01,PP,,Polyolefin,yes,field_detection,confirmed
SID0403-PF03329,SID0403,SID0403-G01,PC,,Polycarbonate,yes,field_detection,confirmed
SID0403-PF03330,SID0403,SID0403-G02,PA,,Polyamide,yes,field_detection,confirmed
SID0403-PF03331,SID0403,SID0403-G02,PP,,Polyolefin,yes,field_detection,confirmed
SID0404-PF03332,SID0404,SID0404-G01,PP,,Polyolefin,yes,field_detection,confirmed
SID0404-PF03333,SID0404,SID0404-G01,PET,PEST,Polyester,yes,field_detection,confirmed
SID0404-PF03334,SID0404,SID0404-G02,PP,,Polyolefin,yes,field_detection,confirmed
SID0404-PF03335,SID0404,SID0404-G02,PET,PEST,Polyester,yes,field_detection,confirmed
SID0406-PF03336,SID0406,SID0406-G01,PE,,Polyolefin,yes,field_detection,confirmed
SID0406-PF03337,SID0406,SID0406-G01,PE-CL,PE,Polyolefin,yes,field_detection,confirmed
SID0406-PF03338,SID0406,SID0406-G01,PE-HD,PE,Polyolefin,yes,field_detection,confirmed
SID0406-PF03339,SID0406,SID0406-G01,OTHER,,Other,yes,field_detection,confirmed
SID0406-PF03340,SID0406,SID0406-G01,PET,PEST,Polyester,yes,field_detection,confirmed
SID0406-PF03341,SID0406,SID0406-G02,PE,,Polyolefin,yes,field_detection,confirmed
SID0406-PF03342,SID0406,SID0406-G02,PE-CL,PE,Polyolefin,yes,field_detection,confirmed
SID0406-PF03343,SID0406,SID0406-G02,PET,PEST,Polyester,yes,field_detection,confirmed
SID0406-PF03344,SID0406,SID0406-G02,PEST,,Polyester,yes,field_detection,confirmed
SID0406-PF03345,SID0406,SID0406-G02,PU,,Polyurethane,yes,field_detection,identity_unresolved
SID0406-PF03346,SID0406,SID0406-G02,OTHER,,Other,yes,field_detection,confirmed
SID0407-PF03347,SID0407,SID0407-G01,PS,,Styrenic,yes,field_detection,confirmed
SID0407-PF03348,SID0407,SID0407-G01,PE,,Polyolefin,yes,field_detection,confirmed
SID0407-PF03349,SID0407,SID0407-G01,PVC,,Vinyl,yes,field_detection,confirmed
SID0407-PF03350,SID0407,SID0407-G02,PS,,Styrenic,yes,field_detection,confirmed
SID0407-PF03351,SID0407,SID0407-G02,PE,,Polyolefin,yes,field_detection,confirmed
SID0407-PF03352,SID0407,SID0407-G02,PVC,,Vinyl,yes,field_detection,confirmed
SID0408-PF03353,SID0408,SID0408-G01,PS,,Styrenic,yes,field_detection,confirmed
SID0408-PF03354,SID0408,SID0408-G01,PP,,Polyolefin,yes,field_detection,confirmed
SID0408-PF03355,SID0408,SID0408-G01,PE,,Polyolefin,yes,field_detection,confirmed
SID0408-PF03356,SID0408,SID0408-G01,PET,PEST,Polyester,yes,field_detection,confirmed
SID0408-PF03357,SID0408,SID0408-G01,PVC,,Vinyl,yes,field_detection,confirmed
SID0409-PF03358,SID0409,SID0409-G01,PC,,Polycarbonate,yes,field_detection,confirmed
SID0409-PF03359,SID0409,SID0409-G01,PA,,Polyamide,yes,field_detection,confirmed
SID0409-PF03360,SID0409,SID0409-G01,PP,,Polyolefin,yes,field_detection,confirmed
SID0411-PF03361,SID0411,SID0411-G01,PE,,Polyolefin,yes,field_detection,confirmed
SID0411-PF03362,SID0411,SID0411-G01,PP,,Polyolefin,yes,field_detection,confirmed
SID0411-PF03363,SID0411,SID0411-G01,PS,,Styrenic,yes,field_detection,confirmed
SID0411-PF03364,SID0411,SID0411-G02,PA,,Polyamide,yes,field_detection,confirmed
SID0411-PF03365,SID0411,SID0411-G02,PE,,Polyolefin,yes,field_detection,confirmed
SID0411-PF03366,SID0411,SID0411-G02,PS,,Styrenic,yes,field_detection,confirmed
SID0411-PF03367,SID0411,SID0411-G02,PU,,Polyurethane,yes,field_detection,confirmed
SID0411-PF03368,SID0411,SID0411-G02,PVC,,Vinyl,yes,field_detection,confirmed
SID0411-PF03369,SID0411,SID0411-G03,PE,,Polyolefin,yes,field_detection,confirmed
SID0411-PF03370,SID0411,SID0411-G03,PET,PEST,Polyester,yes,field_detection,confirmed
SID0411-PF03371,SID0411,SID0411-G03,PP,,Polyolefin,yes,field_detection,confirmed
SID0411-PF03372,SID0411,SID0411-G03,PS,,Styrenic,yes,field_detection,confirmed
SID0413-PF03373,SID0413,SID0413-G01,PE,,Polyolefin,yes,field_detection,confirmed
SID0413-PF03374,SID0413,SID0413-G01,PS,,Styrenic,yes,field_detection,confirmed
SID0413-PF03375,SID0413,SID0413-G01,OTHER,,Other,yes,field_detection,tentative
SID0413-PF03376,SID0413,SID0413-G02,PE,,Polyolefin,yes,field_detection,confirmed
SID0413-PF03377,SID0413,SID0413-G02,PS,,Styrenic,yes,field_detection,confirmed
SID0415-PF03378,SID0415,SID0415-G01,PE,,Polyolefin,yes,field_detection,confirmed
SID0415-PF03379,SID0415,SID0415-G01,PP,,Polyolefin,yes,field_detection,confirmed
SID0415-PF03380,SID0415,SID0415-G01,PS,,Styrenic,yes,field_detection,confirmed
SID0415-PF03381,SID0415,SID0415-G01,OTHER,,Other,yes,field_detection,identity_unresolved
SID0416-PF03382,SID0416,SID0416-G01,PE,,Polyolefin,yes,field_detection,confirmed
SID0416-PF03383,SID0416,SID0416-G01,PP,,Polyolefin,yes,field_detection,confirmed
SID0416-PF03384,SID0416,SID0416-G01,PS,,Styrenic,yes,field_detection,confirmed
SID0416-PF03385,SID0416,SID0416-G01,PA,,Polyamide,yes,field_detection,confirmed
SID0418-PF03386,SID0418,SID0418-G01,PP,,Polyolefin,yes,field_detection,confirmed
SID0418-PF03387,SID0418,SID0418-G01,UNSPEC,,Other,yes,field_detection,identity_unresolved
SID0418-PF03388,SID0418,SID0418-G02,PP,,Polyolefin,yes,target_not_detected,not_detected
SID0418-PF03389,SID0418,SID0418-G02,UNSPEC,,Other,yes,field_detection,identity_unresolved
SID0418-PF03390,SID0418,SID0418-G03,PP,,Polyolefin,yes,field_detection,confirmed
SID0418-PF03391,SID0418,SID0418-G03,UNSPEC,,Other,yes,field_detection,identity_unresolved
SID0420-PF03392,SID0420,SID0420-G01,PET,PEST,Polyester,yes,target_not_detected,not_detected
SID0420-PF03393,SID0420,SID0420-G02,ABS,,Styrenic,yes,target_not_detected,not_detected
SID0425-PF03394,SID0425,SID0425-G01,ACR,,Acrylic,yes,field_detection,confirmed
SID0425-PF03395,SID0425,SID0425-G01,FKM,,Elastomer,yes,field_detection,confirmed
SID0425-PF03396,SID0425,SID0425-G01,EVA,,Polyolefin,yes,field_detection,confirmed
SID0425-PF03397,SID0425,SID0425-G01,EAA,,Polyolefin,yes,field_detection,confirmed
SID0425-PF03398,SID0425,SID0425-G01,PF,,Thermoset,yes,field_detection,confirmed
SID0425-PF03399,SID0425,SID0425-G01,PC,,Polycarbonate,yes,field_detection,confirmed
SID0425-PF03400,SID0425,SID0425-G01,PE,,Polyolefin,yes,field_detection,confirmed
SID0425-PF03401,SID0425,SID0425-G01,PET,PEST,Polyester,yes,field_detection,confirmed
SID0425-PF03402,SID0425,SID0425-G01,PMMA,ACR,Acrylic,yes,field_detection,confirmed
SID0425-PF03403,SID0425,SID0425-G01,PSU,,Sulfone polymer,yes,field_detection,confirmed
SID0425-PF03404,SID0425,SID0425-G01,PU,,Polyurethane,yes,field_detection,confirmed
SID0425-PF03405,SID0425,SID0425-G01,OTHER,,Other,yes,field_detection,confirmed
SID0425-PF03406,SID0425,SID0425-G01,PVC,,Vinyl,yes,field_detection,confirmed
SID0425-PF03407,SID0425,SID0425-G02,PA66,PA,Polyamide,yes,field_detection,confirmed
SID0425-PF03408,SID0425,SID0425-G02,PVC,,Vinyl,yes,field_detection,confirmed
SID0425-PF03409,SID0425,SID0425-G02,PP,,Polyolefin,yes,field_detection,confirmed
SID0425-PF03410,SID0425,SID0425-G02,PS,,Styrenic,yes,field_detection,confirmed
SID0431-PF03411,SID0431,SID0431-G01,PP,,Polyolefin,yes,field_detection,confirmed
SID0431-PF03412,SID0431,SID0431-G01,PET,PEST,Polyester,yes,field_detection,confirmed
SID0431-PF03413,SID0431,SID0431-G01,PS,,Styrenic,yes,field_detection,confirmed
SID0431-PF03414,SID0431,SID0431-G01,PE,,Polyolefin,yes,field_detection,confirmed
SID0431-PF03415,SID0431,SID0431-G01,PVC,,Vinyl,yes,field_detection,confirmed
SID0431-PF03416,SID0431,SID0431-G01,PC,,Polycarbonate,yes,field_detection,confirmed
SID0431-PF03417,SID0431,SID0431-G01,PA,,Polyamide,yes,field_detection,confirmed
SID0431-PF03418,SID0431,SID0431-G01,PU,,Polyurethane,yes,field_detection,confirmed
SID0293-PF03419,SID0293,SID0293-G01,PA,,Polyamide,yes,field_detection,tentative
SID0293-PF03420,SID0293,SID0293-G01,PP,,Polyolefin,yes,field_detection,tentative
SID0293-PF03421,SID0293,SID0293-G01,PVC,,Vinyl,yes,field_detection,tentative
SID0354-PF03422,SID0354,SID0354-G01,PA,,Polyamide,yes,field_detection,tentative
SID0354-PF03423,SID0354,SID0354-G01,CELL,,Natural,no,field_detection,tentative
SID0354-PF03424,SID0354,SID0354-G01,OTHER,,Other,yes,field_detection,identity_unresolved
SID0354-PF03425,SID0354,SID0354-G02,OTHER,,Other,yes,field_detection,identity_unresolved
SID0374-PF03426,SID0374,SID0374-G01,PA,,Polyamide,yes,field_detection,tentative
SID0374-PF03427,SID0374,SID0374-G01,PP,,Polyolefin,yes,field_detection,tentative
SID0374-PF03428,SID0374,SID0374-G01,PVC,,Vinyl,yes,field_detection,tentative
SID0374-PF03429,SID0374,SID0374-G01,PE,,Polyolefin,yes,field_detection,tentative
SID0376-PF03430,SID0376,SID0376-G01,PS,,Styrenic,yes,field_detection,confirmed
SID0376-PF03431,SID0376,SID0376-G01,EVA,,Polyolefin,yes,field_detection,confirmed
SID0376-PF03432,SID0376,SID0376-G01,PE,,Polyolefin,yes,field_detection,confirmed
SID0398-PF03433,SID0398,SID0398-G01,OTHER,,Other,yes,field_detection,tentative
SID0417-PF03434,SID0417,SID0417-G01,OTHER,,Other,yes,field_detection,identity_unresolved
SID0417-PF03435,SID0417,SID0417-G02,OTHER,,Other,yes,field_detection,identity_unresolved
SID0419-PF03436,SID0419,SID0419-G01,UNSPEC,,Other,yes,field_detection,identity_unresolved
SID0424-PF03437,SID0424,SID0424-G01,PE,,Polyolefin,yes,field_detection,confirmed
SID0424-PF03438,SID0424,SID0424-G01,EPM,,Polyolefin,yes,field_detection,confirmed
SID0308-R9002-PF,SID0308,SID0308-G901,PA,,Polyamide,yes,field_detection,confirmed
SID0308-R9003-PF,SID0308,SID0308-G901,PU,,Polyurethane,yes,field_detection,confirmed
SID0308-R9004-PF,SID0308,SID0308-G901,PE,,Polyolefin,yes,field_detection,confirmed
SID0308-R9005-PF,SID0308,SID0308-G901,PET,PEST,Polyester,yes,field_detection,confirmed
SID0308-R9006-PF,SID0308,SID0308-G901,PP,,Polyolefin,yes,field_detection,confirmed
SID0308-R9007-PF,SID0308,SID0308-G901,PVC,,Vinyl,yes,field_detection,confirmed
SID0308-R9008-PF,SID0308,SID0308-G901,POM,,Polyacetal,yes,field_detection,confirmed
SID0308-R9009-PF,SID0308,SID0308-G901,EVA,,Polyolefin,yes,field_detection,confirmed
SID0308-R9010-PF,SID0308,SID0308-G901,PTFE,,Fluoropolymer,yes,field_detection,confirmed
SID0308-R9011-PF,SID0308,SID0308-G901,PE-CL,PE,Polyolefin,yes,field_detection,confirmed
SID0308-R9012-PF,SID0308,SID0308-G901,PB,,Elastomer,yes,field_detection,confirmed
SID0308-R9013-PF,SID0308,SID0308-G901,PS,,Styrenic,yes,field_detection,confirmed
SID0308-R9014-PF,SID0308,SID0308-G901,PMMA,ACR,Acrylic,yes,field_detection,confirmed
SID0308-R9015-PF,SID0308,SID0308-G901,PLA,PEST,Polyester (bio-based),yes,field_detection,confirmed
SID0006-P01,SID0006,,PS,,Styrenic,yes,exposure_material,proxy_tracked
SID0012-P01,SID0012,,PS,,Styrenic,yes,exposure_material,proxy_tracked
SID0017-P01,SID0017,,PE,,Polyolefin,yes,exposure_material,known_material
SID0023-P01,SID0023,,PE,,Polyolefin,yes,reported,confirmed
SID0023-P02,SID0023,,PE-LD,PE,Polyolefin,yes,mentioned_uncertain,confirmed
SID0025-P01,SID0025,,PET,PEST,Polyester,yes,exposure_material,proxy_tracked
SID0033-P01,SID0033,,PS,,Styrenic,yes,exposure_material,proxy_tracked
SID0033-P02,SID0033,,PAN,ACR,Acrylic,yes,exposure_material,known_material
SID0033-P03,SID0033,,PE-HD,PE,Polyolefin,yes,method_material,known_material
SID0033-P04,SID0033,,PE-LD,PE,Polyolefin,yes,method_material,known_material
SID0033-P05,SID0033,,PP,,Polyolefin,yes,method_material,known_material
SID0033-P06,SID0033,,PS,,Styrenic,yes,method_material,known_material
SID0036-P01,SID0036,,TWP,,Elastomer,yes,reported,confirmed
SID0036-P02,SID0036,,OTHER,,Other,yes,recovery_spike,known_material
SID0045-P01,SID0045,,PE,,Polyolefin,yes,reported,confirmed
SID0045-P02,SID0045,,PET,PEST,Polyester,yes,reported,confirmed
SID0045-P03,SID0045,,PA,,Polyamide,yes,reported,confirmed
SID0045-P04,SID0045,,PE-LD,PE,Polyolefin,yes,reported,confirmed
SID0045-P05,SID0045,,PTFE,,Fluoropolymer,yes,reported,confirmed
SID0045-P06,SID0045,,PA6,PA,Polyamide,yes,reported,confirmed
SID0045-P07,SID0045,,PE,,Polyolefin,yes,recovery_spike,known_material
SID0045-P08,SID0045,,PET,PEST,Polyester,yes,recovery_spike,known_material
SID0045-P09,SID0045,,PA,,Polyamide,yes,recovery_spike,known_material
SID0045-P10,SID0045,,OTHER,,Other,yes,recovery_spike,known_material
SID0053-P01,SID0053,,PS,,Styrenic,yes,reported,confirmed
SID0058-P01,SID0058,,PE,,Polyolefin,yes,reported,confirmed
SID0058-P02,SID0058,,PP,,Polyolefin,yes,reported,confirmed
SID0058-P03,SID0058,,PET,PEST,Polyester,yes,reported,confirmed
SID0058-P04,SID0058,,PS,,Styrenic,yes,reported,confirmed
SID0058-P05,SID0058,,PA,,Polyamide,yes,reported,confirmed
SID0058-P06,SID0058,,PE,,Polyolefin,yes,recovery_spike,known_material
SID0058-P07,SID0058,,PET,PEST,Polyester,yes,recovery_spike,known_material
SID0058-P08,SID0058,,PA,,Polyamide,yes,recovery_spike,known_material
SID0058-P09,SID0058,,PP,,Polyolefin,yes,recovery_spike,known_material
SID0058-P10,SID0058,,PS,,Styrenic,yes,recovery_spike,known_material
SID0064-P01,SID0064,,PS,,Styrenic,yes,exposure_material,confirmed
SID0065-P01,SID0065,,PE,,Polyolefin,yes,method_material,known_material
SID0065-P02,SID0065,,PP,,Polyolefin,yes,method_material,known_material
SID0065-P03,SID0065,,PET,PEST,Polyester,yes,method_material,known_material
SID0065-P04,SID0065,,PS,,Styrenic,yes,method_material,known_material
SID0065-P05,SID0065,,PE,,Polyolefin,yes,exposure_material,known_material
SID0067-P01,SID0067,,PE,,Polyolefin,yes,reported,confirmed
SID0067-P02,SID0067,,PS,,Styrenic,yes,reported,confirmed
SID0067-P03,SID0067,,PE-LD,PE,Polyolefin,yes,reported,confirmed
SID0087-P01,SID0087,,PE-HD,PE,Polyolefin,yes,method_material,known_material
SID0087-P02,SID0087,,PS-E,PS,Styrenic,yes,method_material,known_material
SID0087-P03,SID0087,,ABS,,Styrenic,yes,method_material,known_material
SID0087-P04,SID0087,,PP,,Polyolefin,yes,method_material,known_material
SID0098-P01,SID0098,,PA66,PA,Polyamide,yes,exposure_material,confirmed
SID0099-P01,SID0099,,PTFE,,Fluoropolymer,yes,exposure_material,known_material
SID0099-P02,SID0099,,ACR,,Acrylic,yes,exposure_material,identity_unresolved
SID0100-P01,SID0100,,PLA,PEST,Polyester (bio-based),yes,exposure_material,confirmed
SID0100-P02,SID0100,,PMMA,ACR,Acrylic,yes,exposure_material,confirmed
SID0100-P03,SID0100,,MF,,Thermoset,yes,exposure_material,confirmed
SID0100-P04,SID0100,,PLA,PEST,Polyester (bio-based),yes,recovery_spike,known_material
SID0105-P01,SID0105,,PE,,Polyolefin,yes,exposure_material,confirmed
SID0105-P02,SID0105,,PP,,Polyolefin,yes,exposure_material,confirmed
SID0105-P03,SID0105,,PS,,Styrenic,yes,exposure_material,confirmed
SID0105-P04,SID0105,,PA,,Polyamide,yes,exposure_material,confirmed
SID0105-P05,SID0105,,PE-LD,PE,Polyolefin,yes,exposure_material,confirmed
SID0105-P06,SID0105,,PE,,Polyolefin,yes,recovery_spike,known_material
SID0105-P07,SID0105,,PA,,Polyamide,yes,recovery_spike,known_material
SID0105-P08,SID0105,,PP,,Polyolefin,yes,recovery_spike,known_material
SID0105-P09,SID0105,,PS,,Styrenic,yes,recovery_spike,known_material
SID0107-P01,SID0107,,PET,PEST,Polyester,yes,exposure_material,confirmed
SID0107-P02,SID0107,,PS,,Styrenic,yes,exposure_material,confirmed
SID0107-P03,SID0107,,PET,PEST,Polyester,yes,recovery_spike,known_material
SID0110-P01,SID0110,,PTFE,,Fluoropolymer,yes,exposure_material,proxy_tracked
SID0110-P02,SID0110,,PS,,Styrenic,yes,method_material,known_material
SID0110-P03,SID0110,,PET,PEST,Polyester,yes,method_material,known_material
SID0111-P01,SID0111,,PS,,Styrenic,yes,exposure_material,known_material
SID0117-P01,SID0117,,PS,,Styrenic,yes,exposure_material,confirmed
SID0117-P02,SID0117,,PS,,Styrenic,yes,recovery_spike,known_material
SID0128-P01,SID0128,,PVC,,Vinyl,yes,reported,confirmed
SID0128-P02,SID0128,,PMMA,ACR,Acrylic,yes,reported,confirmed
SID0128-P03,SID0128,,PVC,,Vinyl,yes,recovery_spike,known_material
SID0142-P01,SID0142,,PE,,Polyolefin,yes,reported,confirmed
SID0142-P02,SID0142,,PE-LD,PE,Polyolefin,yes,reported,confirmed
SID0142-P03,SID0142,,PE,,Polyolefin,yes,recovery_spike,known_material
SID0154-P01,SID0154,,PE,,Polyolefin,yes,reported,confirmed
SID0154-P02,SID0154,,MF,,Thermoset,yes,reported,confirmed
SID0163-P01,SID0163,,PS,,Styrenic,yes,exposure_material,confirmed
SID0163-P02,SID0163,,PS,,Styrenic,yes,recovery_spike,known_material
SID0164-P01,SID0164,,PS,,Styrenic,yes,exposure_material,confirmed
SID0164-P02,SID0164,,PMMA,ACR,Acrylic,yes,exposure_material,confirmed
SID0164-P03,SID0164,,PE,,Polyolefin,yes,exposure_material,confirmed
SID0164-P04,SID0164,,PE-HD,PE,Polyolefin,yes,exposure_material,confirmed
SID0164-P05,SID0164,,PS,,Styrenic,yes,recovery_spike,known_material
SID0165-P01,SID0165,,PS-MMA,,Styrenic,yes,exposure_material,known_material
SID0166-P01,SID0166,,PHB,PEST,Polyester (bio-based),yes,reported,confirmed
SID0166-P02,SID0166,,OTHER,,Other,yes,recovery_spike,known_material
SID0168-P01,SID0168,,PE,,Polyolefin,yes,reported,confirmed
SID0168-P02,SID0168,,PE,,Polyolefin,yes,recovery_spike,known_material
SID0177-P01,SID0177,,PS,,Styrenic,yes,reported,confirmed
SID0177-P02,SID0177,,PS,,Styrenic,yes,recovery_spike,known_material
SID0179-P01,SID0179,,PE,,Polyolefin,yes,exposure_material,proxy_tracked
SID0179-P02,SID0179,,PP,,Polyolefin,yes,exposure_material,proxy_tracked
SID0179-P03,SID0179,,PVC,,Vinyl,yes,exposure_material,proxy_tracked
SID0186-P01,SID0186,,PE,,Polyolefin,yes,exposure_material,proxy_tracked
SID0186-P02,SID0186,,PVC,,Vinyl,yes,exposure_material,proxy_tracked
SID0201-P01,SID0201,,PS,,Styrenic,yes,exposure_material,known_material
SID0207-P01,SID0207,,PEST,,Polyester,yes,exposure_material,known_material
SID0207-P02,SID0207,,PA,,Polyamide,yes,exposure_material,known_material
SID0207-P03,SID0207,,CELL,,Natural,no,comparator_material,known_material
SID0215-P01,SID0215,,PS,,Styrenic,yes,exposure_material,proxy_tracked
SID0215-P02,SID0215,,PVC,,Vinyl,yes,exposure_material,proxy_tracked
SID0217-P01,SID0217,,PS,,Styrenic,yes,exposure_material,confirmed
SID0217-P02,SID0217,,PS,,Styrenic,yes,recovery_spike,known_material
SID0226-P01,SID0226,,PE,,Polyolefin,yes,exposure_material,confirmed
SID0226-P02,SID0226,,PE-LD,PE,Polyolefin,yes,exposure_material,confirmed
SID0226-P03,SID0226,,PE-HD,PE,Polyolefin,yes,exposure_material,confirmed
SID0226-P04,SID0226,,PP,,Polyolefin,yes,exposure_material,confirmed
SID0226-P05,SID0226,,PS,,Styrenic,yes,exposure_material,confirmed
SID0226-P06,SID0226,,PS-E,PS,Styrenic,yes,exposure_material,confirmed
SID0226-P07,SID0226,,PA6,PA,Polyamide,yes,exposure_material,confirmed
SID0226-P08,SID0226,,PTFE,,Fluoropolymer,yes,exposure_material,confirmed
SID0226-P09,SID0226,,PMMA,ACR,Acrylic,yes,exposure_material,confirmed
SID0226-P10,SID0226,,PET,PEST,Polyester,yes,exposure_material,confirmed
SID0226-P11,SID0226,,PC,,Polycarbonate,yes,exposure_material,confirmed
SID0226-P12,SID0226,,PA,,Polyamide,yes,exposure_material,confirmed
SID0226-P13,SID0226,,PU,,Polyurethane,yes,exposure_material,confirmed
SID0226-P14,SID0226,,PVC,,Vinyl,yes,exposure_material,confirmed
SID0226-P15,SID0226,,CA,,Semi-synthetic cellulose,semi,exposure_material,confirmed
SID0226-P16,SID0226,,PA,,Polyamide,yes,recovery_spike,known_material
SID0226-P17,SID0226,,PA6,PA,Polyamide,yes,recovery_spike,known_material
SID0229-P01,SID0229,,PS,,Styrenic,yes,reported,confirmed
SID0229-P02,SID0229,,PMMA,ACR,Acrylic,yes,reported,confirmed
SID0229-P03,SID0229,,PS,,Styrenic,yes,recovery_spike,known_material
SID0243-P01,SID0243,,PS,,Styrenic,yes,reported,confirmed
SID0243-P02,SID0243,,PMMA,ACR,Acrylic,yes,reported,confirmed
SID0243-P03,SID0243,,PE,,Polyolefin,yes,reported,confirmed
SID0243-P04,SID0243,,PS,,Styrenic,yes,recovery_spike,known_material
SID0243-P05,SID0243,,PMMA,ACR,Acrylic,yes,recovery_spike,known_material
SID0243-P06,SID0243,,PE,,Polyolefin,yes,recovery_spike,known_material
SID0254-P01,SID0254,,PS,,Styrenic,yes,reported,confirmed
SID0254-P02,SID0254,,PS,,Styrenic,yes,recovery_spike,known_material
SID0257-P01,SID0257,,PS,,Styrenic,yes,method_material,known_material
SID0257-P02,SID0257,,PE,,Polyolefin,yes,method_material,known_material
SID0257-P03,SID0257,,PET,PEST,Polyester,yes,method_material,known_material
SID0257-P04,SID0257,,PVC,,Vinyl,yes,method_material,known_material
SID0257-P05,SID0257,,CELL,,Natural,no,negative_control,known_material
