study_id,item,value
SID0001,blanks_procedural,yes
SID0001,blanks_field,yes
SID0001,blanks_air,no
SID0001,blanks_instrument,no
SID0001,blank_correction,nr
SID0001,blank_contribution,quantified
SID0001,ctrl_cotton,yes
SID0001,ctrl_glass,no
SID0001,lab_environment,standard
SID0001,recovery_tested,yes
SID0001,matrix_matched,no
SID0001,recovery_correction,no
SID0001,lod_reported,yes
SID0001,loq_reported,nr
SID0001,crm_used,no
SID0001,orthogonal_method,no
SID0001,false_positive_discussed,no
SID0001,raw_data,partial
SID0001,spectra_shared,no
SID0002,blanks_procedural,yes
SID0002,blanks_field,no
SID0002,blanks_air,no
SID0002,blanks_instrument,yes
SID0002,blank_correction,nr
SID0002,blank_contribution,quantified
SID0002,ctrl_cotton,no
SID0002,ctrl_glass,yes
SID0002,lab_environment,standard
SID0002,recovery_tested,no
SID0002,matrix_matched,nr
SID0002,recovery_correction,nr
SID0002,lod_reported,yes
SID0002,loq_reported,nr
SID0002,crm_used,no
SID0002,orthogonal_method,yes
SID0002,false_positive_discussed,yes
SID0002,raw_data,partial
SID0002,spectra_shared,image
SID0003,blanks_procedural,yes
SID0003,blanks_field,no
SID0003,blanks_air,no
SID0003,blanks_instrument,yes
SID0003,blank_correction,subtraction
SID0003,blank_contribution,quantified
SID0003,ctrl_cotton,yes
SID0003,ctrl_glass,no
SID0003,lab_environment,standard
SID0003,recovery_tested,yes
SID0003,matrix_matched,yes
SID0003,recovery_correction,no
SID0003,lod_reported,yes
SID0003,loq_reported,yes
SID0003,crm_used,no
SID0003,orthogonal_method,yes
SID0003,false_positive_discussed,yes
SID0003,raw_data,partial
SID0003,spectra_shared,image
SID0004,blanks_procedural,yes
SID0004,blanks_field,no
SID0004,blanks_air,yes
SID0004,blanks_instrument,no
SID0004,blank_correction,nr
SID0004,blank_contribution,quantified
SID0004,ctrl_cotton,no
SID0004,ctrl_glass,yes
SID0004,lab_environment,laminar
SID0004,recovery_tested,no
SID0004,matrix_matched,no
SID0004,recovery_correction,no
SID0004,lod_reported,nr
SID0004,loq_reported,nr
SID0004,crm_used,no
SID0004,orthogonal_method,yes
SID0004,false_positive_discussed,yes
SID0004,raw_data,partial
SID0004,spectra_shared,image
SID0005,blanks_procedural,yes
SID0005,blanks_field,no
SID0005,blanks_air,yes
SID0005,blanks_instrument,no
SID0005,blank_correction,nr
SID0005,blank_contribution,qualitative
SID0005,ctrl_cotton,yes
SID0005,ctrl_glass,no
SID0005,lab_environment,standard
SID0005,recovery_tested,no
SID0005,matrix_matched,nr
SID0005,recovery_correction,nr
SID0005,lod_reported,nr
SID0005,loq_reported,nr
SID0005,crm_used,no
SID0005,orthogonal_method,no
SID0005,false_positive_discussed,no
SID0005,raw_data,partial
SID0005,spectra_shared,no
SID0007,blanks_procedural,yes
SID0007,blanks_field,no
SID0007,blanks_air,no
SID0007,blanks_instrument,yes
SID0007,blank_correction,nr
SID0007,blank_contribution,quantified
SID0007,ctrl_cotton,nr
SID0007,ctrl_glass,nr
SID0007,lab_environment,standard
SID0007,recovery_tested,no
SID0007,matrix_matched,no
SID0007,recovery_correction,no
SID0007,lod_reported,no
SID0007,loq_reported,nr
SID0007,crm_used,no
SID0007,orthogonal_method,no
SID0007,false_positive_discussed,yes
SID0007,raw_data,partial
SID0007,spectra_shared,no
SID0008,blanks_procedural,yes
SID0008,blanks_field,yes
SID0008,blanks_air,no
SID0008,blanks_instrument,yes
SID0008,blank_correction,nr
SID0008,blank_contribution,no
SID0008,ctrl_cotton,nr
SID0008,ctrl_glass,nr
SID0008,lab_environment,standard
SID0008,recovery_tested,no
SID0008,matrix_matched,nr
SID0008,recovery_correction,nr
SID0008,lod_reported,nr
SID0008,loq_reported,nr
SID0008,crm_used,no
SID0008,orthogonal_method,yes
SID0008,false_positive_discussed,yes
SID0008,raw_data,nr
SID0008,spectra_shared,no
SID0009,blanks_procedural,yes
SID0009,blanks_field,no
SID0009,blanks_air,no
SID0009,blanks_instrument,yes
SID0009,blank_correction,nr
SID0009,blank_contribution,qualitative
SID0009,ctrl_cotton,yes
SID0009,ctrl_glass,no
SID0009,lab_environment,standard
SID0009,recovery_tested,no
SID0009,matrix_matched,nr
SID0009,recovery_correction,no
SID0009,lod_reported,nr
SID0009,loq_reported,nr
SID0009,crm_used,no
SID0009,orthogonal_method,no
SID0009,false_positive_discussed,no
SID0009,raw_data,partial
SID0009,spectra_shared,no
SID0010,blanks_procedural,yes
SID0010,blanks_field,no
SID0010,blanks_air,yes
SID0010,blanks_instrument,no
SID0010,blank_correction,threshold
SID0010,blank_contribution,quantified
SID0010,ctrl_cotton,no
SID0010,ctrl_glass,yes
SID0010,lab_environment,standard
SID0010,recovery_tested,no
SID0010,matrix_matched,nr
SID0010,recovery_correction,no
SID0010,lod_reported,nr
SID0010,loq_reported,nr
SID0010,crm_used,no
SID0010,orthogonal_method,yes
SID0010,false_positive_discussed,yes
SID0010,raw_data,partial
SID0010,spectra_shared,no
SID0011,blanks_procedural,no
SID0011,blanks_field,no
SID0011,blanks_air,no
SID0011,blanks_instrument,no
SID0011,blank_correction,nr
SID0011,blank_contribution,quantified
SID0011,ctrl_cotton,nr
SID0011,ctrl_glass,nr
SID0011,lab_environment,standard
SID0011,recovery_tested,no
SID0011,matrix_matched,no
SID0011,recovery_correction,no
SID0011,lod_reported,yes
SID0011,loq_reported,nr
SID0011,crm_used,no
SID0011,orthogonal_method,yes
SID0011,false_positive_discussed,yes
SID0011,raw_data,partial
SID0011,spectra_shared,no
SID0013,blanks_procedural,yes
SID0013,blanks_field,no
SID0013,blanks_air,yes
SID0013,blanks_instrument,no
SID0013,blank_correction,threshold
SID0013,blank_contribution,qualitative
SID0013,ctrl_cotton,yes
SID0013,ctrl_glass,no
SID0013,lab_environment,laminar
SID0013,recovery_tested,no
SID0013,matrix_matched,nr
SID0013,recovery_correction,nr
SID0013,lod_reported,nr
SID0013,loq_reported,no
SID0013,crm_used,no
SID0013,orthogonal_method,yes
SID0013,false_positive_discussed,yes
SID0013,raw_data,partial
SID0013,spectra_shared,no
SID0014,blanks_procedural,yes
SID0014,blanks_field,no
SID0014,blanks_air,yes
SID0014,blanks_instrument,no
SID0014,blank_correction,subtraction
SID0014,blank_contribution,quantified
SID0014,ctrl_cotton,yes
SID0014,ctrl_glass,no
SID0014,lab_environment,laminar
SID0014,recovery_tested,yes
SID0014,matrix_matched,yes
SID0014,recovery_correction,no
SID0014,lod_reported,nr
SID0014,loq_reported,nr
SID0014,crm_used,no
SID0014,orthogonal_method,yes
SID0014,false_positive_discussed,yes
SID0014,raw_data,partial
SID0014,spectra_shared,no
SID0015,blanks_procedural,yes
SID0015,blanks_field,no
SID0015,blanks_air,yes
SID0015,blanks_instrument,no
SID0015,blank_correction,threshold
SID0015,blank_contribution,quantified
SID0015,ctrl_cotton,yes
SID0015,ctrl_glass,no
SID0015,lab_environment,laminar
SID0015,recovery_tested,yes
SID0015,matrix_matched,no
SID0015,recovery_correction,no
SID0015,lod_reported,yes
SID0015,loq_reported,yes
SID0015,crm_used,no
SID0015,orthogonal_method,no
SID0015,false_positive_discussed,yes
SID0015,raw_data,partial
SID0015,spectra_shared,no
SID0016,blanks_procedural,yes
SID0016,blanks_field,no
SID0016,blanks_air,no
SID0016,blanks_instrument,no
SID0016,blank_correction,nr
SID0016,blank_contribution,qualitative
SID0016,ctrl_cotton,yes
SID0016,ctrl_glass,no
SID0016,lab_environment,standard
SID0016,recovery_tested,no
SID0016,matrix_matched,nr
SID0016,recovery_correction,nr
SID0016,lod_reported,nr
SID0016,loq_reported,nr
SID0016,crm_used,no
SID0016,orthogonal_method,yes
SID0016,false_positive_discussed,yes
SID0016,raw_data,full
SID0016,spectra_shared,reusable
SID0018,blanks_procedural,yes
SID0018,blanks_field,no
SID0018,blanks_air,no
SID0018,blanks_instrument,no
SID0018,blank_correction,subtraction
SID0018,blank_contribution,quantified
SID0018,ctrl_cotton,yes
SID0018,ctrl_glass,no
SID0018,lab_environment,laminar
SID0018,recovery_tested,yes
SID0018,matrix_matched,yes
SID0018,recovery_correction,no
SID0018,lod_reported,yes
SID0018,loq_reported,yes
SID0018,crm_used,no
SID0018,orthogonal_method,no
SID0018,false_positive_discussed,yes
SID0018,raw_data,partial
SID0018,spectra_shared,no
SID0019,blanks_procedural,yes
SID0019,blanks_field,no
SID0019,blanks_air,yes
SID0019,blanks_instrument,yes
SID0019,blank_correction,subtraction
SID0019,blank_contribution,quantified
SID0019,ctrl_cotton,no
SID0019,ctrl_glass,yes
SID0019,lab_environment,laminar
SID0019,recovery_tested,yes
SID0019,matrix_matched,yes
SID0019,recovery_correction,no
SID0019,lod_reported,yes
SID0019,loq_reported,yes
SID0019,crm_used,no
SID0019,orthogonal_method,yes
SID0019,false_positive_discussed,yes
SID0019,raw_data,partial
SID0019,spectra_shared,no
SID0020,blanks_procedural,yes
SID0020,blanks_field,no
SID0020,blanks_air,no
SID0020,blanks_instrument,no
SID0020,blank_correction,subtraction
SID0020,blank_contribution,quantified
SID0020,ctrl_cotton,yes
SID0020,ctrl_glass,no
SID0020,lab_environment,laminar
SID0020,recovery_tested,no
SID0020,matrix_matched,no
SID0020,recovery_correction,no
SID0020,lod_reported,nr
SID0020,loq_reported,nr
SID0020,crm_used,no
SID0020,orthogonal_method,no
SID0020,false_positive_discussed,yes
SID0020,raw_data,partial
SID0020,spectra_shared,no
SID0021,blanks_procedural,no
SID0021,blanks_field,no
SID0021,blanks_air,yes
SID0021,blanks_instrument,no
SID0021,blank_correction,nr
SID0021,blank_contribution,qualitative
SID0021,ctrl_cotton,yes
SID0021,ctrl_glass,no
SID0021,lab_environment,standard
SID0021,recovery_tested,no
SID0021,matrix_matched,no
SID0021,recovery_correction,no
SID0021,lod_reported,nr
SID0021,loq_reported,nr
SID0021,crm_used,no
SID0021,orthogonal_method,yes
SID0021,false_positive_discussed,yes
SID0021,raw_data,partial
SID0021,spectra_shared,no
SID0022,blanks_procedural,yes
SID0022,blanks_field,yes
SID0022,blanks_air,no
SID0022,blanks_instrument,no
SID0022,blank_correction,threshold
SID0022,blank_contribution,quantified
SID0022,ctrl_cotton,yes
SID0022,ctrl_glass,no
SID0022,lab_environment,standard
SID0022,recovery_tested,yes
SID0022,matrix_matched,no
SID0022,recovery_correction,no
SID0022,lod_reported,yes
SID0022,loq_reported,yes
SID0022,crm_used,no
SID0022,orthogonal_method,no
SID0022,false_positive_discussed,yes
SID0022,raw_data,partial
SID0022,spectra_shared,no
SID0024,blanks_procedural,no
SID0024,blanks_field,no
SID0024,blanks_air,no
SID0024,blanks_instrument,no
SID0024,blank_correction,nr
SID0024,blank_contribution,quantified
SID0024,ctrl_cotton,nr
SID0024,ctrl_glass,nr
SID0024,lab_environment,standard
SID0024,recovery_tested,no
SID0024,matrix_matched,no
SID0024,recovery_correction,no
SID0024,lod_reported,nr
SID0024,loq_reported,nr
SID0024,crm_used,no
SID0024,orthogonal_method,yes
SID0024,false_positive_discussed,yes
SID0024,raw_data,partial
SID0024,spectra_shared,no
SID0026,blanks_procedural,yes
SID0026,blanks_field,no
SID0026,blanks_air,no
SID0026,blanks_instrument,no
SID0026,blank_correction,threshold
SID0026,blank_contribution,quantified
SID0026,ctrl_cotton,no
SID0026,ctrl_glass,no
SID0026,lab_environment,standard
SID0026,recovery_tested,yes
SID0026,matrix_matched,no
SID0026,recovery_correction,no
SID0026,lod_reported,nr
SID0026,loq_reported,nr
SID0026,crm_used,no
SID0026,orthogonal_method,yes
SID0026,false_positive_discussed,yes
SID0026,raw_data,full
SID0026,spectra_shared,no
SID0027,blanks_procedural,no
SID0027,blanks_field,no
SID0027,blanks_air,yes
SID0027,blanks_instrument,yes
SID0027,blank_correction,nr
SID0027,blank_contribution,qualitative
SID0027,ctrl_cotton,yes
SID0027,ctrl_glass,no
SID0027,lab_environment,standard
SID0027,recovery_tested,no
SID0027,matrix_matched,no
SID0027,recovery_correction,no
SID0027,lod_reported,nr
SID0027,loq_reported,nr
SID0027,crm_used,no
SID0027,orthogonal_method,yes
SID0027,false_positive_discussed,yes
SID0027,raw_data,partial
SID0027,spectra_shared,no
SID0028,blanks_procedural,no
SID0028,blanks_field,no
SID0028,blanks_air,no
SID0028,blanks_instrument,yes
SID0028,blank_correction,nr
SID0028,blank_contribution,qualitative
SID0028,ctrl_cotton,nr
SID0028,ctrl_glass,nr
SID0028,lab_environment,standard
SID0028,recovery_tested,no
SID0028,matrix_matched,no
SID0028,recovery_correction,no
SID0028,lod_reported,nr
SID0028,loq_reported,nr
SID0028,crm_used,no
SID0028,orthogonal_method,yes
SID0028,false_positive_discussed,yes
SID0028,raw_data,partial
SID0028,spectra_shared,no
SID0029,blanks_procedural,yes
SID0029,blanks_field,no
SID0029,blanks_air,yes
SID0029,blanks_instrument,no
SID0029,blank_correction,nr
SID0029,blank_contribution,qualitative
SID0029,ctrl_cotton,nr
SID0029,ctrl_glass,nr
SID0029,lab_environment,standard
SID0029,recovery_tested,no
SID0029,matrix_matched,no
SID0029,recovery_correction,no
SID0029,lod_reported,yes
SID0029,loq_reported,yes
SID0029,crm_used,yes
SID0029,orthogonal_method,yes
SID0029,false_positive_discussed,yes
SID0029,raw_data,partial
SID0029,spectra_shared,no
SID0030,blanks_procedural,yes
SID0030,blanks_field,no
SID0030,blanks_air,yes
SID0030,blanks_instrument,yes
SID0030,blank_correction,nr
SID0030,blank_contribution,quantified
SID0030,ctrl_cotton,yes
SID0030,ctrl_glass,no
SID0030,lab_environment,cleanroom
SID0030,recovery_tested,no
SID0030,matrix_matched,no
SID0030,recovery_correction,no
SID0030,lod_reported,nr
SID0030,loq_reported,nr
SID0030,crm_used,no
SID0030,orthogonal_method,yes
SID0030,false_positive_discussed,yes
SID0030,raw_data,partial
SID0030,spectra_shared,no
SID0031,blanks_procedural,yes
SID0031,blanks_field,no
SID0031,blanks_air,no
SID0031,blanks_instrument,no
SID0031,blank_correction,nr
SID0031,blank_contribution,no
SID0031,ctrl_cotton,no
SID0031,ctrl_glass,yes
SID0031,lab_environment,laminar
SID0031,recovery_tested,no
SID0031,matrix_matched,no
SID0031,recovery_correction,no
SID0031,lod_reported,nr
SID0031,loq_reported,nr
SID0031,crm_used,no
SID0031,orthogonal_method,yes
SID0031,false_positive_discussed,yes
SID0031,raw_data,partial
SID0031,spectra_shared,no
SID0032,blanks_procedural,yes
SID0032,blanks_field,no
SID0032,blanks_air,no
SID0032,blanks_instrument,no
SID0032,blank_correction,nr
SID0032,blank_contribution,quantified
SID0032,ctrl_cotton,no
SID0032,ctrl_glass,yes
SID0032,lab_environment,standard
SID0032,recovery_tested,yes
SID0032,matrix_matched,yes
SID0032,recovery_correction,no
SID0032,lod_reported,yes
SID0032,loq_reported,nr
SID0032,crm_used,no
SID0032,orthogonal_method,no
SID0032,false_positive_discussed,yes
SID0032,raw_data,full
SID0032,spectra_shared,no
SID0034,blanks_procedural,yes
SID0034,blanks_field,yes
SID0034,blanks_air,no
SID0034,blanks_instrument,no
SID0034,blank_correction,threshold
SID0034,blank_contribution,quantified
SID0034,ctrl_cotton,yes
SID0034,ctrl_glass,no
SID0034,lab_environment,laminar
SID0034,recovery_tested,no
SID0034,matrix_matched,no
SID0034,recovery_correction,no
SID0034,lod_reported,nr
SID0034,loq_reported,nr
SID0034,crm_used,no
SID0034,orthogonal_method,no
SID0034,false_positive_discussed,yes
SID0034,raw_data,partial
SID0034,spectra_shared,no
SID0035,blanks_procedural,yes
SID0035,blanks_field,no
SID0035,blanks_air,no
SID0035,blanks_instrument,no
SID0035,blank_correction,subtraction
SID0035,blank_contribution,quantified
SID0035,ctrl_cotton,yes
SID0035,ctrl_glass,no
SID0035,lab_environment,standard
SID0035,recovery_tested,no
SID0035,matrix_matched,no
SID0035,recovery_correction,no
SID0035,lod_reported,nr
SID0035,loq_reported,nr
SID0035,crm_used,no
SID0035,orthogonal_method,yes
SID0035,false_positive_discussed,yes
SID0035,raw_data,partial
SID0035,spectra_shared,no
SID0037,blanks_procedural,yes
SID0037,blanks_field,no
SID0037,blanks_air,no
SID0037,blanks_instrument,no
SID0037,blank_correction,threshold
SID0037,blank_contribution,quantified
SID0037,ctrl_cotton,yes
SID0037,ctrl_glass,no
SID0037,lab_environment,cleanroom
SID0037,recovery_tested,no
SID0037,matrix_matched,no
SID0037,recovery_correction,no
SID0037,lod_reported,nr
SID0037,loq_reported,nr
SID0037,crm_used,no
SID0037,orthogonal_method,no
SID0037,false_positive_discussed,yes
SID0037,raw_data,partial
SID0037,spectra_shared,no
SID0038,blanks_procedural,yes
SID0038,blanks_field,no
SID0038,blanks_air,no
SID0038,blanks_instrument,no
SID0038,blank_correction,subtraction
SID0038,blank_contribution,quantified
SID0038,ctrl_cotton,yes
SID0038,ctrl_glass,no
SID0038,lab_environment,laminar
SID0038,recovery_tested,no
SID0038,matrix_matched,no
SID0038,recovery_correction,no
SID0038,lod_reported,nr
SID0038,loq_reported,nr
SID0038,crm_used,no
SID0038,orthogonal_method,yes
SID0038,false_positive_discussed,yes
SID0038,raw_data,partial
SID0038,spectra_shared,no
SID0039,blanks_procedural,yes
SID0039,blanks_field,no
SID0039,blanks_air,no
SID0039,blanks_instrument,no
SID0039,blank_correction,nr
SID0039,blank_contribution,no
SID0039,ctrl_cotton,no
SID0039,ctrl_glass,no
SID0039,lab_environment,standard
SID0039,recovery_tested,no
SID0039,matrix_matched,no
SID0039,recovery_correction,no
SID0039,lod_reported,nr
SID0039,loq_reported,nr
SID0039,crm_used,no
SID0039,orthogonal_method,yes
SID0039,false_positive_discussed,yes
SID0039,raw_data,partial
SID0039,spectra_shared,no
SID0040,blanks_procedural,yes
SID0040,blanks_field,no
SID0040,blanks_air,no
SID0040,blanks_instrument,no
SID0040,blank_correction,nr
SID0040,blank_contribution,qualitative
SID0040,ctrl_cotton,yes
SID0040,ctrl_glass,no
SID0040,lab_environment,standard
SID0040,recovery_tested,no
SID0040,matrix_matched,no
SID0040,recovery_correction,no
SID0040,lod_reported,nr
SID0040,loq_reported,nr
SID0040,crm_used,no
SID0040,orthogonal_method,yes
SID0040,false_positive_discussed,yes
SID0040,raw_data,partial
SID0040,spectra_shared,no
SID0041,blanks_procedural,no
SID0041,blanks_field,no
SID0041,blanks_air,no
SID0041,blanks_instrument,no
SID0041,blank_correction,nr
SID0041,blank_contribution,quantified
SID0041,ctrl_cotton,no
SID0041,ctrl_glass,yes
SID0041,lab_environment,laminar
SID0041,recovery_tested,no
SID0041,matrix_matched,no
SID0041,recovery_correction,no
SID0041,lod_reported,nr
SID0041,loq_reported,nr
SID0041,crm_used,no
SID0041,orthogonal_method,yes
SID0041,false_positive_discussed,yes
SID0041,raw_data,partial
SID0041,spectra_shared,no
SID0042,blanks_procedural,no
SID0042,blanks_field,no
SID0042,blanks_air,yes
SID0042,blanks_instrument,no
SID0042,blank_correction,threshold
SID0042,blank_contribution,qualitative
SID0042,ctrl_cotton,yes
SID0042,ctrl_glass,no
SID0042,lab_environment,standard
SID0042,recovery_tested,no
SID0042,matrix_matched,no
SID0042,recovery_correction,no
SID0042,lod_reported,nr
SID0042,loq_reported,nr
SID0042,crm_used,no
SID0042,orthogonal_method,yes
SID0042,false_positive_discussed,yes
SID0042,raw_data,partial
SID0042,spectra_shared,no
SID0043,blanks_procedural,yes
SID0043,blanks_field,no
SID0043,blanks_air,no
SID0043,blanks_instrument,no
SID0043,blank_correction,subtraction
SID0043,blank_contribution,quantified
SID0043,ctrl_cotton,no
SID0043,ctrl_glass,no
SID0043,lab_environment,standard
SID0043,recovery_tested,no
SID0043,matrix_matched,no
SID0043,recovery_correction,no
SID0043,lod_reported,nr
SID0043,loq_reported,nr
SID0043,crm_used,no
SID0043,orthogonal_method,yes
SID0043,false_positive_discussed,yes
SID0043,raw_data,partial
SID0043,spectra_shared,no
SID0044,blanks_procedural,yes
SID0044,blanks_field,no
SID0044,blanks_air,yes
SID0044,blanks_instrument,no
SID0044,blank_correction,nr
SID0044,blank_contribution,quantified
SID0044,ctrl_cotton,yes
SID0044,ctrl_glass,no
SID0044,lab_environment,laminar
SID0044,recovery_tested,no
SID0044,matrix_matched,no
SID0044,recovery_correction,no
SID0044,lod_reported,nr
SID0044,loq_reported,nr
SID0044,crm_used,no
SID0044,orthogonal_method,yes
SID0044,false_positive_discussed,yes
SID0044,raw_data,partial
SID0044,spectra_shared,no
SID0046,blanks_procedural,yes
SID0046,blanks_field,no
SID0046,blanks_air,no
SID0046,blanks_instrument,yes
SID0046,blank_correction,nr
SID0046,blank_contribution,no
SID0046,ctrl_cotton,no
SID0046,ctrl_glass,yes
SID0046,lab_environment,standard
SID0046,recovery_tested,no
SID0046,matrix_matched,no
SID0046,recovery_correction,no
SID0046,lod_reported,nr
SID0046,loq_reported,nr
SID0046,crm_used,no
SID0046,orthogonal_method,no
SID0046,false_positive_discussed,no
SID0046,raw_data,partial
SID0046,spectra_shared,no
SID0047,blanks_procedural,no
SID0047,blanks_field,no
SID0047,blanks_air,yes
SID0047,blanks_instrument,no
SID0047,blank_correction,subtraction
SID0047,blank_contribution,quantified
SID0047,ctrl_cotton,yes
SID0047,ctrl_glass,no
SID0047,lab_environment,standard
SID0047,recovery_tested,no
SID0047,matrix_matched,no
SID0047,recovery_correction,no
SID0047,lod_reported,nr
SID0047,loq_reported,nr
SID0047,crm_used,no
SID0047,orthogonal_method,yes
SID0047,false_positive_discussed,yes
SID0047,raw_data,partial
SID0047,spectra_shared,no
SID0048,blanks_procedural,yes
SID0048,blanks_field,no
SID0048,blanks_air,no
SID0048,blanks_instrument,no
SID0048,blank_correction,nr
SID0048,blank_contribution,quantified
SID0048,ctrl_cotton,no
SID0048,ctrl_glass,yes
SID0048,lab_environment,laminar
SID0048,recovery_tested,no
SID0048,matrix_matched,no
SID0048,recovery_correction,no
SID0048,lod_reported,nr
SID0048,loq_reported,nr
SID0048,crm_used,no
SID0048,orthogonal_method,yes
SID0048,false_positive_discussed,yes
SID0048,raw_data,full
SID0048,spectra_shared,no
SID0049,blanks_procedural,yes
SID0049,blanks_field,no
SID0049,blanks_air,no
SID0049,blanks_instrument,no
SID0049,blank_correction,nr
SID0049,blank_contribution,no
SID0049,ctrl_cotton,no
SID0049,ctrl_glass,yes
SID0049,lab_environment,standard
SID0049,recovery_tested,no
SID0049,matrix_matched,no
SID0049,recovery_correction,no
SID0049,lod_reported,nr
SID0049,loq_reported,nr
SID0049,crm_used,no
SID0049,orthogonal_method,yes
SID0049,false_positive_discussed,yes
SID0049,raw_data,nr
SID0049,spectra_shared,no
SID0050,blanks_procedural,yes
SID0050,blanks_field,no
SID0050,blanks_air,no
SID0050,blanks_instrument,no
SID0050,blank_correction,nr
SID0050,blank_contribution,qualitative
SID0050,ctrl_cotton,yes
SID0050,ctrl_glass,no
SID0050,lab_environment,laminar
SID0050,recovery_tested,no
SID0050,matrix_matched,no
SID0050,recovery_correction,no
SID0050,lod_reported,nr
SID0050,loq_reported,nr
SID0050,crm_used,no
SID0050,orthogonal_method,yes
SID0050,false_positive_discussed,yes
SID0050,raw_data,partial
SID0050,spectra_shared,no
SID0051,blanks_procedural,yes
SID0051,blanks_field,no
SID0051,blanks_air,no
SID0051,blanks_instrument,no
SID0051,blank_correction,nr
SID0051,blank_contribution,quantified
SID0051,ctrl_cotton,no
SID0051,ctrl_glass,yes
SID0051,lab_environment,standard
SID0051,recovery_tested,yes
SID0051,matrix_matched,no
SID0051,recovery_correction,no
SID0051,lod_reported,yes
SID0051,loq_reported,yes
SID0051,crm_used,no
SID0051,orthogonal_method,yes
SID0051,false_positive_discussed,yes
SID0051,raw_data,partial
SID0051,spectra_shared,no
SID0052,blanks_procedural,yes
SID0052,blanks_field,no
SID0052,blanks_air,yes
SID0052,blanks_instrument,no
SID0052,blank_correction,subtraction
SID0052,blank_contribution,quantified
SID0052,ctrl_cotton,yes
SID0052,ctrl_glass,no
SID0052,lab_environment,standard
SID0052,recovery_tested,no
SID0052,matrix_matched,no
SID0052,recovery_correction,no
SID0052,lod_reported,nr
SID0052,loq_reported,nr
SID0052,crm_used,no
SID0052,orthogonal_method,yes
SID0052,false_positive_discussed,yes
SID0052,raw_data,partial
SID0052,spectra_shared,image
SID0054,blanks_procedural,yes
SID0054,blanks_field,no
SID0054,blanks_air,yes
SID0054,blanks_instrument,no
SID0054,blank_correction,threshold
SID0054,blank_contribution,quantified
SID0054,ctrl_cotton,yes
SID0054,ctrl_glass,no
SID0054,lab_environment,cleanroom
SID0054,recovery_tested,no
SID0054,matrix_matched,no
SID0054,recovery_correction,no
SID0054,lod_reported,nr
SID0054,loq_reported,nr
SID0054,crm_used,no
SID0054,orthogonal_method,no
SID0054,false_positive_discussed,yes
SID0054,raw_data,partial
SID0054,spectra_shared,image
SID0055,blanks_procedural,yes
SID0055,blanks_field,yes
SID0055,blanks_air,no
SID0055,blanks_instrument,yes
SID0055,blank_correction,nr
SID0055,blank_contribution,no
SID0055,ctrl_cotton,nr
SID0055,ctrl_glass,nr
SID0055,lab_environment,cleanroom
SID0055,recovery_tested,no
SID0055,matrix_matched,nr
SID0055,recovery_correction,no
SID0055,lod_reported,nr
SID0055,loq_reported,nr
SID0055,crm_used,no
SID0055,orthogonal_method,yes
SID0055,false_positive_discussed,yes
SID0055,raw_data,partial
SID0055,spectra_shared,no
SID0056,blanks_procedural,yes
SID0056,blanks_field,no
SID0056,blanks_air,yes
SID0056,blanks_instrument,no
SID0056,blank_correction,nr
SID0056,blank_contribution,qualitative
SID0056,ctrl_cotton,nr
SID0056,ctrl_glass,nr
SID0056,lab_environment,cleanroom
SID0056,recovery_tested,no
SID0056,matrix_matched,no
SID0056,recovery_correction,no
SID0056,lod_reported,nr
SID0056,loq_reported,nr
SID0056,crm_used,no
SID0056,orthogonal_method,yes
SID0056,false_positive_discussed,yes
SID0056,raw_data,partial
SID0056,spectra_shared,no
SID0057,blanks_procedural,yes
SID0057,blanks_field,no
SID0057,blanks_air,no
SID0057,blanks_instrument,no
SID0057,blank_correction,nr
SID0057,blank_contribution,qualitative
SID0057,ctrl_cotton,nr
SID0057,ctrl_glass,nr
SID0057,lab_environment,standard
SID0057,recovery_tested,yes
SID0057,matrix_matched,yes
SID0057,recovery_correction,no
SID0057,lod_reported,yes
SID0057,loq_reported,nr
SID0057,crm_used,no
SID0057,orthogonal_method,no
SID0057,false_positive_discussed,no
SID0057,raw_data,partial
SID0057,spectra_shared,no
SID0059,blanks_procedural,yes
SID0059,blanks_field,yes
SID0059,blanks_air,yes
SID0059,blanks_instrument,no
SID0059,blank_correction,subtraction
SID0059,blank_contribution,quantified
SID0059,ctrl_cotton,no
SID0059,ctrl_glass,no
SID0059,lab_environment,standard
SID0059,recovery_tested,yes
SID0059,matrix_matched,no
SID0059,recovery_correction,no
SID0059,lod_reported,nr
SID0059,loq_reported,nr
SID0059,crm_used,no
SID0059,orthogonal_method,yes
SID0059,false_positive_discussed,yes
SID0059,raw_data,partial
SID0059,spectra_shared,no
SID0060,blanks_procedural,yes
SID0060,blanks_field,no
SID0060,blanks_air,no
SID0060,blanks_instrument,no
SID0060,blank_correction,nr
SID0060,blank_contribution,quantified
SID0060,ctrl_cotton,no
SID0060,ctrl_glass,yes
SID0060,lab_environment,standard
SID0060,recovery_tested,no
SID0060,matrix_matched,no
SID0060,recovery_correction,no
SID0060,lod_reported,nr
SID0060,loq_reported,nr
SID0060,crm_used,no
SID0060,orthogonal_method,yes
SID0060,false_positive_discussed,yes
SID0060,raw_data,partial
SID0060,spectra_shared,no
SID0061,blanks_procedural,yes
SID0061,blanks_field,no
SID0061,blanks_air,no
SID0061,blanks_instrument,no
SID0061,blank_correction,subtraction
SID0061,blank_contribution,no
SID0061,ctrl_cotton,yes
SID0061,ctrl_glass,no
SID0061,lab_environment,standard
SID0061,recovery_tested,no
SID0061,matrix_matched,no
SID0061,recovery_correction,no
SID0061,lod_reported,nr
SID0061,loq_reported,nr
SID0061,crm_used,no
SID0061,orthogonal_method,yes
SID0061,false_positive_discussed,yes
SID0061,raw_data,partial
SID0061,spectra_shared,no
SID0062,blanks_procedural,no
SID0062,blanks_field,no
SID0062,blanks_air,yes
SID0062,blanks_instrument,no
SID0062,blank_correction,nr
SID0062,blank_contribution,qualitative
SID0062,ctrl_cotton,nr
SID0062,ctrl_glass,nr
SID0062,lab_environment,cleanroom
SID0062,recovery_tested,no
SID0062,matrix_matched,no
SID0062,recovery_correction,no
SID0062,lod_reported,nr
SID0062,loq_reported,nr
SID0062,crm_used,no
SID0062,orthogonal_method,yes
SID0062,false_positive_discussed,yes
SID0062,raw_data,partial
SID0062,spectra_shared,reusable
SID0063,blanks_procedural,yes
SID0063,blanks_field,no
SID0063,blanks_air,no
SID0063,blanks_instrument,no
SID0063,blank_correction,threshold
SID0063,blank_contribution,qualitative
SID0063,ctrl_cotton,yes
SID0063,ctrl_glass,no
SID0063,lab_environment,laminar
SID0063,recovery_tested,yes
SID0063,matrix_matched,no
SID0063,recovery_correction,no
SID0063,lod_reported,nr
SID0063,loq_reported,nr
SID0063,crm_used,no
SID0063,orthogonal_method,no
SID0063,false_positive_discussed,yes
SID0063,raw_data,partial
SID0063,spectra_shared,no
SID0066,blanks_procedural,yes
SID0066,blanks_field,no
SID0066,blanks_air,yes
SID0066,blanks_instrument,no
SID0066,blank_correction,subtraction
SID0066,blank_contribution,quantified
SID0066,ctrl_cotton,no
SID0066,ctrl_glass,yes
SID0066,lab_environment,standard
SID0066,recovery_tested,no
SID0066,matrix_matched,no
SID0066,recovery_correction,no
SID0066,lod_reported,nr
SID0066,loq_reported,nr
SID0066,crm_used,no
SID0066,orthogonal_method,yes
SID0066,false_positive_discussed,yes
SID0066,raw_data,partial
SID0066,spectra_shared,no
SID0068,blanks_procedural,yes
SID0068,blanks_field,yes
SID0068,blanks_air,no
SID0068,blanks_instrument,yes
SID0068,blank_correction,nr
SID0068,blank_contribution,no
SID0068,ctrl_cotton,nr
SID0068,ctrl_glass,nr
SID0068,lab_environment,nr
SID0068,recovery_tested,yes
SID0068,matrix_matched,no
SID0068,recovery_correction,no
SID0068,lod_reported,nr
SID0068,loq_reported,nr
SID0068,crm_used,no
SID0068,orthogonal_method,yes
SID0068,false_positive_discussed,yes
SID0068,raw_data,partial
SID0068,spectra_shared,no
SID0069,blanks_procedural,yes
SID0069,blanks_field,yes
SID0069,blanks_air,yes
SID0069,blanks_instrument,yes
SID0069,blank_correction,nr
SID0069,blank_contribution,no
SID0069,ctrl_cotton,nr
SID0069,ctrl_glass,nr
SID0069,lab_environment,standard
SID0069,recovery_tested,yes
SID0069,matrix_matched,no
SID0069,recovery_correction,no
SID0069,lod_reported,nr
SID0069,loq_reported,nr
SID0069,crm_used,no
SID0069,orthogonal_method,yes
SID0069,false_positive_discussed,yes
SID0069,raw_data,partial
SID0069,spectra_shared,no
SID0070,blanks_procedural,yes
SID0070,blanks_field,no
SID0070,blanks_air,no
SID0070,blanks_instrument,no
SID0070,blank_correction,nr
SID0070,blank_contribution,qualitative
SID0070,ctrl_cotton,nr
SID0070,ctrl_glass,nr
SID0070,lab_environment,laminar
SID0070,recovery_tested,no
SID0070,matrix_matched,no
SID0070,recovery_correction,no
SID0070,lod_reported,yes
SID0070,loq_reported,nr
SID0070,crm_used,no
SID0070,orthogonal_method,no
SID0070,false_positive_discussed,yes
SID0070,raw_data,partial
SID0070,spectra_shared,no
SID0071,blanks_procedural,yes
SID0071,blanks_field,no
SID0071,blanks_air,yes
SID0071,blanks_instrument,no
SID0071,blank_correction,subtraction
SID0071,blank_contribution,quantified
SID0071,ctrl_cotton,no
SID0071,ctrl_glass,yes
SID0071,lab_environment,laminar
SID0071,recovery_tested,no
SID0071,matrix_matched,no
SID0071,recovery_correction,no
SID0071,lod_reported,nr
SID0071,loq_reported,nr
SID0071,crm_used,no
SID0071,orthogonal_method,yes
SID0071,false_positive_discussed,yes
SID0071,raw_data,partial
SID0071,spectra_shared,no
SID0072,blanks_procedural,yes
SID0072,blanks_field,no
SID0072,blanks_air,no
SID0072,blanks_instrument,no
SID0072,blank_correction,subtraction
SID0072,blank_contribution,quantified
SID0072,ctrl_cotton,nr
SID0072,ctrl_glass,nr
SID0072,lab_environment,laminar
SID0072,recovery_tested,yes
SID0072,matrix_matched,yes
SID0072,recovery_correction,no
SID0072,lod_reported,nr
SID0072,loq_reported,nr
SID0072,crm_used,no
SID0072,orthogonal_method,no
SID0072,false_positive_discussed,yes
SID0072,raw_data,partial
SID0072,spectra_shared,no
SID0073,blanks_procedural,yes
SID0073,blanks_field,no
SID0073,blanks_air,no
SID0073,blanks_instrument,no
SID0073,blank_correction,nr
SID0073,blank_contribution,no
SID0073,ctrl_cotton,yes
SID0073,ctrl_glass,no
SID0073,lab_environment,laminar
SID0073,recovery_tested,no
SID0073,matrix_matched,no
SID0073,recovery_correction,no
SID0073,lod_reported,nr
SID0073,loq_reported,nr
SID0073,crm_used,no
SID0073,orthogonal_method,yes
SID0073,false_positive_discussed,yes
SID0073,raw_data,partial
SID0073,spectra_shared,no
SID0074,blanks_procedural,yes
SID0074,blanks_field,no
SID0074,blanks_air,no
SID0074,blanks_instrument,no
SID0074,blank_correction,nr
SID0074,blank_contribution,quantified
SID0074,ctrl_cotton,yes
SID0074,ctrl_glass,no
SID0074,lab_environment,standard
SID0074,recovery_tested,yes
SID0074,matrix_matched,yes
SID0074,recovery_correction,no
SID0074,lod_reported,yes
SID0074,loq_reported,yes
SID0074,crm_used,no
SID0074,orthogonal_method,no
SID0074,false_positive_discussed,yes
SID0074,raw_data,full
SID0074,spectra_shared,no
SID0075,blanks_procedural,yes
SID0075,blanks_field,no
SID0075,blanks_air,no
SID0075,blanks_instrument,no
SID0075,blank_correction,nr
SID0075,blank_contribution,qualitative
SID0075,ctrl_cotton,yes
SID0075,ctrl_glass,no
SID0075,lab_environment,standard
SID0075,recovery_tested,no
SID0075,matrix_matched,no
SID0075,recovery_correction,no
SID0075,lod_reported,no
SID0075,loq_reported,nr
SID0075,crm_used,no
SID0075,orthogonal_method,yes
SID0075,false_positive_discussed,yes
SID0075,raw_data,partial
SID0075,spectra_shared,no
SID0076,blanks_procedural,yes
SID0076,blanks_field,no
SID0076,blanks_air,no
SID0076,blanks_instrument,no
SID0076,blank_correction,subtraction
SID0076,blank_contribution,quantified
SID0076,ctrl_cotton,yes
SID0076,ctrl_glass,no
SID0076,lab_environment,standard
SID0076,recovery_tested,no
SID0076,matrix_matched,no
SID0076,recovery_correction,no
SID0076,lod_reported,nr
SID0076,loq_reported,nr
SID0076,crm_used,no
SID0076,orthogonal_method,yes
SID0076,false_positive_discussed,yes
SID0076,raw_data,partial
SID0076,spectra_shared,no
SID0077,blanks_procedural,yes
SID0077,blanks_field,no
SID0077,blanks_air,yes
SID0077,blanks_instrument,no
SID0077,blank_correction,subtraction
SID0077,blank_contribution,quantified
SID0077,ctrl_cotton,nr
SID0077,ctrl_glass,nr
SID0077,lab_environment,standard
SID0077,recovery_tested,yes
SID0077,matrix_matched,yes
SID0077,recovery_correction,no
SID0077,lod_reported,nr
SID0077,loq_reported,nr
SID0077,crm_used,no
SID0077,orthogonal_method,yes
SID0077,false_positive_discussed,yes
SID0077,raw_data,partial
SID0077,spectra_shared,no
SID0078,blanks_procedural,yes
SID0078,blanks_field,no
SID0078,blanks_air,yes
SID0078,blanks_instrument,no
SID0078,blank_correction,nr
SID0078,blank_contribution,no
SID0078,ctrl_cotton,nr
SID0078,ctrl_glass,nr
SID0078,lab_environment,standard
SID0078,recovery_tested,no
SID0078,matrix_matched,no
SID0078,recovery_correction,no
SID0078,lod_reported,nr
SID0078,loq_reported,nr
SID0078,crm_used,no
SID0078,orthogonal_method,yes
SID0078,false_positive_discussed,yes
SID0078,raw_data,partial
SID0078,spectra_shared,no
SID0079,blanks_procedural,yes
SID0079,blanks_field,no
SID0079,blanks_air,yes
SID0079,blanks_instrument,no
SID0079,blank_correction,nr
SID0079,blank_contribution,quantified
SID0079,ctrl_cotton,nr
SID0079,ctrl_glass,nr
SID0079,lab_environment,standard
SID0079,recovery_tested,no
SID0079,matrix_matched,no
SID0079,recovery_correction,no
SID0079,lod_reported,yes
SID0079,loq_reported,nr
SID0079,crm_used,no
SID0079,orthogonal_method,yes
SID0079,false_positive_discussed,yes
SID0079,raw_data,partial
SID0079,spectra_shared,no
SID0080,blanks_procedural,no
SID0080,blanks_field,no
SID0080,blanks_air,yes
SID0080,blanks_instrument,no
SID0080,blank_correction,nr
SID0080,blank_contribution,qualitative
SID0080,ctrl_cotton,nr
SID0080,ctrl_glass,nr
SID0080,lab_environment,cleanroom
SID0080,recovery_tested,yes
SID0080,matrix_matched,no
SID0080,recovery_correction,no
SID0080,lod_reported,nr
SID0080,loq_reported,nr
SID0080,crm_used,no
SID0080,orthogonal_method,yes
SID0080,false_positive_discussed,yes
SID0080,raw_data,partial
SID0080,spectra_shared,no
SID0081,blanks_procedural,yes
SID0081,blanks_field,no
SID0081,blanks_air,yes
SID0081,blanks_instrument,no
SID0081,blank_correction,nr
SID0081,blank_contribution,qualitative
SID0081,ctrl_cotton,no
SID0081,ctrl_glass,yes
SID0081,lab_environment,standard
SID0081,recovery_tested,no
SID0081,matrix_matched,no
SID0081,recovery_correction,no
SID0081,lod_reported,nr
SID0081,loq_reported,nr
SID0081,crm_used,no
SID0081,orthogonal_method,yes
SID0081,false_positive_discussed,yes
SID0081,raw_data,partial
SID0081,spectra_shared,no
SID0082,blanks_procedural,no
SID0082,blanks_field,no
SID0082,blanks_air,no
SID0082,blanks_instrument,no
SID0082,blank_correction,threshold
SID0082,blank_contribution,quantified
SID0082,ctrl_cotton,nr
SID0082,ctrl_glass,nr
SID0082,lab_environment,laminar
SID0082,recovery_tested,yes
SID0082,matrix_matched,no
SID0082,recovery_correction,no
SID0082,lod_reported,nr
SID0082,loq_reported,nr
SID0082,crm_used,no
SID0082,orthogonal_method,yes
SID0082,false_positive_discussed,yes
SID0082,raw_data,partial
SID0082,spectra_shared,no
SID0083,blanks_procedural,no
SID0083,blanks_field,no
SID0083,blanks_air,no
SID0083,blanks_instrument,no
SID0083,blank_correction,nr
SID0083,blank_contribution,no
SID0083,ctrl_cotton,no
SID0083,ctrl_glass,yes
SID0083,lab_environment,standard
SID0083,recovery_tested,no
SID0083,matrix_matched,no
SID0083,recovery_correction,no
SID0083,lod_reported,nr
SID0083,loq_reported,nr
SID0083,crm_used,no
SID0083,orthogonal_method,yes
SID0083,false_positive_discussed,yes
SID0083,raw_data,partial
SID0083,spectra_shared,no
SID0084,blanks_procedural,no
SID0084,blanks_field,no
SID0084,blanks_air,yes
SID0084,blanks_instrument,no
SID0084,blank_correction,nr
SID0084,blank_contribution,quantified
SID0084,ctrl_cotton,yes
SID0084,ctrl_glass,no
SID0084,lab_environment,standard
SID0084,recovery_tested,no
SID0084,matrix_matched,no
SID0084,recovery_correction,no
SID0084,lod_reported,nr
SID0084,loq_reported,nr
SID0084,crm_used,no
SID0084,orthogonal_method,yes
SID0084,false_positive_discussed,yes
SID0084,raw_data,partial
SID0084,spectra_shared,no
SID0085,blanks_procedural,yes
SID0085,blanks_field,yes
SID0085,blanks_air,no
SID0085,blanks_instrument,no
SID0085,blank_correction,subtraction
SID0085,blank_contribution,quantified
SID0085,ctrl_cotton,nr
SID0085,ctrl_glass,nr
SID0085,lab_environment,laminar
SID0085,recovery_tested,yes
SID0085,matrix_matched,yes
SID0085,recovery_correction,no
SID0085,lod_reported,yes
SID0085,loq_reported,yes
SID0085,crm_used,no
SID0085,orthogonal_method,yes
SID0085,false_positive_discussed,yes
SID0085,raw_data,partial
SID0085,spectra_shared,no
SID0086,blanks_procedural,yes
SID0086,blanks_field,yes
SID0086,blanks_air,no
SID0086,blanks_instrument,no
SID0086,blank_correction,threshold
SID0086,blank_contribution,quantified
SID0086,ctrl_cotton,no
SID0086,ctrl_glass,no
SID0086,lab_environment,nr
SID0086,recovery_tested,yes
SID0086,matrix_matched,no
SID0086,recovery_correction,no
SID0086,lod_reported,yes
SID0086,loq_reported,nr
SID0086,crm_used,no
SID0086,orthogonal_method,yes
SID0086,false_positive_discussed,yes
SID0086,raw_data,partial
SID0086,spectra_shared,no
SID0088,blanks_procedural,yes
SID0088,blanks_field,yes
SID0088,blanks_air,yes
SID0088,blanks_instrument,yes
SID0088,blank_correction,nr
SID0088,blank_contribution,no
SID0088,ctrl_cotton,nr
SID0088,ctrl_glass,nr
SID0088,lab_environment,standard
SID0088,recovery_tested,yes
SID0088,matrix_matched,no
SID0088,recovery_correction,no
SID0088,lod_reported,nr
SID0088,loq_reported,nr
SID0088,crm_used,no
SID0088,orthogonal_method,yes
SID0088,false_positive_discussed,yes
SID0088,raw_data,partial
SID0088,spectra_shared,no
SID0089,blanks_procedural,yes
SID0089,blanks_field,no
SID0089,blanks_air,no
SID0089,blanks_instrument,no
SID0089,blank_correction,subtraction
SID0089,blank_contribution,quantified
SID0089,ctrl_cotton,nr
SID0089,ctrl_glass,nr
SID0089,lab_environment,laminar
SID0089,recovery_tested,yes
SID0089,matrix_matched,no
SID0089,recovery_correction,no
SID0089,lod_reported,nr
SID0089,loq_reported,nr
SID0089,crm_used,no
SID0089,orthogonal_method,yes
SID0089,false_positive_discussed,yes
SID0089,raw_data,full
SID0089,spectra_shared,no
SID0090,blanks_procedural,yes
SID0090,blanks_field,no
SID0090,blanks_air,no
SID0090,blanks_instrument,no
SID0090,blank_correction,threshold
SID0090,blank_contribution,no
SID0090,ctrl_cotton,yes
SID0090,ctrl_glass,no
SID0090,lab_environment,standard
SID0090,recovery_tested,yes
SID0090,matrix_matched,no
SID0090,recovery_correction,no
SID0090,lod_reported,nr
SID0090,loq_reported,nr
SID0090,crm_used,no
SID0090,orthogonal_method,yes
SID0090,false_positive_discussed,yes
SID0090,raw_data,nr
SID0090,spectra_shared,no
SID0091,blanks_procedural,yes
SID0091,blanks_field,no
SID0091,blanks_air,no
SID0091,blanks_instrument,no
SID0091,blank_correction,nr
SID0091,blank_contribution,quantified
SID0091,ctrl_cotton,nr
SID0091,ctrl_glass,nr
SID0091,lab_environment,standard
SID0091,recovery_tested,yes
SID0091,matrix_matched,no
SID0091,recovery_correction,no
SID0091,lod_reported,nr
SID0091,loq_reported,nr
SID0091,crm_used,no
SID0091,orthogonal_method,no
SID0091,false_positive_discussed,yes
SID0091,raw_data,partial
SID0091,spectra_shared,no
SID0092,blanks_procedural,yes
SID0092,blanks_field,no
SID0092,blanks_air,yes
SID0092,blanks_instrument,no
SID0092,blank_correction,threshold
SID0092,blank_contribution,quantified
SID0092,ctrl_cotton,no
SID0092,ctrl_glass,yes
SID0092,lab_environment,cleanroom
SID0092,recovery_tested,yes
SID0092,matrix_matched,no
SID0092,recovery_correction,no
SID0092,lod_reported,yes
SID0092,loq_reported,yes
SID0092,crm_used,no
SID0092,orthogonal_method,yes
SID0092,false_positive_discussed,yes
SID0092,raw_data,partial
SID0092,spectra_shared,no
SID0093,blanks_procedural,yes
SID0093,blanks_field,no
SID0093,blanks_air,no
SID0093,blanks_instrument,no
SID0093,blank_correction,nr
SID0093,blank_contribution,quantified
SID0093,ctrl_cotton,yes
SID0093,ctrl_glass,no
SID0093,lab_environment,standard
SID0093,recovery_tested,yes
SID0093,matrix_matched,no
SID0093,recovery_correction,no
SID0093,lod_reported,yes
SID0093,loq_reported,yes
SID0093,crm_used,no
SID0093,orthogonal_method,yes
SID0093,false_positive_discussed,yes
SID0093,raw_data,partial
SID0093,spectra_shared,no
SID0094,blanks_procedural,yes
SID0094,blanks_field,yes
SID0094,blanks_air,yes
SID0094,blanks_instrument,no
SID0094,blank_correction,nr
SID0094,blank_contribution,qualitative
SID0094,ctrl_cotton,no
SID0094,ctrl_glass,yes
SID0094,lab_environment,laminar
SID0094,recovery_tested,yes
SID0094,matrix_matched,no
SID0094,recovery_correction,no
SID0094,lod_reported,nr
SID0094,loq_reported,nr
SID0094,crm_used,no
SID0094,orthogonal_method,yes
SID0094,false_positive_discussed,yes
SID0094,raw_data,full
SID0094,spectra_shared,no
SID0095,blanks_procedural,yes
SID0095,blanks_field,yes
SID0095,blanks_air,yes
SID0095,blanks_instrument,no
SID0095,blank_correction,nr
SID0095,blank_contribution,no
SID0095,ctrl_cotton,no
SID0095,ctrl_glass,yes
SID0095,lab_environment,cleanroom
SID0095,recovery_tested,yes
SID0095,matrix_matched,no
SID0095,recovery_correction,no
SID0095,lod_reported,nr
SID0095,loq_reported,nr
SID0095,crm_used,no
SID0095,orthogonal_method,yes
SID0095,false_positive_discussed,yes
SID0095,raw_data,partial
SID0095,spectra_shared,no
SID0096,blanks_procedural,no
SID0096,blanks_field,no
SID0096,blanks_air,no
SID0096,blanks_instrument,no
SID0096,blank_correction,nr
SID0096,blank_contribution,no
SID0096,ctrl_cotton,no
SID0096,ctrl_glass,yes
SID0096,lab_environment,standard
SID0096,recovery_tested,yes
SID0096,matrix_matched,no
SID0096,recovery_correction,no
SID0096,lod_reported,nr
SID0096,loq_reported,nr
SID0096,crm_used,no
SID0096,orthogonal_method,yes
SID0096,false_positive_discussed,yes
SID0096,raw_data,full
SID0096,spectra_shared,no
SID0097,blanks_procedural,yes
SID0097,blanks_field,no
SID0097,blanks_air,no
SID0097,blanks_instrument,no
SID0097,blank_correction,nr
SID0097,blank_contribution,no
SID0097,ctrl_cotton,nr
SID0097,ctrl_glass,nr
SID0097,lab_environment,cleanroom
SID0097,recovery_tested,yes
SID0097,matrix_matched,no
SID0097,recovery_correction,no
SID0097,lod_reported,nr
SID0097,loq_reported,nr
SID0097,crm_used,no
SID0097,orthogonal_method,yes
SID0097,false_positive_discussed,yes
SID0097,raw_data,nr
SID0097,spectra_shared,no
SID0101,blanks_procedural,no
SID0101,blanks_field,no
SID0101,blanks_air,yes
SID0101,blanks_instrument,no
SID0101,blank_correction,nr
SID0101,blank_contribution,no
SID0101,ctrl_cotton,yes
SID0101,ctrl_glass,no
SID0101,lab_environment,standard
SID0101,recovery_tested,yes
SID0101,matrix_matched,no
SID0101,recovery_correction,no
SID0101,lod_reported,nr
SID0101,loq_reported,nr
SID0101,crm_used,no
SID0101,orthogonal_method,yes
SID0101,false_positive_discussed,yes
SID0101,raw_data,nr
SID0101,spectra_shared,no
SID0102,blanks_procedural,yes
SID0102,blanks_field,no
SID0102,blanks_air,yes
SID0102,blanks_instrument,no
SID0102,blank_correction,nr
SID0102,blank_contribution,quantified
SID0102,ctrl_cotton,nr
SID0102,ctrl_glass,nr
SID0102,lab_environment,standard
SID0102,recovery_tested,yes
SID0102,matrix_matched,no
SID0102,recovery_correction,no
SID0102,lod_reported,yes
SID0102,loq_reported,nr
SID0102,crm_used,no
SID0102,orthogonal_method,yes
SID0102,false_positive_discussed,yes
SID0102,raw_data,partial
SID0102,spectra_shared,no
SID0103,blanks_procedural,no
SID0103,blanks_field,yes
SID0103,blanks_air,no
SID0103,blanks_instrument,no
SID0103,blank_correction,nr
SID0103,blank_contribution,quantified
SID0103,ctrl_cotton,no
SID0103,ctrl_glass,yes
SID0103,lab_environment,standard
SID0103,recovery_tested,yes
SID0103,matrix_matched,yes
SID0103,recovery_correction,no
SID0103,lod_reported,yes
SID0103,loq_reported,nr
SID0103,crm_used,no
SID0103,orthogonal_method,yes
SID0103,false_positive_discussed,yes
SID0103,raw_data,full
SID0103,spectra_shared,no
SID0104,blanks_procedural,yes
SID0104,blanks_field,no
SID0104,blanks_air,no
SID0104,blanks_instrument,no
SID0104,blank_correction,subtraction
SID0104,blank_contribution,quantified
SID0104,ctrl_cotton,yes
SID0104,ctrl_glass,no
SID0104,lab_environment,laminar
SID0104,recovery_tested,yes
SID0104,matrix_matched,no
SID0104,recovery_correction,no
SID0104,lod_reported,yes
SID0104,loq_reported,nr
SID0104,crm_used,no
SID0104,orthogonal_method,yes
SID0104,false_positive_discussed,yes
SID0104,raw_data,partial
SID0104,spectra_shared,no
SID0106,blanks_procedural,yes
SID0106,blanks_field,no
SID0106,blanks_air,no
SID0106,blanks_instrument,no
SID0106,blank_correction,nr
SID0106,blank_contribution,no
SID0106,ctrl_cotton,no
SID0106,ctrl_glass,yes
SID0106,lab_environment,standard
SID0106,recovery_tested,yes
SID0106,matrix_matched,no
SID0106,recovery_correction,no
SID0106,lod_reported,yes
SID0106,loq_reported,no
SID0106,crm_used,no
SID0106,orthogonal_method,yes
SID0106,false_positive_discussed,yes
SID0106,raw_data,partial
SID0106,spectra_shared,no
SID0108,blanks_procedural,yes
SID0108,blanks_field,no
SID0108,blanks_air,no
SID0108,blanks_instrument,no
SID0108,blank_correction,nr
SID0108,blank_contribution,quantified
SID0108,ctrl_cotton,nr
SID0108,ctrl_glass,nr
SID0108,lab_environment,laminar
SID0108,recovery_tested,yes
SID0108,matrix_matched,no
SID0108,recovery_correction,no
SID0108,lod_reported,yes
SID0108,loq_reported,nr
SID0108,crm_used,no
SID0108,orthogonal_method,yes
SID0108,false_positive_discussed,yes
SID0108,raw_data,full
SID0108,spectra_shared,no
SID0109,blanks_procedural,yes
SID0109,blanks_field,no
SID0109,blanks_air,no
SID0109,blanks_instrument,no
SID0109,blank_correction,nr
SID0109,blank_contribution,no
SID0109,ctrl_cotton,yes
SID0109,ctrl_glass,no
SID0109,lab_environment,standard
SID0109,recovery_tested,yes
SID0109,matrix_matched,no
SID0109,recovery_correction,no
SID0109,lod_reported,no
SID0109,loq_reported,no
SID0109,crm_used,no
SID0109,orthogonal_method,yes
SID0109,false_positive_discussed,yes
SID0109,raw_data,partial
SID0109,spectra_shared,no
SID0112,blanks_procedural,yes
SID0112,blanks_field,yes
SID0112,blanks_air,no
SID0112,blanks_instrument,no
SID0112,blank_correction,subtraction
SID0112,blank_contribution,quantified
SID0112,ctrl_cotton,no
SID0112,ctrl_glass,no
SID0112,lab_environment,standard
SID0112,recovery_tested,yes
SID0112,matrix_matched,yes
SID0112,recovery_correction,no
SID0112,lod_reported,yes
SID0112,loq_reported,yes
SID0112,crm_used,no
SID0112,orthogonal_method,no
SID0112,false_positive_discussed,yes
SID0112,raw_data,full
SID0112,spectra_shared,no
SID0113,blanks_procedural,yes
SID0113,blanks_field,yes
SID0113,blanks_air,no
SID0113,blanks_instrument,yes
SID0113,blank_correction,subtraction
SID0113,blank_contribution,quantified
SID0113,ctrl_cotton,nr
SID0113,ctrl_glass,nr
SID0113,lab_environment,standard
SID0113,recovery_tested,yes
SID0113,matrix_matched,yes
SID0113,recovery_correction,yes
SID0113,lod_reported,yes
SID0113,loq_reported,yes
SID0113,crm_used,no
SID0113,orthogonal_method,no
SID0113,false_positive_discussed,yes
SID0113,raw_data,full
SID0113,spectra_shared,no
SID0114,blanks_procedural,yes
SID0114,blanks_field,no
SID0114,blanks_air,no
SID0114,blanks_instrument,yes
SID0114,blank_correction,threshold
SID0114,blank_contribution,quantified
SID0114,ctrl_cotton,nr
SID0114,ctrl_glass,nr
SID0114,lab_environment,laminar
SID0114,recovery_tested,yes
SID0114,matrix_matched,no
SID0114,recovery_correction,no
SID0114,lod_reported,yes
SID0114,loq_reported,yes
SID0114,crm_used,no
SID0114,orthogonal_method,no
SID0114,false_positive_discussed,yes
SID0114,raw_data,full
SID0114,spectra_shared,no
SID0115,blanks_procedural,yes
SID0115,blanks_field,no
SID0115,blanks_air,yes
SID0115,blanks_instrument,no
SID0115,blank_correction,threshold
SID0115,blank_contribution,quantified
SID0115,ctrl_cotton,yes
SID0115,ctrl_glass,no
SID0115,lab_environment,standard
SID0115,recovery_tested,yes
SID0115,matrix_matched,yes
SID0115,recovery_correction,no
SID0115,lod_reported,no
SID0115,loq_reported,no
SID0115,crm_used,no
SID0115,orthogonal_method,yes
SID0115,false_positive_discussed,yes
SID0115,raw_data,partial
SID0115,spectra_shared,no
SID0116,blanks_procedural,yes
SID0116,blanks_field,no
SID0116,blanks_air,no
SID0116,blanks_instrument,no
SID0116,blank_correction,subtraction
SID0116,blank_contribution,quantified
SID0116,ctrl_cotton,yes
SID0116,ctrl_glass,no
SID0116,lab_environment,laminar
SID0116,recovery_tested,yes
SID0116,matrix_matched,yes
SID0116,recovery_correction,no
SID0116,lod_reported,yes
SID0116,loq_reported,yes
SID0116,crm_used,no
SID0116,orthogonal_method,no
SID0116,false_positive_discussed,yes
SID0116,raw_data,full
SID0116,spectra_shared,no
SID0118,blanks_procedural,no
SID0118,blanks_field,no
SID0118,blanks_air,yes
SID0118,blanks_instrument,no
SID0118,blank_correction,nr
SID0118,blank_contribution,qualitative
SID0118,ctrl_cotton,yes
SID0118,ctrl_glass,no
SID0118,lab_environment,standard
SID0118,recovery_tested,yes
SID0118,matrix_matched,yes
SID0118,recovery_correction,no
SID0118,lod_reported,yes
SID0118,loq_reported,yes
SID0118,crm_used,no
SID0118,orthogonal_method,yes
SID0118,false_positive_discussed,yes
SID0118,raw_data,partial
SID0118,spectra_shared,no
SID0119,blanks_procedural,yes
SID0119,blanks_field,no
SID0119,blanks_air,no
SID0119,blanks_instrument,no
SID0119,blank_correction,subtraction
SID0119,blank_contribution,quantified
SID0119,ctrl_cotton,yes
SID0119,ctrl_glass,no
SID0119,lab_environment,laminar
SID0119,recovery_tested,yes
SID0119,matrix_matched,no
SID0119,recovery_correction,no
SID0119,lod_reported,no
SID0119,loq_reported,no
SID0119,crm_used,no
SID0119,orthogonal_method,yes
SID0119,false_positive_discussed,yes
SID0119,raw_data,full
SID0119,spectra_shared,no
SID0120,blanks_procedural,yes
SID0120,blanks_field,no
SID0120,blanks_air,no
SID0120,blanks_instrument,no
SID0120,blank_correction,nr
SID0120,blank_contribution,no
SID0120,ctrl_cotton,yes
SID0120,ctrl_glass,no
SID0120,lab_environment,cleanroom
SID0120,recovery_tested,yes
SID0120,matrix_matched,no
SID0120,recovery_correction,no
SID0120,lod_reported,no
SID0120,loq_reported,no
SID0120,crm_used,no
SID0120,orthogonal_method,yes
SID0120,false_positive_discussed,yes
SID0120,raw_data,nr
SID0120,spectra_shared,no
SID0121,blanks_procedural,yes
SID0121,blanks_field,no
SID0121,blanks_air,yes
SID0121,blanks_instrument,no
SID0121,blank_correction,nr
SID0121,blank_contribution,qualitative
SID0121,ctrl_cotton,nr
SID0121,ctrl_glass,nr
SID0121,lab_environment,standard
SID0121,recovery_tested,yes
SID0121,matrix_matched,yes
SID0121,recovery_correction,no
SID0121,lod_reported,yes
SID0121,loq_reported,yes
SID0121,crm_used,no
SID0121,orthogonal_method,yes
SID0121,false_positive_discussed,yes
SID0121,raw_data,full
SID0121,spectra_shared,reusable
SID0122,blanks_procedural,no
SID0122,blanks_field,no
SID0122,blanks_air,no
SID0122,blanks_instrument,no
SID0122,blank_correction,nr
SID0122,blank_contribution,no
SID0122,ctrl_cotton,nr
SID0122,ctrl_glass,nr
SID0122,lab_environment,standard
SID0122,recovery_tested,yes
SID0122,matrix_matched,no
SID0122,recovery_correction,no
SID0122,lod_reported,no
SID0122,loq_reported,no
SID0122,crm_used,no
SID0122,orthogonal_method,yes
SID0122,false_positive_discussed,yes
SID0122,raw_data,partial
SID0122,spectra_shared,no
SID0123,blanks_procedural,yes
SID0123,blanks_field,no
SID0123,blanks_air,no
SID0123,blanks_instrument,no
SID0123,blank_correction,nr
SID0123,blank_contribution,no
SID0123,ctrl_cotton,yes
SID0123,ctrl_glass,no
SID0123,lab_environment,standard
SID0123,recovery_tested,yes
SID0123,matrix_matched,no
SID0123,recovery_correction,no
SID0123,lod_reported,no
SID0123,loq_reported,no
SID0123,crm_used,no
SID0123,orthogonal_method,no
SID0123,false_positive_discussed,yes
SID0123,raw_data,partial
SID0123,spectra_shared,no
SID0124,blanks_procedural,yes
SID0124,blanks_field,no
SID0124,blanks_air,yes
SID0124,blanks_instrument,no
SID0124,blank_correction,nr
SID0124,blank_contribution,no
SID0124,ctrl_cotton,nr
SID0124,ctrl_glass,nr
SID0124,lab_environment,standard
SID0124,recovery_tested,yes
SID0124,matrix_matched,yes
SID0124,recovery_correction,no
SID0124,lod_reported,yes
SID0124,loq_reported,yes
SID0124,crm_used,no
SID0124,orthogonal_method,yes
SID0124,false_positive_discussed,yes
SID0124,raw_data,partial
SID0124,spectra_shared,no
SID0125,blanks_procedural,no
SID0125,blanks_field,no
SID0125,blanks_air,no
SID0125,blanks_instrument,no
SID0125,blank_correction,nr
SID0125,blank_contribution,no
SID0125,ctrl_cotton,nr
SID0125,ctrl_glass,nr
SID0125,lab_environment,standard
SID0125,recovery_tested,yes
SID0125,matrix_matched,no
SID0125,recovery_correction,no
SID0125,lod_reported,yes
SID0125,loq_reported,no
SID0125,crm_used,no
SID0125,orthogonal_method,no
SID0125,false_positive_discussed,no
SID0125,raw_data,partial
SID0125,spectra_shared,no
SID0126,blanks_procedural,yes
SID0126,blanks_field,no
SID0126,blanks_air,no
SID0126,blanks_instrument,no
SID0126,blank_correction,nr
SID0126,blank_contribution,quantified
SID0126,ctrl_cotton,nr
SID0126,ctrl_glass,nr
SID0126,lab_environment,laminar
SID0126,recovery_tested,yes
SID0126,matrix_matched,yes
SID0126,recovery_correction,no
SID0126,lod_reported,yes
SID0126,loq_reported,no
SID0126,crm_used,no
SID0126,orthogonal_method,yes
SID0126,false_positive_discussed,yes
SID0126,raw_data,partial
SID0126,spectra_shared,no
SID0127,blanks_procedural,yes
SID0127,blanks_field,no
SID0127,blanks_air,no
SID0127,blanks_instrument,no
SID0127,blank_correction,subtraction
SID0127,blank_contribution,quantified
SID0127,ctrl_cotton,nr
SID0127,ctrl_glass,nr
SID0127,lab_environment,laminar
SID0127,recovery_tested,yes
SID0127,matrix_matched,yes
SID0127,recovery_correction,no
SID0127,lod_reported,no
SID0127,loq_reported,no
SID0127,crm_used,no
SID0127,orthogonal_method,yes
SID0127,false_positive_discussed,yes
SID0127,raw_data,partial
SID0127,spectra_shared,no
SID0129,blanks_procedural,yes
SID0129,blanks_field,no
SID0129,blanks_air,no
SID0129,blanks_instrument,no
SID0129,blank_correction,nr
SID0129,blank_contribution,no
SID0129,ctrl_cotton,no
SID0129,ctrl_glass,yes
SID0129,lab_environment,laminar
SID0129,recovery_tested,yes
SID0129,matrix_matched,no
SID0129,recovery_correction,no
SID0129,lod_reported,no
SID0129,loq_reported,no
SID0129,crm_used,no
SID0129,orthogonal_method,yes
SID0129,false_positive_discussed,yes
SID0129,raw_data,partial
SID0129,spectra_shared,no
SID0130,blanks_procedural,no
SID0130,blanks_field,yes
SID0130,blanks_air,no
SID0130,blanks_instrument,no
SID0130,blank_correction,nr
SID0130,blank_contribution,no
SID0130,ctrl_cotton,yes
SID0130,ctrl_glass,no
SID0130,lab_environment,standard
SID0130,recovery_tested,yes
SID0130,matrix_matched,no
SID0130,recovery_correction,no
SID0130,lod_reported,no
SID0130,loq_reported,no
SID0130,crm_used,no
SID0130,orthogonal_method,yes
SID0130,false_positive_discussed,yes
SID0130,raw_data,partial
SID0130,spectra_shared,no
SID0131,blanks_procedural,yes
SID0131,blanks_field,no
SID0131,blanks_air,no
SID0131,blanks_instrument,no
SID0131,blank_correction,nr
SID0131,blank_contribution,quantified
SID0131,ctrl_cotton,no
SID0131,ctrl_glass,no
SID0131,lab_environment,standard
SID0131,recovery_tested,yes
SID0131,matrix_matched,yes
SID0131,recovery_correction,no
SID0131,lod_reported,yes
SID0131,loq_reported,yes
SID0131,crm_used,no
SID0131,orthogonal_method,yes
SID0131,false_positive_discussed,yes
SID0131,raw_data,partial
SID0131,spectra_shared,no
SID0132,blanks_procedural,yes
SID0132,blanks_field,no
SID0132,blanks_air,no
SID0132,blanks_instrument,no
SID0132,blank_correction,nr
SID0132,blank_contribution,no
SID0132,ctrl_cotton,yes
SID0132,ctrl_glass,no
SID0132,lab_environment,standard
SID0132,recovery_tested,yes
SID0132,matrix_matched,no
SID0132,recovery_correction,no
SID0132,lod_reported,no
SID0132,loq_reported,no
SID0132,crm_used,no
SID0132,orthogonal_method,no
SID0132,false_positive_discussed,yes
SID0132,raw_data,partial
SID0132,spectra_shared,no
SID0133,blanks_procedural,yes
SID0133,blanks_field,no
SID0133,blanks_air,no
SID0133,blanks_instrument,no
SID0133,blank_correction,nr
SID0133,blank_contribution,quantified
SID0133,ctrl_cotton,nr
SID0133,ctrl_glass,nr
SID0133,lab_environment,standard
SID0133,recovery_tested,yes
SID0133,matrix_matched,no
SID0133,recovery_correction,no
SID0133,lod_reported,no
SID0133,loq_reported,no
SID0133,crm_used,no
SID0133,orthogonal_method,yes
SID0133,false_positive_discussed,yes
SID0133,raw_data,partial
SID0133,spectra_shared,no
SID0134,blanks_procedural,yes
SID0134,blanks_field,no
SID0134,blanks_air,no
SID0134,blanks_instrument,no
SID0134,blank_correction,nr
SID0134,blank_contribution,no
SID0134,ctrl_cotton,nr
SID0134,ctrl_glass,nr
SID0134,lab_environment,standard
SID0134,recovery_tested,yes
SID0134,matrix_matched,yes
SID0134,recovery_correction,no
SID0134,lod_reported,yes
SID0134,loq_reported,no
SID0134,crm_used,no
SID0134,orthogonal_method,no
SID0134,false_positive_discussed,yes
SID0134,raw_data,partial
SID0134,spectra_shared,no
SID0135,blanks_procedural,no
SID0135,blanks_field,no
SID0135,blanks_air,yes
SID0135,blanks_instrument,no
SID0135,blank_correction,nr
SID0135,blank_contribution,no
SID0135,ctrl_cotton,no
SID0135,ctrl_glass,yes
SID0135,lab_environment,laminar
SID0135,recovery_tested,yes
SID0135,matrix_matched,no
SID0135,recovery_correction,no
SID0135,lod_reported,no
SID0135,loq_reported,no
SID0135,crm_used,no
SID0135,orthogonal_method,yes
SID0135,false_positive_discussed,yes
SID0135,raw_data,partial
SID0135,spectra_shared,no
SID0136,blanks_procedural,yes
SID0136,blanks_field,no
SID0136,blanks_air,yes
SID0136,blanks_instrument,no
SID0136,blank_correction,nr
SID0136,blank_contribution,quantified
SID0136,ctrl_cotton,yes
SID0136,ctrl_glass,no
SID0136,lab_environment,laminar
SID0136,recovery_tested,yes
SID0136,matrix_matched,no
SID0136,recovery_correction,no
SID0136,lod_reported,yes
SID0136,loq_reported,no
SID0136,crm_used,no
SID0136,orthogonal_method,yes
SID0136,false_positive_discussed,yes
SID0136,raw_data,partial
SID0136,spectra_shared,no
SID0137,blanks_procedural,yes
SID0137,blanks_field,no
SID0137,blanks_air,no
SID0137,blanks_instrument,no
SID0137,blank_correction,nr
SID0137,blank_contribution,quantified
SID0137,ctrl_cotton,nr
SID0137,ctrl_glass,nr
SID0137,lab_environment,standard
SID0137,recovery_tested,yes
SID0137,matrix_matched,no
SID0137,recovery_correction,no
SID0137,lod_reported,no
SID0137,loq_reported,no
SID0137,crm_used,no
SID0137,orthogonal_method,no
SID0137,false_positive_discussed,yes
SID0137,raw_data,full
SID0137,spectra_shared,no
SID0138,blanks_procedural,yes
SID0138,blanks_field,yes
SID0138,blanks_air,no
SID0138,blanks_instrument,yes
SID0138,blank_correction,nr
SID0138,blank_contribution,no
SID0138,ctrl_cotton,no
SID0138,ctrl_glass,yes
SID0138,lab_environment,laminar
SID0138,recovery_tested,yes
SID0138,matrix_matched,no
SID0138,recovery_correction,no
SID0138,lod_reported,no
SID0138,loq_reported,no
SID0138,crm_used,no
SID0138,orthogonal_method,yes
SID0138,false_positive_discussed,yes
SID0138,raw_data,partial
SID0138,spectra_shared,no
SID0139,blanks_procedural,yes
SID0139,blanks_field,no
SID0139,blanks_air,yes
SID0139,blanks_instrument,no
SID0139,blank_correction,nr
SID0139,blank_contribution,quantified
SID0139,ctrl_cotton,nr
SID0139,ctrl_glass,nr
SID0139,lab_environment,laminar
SID0139,recovery_tested,yes
SID0139,matrix_matched,no
SID0139,recovery_correction,no
SID0139,lod_reported,no
SID0139,loq_reported,no
SID0139,crm_used,no
SID0139,orthogonal_method,yes
SID0139,false_positive_discussed,yes
SID0139,raw_data,partial
SID0139,spectra_shared,no
SID0140,blanks_procedural,yes
SID0140,blanks_field,no
SID0140,blanks_air,no
SID0140,blanks_instrument,no
SID0140,blank_correction,subtraction
SID0140,blank_contribution,quantified
SID0140,ctrl_cotton,yes
SID0140,ctrl_glass,no
SID0140,lab_environment,laminar
SID0140,recovery_tested,yes
SID0140,matrix_matched,yes
SID0140,recovery_correction,no
SID0140,lod_reported,yes
SID0140,loq_reported,no
SID0140,crm_used,no
SID0140,orthogonal_method,no
SID0140,false_positive_discussed,yes
SID0140,raw_data,partial
SID0140,spectra_shared,no
SID0141,blanks_procedural,yes
SID0141,blanks_field,no
SID0141,blanks_air,no
SID0141,blanks_instrument,no
SID0141,blank_correction,subtraction
SID0141,blank_contribution,no
SID0141,ctrl_cotton,yes
SID0141,ctrl_glass,no
SID0141,lab_environment,standard
SID0141,recovery_tested,yes
SID0141,matrix_matched,no
SID0141,recovery_correction,no
SID0141,lod_reported,no
SID0141,loq_reported,no
SID0141,crm_used,no
SID0141,orthogonal_method,yes
SID0141,false_positive_discussed,yes
SID0141,raw_data,partial
SID0141,spectra_shared,no
SID0143,blanks_procedural,yes
SID0143,blanks_field,no
SID0143,blanks_air,no
SID0143,blanks_instrument,no
SID0143,blank_correction,nr
SID0143,blank_contribution,no
SID0143,ctrl_cotton,yes
SID0143,ctrl_glass,no
SID0143,lab_environment,standard
SID0143,recovery_tested,yes
SID0143,matrix_matched,no
SID0143,recovery_correction,no
SID0143,lod_reported,no
SID0143,loq_reported,no
SID0143,crm_used,no
SID0143,orthogonal_method,yes
SID0143,false_positive_discussed,yes
SID0143,raw_data,partial
SID0143,spectra_shared,no
SID0144,blanks_procedural,yes
SID0144,blanks_field,no
SID0144,blanks_air,no
SID0144,blanks_instrument,no
SID0144,blank_correction,nr
SID0144,blank_contribution,no
SID0144,ctrl_cotton,no
SID0144,ctrl_glass,yes
SID0144,lab_environment,laminar
SID0144,recovery_tested,yes
SID0144,matrix_matched,no
SID0144,recovery_correction,no
SID0144,lod_reported,no
SID0144,loq_reported,no
SID0144,crm_used,no
SID0144,orthogonal_method,yes
SID0144,false_positive_discussed,yes
SID0144,raw_data,partial
SID0144,spectra_shared,no
SID0145,blanks_procedural,no
SID0145,blanks_field,no
SID0145,blanks_air,no
SID0145,blanks_instrument,no
SID0145,blank_correction,nr
SID0145,blank_contribution,no
SID0145,ctrl_cotton,no
SID0145,ctrl_glass,yes
SID0145,lab_environment,cleanroom
SID0145,recovery_tested,yes
SID0145,matrix_matched,no
SID0145,recovery_correction,no
SID0145,lod_reported,yes
SID0145,loq_reported,yes
SID0145,crm_used,yes
SID0145,orthogonal_method,yes
SID0145,false_positive_discussed,yes
SID0145,raw_data,partial
SID0145,spectra_shared,no
SID0146,blanks_procedural,yes
SID0146,blanks_field,no
SID0146,blanks_air,no
SID0146,blanks_instrument,no
SID0146,blank_correction,nr
SID0146,blank_contribution,no
SID0146,ctrl_cotton,yes
SID0146,ctrl_glass,no
SID0146,lab_environment,standard
SID0146,recovery_tested,yes
SID0146,matrix_matched,no
SID0146,recovery_correction,no
SID0146,lod_reported,no
SID0146,loq_reported,no
SID0146,crm_used,no
SID0146,orthogonal_method,no
SID0146,false_positive_discussed,yes
SID0146,raw_data,partial
SID0146,spectra_shared,no
SID0147,blanks_procedural,yes
SID0147,blanks_field,no
SID0147,blanks_air,no
SID0147,blanks_instrument,yes
SID0147,blank_correction,nr
SID0147,blank_contribution,no
SID0147,ctrl_cotton,nr
SID0147,ctrl_glass,nr
SID0147,lab_environment,laminar
SID0147,recovery_tested,yes
SID0147,matrix_matched,no
SID0147,recovery_correction,no
SID0147,lod_reported,no
SID0147,loq_reported,no
SID0147,crm_used,no
SID0147,orthogonal_method,yes
SID0147,false_positive_discussed,yes
SID0147,raw_data,partial
SID0147,spectra_shared,no
SID0148,blanks_procedural,no
SID0148,blanks_field,no
SID0148,blanks_air,yes
SID0148,blanks_instrument,no
SID0148,blank_correction,subtraction
SID0148,blank_contribution,quantified
SID0148,ctrl_cotton,nr
SID0148,ctrl_glass,nr
SID0148,lab_environment,standard
SID0148,recovery_tested,yes
SID0148,matrix_matched,yes
SID0148,recovery_correction,no
SID0148,lod_reported,no
SID0148,loq_reported,no
SID0148,crm_used,no
SID0148,orthogonal_method,no
SID0148,false_positive_discussed,yes
SID0148,raw_data,partial
SID0148,spectra_shared,no
SID0149,blanks_procedural,yes
SID0149,blanks_field,yes
SID0149,blanks_air,no
SID0149,blanks_instrument,no
SID0149,blank_correction,threshold
SID0149,blank_contribution,qualitative
SID0149,ctrl_cotton,no
SID0149,ctrl_glass,no
SID0149,lab_environment,standard
SID0149,recovery_tested,yes
SID0149,matrix_matched,yes
SID0149,recovery_correction,no
SID0149,lod_reported,no
SID0149,loq_reported,no
SID0149,crm_used,no
SID0149,orthogonal_method,yes
SID0149,false_positive_discussed,yes
SID0149,raw_data,partial
SID0149,spectra_shared,no
SID0150,blanks_procedural,yes
SID0150,blanks_field,no
SID0150,blanks_air,no
SID0150,blanks_instrument,no
SID0150,blank_correction,nr
SID0150,blank_contribution,qualitative
SID0150,ctrl_cotton,nr
SID0150,ctrl_glass,nr
SID0150,lab_environment,laminar
SID0150,recovery_tested,yes
SID0150,matrix_matched,no
SID0150,recovery_correction,no
SID0150,lod_reported,no
SID0150,loq_reported,no
SID0150,crm_used,no
SID0150,orthogonal_method,no
SID0150,false_positive_discussed,yes
SID0150,raw_data,partial
SID0150,spectra_shared,no
SID0151,blanks_procedural,yes
SID0151,blanks_field,no
SID0151,blanks_air,no
SID0151,blanks_instrument,no
SID0151,blank_correction,nr
SID0151,blank_contribution,no
SID0151,ctrl_cotton,nr
SID0151,ctrl_glass,nr
SID0151,lab_environment,laminar
SID0151,recovery_tested,yes
SID0151,matrix_matched,no
SID0151,recovery_correction,no
SID0151,lod_reported,no
SID0151,loq_reported,no
SID0151,crm_used,no
SID0151,orthogonal_method,yes
SID0151,false_positive_discussed,yes
SID0151,raw_data,partial
SID0151,spectra_shared,no
SID0152,blanks_procedural,yes
SID0152,blanks_field,no
SID0152,blanks_air,no
SID0152,blanks_instrument,no
SID0152,blank_correction,nr
SID0152,blank_contribution,no
SID0152,ctrl_cotton,yes
SID0152,ctrl_glass,no
SID0152,lab_environment,cleanroom
SID0152,recovery_tested,yes
SID0152,matrix_matched,no
SID0152,recovery_correction,no
SID0152,lod_reported,yes
SID0152,loq_reported,yes
SID0152,crm_used,no
SID0152,orthogonal_method,yes
SID0152,false_positive_discussed,yes
SID0152,raw_data,partial
SID0152,spectra_shared,no
SID0153,blanks_procedural,yes
SID0153,blanks_field,no
SID0153,blanks_air,yes
SID0153,blanks_instrument,no
SID0153,blank_correction,subtraction
SID0153,blank_contribution,qualitative
SID0153,ctrl_cotton,yes
SID0153,ctrl_glass,no
SID0153,lab_environment,laminar
SID0153,recovery_tested,yes
SID0153,matrix_matched,no
SID0153,recovery_correction,no
SID0153,lod_reported,no
SID0153,loq_reported,no
SID0153,crm_used,no
SID0153,orthogonal_method,no
SID0153,false_positive_discussed,no
SID0153,raw_data,partial
SID0153,spectra_shared,no
SID0155,blanks_procedural,no
SID0155,blanks_field,no
SID0155,blanks_air,no
SID0155,blanks_instrument,yes
SID0155,blank_correction,threshold
SID0155,blank_contribution,quantified
SID0155,ctrl_cotton,yes
SID0155,ctrl_glass,no
SID0155,lab_environment,laminar
SID0155,recovery_tested,yes
SID0155,matrix_matched,no
SID0155,recovery_correction,no
SID0155,lod_reported,yes
SID0155,loq_reported,no
SID0155,crm_used,no
SID0155,orthogonal_method,no
SID0155,false_positive_discussed,yes
SID0155,raw_data,partial
SID0155,spectra_shared,no
SID0156,blanks_procedural,yes
SID0156,blanks_field,no
SID0156,blanks_air,no
SID0156,blanks_instrument,no
SID0156,blank_correction,nr
SID0156,blank_contribution,no
SID0156,ctrl_cotton,nr
SID0156,ctrl_glass,nr
SID0156,lab_environment,standard
SID0156,recovery_tested,yes
SID0156,matrix_matched,no
SID0156,recovery_correction,no
SID0156,lod_reported,yes
SID0156,loq_reported,no
SID0156,crm_used,no
SID0156,orthogonal_method,no
SID0156,false_positive_discussed,no
SID0156,raw_data,partial
SID0156,spectra_shared,no
SID0157,blanks_procedural,yes
SID0157,blanks_field,no
SID0157,blanks_air,no
SID0157,blanks_instrument,no
SID0157,blank_correction,threshold
SID0157,blank_contribution,qualitative
SID0157,ctrl_cotton,yes
SID0157,ctrl_glass,no
SID0157,lab_environment,standard
SID0157,recovery_tested,yes
SID0157,matrix_matched,no
SID0157,recovery_correction,no
SID0157,lod_reported,no
SID0157,loq_reported,no
SID0157,crm_used,no
SID0157,orthogonal_method,no
SID0157,false_positive_discussed,yes
SID0157,raw_data,partial
SID0157,spectra_shared,no
SID0158,blanks_procedural,yes
SID0158,blanks_field,no
SID0158,blanks_air,no
SID0158,blanks_instrument,no
SID0158,blank_correction,threshold
SID0158,blank_contribution,qualitative
SID0158,ctrl_cotton,nr
SID0158,ctrl_glass,nr
SID0158,lab_environment,laminar
SID0158,recovery_tested,yes
SID0158,matrix_matched,no
SID0158,recovery_correction,no
SID0158,lod_reported,no
SID0158,loq_reported,no
SID0158,crm_used,no
SID0158,orthogonal_method,yes
SID0158,false_positive_discussed,yes
SID0158,raw_data,partial
SID0158,spectra_shared,no
SID0159,blanks_procedural,yes
SID0159,blanks_field,no
SID0159,blanks_air,no
SID0159,blanks_instrument,no
SID0159,blank_correction,nr
SID0159,blank_contribution,no
SID0159,ctrl_cotton,nr
SID0159,ctrl_glass,nr
SID0159,lab_environment,cleanroom
SID0159,recovery_tested,yes
SID0159,matrix_matched,no
SID0159,recovery_correction,no
SID0159,lod_reported,no
SID0159,loq_reported,no
SID0159,crm_used,no
SID0159,orthogonal_method,no
SID0159,false_positive_discussed,yes
SID0159,raw_data,partial
SID0159,spectra_shared,no
SID0160,blanks_procedural,yes
SID0160,blanks_field,no
SID0160,blanks_air,no
SID0160,blanks_instrument,no
SID0160,blank_correction,nr
SID0160,blank_contribution,no
SID0160,ctrl_cotton,yes
SID0160,ctrl_glass,no
SID0160,lab_environment,laminar
SID0160,recovery_tested,yes
SID0160,matrix_matched,no
SID0160,recovery_correction,no
SID0160,lod_reported,no
SID0160,loq_reported,no
SID0160,crm_used,no
SID0160,orthogonal_method,yes
SID0160,false_positive_discussed,yes
SID0160,raw_data,partial
SID0160,spectra_shared,no
SID0161,blanks_procedural,yes
SID0161,blanks_field,no
SID0161,blanks_air,no
SID0161,blanks_instrument,no
SID0161,blank_correction,nr
SID0161,blank_contribution,qualitative
SID0161,ctrl_cotton,no
SID0161,ctrl_glass,yes
SID0161,lab_environment,standard
SID0161,recovery_tested,yes
SID0161,matrix_matched,no
SID0161,recovery_correction,no
SID0161,lod_reported,no
SID0161,loq_reported,no
SID0161,crm_used,no
SID0161,orthogonal_method,yes
SID0161,false_positive_discussed,no
SID0161,raw_data,partial
SID0161,spectra_shared,image
SID0162,blanks_procedural,yes
SID0162,blanks_field,no
SID0162,blanks_air,yes
SID0162,blanks_instrument,no
SID0162,blank_correction,nr
SID0162,blank_contribution,quantified
SID0162,ctrl_cotton,yes
SID0162,ctrl_glass,no
SID0162,lab_environment,standard
SID0162,recovery_tested,yes
SID0162,matrix_matched,no
SID0162,recovery_correction,no
SID0162,lod_reported,no
SID0162,loq_reported,no
SID0162,crm_used,no
SID0162,orthogonal_method,yes
SID0162,false_positive_discussed,yes
SID0162,raw_data,partial
SID0162,spectra_shared,no
SID0167,blanks_procedural,yes
SID0167,blanks_field,no
SID0167,blanks_air,yes
SID0167,blanks_instrument,no
SID0167,blank_correction,nr
SID0167,blank_contribution,qualitative
SID0167,ctrl_cotton,no
SID0167,ctrl_glass,yes
SID0167,lab_environment,standard
SID0167,recovery_tested,yes
SID0167,matrix_matched,no
SID0167,recovery_correction,no
SID0167,lod_reported,no
SID0167,loq_reported,nr
SID0167,crm_used,no
SID0167,orthogonal_method,yes
SID0167,false_positive_discussed,yes
SID0167,raw_data,nr
SID0167,spectra_shared,no
SID0169,blanks_procedural,no
SID0169,blanks_field,no
SID0169,blanks_air,no
SID0169,blanks_instrument,no
SID0169,blank_correction,subtraction
SID0169,blank_contribution,quantified
SID0169,ctrl_cotton,nr
SID0169,ctrl_glass,nr
SID0169,lab_environment,standard
SID0169,recovery_tested,yes
SID0169,matrix_matched,no
SID0169,recovery_correction,no
SID0169,lod_reported,no
SID0169,loq_reported,nr
SID0169,crm_used,no
SID0169,orthogonal_method,yes
SID0169,false_positive_discussed,yes
SID0169,raw_data,partial
SID0169,spectra_shared,no
SID0170,blanks_procedural,yes
SID0170,blanks_field,no
SID0170,blanks_air,no
SID0170,blanks_instrument,yes
SID0170,blank_correction,nr
SID0170,blank_contribution,no
SID0170,ctrl_cotton,no
SID0170,ctrl_glass,yes
SID0170,lab_environment,standard
SID0170,recovery_tested,yes
SID0170,matrix_matched,no
SID0170,recovery_correction,no
SID0170,lod_reported,nr
SID0170,loq_reported,nr
SID0170,crm_used,no
SID0170,orthogonal_method,yes
SID0170,false_positive_discussed,yes
SID0170,raw_data,partial
SID0170,spectra_shared,no
SID0171,blanks_procedural,yes
SID0171,blanks_field,no
SID0171,blanks_air,no
SID0171,blanks_instrument,no
SID0171,blank_correction,subtraction
SID0171,blank_contribution,quantified
SID0171,ctrl_cotton,yes
SID0171,ctrl_glass,no
SID0171,lab_environment,standard
SID0171,recovery_tested,yes
SID0171,matrix_matched,yes
SID0171,recovery_correction,no
SID0171,lod_reported,nr
SID0171,loq_reported,nr
SID0171,crm_used,no
SID0171,orthogonal_method,yes
SID0171,false_positive_discussed,yes
SID0171,raw_data,nr
SID0171,spectra_shared,no
SID0172,blanks_procedural,yes
SID0172,blanks_field,no
SID0172,blanks_air,no
SID0172,blanks_instrument,no
SID0172,blank_correction,nr
SID0172,blank_contribution,no
SID0172,ctrl_cotton,no
SID0172,ctrl_glass,yes
SID0172,lab_environment,standard
SID0172,recovery_tested,yes
SID0172,matrix_matched,no
SID0172,recovery_correction,no
SID0172,lod_reported,nr
SID0172,loq_reported,nr
SID0172,crm_used,no
SID0172,orthogonal_method,yes
SID0172,false_positive_discussed,no
SID0172,raw_data,nr
SID0172,spectra_shared,no
SID0173,blanks_procedural,yes
SID0173,blanks_field,yes
SID0173,blanks_air,no
SID0173,blanks_instrument,yes
SID0173,blank_correction,nr
SID0173,blank_contribution,no
SID0173,ctrl_cotton,no
SID0173,ctrl_glass,yes
SID0173,lab_environment,nr
SID0173,recovery_tested,yes
SID0173,matrix_matched,no
SID0173,recovery_correction,no
SID0173,lod_reported,nr
SID0173,loq_reported,nr
SID0173,crm_used,no
SID0173,orthogonal_method,no
SID0173,false_positive_discussed,no
SID0173,raw_data,partial
SID0173,spectra_shared,no
SID0174,blanks_procedural,yes
SID0174,blanks_field,no
SID0174,blanks_air,no
SID0174,blanks_instrument,no
SID0174,blank_correction,nr
SID0174,blank_contribution,qualitative
SID0174,ctrl_cotton,yes
SID0174,ctrl_glass,no
SID0174,lab_environment,standard
SID0174,recovery_tested,yes
SID0174,matrix_matched,no
SID0174,recovery_correction,no
SID0174,lod_reported,nr
SID0174,loq_reported,nr
SID0174,crm_used,no
SID0174,orthogonal_method,yes
SID0174,false_positive_discussed,no
SID0174,raw_data,partial
SID0174,spectra_shared,no
SID0175,blanks_procedural,yes
SID0175,blanks_field,no
SID0175,blanks_air,no
SID0175,blanks_instrument,no
SID0175,blank_correction,nr
SID0175,blank_contribution,no
SID0175,ctrl_cotton,no
SID0175,ctrl_glass,yes
SID0175,lab_environment,nr
SID0175,recovery_tested,yes
SID0175,matrix_matched,no
SID0175,recovery_correction,no
SID0175,lod_reported,nr
SID0175,loq_reported,nr
SID0175,crm_used,no
SID0175,orthogonal_method,yes
SID0175,false_positive_discussed,no
SID0175,raw_data,nr
SID0175,spectra_shared,no
SID0176,blanks_procedural,yes
SID0176,blanks_field,no
SID0176,blanks_air,no
SID0176,blanks_instrument,no
SID0176,blank_correction,subtraction
SID0176,blank_contribution,qualitative
SID0176,ctrl_cotton,yes
SID0176,ctrl_glass,no
SID0176,lab_environment,standard
SID0176,recovery_tested,yes
SID0176,matrix_matched,no
SID0176,recovery_correction,no
SID0176,lod_reported,nr
SID0176,loq_reported,nr
SID0176,crm_used,no
SID0176,orthogonal_method,yes
SID0176,false_positive_discussed,yes
SID0176,raw_data,full
SID0176,spectra_shared,no
SID0178,blanks_procedural,yes
SID0178,blanks_field,no
SID0178,blanks_air,no
SID0178,blanks_instrument,yes
SID0178,blank_correction,nr
SID0178,blank_contribution,quantified
SID0178,ctrl_cotton,no
SID0178,ctrl_glass,yes
SID0178,lab_environment,standard
SID0178,recovery_tested,yes
SID0178,matrix_matched,no
SID0178,recovery_correction,no
SID0178,lod_reported,nr
SID0178,loq_reported,nr
SID0178,crm_used,no
SID0178,orthogonal_method,no
SID0178,false_positive_discussed,no
SID0178,raw_data,partial
SID0178,spectra_shared,no
SID0180,blanks_procedural,yes
SID0180,blanks_field,no
SID0180,blanks_air,yes
SID0180,blanks_instrument,no
SID0180,blank_correction,nr
SID0180,blank_contribution,qualitative
SID0180,ctrl_cotton,yes
SID0180,ctrl_glass,no
SID0180,lab_environment,standard
SID0180,recovery_tested,yes
SID0180,matrix_matched,no
SID0180,recovery_correction,no
SID0180,lod_reported,yes
SID0180,loq_reported,yes
SID0180,crm_used,no
SID0180,orthogonal_method,yes
SID0180,false_positive_discussed,yes
SID0180,raw_data,partial
SID0180,spectra_shared,no
SID0181,blanks_procedural,no
SID0181,blanks_field,no
SID0181,blanks_air,no
SID0181,blanks_instrument,no
SID0181,blank_correction,nr
SID0181,blank_contribution,qualitative
SID0181,ctrl_cotton,yes
SID0181,ctrl_glass,no
SID0181,lab_environment,standard
SID0181,recovery_tested,yes
SID0181,matrix_matched,no
SID0181,recovery_correction,no
SID0181,lod_reported,nr
SID0181,loq_reported,nr
SID0181,crm_used,no
SID0181,orthogonal_method,yes
SID0181,false_positive_discussed,yes
SID0181,raw_data,nr
SID0181,spectra_shared,no
SID0182,blanks_procedural,yes
SID0182,blanks_field,no
SID0182,blanks_air,yes
SID0182,blanks_instrument,no
SID0182,blank_correction,subtraction
SID0182,blank_contribution,quantified
SID0182,ctrl_cotton,yes
SID0182,ctrl_glass,no
SID0182,lab_environment,standard
SID0182,recovery_tested,yes
SID0182,matrix_matched,no
SID0182,recovery_correction,no
SID0182,lod_reported,nr
SID0182,loq_reported,nr
SID0182,crm_used,no
SID0182,orthogonal_method,yes
SID0182,false_positive_discussed,yes
SID0182,raw_data,full
SID0182,spectra_shared,no
SID0183,blanks_procedural,yes
SID0183,blanks_field,no
SID0183,blanks_air,yes
SID0183,blanks_instrument,no
SID0183,blank_correction,subtraction
SID0183,blank_contribution,quantified
SID0183,ctrl_cotton,yes
SID0183,ctrl_glass,no
SID0183,lab_environment,laminar
SID0183,recovery_tested,yes
SID0183,matrix_matched,yes
SID0183,recovery_correction,no
SID0183,lod_reported,yes
SID0183,loq_reported,nr
SID0183,crm_used,no
SID0183,orthogonal_method,yes
SID0183,false_positive_discussed,yes
SID0183,raw_data,partial
SID0183,spectra_shared,image
SID0184,blanks_procedural,yes
SID0184,blanks_field,yes
SID0184,blanks_air,yes
SID0184,blanks_instrument,no
SID0184,blank_correction,nr
SID0184,blank_contribution,no
SID0184,ctrl_cotton,no
SID0184,ctrl_glass,yes
SID0184,lab_environment,standard
SID0184,recovery_tested,yes
SID0184,matrix_matched,no
SID0184,recovery_correction,no
SID0184,lod_reported,nr
SID0184,loq_reported,nr
SID0184,crm_used,no
SID0184,orthogonal_method,no
SID0184,false_positive_discussed,yes
SID0184,raw_data,nr
SID0184,spectra_shared,no
SID0185,blanks_procedural,yes
SID0185,blanks_field,no
SID0185,blanks_air,no
SID0185,blanks_instrument,no
SID0185,blank_correction,subtraction
SID0185,blank_contribution,quantified
SID0185,ctrl_cotton,no
SID0185,ctrl_glass,yes
SID0185,lab_environment,standard
SID0185,recovery_tested,yes
SID0185,matrix_matched,no
SID0185,recovery_correction,no
SID0185,lod_reported,nr
SID0185,loq_reported,nr
SID0185,crm_used,no
SID0185,orthogonal_method,yes
SID0185,false_positive_discussed,yes
SID0185,raw_data,partial
SID0185,spectra_shared,no
SID0187,blanks_procedural,yes
SID0187,blanks_field,no
SID0187,blanks_air,yes
SID0187,blanks_instrument,no
SID0187,blank_correction,nr
SID0187,blank_contribution,no
SID0187,ctrl_cotton,yes
SID0187,ctrl_glass,no
SID0187,lab_environment,standard
SID0187,recovery_tested,yes
SID0187,matrix_matched,no
SID0187,recovery_correction,no
SID0187,lod_reported,nr
SID0187,loq_reported,nr
SID0187,crm_used,no
SID0187,orthogonal_method,yes
SID0187,false_positive_discussed,yes
SID0187,raw_data,nr
SID0187,spectra_shared,no
SID0188,blanks_procedural,yes
SID0188,blanks_field,no
SID0188,blanks_air,no
SID0188,blanks_instrument,no
SID0188,blank_correction,subtraction
SID0188,blank_contribution,qualitative
SID0188,ctrl_cotton,yes
SID0188,ctrl_glass,no
SID0188,lab_environment,standard
SID0188,recovery_tested,yes
SID0188,matrix_matched,no
SID0188,recovery_correction,no
SID0188,lod_reported,nr
SID0188,loq_reported,nr
SID0188,crm_used,no
SID0188,orthogonal_method,yes
SID0188,false_positive_discussed,yes
SID0188,raw_data,partial
SID0188,spectra_shared,no
SID0189,blanks_procedural,yes
SID0189,blanks_field,no
SID0189,blanks_air,yes
SID0189,blanks_instrument,no
SID0189,blank_correction,nr
SID0189,blank_contribution,quantified
SID0189,ctrl_cotton,yes
SID0189,ctrl_glass,no
SID0189,lab_environment,standard
SID0189,recovery_tested,yes
SID0189,matrix_matched,no
SID0189,recovery_correction,no
SID0189,lod_reported,nr
SID0189,loq_reported,nr
SID0189,crm_used,no
SID0189,orthogonal_method,yes
SID0189,false_positive_discussed,yes
SID0189,raw_data,full
SID0189,spectra_shared,no
SID0190,blanks_procedural,yes
SID0190,blanks_field,no
SID0190,blanks_air,no
SID0190,blanks_instrument,no
SID0190,blank_correction,threshold
SID0190,blank_contribution,quantified
SID0190,ctrl_cotton,yes
SID0190,ctrl_glass,no
SID0190,lab_environment,standard
SID0190,recovery_tested,yes
SID0190,matrix_matched,yes
SID0190,recovery_correction,no
SID0190,lod_reported,nr
SID0190,loq_reported,yes
SID0190,crm_used,no
SID0190,orthogonal_method,yes
SID0190,false_positive_discussed,yes
SID0190,raw_data,nr
SID0190,spectra_shared,image
SID0191,blanks_procedural,yes
SID0191,blanks_field,no
SID0191,blanks_air,yes
SID0191,blanks_instrument,no
SID0191,blank_correction,nr
SID0191,blank_contribution,qualitative
SID0191,ctrl_cotton,nr
SID0191,ctrl_glass,nr
SID0191,lab_environment,standard
SID0191,recovery_tested,yes
SID0191,matrix_matched,no
SID0191,recovery_correction,no
SID0191,lod_reported,nr
SID0191,loq_reported,nr
SID0191,crm_used,no
SID0191,orthogonal_method,yes
SID0191,false_positive_discussed,no
SID0191,raw_data,partial
SID0191,spectra_shared,no
SID0192,blanks_procedural,yes
SID0192,blanks_field,no
SID0192,blanks_air,no
SID0192,blanks_instrument,no
SID0192,blank_correction,nr
SID0192,blank_contribution,qualitative
SID0192,ctrl_cotton,yes
SID0192,ctrl_glass,no
SID0192,lab_environment,laminar
SID0192,recovery_tested,yes
SID0192,matrix_matched,no
SID0192,recovery_correction,no
SID0192,lod_reported,nr
SID0192,loq_reported,nr
SID0192,crm_used,no
SID0192,orthogonal_method,yes
SID0192,false_positive_discussed,yes
SID0192,raw_data,full
SID0192,spectra_shared,no
SID0193,blanks_procedural,yes
SID0193,blanks_field,yes
SID0193,blanks_air,no
SID0193,blanks_instrument,no
SID0193,blank_correction,subtraction
SID0193,blank_contribution,qualitative
SID0193,ctrl_cotton,yes
SID0193,ctrl_glass,no
SID0193,lab_environment,standard
SID0193,recovery_tested,yes
SID0193,matrix_matched,yes
SID0193,recovery_correction,nr
SID0193,lod_reported,nr
SID0193,loq_reported,nr
SID0193,crm_used,no
SID0193,orthogonal_method,yes
SID0193,false_positive_discussed,yes
SID0193,raw_data,nr
SID0193,spectra_shared,no
SID0194,blanks_procedural,yes
SID0194,blanks_field,no
SID0194,blanks_air,no
SID0194,blanks_instrument,no
SID0194,blank_correction,nr
SID0194,blank_contribution,qualitative
SID0194,ctrl_cotton,no
SID0194,ctrl_glass,yes
SID0194,lab_environment,standard
SID0194,recovery_tested,yes
SID0194,matrix_matched,no
SID0194,recovery_correction,no
SID0194,lod_reported,nr
SID0194,loq_reported,nr
SID0194,crm_used,no
SID0194,orthogonal_method,yes
SID0194,false_positive_discussed,no
SID0194,raw_data,nr
SID0194,spectra_shared,no
SID0195,blanks_procedural,no
SID0195,blanks_field,no
SID0195,blanks_air,yes
SID0195,blanks_instrument,no
SID0195,blank_correction,nr
SID0195,blank_contribution,qualitative
SID0195,ctrl_cotton,nr
SID0195,ctrl_glass,nr
SID0195,lab_environment,laminar
SID0195,recovery_tested,yes
SID0195,matrix_matched,no
SID0195,recovery_correction,no
SID0195,lod_reported,nr
SID0195,loq_reported,nr
SID0195,crm_used,no
SID0195,orthogonal_method,no
SID0195,false_positive_discussed,no
SID0195,raw_data,nr
SID0195,spectra_shared,no
SID0196,blanks_procedural,yes
SID0196,blanks_field,no
SID0196,blanks_air,no
SID0196,blanks_instrument,no
SID0196,blank_correction,nr
SID0196,blank_contribution,qualitative
SID0196,ctrl_cotton,no
SID0196,ctrl_glass,yes
SID0196,lab_environment,laminar
SID0196,recovery_tested,yes
SID0196,matrix_matched,no
SID0196,recovery_correction,no
SID0196,lod_reported,nr
SID0196,loq_reported,nr
SID0196,crm_used,no
SID0196,orthogonal_method,yes
SID0196,false_positive_discussed,no
SID0196,raw_data,nr
SID0196,spectra_shared,no
SID0197,blanks_procedural,yes
SID0197,blanks_field,no
SID0197,blanks_air,yes
SID0197,blanks_instrument,no
SID0197,blank_correction,nr
SID0197,blank_contribution,qualitative
SID0197,ctrl_cotton,yes
SID0197,ctrl_glass,no
SID0197,lab_environment,laminar
SID0197,recovery_tested,yes
SID0197,matrix_matched,no
SID0197,recovery_correction,no
SID0197,lod_reported,nr
SID0197,loq_reported,nr
SID0197,crm_used,no
SID0197,orthogonal_method,yes
SID0197,false_positive_discussed,yes
SID0197,raw_data,nr
SID0197,spectra_shared,image
SID0198,blanks_procedural,yes
SID0198,blanks_field,no
SID0198,blanks_air,yes
SID0198,blanks_instrument,no
SID0198,blank_correction,subtraction
SID0198,blank_contribution,quantified
SID0198,ctrl_cotton,yes
SID0198,ctrl_glass,no
SID0198,lab_environment,standard
SID0198,recovery_tested,yes
SID0198,matrix_matched,no
SID0198,recovery_correction,no
SID0198,lod_reported,nr
SID0198,loq_reported,nr
SID0198,crm_used,no
SID0198,orthogonal_method,yes
SID0198,false_positive_discussed,yes
SID0198,raw_data,partial
SID0198,spectra_shared,no
SID0199,blanks_procedural,yes
SID0199,blanks_field,yes
SID0199,blanks_air,yes
SID0199,blanks_instrument,yes
SID0199,blank_correction,nr
SID0199,blank_contribution,no
SID0199,ctrl_cotton,nr
SID0199,ctrl_glass,nr
SID0199,lab_environment,standard
SID0199,recovery_tested,yes
SID0199,matrix_matched,no
SID0199,recovery_correction,no
SID0199,lod_reported,nr
SID0199,loq_reported,nr
SID0199,crm_used,no
SID0199,orthogonal_method,yes
SID0199,false_positive_discussed,no
SID0199,raw_data,full
SID0199,spectra_shared,no
SID0200,blanks_procedural,yes
SID0200,blanks_field,no
SID0200,blanks_air,no
SID0200,blanks_instrument,no
SID0200,blank_correction,subtraction
SID0200,blank_contribution,quantified
SID0200,ctrl_cotton,no
SID0200,ctrl_glass,yes
SID0200,lab_environment,laminar
SID0200,recovery_tested,yes
SID0200,matrix_matched,no
SID0200,recovery_correction,no
SID0200,lod_reported,nr
SID0200,loq_reported,nr
SID0200,crm_used,no
SID0200,orthogonal_method,yes
SID0200,false_positive_discussed,yes
SID0200,raw_data,nr
SID0200,spectra_shared,image
SID0202,blanks_procedural,yes
SID0202,blanks_field,yes
SID0202,blanks_air,yes
SID0202,blanks_instrument,no
SID0202,blank_correction,nr
SID0202,blank_contribution,no
SID0202,ctrl_cotton,nr
SID0202,ctrl_glass,nr
SID0202,lab_environment,laminar
SID0202,recovery_tested,yes
SID0202,matrix_matched,no
SID0202,recovery_correction,no
SID0202,lod_reported,nr
SID0202,loq_reported,nr
SID0202,crm_used,no
SID0202,orthogonal_method,yes
SID0202,false_positive_discussed,yes
SID0202,raw_data,nr
SID0202,spectra_shared,no
SID0203,blanks_procedural,yes
SID0203,blanks_field,no
SID0203,blanks_air,yes
SID0203,blanks_instrument,no
SID0203,blank_correction,subtraction
SID0203,blank_contribution,qualitative
SID0203,ctrl_cotton,yes
SID0203,ctrl_glass,no
SID0203,lab_environment,standard
SID0203,recovery_tested,yes
SID0203,matrix_matched,no
SID0203,recovery_correction,no
SID0203,lod_reported,nr
SID0203,loq_reported,nr
SID0203,crm_used,no
SID0203,orthogonal_method,yes
SID0203,false_positive_discussed,no
SID0203,raw_data,partial
SID0203,spectra_shared,no
SID0204,blanks_procedural,no
SID0204,blanks_field,no
SID0204,blanks_air,yes
SID0204,blanks_instrument,no
SID0204,blank_correction,nr
SID0204,blank_contribution,quantified
SID0204,ctrl_cotton,nr
SID0204,ctrl_glass,nr
SID0204,lab_environment,standard
SID0204,recovery_tested,yes
SID0204,matrix_matched,no
SID0204,recovery_correction,no
SID0204,lod_reported,nr
SID0204,loq_reported,nr
SID0204,crm_used,no
SID0204,orthogonal_method,yes
SID0204,false_positive_discussed,yes
SID0204,raw_data,full
SID0204,spectra_shared,no
SID0205,blanks_procedural,yes
SID0205,blanks_field,no
SID0205,blanks_air,no
SID0205,blanks_instrument,no
SID0205,blank_correction,subtraction
SID0205,blank_contribution,quantified
SID0205,ctrl_cotton,yes
SID0205,ctrl_glass,no
SID0205,lab_environment,laminar
SID0205,recovery_tested,yes
SID0205,matrix_matched,no
SID0205,recovery_correction,no
SID0205,lod_reported,nr
SID0205,loq_reported,nr
SID0205,crm_used,no
SID0205,orthogonal_method,yes
SID0205,false_positive_discussed,yes
SID0205,raw_data,full
SID0205,spectra_shared,image
SID0206,blanks_procedural,yes
SID0206,blanks_field,yes
SID0206,blanks_air,no
SID0206,blanks_instrument,no
SID0206,blank_correction,nr
SID0206,blank_contribution,quantified
SID0206,ctrl_cotton,yes
SID0206,ctrl_glass,no
SID0206,lab_environment,standard
SID0206,recovery_tested,yes
SID0206,matrix_matched,yes
SID0206,recovery_correction,no
SID0206,lod_reported,nr
SID0206,loq_reported,nr
SID0206,crm_used,no
SID0206,orthogonal_method,yes
SID0206,false_positive_discussed,yes
SID0206,raw_data,nr
SID0206,spectra_shared,no
SID0208,blanks_procedural,yes
SID0208,blanks_field,no
SID0208,blanks_air,no
SID0208,blanks_instrument,no
SID0208,blank_correction,nr
SID0208,blank_contribution,quantified
SID0208,ctrl_cotton,nr
SID0208,ctrl_glass,nr
SID0208,lab_environment,standard
SID0208,recovery_tested,yes
SID0208,matrix_matched,no
SID0208,recovery_correction,no
SID0208,lod_reported,nr
SID0208,loq_reported,nr
SID0208,crm_used,no
SID0208,orthogonal_method,yes
SID0208,false_positive_discussed,yes
SID0208,raw_data,nr
SID0208,spectra_shared,no
SID0209,blanks_procedural,yes
SID0209,blanks_field,no
SID0209,blanks_air,no
SID0209,blanks_instrument,no
SID0209,blank_correction,nr
SID0209,blank_contribution,quantified
SID0209,ctrl_cotton,no
SID0209,ctrl_glass,no
SID0209,lab_environment,cleanroom
SID0209,recovery_tested,yes
SID0209,matrix_matched,no
SID0209,recovery_correction,no
SID0209,lod_reported,nr
SID0209,loq_reported,nr
SID0209,crm_used,no
SID0209,orthogonal_method,yes
SID0209,false_positive_discussed,yes
SID0209,raw_data,partial
SID0209,spectra_shared,image
SID0210,blanks_procedural,yes
SID0210,blanks_field,no
SID0210,blanks_air,yes
SID0210,blanks_instrument,yes
SID0210,blank_correction,nr
SID0210,blank_contribution,quantified
SID0210,ctrl_cotton,nr
SID0210,ctrl_glass,nr
SID0210,lab_environment,standard
SID0210,recovery_tested,yes
SID0210,matrix_matched,yes
SID0210,recovery_correction,no
SID0210,lod_reported,yes
SID0210,loq_reported,nr
SID0210,crm_used,no
SID0210,orthogonal_method,yes
SID0210,false_positive_discussed,yes
SID0210,raw_data,partial
SID0210,spectra_shared,image
SID0211,blanks_procedural,yes
SID0211,blanks_field,no
SID0211,blanks_air,yes
SID0211,blanks_instrument,no
SID0211,blank_correction,subtraction
SID0211,blank_contribution,quantified
SID0211,ctrl_cotton,no
SID0211,ctrl_glass,yes
SID0211,lab_environment,standard
SID0211,recovery_tested,yes
SID0211,matrix_matched,no
SID0211,recovery_correction,no
SID0211,lod_reported,nr
SID0211,loq_reported,nr
SID0211,crm_used,no
SID0211,orthogonal_method,yes
SID0211,false_positive_discussed,no
SID0211,raw_data,partial
SID0211,spectra_shared,no
SID0212,blanks_procedural,no
SID0212,blanks_field,no
SID0212,blanks_air,no
SID0212,blanks_instrument,no
SID0212,blank_correction,nr
SID0212,blank_contribution,qualitative
SID0212,ctrl_cotton,yes
SID0212,ctrl_glass,no
SID0212,lab_environment,standard
SID0212,recovery_tested,yes
SID0212,matrix_matched,no
SID0212,recovery_correction,no
SID0212,lod_reported,nr
SID0212,loq_reported,nr
SID0212,crm_used,no
SID0212,orthogonal_method,no
SID0212,false_positive_discussed,no
SID0212,raw_data,partial
SID0212,spectra_shared,no
SID0213,blanks_procedural,yes
SID0213,blanks_field,yes
SID0213,blanks_air,yes
SID0213,blanks_instrument,no
SID0213,blank_correction,nr
SID0213,blank_contribution,no
SID0213,ctrl_cotton,yes
SID0213,ctrl_glass,no
SID0213,lab_environment,standard
SID0213,recovery_tested,yes
SID0213,matrix_matched,no
SID0213,recovery_correction,no
SID0213,lod_reported,nr
SID0213,loq_reported,nr
SID0213,crm_used,no
SID0213,orthogonal_method,yes
SID0213,false_positive_discussed,yes
SID0213,raw_data,partial
SID0213,spectra_shared,image
SID0214,blanks_procedural,no
SID0214,blanks_field,no
SID0214,blanks_air,no
SID0214,blanks_instrument,no
SID0214,blank_correction,nr
SID0214,blank_contribution,qualitative
SID0214,ctrl_cotton,nr
SID0214,ctrl_glass,nr
SID0214,lab_environment,standard
SID0214,recovery_tested,yes
SID0214,matrix_matched,no
SID0214,recovery_correction,no
SID0214,lod_reported,nr
SID0214,loq_reported,nr
SID0214,crm_used,no
SID0214,orthogonal_method,yes
SID0214,false_positive_discussed,yes
SID0214,raw_data,partial
SID0214,spectra_shared,image
SID0216,blanks_procedural,no
SID0216,blanks_field,no
SID0216,blanks_air,no
SID0216,blanks_instrument,no
SID0216,blank_correction,nr
SID0216,blank_contribution,quantified
SID0216,ctrl_cotton,no
SID0216,ctrl_glass,yes
SID0216,lab_environment,standard
SID0216,recovery_tested,yes
SID0216,matrix_matched,no
SID0216,recovery_correction,no
SID0216,lod_reported,nr
SID0216,loq_reported,nr
SID0216,crm_used,no
SID0216,orthogonal_method,yes
SID0216,false_positive_discussed,yes
SID0216,raw_data,nr
SID0216,spectra_shared,image
SID0218,blanks_procedural,yes
SID0218,blanks_field,no
SID0218,blanks_air,no
SID0218,blanks_instrument,no
SID0218,blank_correction,nr
SID0218,blank_contribution,quantified
SID0218,ctrl_cotton,yes
SID0218,ctrl_glass,no
SID0218,lab_environment,laminar
SID0218,recovery_tested,yes
SID0218,matrix_matched,no
SID0218,recovery_correction,no
SID0218,lod_reported,nr
SID0218,loq_reported,nr
SID0218,crm_used,no
SID0218,orthogonal_method,yes
SID0218,false_positive_discussed,yes
SID0218,raw_data,partial
SID0218,spectra_shared,image
SID0219,blanks_procedural,yes
SID0219,blanks_field,no
SID0219,blanks_air,yes
SID0219,blanks_instrument,no
SID0219,blank_correction,nr
SID0219,blank_contribution,quantified
SID0219,ctrl_cotton,no
SID0219,ctrl_glass,yes
SID0219,lab_environment,standard
SID0219,recovery_tested,yes
SID0219,matrix_matched,no
SID0219,recovery_correction,no
SID0219,lod_reported,nr
SID0219,loq_reported,nr
SID0219,crm_used,no
SID0219,orthogonal_method,yes
SID0219,false_positive_discussed,yes
SID0219,raw_data,nr
SID0219,spectra_shared,image
SID0220,blanks_procedural,no
SID0220,blanks_field,no
SID0220,blanks_air,yes
SID0220,blanks_instrument,yes
SID0220,blank_correction,subtraction
SID0220,blank_contribution,quantified
SID0220,ctrl_cotton,nr
SID0220,ctrl_glass,nr
SID0220,lab_environment,standard
SID0220,recovery_tested,yes
SID0220,matrix_matched,no
SID0220,recovery_correction,no
SID0220,lod_reported,nr
SID0220,loq_reported,nr
SID0220,crm_used,no
SID0220,orthogonal_method,yes
SID0220,false_positive_discussed,yes
SID0220,raw_data,nr
SID0220,spectra_shared,image
SID0221,blanks_procedural,yes
SID0221,blanks_field,no
SID0221,blanks_air,yes
SID0221,blanks_instrument,no
SID0221,blank_correction,subtraction
SID0221,blank_contribution,quantified
SID0221,ctrl_cotton,nr
SID0221,ctrl_glass,nr
SID0221,lab_environment,standard
SID0221,recovery_tested,yes
SID0221,matrix_matched,no
SID0221,recovery_correction,no
SID0221,lod_reported,nr
SID0221,loq_reported,nr
SID0221,crm_used,no
SID0221,orthogonal_method,yes
SID0221,false_positive_discussed,yes
SID0221,raw_data,partial
SID0221,spectra_shared,no
SID0222,blanks_procedural,yes
SID0222,blanks_field,yes
SID0222,blanks_air,yes
SID0222,blanks_instrument,yes
SID0222,blank_correction,nr
SID0222,blank_contribution,no
SID0222,ctrl_cotton,yes
SID0222,ctrl_glass,no
SID0222,lab_environment,standard
SID0222,recovery_tested,yes
SID0222,matrix_matched,no
SID0222,recovery_correction,no
SID0222,lod_reported,nr
SID0222,loq_reported,nr
SID0222,crm_used,no
SID0222,orthogonal_method,yes
SID0222,false_positive_discussed,yes
SID0222,raw_data,full
SID0222,spectra_shared,no
SID0223,blanks_procedural,yes
SID0223,blanks_field,yes
SID0223,blanks_air,yes
SID0223,blanks_instrument,no
SID0223,blank_correction,subtraction
SID0223,blank_contribution,quantified
SID0223,ctrl_cotton,yes
SID0223,ctrl_glass,no
SID0223,lab_environment,laminar
SID0223,recovery_tested,yes
SID0223,matrix_matched,no
SID0223,recovery_correction,no
SID0223,lod_reported,nr
SID0223,loq_reported,nr
SID0223,crm_used,no
SID0223,orthogonal_method,yes
SID0223,false_positive_discussed,yes
SID0223,raw_data,partial
SID0223,spectra_shared,image
SID0224,blanks_procedural,yes
SID0224,blanks_field,no
SID0224,blanks_air,yes
SID0224,blanks_instrument,no
SID0224,blank_correction,subtraction
SID0224,blank_contribution,quantified
SID0224,ctrl_cotton,nr
SID0224,ctrl_glass,nr
SID0224,lab_environment,standard
SID0224,recovery_tested,yes
SID0224,matrix_matched,no
SID0224,recovery_correction,no
SID0224,lod_reported,nr
SID0224,loq_reported,nr
SID0224,crm_used,no
SID0224,orthogonal_method,yes
SID0224,false_positive_discussed,yes
SID0224,raw_data,partial
SID0224,spectra_shared,no
SID0225,blanks_procedural,yes
SID0225,blanks_field,yes
SID0225,blanks_air,no
SID0225,blanks_instrument,no
SID0225,blank_correction,subtraction
SID0225,blank_contribution,quantified
SID0225,ctrl_cotton,nr
SID0225,ctrl_glass,nr
SID0225,lab_environment,nr
SID0225,recovery_tested,yes
SID0225,matrix_matched,no
SID0225,recovery_correction,no
SID0225,lod_reported,nr
SID0225,loq_reported,nr
SID0225,crm_used,no
SID0225,orthogonal_method,no
SID0225,false_positive_discussed,no
SID0225,raw_data,partial
SID0225,spectra_shared,no
SID0227,blanks_procedural,yes
SID0227,blanks_field,yes
SID0227,blanks_air,yes
SID0227,blanks_instrument,yes
SID0227,blank_correction,nr
SID0227,blank_contribution,no
SID0227,ctrl_cotton,yes
SID0227,ctrl_glass,no
SID0227,lab_environment,standard
SID0227,recovery_tested,yes
SID0227,matrix_matched,no
SID0227,recovery_correction,no
SID0227,lod_reported,nr
SID0227,loq_reported,nr
SID0227,crm_used,no
SID0227,orthogonal_method,yes
SID0227,false_positive_discussed,yes
SID0227,raw_data,partial
SID0227,spectra_shared,image
SID0228,blanks_procedural,yes
SID0228,blanks_field,no
SID0228,blanks_air,no
SID0228,blanks_instrument,no
SID0228,blank_correction,nr
SID0228,blank_contribution,quantified
SID0228,ctrl_cotton,no
SID0228,ctrl_glass,no
SID0228,lab_environment,laminar
SID0228,recovery_tested,yes
SID0228,matrix_matched,no
SID0228,recovery_correction,no
SID0228,lod_reported,nr
SID0228,loq_reported,nr
SID0228,crm_used,no
SID0228,orthogonal_method,yes
SID0228,false_positive_discussed,no
SID0228,raw_data,partial
SID0228,spectra_shared,image
SID0230,blanks_procedural,yes
SID0230,blanks_field,no
SID0230,blanks_air,no
SID0230,blanks_instrument,no
SID0230,blank_correction,subtraction
SID0230,blank_contribution,quantified
SID0230,ctrl_cotton,no
SID0230,ctrl_glass,no
SID0230,lab_environment,standard
SID0230,recovery_tested,yes
SID0230,matrix_matched,no
SID0230,recovery_correction,no
SID0230,lod_reported,nr
SID0230,loq_reported,nr
SID0230,crm_used,no
SID0230,orthogonal_method,yes
SID0230,false_positive_discussed,yes
SID0230,raw_data,full
SID0230,spectra_shared,no
SID0231,blanks_procedural,yes
SID0231,blanks_field,yes
SID0231,blanks_air,yes
SID0231,blanks_instrument,no
SID0231,blank_correction,nr
SID0231,blank_contribution,qualitative
SID0231,ctrl_cotton,nr
SID0231,ctrl_glass,nr
SID0231,lab_environment,standard
SID0231,recovery_tested,yes
SID0231,matrix_matched,no
SID0231,recovery_correction,no
SID0231,lod_reported,nr
SID0231,loq_reported,nr
SID0231,crm_used,no
SID0231,orthogonal_method,yes
SID0231,false_positive_discussed,yes
SID0231,raw_data,partial
SID0231,spectra_shared,image
SID0232,blanks_procedural,yes
SID0232,blanks_field,yes
SID0232,blanks_air,no
SID0232,blanks_instrument,no
SID0232,blank_correction,nr
SID0232,blank_contribution,no
SID0232,ctrl_cotton,nr
SID0232,ctrl_glass,nr
SID0232,lab_environment,standard
SID0232,recovery_tested,yes
SID0232,matrix_matched,yes
SID0232,recovery_correction,no
SID0232,lod_reported,nr
SID0232,loq_reported,nr
SID0232,crm_used,no
SID0232,orthogonal_method,yes
SID0232,false_positive_discussed,yes
SID0232,raw_data,partial
SID0232,spectra_shared,image
SID0233,blanks_procedural,no
SID0233,blanks_field,no
SID0233,blanks_air,yes
SID0233,blanks_instrument,yes
SID0233,blank_correction,nr
SID0233,blank_contribution,no
SID0233,ctrl_cotton,nr
SID0233,ctrl_glass,nr
SID0233,lab_environment,standard
SID0233,recovery_tested,yes
SID0233,matrix_matched,no
SID0233,recovery_correction,no
SID0233,lod_reported,nr
SID0233,loq_reported,nr
SID0233,crm_used,no
SID0233,orthogonal_method,yes
SID0233,false_positive_discussed,no
SID0233,raw_data,partial
SID0233,spectra_shared,image
SID0234,blanks_procedural,yes
SID0234,blanks_field,no
SID0234,blanks_air,no
SID0234,blanks_instrument,no
SID0234,blank_correction,nr
SID0234,blank_contribution,qualitative
SID0234,ctrl_cotton,yes
SID0234,ctrl_glass,no
SID0234,lab_environment,standard
SID0234,recovery_tested,yes
SID0234,matrix_matched,yes
SID0234,recovery_correction,no
SID0234,lod_reported,yes
SID0234,loq_reported,yes
SID0234,crm_used,no
SID0234,orthogonal_method,yes
SID0234,false_positive_discussed,yes
SID0234,raw_data,partial
SID0234,spectra_shared,image
SID0235,blanks_procedural,yes
SID0235,blanks_field,no
SID0235,blanks_air,yes
SID0235,blanks_instrument,no
SID0235,blank_correction,nr
SID0235,blank_contribution,quantified
SID0235,ctrl_cotton,yes
SID0235,ctrl_glass,no
SID0235,lab_environment,laminar
SID0235,recovery_tested,yes
SID0235,matrix_matched,no
SID0235,recovery_correction,no
SID0235,lod_reported,nr
SID0235,loq_reported,nr
SID0235,crm_used,no
SID0235,orthogonal_method,yes
SID0235,false_positive_discussed,yes
SID0235,raw_data,partial
SID0235,spectra_shared,image
SID0236,blanks_procedural,yes
SID0236,blanks_field,no
SID0236,blanks_air,no
SID0236,blanks_instrument,yes
SID0236,blank_correction,nr
SID0236,blank_contribution,quantified
SID0236,ctrl_cotton,yes
SID0236,ctrl_glass,no
SID0236,lab_environment,standard
SID0236,recovery_tested,yes
SID0236,matrix_matched,no
SID0236,recovery_correction,no
SID0236,lod_reported,yes
SID0236,loq_reported,nr
SID0236,crm_used,yes
SID0236,orthogonal_method,yes
SID0236,false_positive_discussed,no
SID0236,raw_data,partial
SID0236,spectra_shared,image
SID0237,blanks_procedural,yes
SID0237,blanks_field,yes
SID0237,blanks_air,yes
SID0237,blanks_instrument,yes
SID0237,blank_correction,nr
SID0237,blank_contribution,no
SID0237,ctrl_cotton,nr
SID0237,ctrl_glass,nr
SID0237,lab_environment,nr
SID0237,recovery_tested,yes
SID0237,matrix_matched,no
SID0237,recovery_correction,no
SID0237,lod_reported,yes
SID0237,loq_reported,nr
SID0237,crm_used,no
SID0237,orthogonal_method,yes
SID0237,false_positive_discussed,yes
SID0237,raw_data,partial
SID0237,spectra_shared,image
SID0238,blanks_procedural,no
SID0238,blanks_field,no
SID0238,blanks_air,yes
SID0238,blanks_instrument,no
SID0238,blank_correction,nr
SID0238,blank_contribution,qualitative
SID0238,ctrl_cotton,yes
SID0238,ctrl_glass,no
SID0238,lab_environment,standard
SID0238,recovery_tested,yes
SID0238,matrix_matched,no
SID0238,recovery_correction,no
SID0238,lod_reported,nr
SID0238,loq_reported,nr
SID0238,crm_used,no
SID0238,orthogonal_method,yes
SID0238,false_positive_discussed,yes
SID0238,raw_data,partial
SID0238,spectra_shared,image
SID0239,blanks_procedural,yes
SID0239,blanks_field,no
SID0239,blanks_air,yes
SID0239,blanks_instrument,no
SID0239,blank_correction,subtraction
SID0239,blank_contribution,qualitative
SID0239,ctrl_cotton,yes
SID0239,ctrl_glass,no
SID0239,lab_environment,standard
SID0239,recovery_tested,yes
SID0239,matrix_matched,yes
SID0239,recovery_correction,no
SID0239,lod_reported,nr
SID0239,loq_reported,nr
SID0239,crm_used,no
SID0239,orthogonal_method,yes
SID0239,false_positive_discussed,yes
SID0239,raw_data,partial
SID0239,spectra_shared,image
SID0240,blanks_procedural,yes
SID0240,blanks_field,no
SID0240,blanks_air,no
SID0240,blanks_instrument,no
SID0240,blank_correction,subtraction
SID0240,blank_contribution,quantified
SID0240,ctrl_cotton,no
SID0240,ctrl_glass,no
SID0240,lab_environment,standard
SID0240,recovery_tested,yes
SID0240,matrix_matched,no
SID0240,recovery_correction,no
SID0240,lod_reported,nr
SID0240,loq_reported,nr
SID0240,crm_used,no
SID0240,orthogonal_method,yes
SID0240,false_positive_discussed,no
SID0240,raw_data,partial
SID0240,spectra_shared,no
SID0241,blanks_procedural,yes
SID0241,blanks_field,no
SID0241,blanks_air,yes
SID0241,blanks_instrument,no
SID0241,blank_correction,nr
SID0241,blank_contribution,qualitative
SID0241,ctrl_cotton,nr
SID0241,ctrl_glass,nr
SID0241,lab_environment,laminar
SID0241,recovery_tested,yes
SID0241,matrix_matched,no
SID0241,recovery_correction,no
SID0241,lod_reported,nr
SID0241,loq_reported,nr
SID0241,crm_used,no
SID0241,orthogonal_method,yes
SID0241,false_positive_discussed,yes
SID0241,raw_data,partial
SID0241,spectra_shared,image
SID0242,blanks_procedural,yes
SID0242,blanks_field,no
SID0242,blanks_air,no
SID0242,blanks_instrument,no
SID0242,blank_correction,subtraction
SID0242,blank_contribution,quantified
SID0242,ctrl_cotton,yes
SID0242,ctrl_glass,no
SID0242,lab_environment,cleanroom
SID0242,recovery_tested,yes
SID0242,matrix_matched,no
SID0242,recovery_correction,no
SID0242,lod_reported,yes
SID0242,loq_reported,nr
SID0242,crm_used,yes
SID0242,orthogonal_method,yes
SID0242,false_positive_discussed,nr
SID0242,raw_data,partial
SID0242,spectra_shared,image
SID0244,blanks_procedural,yes
SID0244,blanks_field,no
SID0244,blanks_air,yes
SID0244,blanks_instrument,no
SID0244,blank_correction,subtraction
SID0244,blank_contribution,quantified
SID0244,ctrl_cotton,yes
SID0244,ctrl_glass,no
SID0244,lab_environment,standard
SID0244,recovery_tested,yes
SID0244,matrix_matched,no
SID0244,recovery_correction,no
SID0244,lod_reported,nr
SID0244,loq_reported,nr
SID0244,crm_used,no
SID0244,orthogonal_method,yes
SID0244,false_positive_discussed,yes
SID0244,raw_data,partial
SID0244,spectra_shared,image
SID0245,blanks_procedural,yes
SID0245,blanks_field,yes
SID0245,blanks_air,yes
SID0245,blanks_instrument,yes
SID0245,blank_correction,nr
SID0245,blank_contribution,no
SID0245,ctrl_cotton,yes
SID0245,ctrl_glass,no
SID0245,lab_environment,standard
SID0245,recovery_tested,yes
SID0245,matrix_matched,no
SID0245,recovery_correction,no
SID0245,lod_reported,nr
SID0245,loq_reported,nr
SID0245,crm_used,no
SID0245,orthogonal_method,yes
SID0245,false_positive_discussed,no
SID0245,raw_data,partial
SID0245,spectra_shared,image
SID0246,blanks_procedural,yes
SID0246,blanks_field,no
SID0246,blanks_air,no
SID0246,blanks_instrument,no
SID0246,blank_correction,subtraction
SID0246,blank_contribution,quantified
SID0246,ctrl_cotton,yes
SID0246,ctrl_glass,no
SID0246,lab_environment,standard
SID0246,recovery_tested,yes
SID0246,matrix_matched,no
SID0246,recovery_correction,no
SID0246,lod_reported,nr
SID0246,loq_reported,nr
SID0246,crm_used,no
SID0246,orthogonal_method,yes
SID0246,false_positive_discussed,yes
SID0246,raw_data,partial
SID0246,spectra_shared,image
SID0247,blanks_procedural,no
SID0247,blanks_field,no
SID0247,blanks_air,yes
SID0247,blanks_instrument,no
SID0247,blank_correction,nr
SID0247,blank_contribution,qualitative
SID0247,ctrl_cotton,no
SID0247,ctrl_glass,yes
SID0247,lab_environment,laminar
SID0247,recovery_tested,yes
SID0247,matrix_matched,yes
SID0247,recovery_correction,yes
SID0247,lod_reported,nr
SID0247,loq_reported,nr
SID0247,crm_used,no
SID0247,orthogonal_method,yes
SID0247,false_positive_discussed,yes
SID0247,raw_data,partial
SID0247,spectra_shared,image
SID0248,blanks_procedural,yes
SID0248,blanks_field,no
SID0248,blanks_air,no
SID0248,blanks_instrument,no
SID0248,blank_correction,nr
SID0248,blank_contribution,quantified
SID0248,ctrl_cotton,no
SID0248,ctrl_glass,yes
SID0248,lab_environment,standard
SID0248,recovery_tested,yes
SID0248,matrix_matched,yes
SID0248,recovery_correction,no
SID0248,lod_reported,yes
SID0248,loq_reported,yes
SID0248,crm_used,no
SID0248,orthogonal_method,yes
SID0248,false_positive_discussed,yes
SID0248,raw_data,partial
SID0248,spectra_shared,image
SID0249,blanks_procedural,yes
SID0249,blanks_field,no
SID0249,blanks_air,no
SID0249,blanks_instrument,no
SID0249,blank_correction,subtraction
SID0249,blank_contribution,quantified
SID0249,ctrl_cotton,no
SID0249,ctrl_glass,no
SID0249,lab_environment,standard
SID0249,recovery_tested,yes
SID0249,matrix_matched,no
SID0249,recovery_correction,no
SID0249,lod_reported,yes
SID0249,loq_reported,yes
SID0249,crm_used,no
SID0249,orthogonal_method,no
SID0249,false_positive_discussed,yes
SID0249,raw_data,full
SID0249,spectra_shared,image
SID0250,blanks_procedural,no
SID0250,blanks_field,no
SID0250,blanks_air,yes
SID0250,blanks_instrument,no
SID0250,blank_correction,subtraction
SID0250,blank_contribution,quantified
SID0250,ctrl_cotton,yes
SID0250,ctrl_glass,no
SID0250,lab_environment,laminar
SID0250,recovery_tested,yes
SID0250,matrix_matched,no
SID0250,recovery_correction,no
SID0250,lod_reported,nr
SID0250,loq_reported,nr
SID0250,crm_used,no
SID0250,orthogonal_method,yes
SID0250,false_positive_discussed,no
SID0250,raw_data,partial
SID0250,spectra_shared,image
SID0251,blanks_procedural,yes
SID0251,blanks_field,no
SID0251,blanks_air,yes
SID0251,blanks_instrument,no
SID0251,blank_correction,subtraction
SID0251,blank_contribution,quantified
SID0251,ctrl_cotton,no
SID0251,ctrl_glass,no
SID0251,lab_environment,laminar
SID0251,recovery_tested,yes
SID0251,matrix_matched,yes
SID0251,recovery_correction,no
SID0251,lod_reported,nr
SID0251,loq_reported,nr
SID0251,crm_used,no
SID0251,orthogonal_method,yes
SID0251,false_positive_discussed,yes
SID0251,raw_data,partial
SID0251,spectra_shared,image
SID0252,blanks_procedural,yes
SID0252,blanks_field,no
SID0252,blanks_air,yes
SID0252,blanks_instrument,no
SID0252,blank_correction,nr
SID0252,blank_contribution,qualitative
SID0252,ctrl_cotton,yes
SID0252,ctrl_glass,no
SID0252,lab_environment,standard
SID0252,recovery_tested,yes
SID0252,matrix_matched,no
SID0252,recovery_correction,no
SID0252,lod_reported,nr
SID0252,loq_reported,nr
SID0252,crm_used,no
SID0252,orthogonal_method,yes
SID0252,false_positive_discussed,no
SID0252,raw_data,partial
SID0252,spectra_shared,no
SID0253,blanks_procedural,yes
SID0253,blanks_field,no
SID0253,blanks_air,no
SID0253,blanks_instrument,yes
SID0253,blank_correction,nr
SID0253,blank_contribution,quantified
SID0253,ctrl_cotton,no
SID0253,ctrl_glass,yes
SID0253,lab_environment,standard
SID0253,recovery_tested,yes
SID0253,matrix_matched,no
SID0253,recovery_correction,no
SID0253,lod_reported,nr
SID0253,loq_reported,nr
SID0253,crm_used,no
SID0253,orthogonal_method,yes
SID0253,false_positive_discussed,yes
SID0253,raw_data,partial
SID0253,spectra_shared,no
SID0255,blanks_procedural,yes
SID0255,blanks_field,no
SID0255,blanks_air,no
SID0255,blanks_instrument,no
SID0255,blank_correction,subtraction
SID0255,blank_contribution,quantified
SID0255,ctrl_cotton,no
SID0255,ctrl_glass,no
SID0255,lab_environment,laminar
SID0255,recovery_tested,yes
SID0255,matrix_matched,no
SID0255,recovery_correction,no
SID0255,lod_reported,nr
SID0255,loq_reported,nr
SID0255,crm_used,no
SID0255,orthogonal_method,yes
SID0255,false_positive_discussed,yes
SID0255,raw_data,partial
SID0255,spectra_shared,image
SID0256,blanks_procedural,yes
SID0256,blanks_field,yes
SID0256,blanks_air,yes
SID0256,blanks_instrument,no
SID0256,blank_correction,subtraction
SID0256,blank_contribution,qualitative
SID0256,ctrl_cotton,no
SID0256,ctrl_glass,no
SID0256,lab_environment,nr
SID0256,recovery_tested,yes
SID0256,matrix_matched,no
SID0256,recovery_correction,no
SID0256,lod_reported,nr
SID0256,loq_reported,nr
SID0256,crm_used,no
SID0256,orthogonal_method,yes
SID0256,false_positive_discussed,no
SID0256,raw_data,partial
SID0256,spectra_shared,no
SID0258,blanks_procedural,yes
SID0258,blanks_field,no
SID0258,blanks_air,yes
SID0258,blanks_instrument,yes
SID0258,blank_correction,nr
SID0258,blank_contribution,qualitative
SID0258,ctrl_cotton,yes
SID0258,ctrl_glass,no
SID0258,lab_environment,laminar
SID0258,recovery_tested,yes
SID0258,matrix_matched,no
SID0258,recovery_correction,no
SID0258,lod_reported,nr
SID0258,loq_reported,nr
SID0258,crm_used,no
SID0258,orthogonal_method,yes
SID0258,false_positive_discussed,no
SID0258,raw_data,partial
SID0258,spectra_shared,image
SID0259,blanks_procedural,yes
SID0259,blanks_field,no
SID0259,blanks_air,no
SID0259,blanks_instrument,no
SID0259,blank_correction,subtraction
SID0259,blank_contribution,quantified
SID0259,ctrl_cotton,no
SID0259,ctrl_glass,yes
SID0259,lab_environment,cleanroom
SID0259,recovery_tested,yes
SID0259,matrix_matched,yes
SID0259,recovery_correction,nr
SID0259,lod_reported,yes
SID0259,loq_reported,yes
SID0259,crm_used,nr
SID0259,orthogonal_method,yes
SID0259,false_positive_discussed,yes
SID0259,raw_data,partial
SID0259,spectra_shared,no
SID0260,blanks_procedural,yes
SID0260,blanks_field,no
SID0260,blanks_air,no
SID0260,blanks_instrument,no
SID0260,blank_correction,subtraction
SID0260,blank_contribution,quantified
SID0260,ctrl_cotton,yes
SID0260,ctrl_glass,yes
SID0260,lab_environment,standard
SID0260,recovery_tested,no
SID0260,matrix_matched,nr
SID0260,recovery_correction,nr
SID0260,lod_reported,yes
SID0260,loq_reported,yes
SID0260,crm_used,nr
SID0260,orthogonal_method,no
SID0260,false_positive_discussed,yes
SID0260,raw_data,partial
SID0260,spectra_shared,no
SID0261,blanks_procedural,yes
SID0261,blanks_field,no
SID0261,blanks_air,yes
SID0261,blanks_instrument,yes
SID0261,blank_correction,subtraction
SID0261,blank_contribution,quantified
SID0261,ctrl_cotton,no
SID0261,ctrl_glass,yes
SID0261,lab_environment,nr
SID0261,recovery_tested,yes
SID0261,matrix_matched,yes
SID0261,recovery_correction,nr
SID0261,lod_reported,yes
SID0261,loq_reported,yes
SID0261,crm_used,no
SID0261,orthogonal_method,no
SID0261,false_positive_discussed,yes
SID0261,raw_data,partial
SID0261,spectra_shared,no
SID0262,blanks_procedural,yes
SID0262,blanks_field,no
SID0262,blanks_air,no
SID0262,blanks_instrument,no
SID0262,blank_correction,nr
SID0262,blank_contribution,nr
SID0262,ctrl_cotton,yes
SID0262,ctrl_glass,yes
SID0262,lab_environment,cleanroom
SID0262,recovery_tested,no
SID0262,matrix_matched,nr
SID0262,recovery_correction,nr
SID0262,lod_reported,nr
SID0262,loq_reported,nr
SID0262,crm_used,nr
SID0262,orthogonal_method,no
SID0262,false_positive_discussed,nr
SID0262,raw_data,none
SID0262,spectra_shared,nr
SID0263,blanks_procedural,yes
SID0263,blanks_field,no
SID0263,blanks_air,no
SID0263,blanks_instrument,no
SID0263,blank_correction,nr
SID0263,blank_contribution,quantified
SID0263,ctrl_cotton,nr
SID0263,ctrl_glass,nr
SID0263,lab_environment,nr
SID0263,recovery_tested,yes
SID0263,matrix_matched,yes
SID0263,recovery_correction,nr
SID0263,lod_reported,yes
SID0263,loq_reported,yes
SID0263,crm_used,no
SID0263,orthogonal_method,no
SID0263,false_positive_discussed,no
SID0263,raw_data,partial
SID0263,spectra_shared,no
SID0264,blanks_procedural,yes
SID0264,blanks_field,no
SID0264,blanks_air,no
SID0264,blanks_instrument,no
SID0264,blank_correction,nr
SID0264,blank_contribution,qualitative
SID0264,ctrl_cotton,no
SID0264,ctrl_glass,yes
SID0264,lab_environment,nr
SID0264,recovery_tested,no
SID0264,matrix_matched,nr
SID0264,recovery_correction,no
SID0264,lod_reported,nr
SID0264,loq_reported,nr
SID0264,crm_used,no
SID0264,orthogonal_method,yes
SID0264,false_positive_discussed,yes
SID0264,raw_data,full
SID0264,spectra_shared,no
SID0265,blanks_procedural,yes
SID0265,blanks_field,no
SID0265,blanks_air,no
SID0265,blanks_instrument,no
SID0265,blank_correction,nr
SID0265,blank_contribution,quantified
SID0265,ctrl_cotton,yes
SID0265,ctrl_glass,yes
SID0265,lab_environment,laminar
SID0265,recovery_tested,yes
SID0265,matrix_matched,yes
SID0265,recovery_correction,no
SID0265,lod_reported,nr
SID0265,loq_reported,nr
SID0265,crm_used,no
SID0265,orthogonal_method,yes
SID0265,false_positive_discussed,no
SID0265,raw_data,none
SID0265,spectra_shared,no
SID0266,blanks_procedural,yes
SID0266,blanks_field,no
SID0266,blanks_air,no
SID0266,blanks_instrument,no
SID0266,blank_correction,nr
SID0266,blank_contribution,qualitative
SID0266,ctrl_cotton,nr
SID0266,ctrl_glass,nr
SID0266,lab_environment,nr
SID0266,recovery_tested,no
SID0266,matrix_matched,nr
SID0266,recovery_correction,nr
SID0266,lod_reported,nr
SID0266,loq_reported,nr
SID0266,crm_used,nr
SID0266,orthogonal_method,no
SID0266,false_positive_discussed,yes
SID0266,raw_data,none
SID0266,spectra_shared,nr
SID0267,blanks_procedural,yes
SID0267,blanks_field,yes
SID0267,blanks_air,yes
SID0267,blanks_instrument,no
SID0267,blank_correction,nr
SID0267,blank_contribution,qualitative
SID0267,ctrl_cotton,no
SID0267,ctrl_glass,yes
SID0267,lab_environment,nr
SID0267,recovery_tested,no
SID0267,matrix_matched,nr
SID0267,recovery_correction,nr
SID0267,lod_reported,nr
SID0267,loq_reported,nr
SID0267,crm_used,nr
SID0267,orthogonal_method,nr
SID0267,false_positive_discussed,nr
SID0267,raw_data,partial
SID0267,spectra_shared,no
SID0268,blanks_procedural,yes
SID0268,blanks_field,no
SID0268,blanks_air,no
SID0268,blanks_instrument,no
SID0268,blank_correction,nr
SID0268,blank_contribution,nr
SID0268,ctrl_cotton,yes
SID0268,ctrl_glass,yes
SID0268,lab_environment,laminar
SID0268,recovery_tested,no
SID0268,matrix_matched,nr
SID0268,recovery_correction,nr
SID0268,lod_reported,nr
SID0268,loq_reported,nr
SID0268,crm_used,nr
SID0268,orthogonal_method,yes
SID0268,false_positive_discussed,yes
SID0268,raw_data,none
SID0268,spectra_shared,nr
SID0269,blanks_procedural,yes
SID0269,blanks_field,yes
SID0269,blanks_air,no
SID0269,blanks_instrument,no
SID0269,blank_correction,nr
SID0269,blank_contribution,qualitative
SID0269,ctrl_cotton,no
SID0269,ctrl_glass,yes
SID0269,lab_environment,nr
SID0269,recovery_tested,yes
SID0269,matrix_matched,yes
SID0269,recovery_correction,nr
SID0269,lod_reported,yes
SID0269,loq_reported,nr
SID0269,crm_used,no
SID0269,orthogonal_method,yes
SID0269,false_positive_discussed,nr
SID0269,raw_data,partial
SID0269,spectra_shared,no
SID0270,blanks_procedural,yes
SID0270,blanks_field,yes
SID0270,blanks_air,no
SID0270,blanks_instrument,no
SID0270,blank_correction,nr
SID0270,blank_contribution,qualitative
SID0270,ctrl_cotton,yes
SID0270,ctrl_glass,yes
SID0270,lab_environment,laminar
SID0270,recovery_tested,no
SID0270,matrix_matched,nr
SID0270,recovery_correction,nr
SID0270,lod_reported,yes
SID0270,loq_reported,nr
SID0270,crm_used,no
SID0270,orthogonal_method,no
SID0270,false_positive_discussed,nr
SID0270,raw_data,none
SID0270,spectra_shared,no
SID0272,blanks_procedural,yes
SID0272,blanks_field,no
SID0272,blanks_air,no
SID0272,blanks_instrument,no
SID0272,blank_correction,nr
SID0272,blank_contribution,no
SID0272,ctrl_cotton,no
SID0272,ctrl_glass,yes
SID0272,lab_environment,nr
SID0272,recovery_tested,no
SID0272,matrix_matched,nr
SID0272,recovery_correction,nr
SID0272,lod_reported,yes
SID0272,loq_reported,nr
SID0272,crm_used,no
SID0272,orthogonal_method,no
SID0272,false_positive_discussed,nr
SID0272,raw_data,partial
SID0272,spectra_shared,no
SID0273,blanks_procedural,nr
SID0273,blanks_field,nr
SID0273,blanks_air,nr
SID0273,blanks_instrument,nr
SID0273,blank_correction,none
SID0273,blank_contribution,no
SID0273,ctrl_cotton,nr
SID0273,ctrl_glass,nr
SID0273,lab_environment,nr
SID0273,recovery_tested,no
SID0273,matrix_matched,nr
SID0273,recovery_correction,nr
SID0273,lod_reported,nr
SID0273,loq_reported,nr
SID0273,crm_used,no
SID0273,orthogonal_method,no
SID0273,false_positive_discussed,yes
SID0273,raw_data,none
SID0273,spectra_shared,nr
SID0274,blanks_procedural,yes
SID0274,blanks_field,no
SID0274,blanks_air,no
SID0274,blanks_instrument,no
SID0274,blank_correction,threshold
SID0274,blank_contribution,quantified
SID0274,ctrl_cotton,yes
SID0274,ctrl_glass,yes
SID0274,lab_environment,nr
SID0274,recovery_tested,yes
SID0274,matrix_matched,no
SID0274,recovery_correction,no
SID0274,lod_reported,yes
SID0274,loq_reported,yes
SID0274,crm_used,no
SID0274,orthogonal_method,no
SID0274,false_positive_discussed,yes
SID0274,raw_data,partial
SID0274,spectra_shared,no
SID0275,blanks_procedural,yes
SID0275,blanks_field,no
SID0275,blanks_air,no
SID0275,blanks_instrument,no
SID0275,blank_correction,nr
SID0275,blank_contribution,qualitative
SID0275,ctrl_cotton,yes
SID0275,ctrl_glass,yes
SID0275,lab_environment,laminar
SID0275,recovery_tested,yes
SID0275,matrix_matched,yes
SID0275,recovery_correction,no
SID0275,lod_reported,nr
SID0275,loq_reported,nr
SID0275,crm_used,no
SID0275,orthogonal_method,yes
SID0275,false_positive_discussed,yes
SID0275,raw_data,partial
SID0275,spectra_shared,no
SID0276,blanks_procedural,yes
SID0276,blanks_field,no
SID0276,blanks_air,yes
SID0276,blanks_instrument,no
SID0276,blank_correction,nr
SID0276,blank_contribution,qualitative
SID0276,ctrl_cotton,yes
SID0276,ctrl_glass,yes
SID0276,lab_environment,nr
SID0276,recovery_tested,yes
SID0276,matrix_matched,yes
SID0276,recovery_correction,nr
SID0276,lod_reported,yes
SID0276,loq_reported,yes
SID0276,crm_used,no
SID0276,orthogonal_method,no
SID0276,false_positive_discussed,no
SID0276,raw_data,partial
SID0276,spectra_shared,no
SID0277,blanks_procedural,yes
SID0277,blanks_field,yes
SID0277,blanks_air,no
SID0277,blanks_instrument,yes
SID0277,blank_correction,subtraction
SID0277,blank_contribution,nr
SID0277,ctrl_cotton,yes
SID0277,ctrl_glass,yes
SID0277,lab_environment,cleanroom
SID0277,recovery_tested,no
SID0277,matrix_matched,nr
SID0277,recovery_correction,nr
SID0277,lod_reported,yes
SID0277,loq_reported,nr
SID0277,crm_used,no
SID0277,orthogonal_method,nr
SID0277,false_positive_discussed,nr
SID0277,raw_data,nr
SID0277,spectra_shared,nr
SID0278,blanks_procedural,yes
SID0278,blanks_field,no
SID0278,blanks_air,no
SID0278,blanks_instrument,no
SID0278,blank_correction,nr
SID0278,blank_contribution,nr
SID0278,ctrl_cotton,no
SID0278,ctrl_glass,yes
SID0278,lab_environment,laminar
SID0278,recovery_tested,no
SID0278,matrix_matched,nr
SID0278,recovery_correction,nr
SID0278,lod_reported,yes
SID0278,loq_reported,yes
SID0278,crm_used,nr
SID0278,orthogonal_method,yes
SID0278,false_positive_discussed,nr
SID0278,raw_data,nr
SID0278,spectra_shared,nr
SID0279,blanks_procedural,no
SID0279,blanks_field,no
SID0279,blanks_air,no
SID0279,blanks_instrument,no
SID0279,blank_correction,nr
SID0279,blank_contribution,nr
SID0279,ctrl_cotton,no
SID0279,ctrl_glass,yes
SID0279,lab_environment,nr
SID0279,recovery_tested,no
SID0279,matrix_matched,nr
SID0279,recovery_correction,nr
SID0279,lod_reported,nr
SID0279,loq_reported,nr
SID0279,crm_used,no
SID0279,orthogonal_method,nr
SID0279,false_positive_discussed,nr
SID0279,raw_data,nr
SID0279,spectra_shared,nr
SID0280,blanks_procedural,yes
SID0280,blanks_field,no
SID0280,blanks_air,no
SID0280,blanks_instrument,no
SID0280,blank_correction,subtraction
SID0280,blank_contribution,quantified
SID0280,ctrl_cotton,yes
SID0280,ctrl_glass,yes
SID0280,lab_environment,standard
SID0280,recovery_tested,yes
SID0280,matrix_matched,yes
SID0280,recovery_correction,no
SID0280,lod_reported,yes
SID0280,loq_reported,nr
SID0280,crm_used,no
SID0280,orthogonal_method,nr
SID0280,false_positive_discussed,yes
SID0280,raw_data,nr
SID0280,spectra_shared,nr
SID0281,blanks_procedural,yes
SID0281,blanks_field,yes
SID0281,blanks_air,no
SID0281,blanks_instrument,yes
SID0281,blank_correction,subtraction
SID0281,blank_contribution,qualitative
SID0281,ctrl_cotton,yes
SID0281,ctrl_glass,yes
SID0281,lab_environment,laminar
SID0281,recovery_tested,yes
SID0281,matrix_matched,yes
SID0281,recovery_correction,nr
SID0281,lod_reported,yes
SID0281,loq_reported,yes
SID0281,crm_used,no
SID0281,orthogonal_method,no
SID0281,false_positive_discussed,nr
SID0281,raw_data,partial
SID0281,spectra_shared,nr
SID0282,blanks_procedural,yes
SID0282,blanks_field,yes
SID0282,blanks_air,no
SID0282,blanks_instrument,no
SID0282,blank_correction,nr
SID0282,blank_contribution,qualitative
SID0282,ctrl_cotton,yes
SID0282,ctrl_glass,yes
SID0282,lab_environment,cleanroom
SID0282,recovery_tested,yes
SID0282,matrix_matched,yes
SID0282,recovery_correction,yes
SID0282,lod_reported,yes
SID0282,loq_reported,nr
SID0282,crm_used,yes
SID0282,orthogonal_method,yes
SID0282,false_positive_discussed,yes
SID0282,raw_data,full
SID0282,spectra_shared,image
SID0283,blanks_procedural,no
SID0283,blanks_field,no
SID0283,blanks_air,yes
SID0283,blanks_instrument,no
SID0283,blank_correction,nr
SID0283,blank_contribution,qualitative
SID0283,ctrl_cotton,no
SID0283,ctrl_glass,yes
SID0283,lab_environment,laminar
SID0283,recovery_tested,no
SID0283,matrix_matched,nr
SID0283,recovery_correction,nr
SID0283,lod_reported,nr
SID0283,loq_reported,nr
SID0283,crm_used,no
SID0283,orthogonal_method,no
SID0283,false_positive_discussed,yes
SID0283,raw_data,partial
SID0283,spectra_shared,image
SID0284,blanks_procedural,yes
SID0284,blanks_field,no
SID0284,blanks_air,no
SID0284,blanks_instrument,no
SID0284,blank_correction,nr
SID0284,blank_contribution,qualitative
SID0284,ctrl_cotton,no
SID0284,ctrl_glass,yes
SID0284,lab_environment,nr
SID0284,recovery_tested,yes
SID0284,matrix_matched,yes
SID0284,recovery_correction,nr
SID0284,lod_reported,yes
SID0284,loq_reported,nr
SID0284,crm_used,no
SID0284,orthogonal_method,yes
SID0284,false_positive_discussed,no
SID0284,raw_data,partial
SID0284,spectra_shared,no
SID0285,blanks_procedural,yes
SID0285,blanks_field,no
SID0285,blanks_air,no
SID0285,blanks_instrument,no
SID0285,blank_correction,nr
SID0285,blank_contribution,nr
SID0285,ctrl_cotton,yes
SID0285,ctrl_glass,yes
SID0285,lab_environment,nr
SID0285,recovery_tested,yes
SID0285,matrix_matched,yes
SID0285,recovery_correction,nr
SID0285,lod_reported,yes
SID0285,loq_reported,yes
SID0285,crm_used,no
SID0285,orthogonal_method,no
SID0285,false_positive_discussed,nr
SID0285,raw_data,none
SID0285,spectra_shared,no
SID0286,blanks_procedural,yes
SID0286,blanks_field,no
SID0286,blanks_air,no
SID0286,blanks_instrument,yes
SID0286,blank_correction,nr
SID0286,blank_contribution,qualitative
SID0286,ctrl_cotton,no
SID0286,ctrl_glass,yes
SID0286,lab_environment,nr
SID0286,recovery_tested,no
SID0286,matrix_matched,nr
SID0286,recovery_correction,nr
SID0286,lod_reported,yes
SID0286,loq_reported,yes
SID0286,crm_used,nr
SID0286,orthogonal_method,yes
SID0286,false_positive_discussed,yes
SID0286,raw_data,none
SID0286,spectra_shared,no
SID0287,blanks_procedural,yes
SID0287,blanks_field,yes
SID0287,blanks_air,no
SID0287,blanks_instrument,no
SID0287,blank_correction,nr
SID0287,blank_contribution,qualitative
SID0287,ctrl_cotton,yes
SID0287,ctrl_glass,yes
SID0287,lab_environment,nr
SID0287,recovery_tested,no
SID0287,matrix_matched,nr
SID0287,recovery_correction,nr
SID0287,lod_reported,yes
SID0287,loq_reported,nr
SID0287,crm_used,nr
SID0287,orthogonal_method,yes
SID0287,false_positive_discussed,nr
SID0287,raw_data,partial
SID0287,spectra_shared,no
SID0288,blanks_procedural,yes
SID0288,blanks_field,no
SID0288,blanks_air,no
SID0288,blanks_instrument,no
SID0288,blank_correction,subtraction
SID0288,blank_contribution,qualitative
SID0288,ctrl_cotton,yes
SID0288,ctrl_glass,yes
SID0288,lab_environment,nr
SID0288,recovery_tested,yes
SID0288,matrix_matched,yes
SID0288,recovery_correction,nr
SID0288,lod_reported,yes
SID0288,loq_reported,yes
SID0288,crm_used,nr
SID0288,orthogonal_method,yes
SID0288,false_positive_discussed,yes
SID0288,raw_data,full
SID0288,spectra_shared,no
SID0289,blanks_procedural,yes
SID0289,blanks_field,no
SID0289,blanks_air,no
SID0289,blanks_instrument,no
SID0289,blank_correction,nr
SID0289,blank_contribution,quantified
SID0289,ctrl_cotton,yes
SID0289,ctrl_glass,no
SID0289,lab_environment,laminar
SID0289,recovery_tested,no
SID0289,matrix_matched,nr
SID0289,recovery_correction,nr
SID0289,lod_reported,nr
SID0289,loq_reported,nr
SID0289,crm_used,nr
SID0289,orthogonal_method,no
SID0289,false_positive_discussed,no
SID0289,raw_data,partial
SID0289,spectra_shared,no
SID0290,blanks_procedural,nr
SID0290,blanks_field,nr
SID0290,blanks_air,nr
SID0290,blanks_instrument,nr
SID0290,blank_correction,nr
SID0290,blank_contribution,no
SID0290,ctrl_cotton,nr
SID0290,ctrl_glass,nr
SID0290,lab_environment,nr
SID0290,recovery_tested,no
SID0290,matrix_matched,nr
SID0290,recovery_correction,nr
SID0290,lod_reported,nr
SID0290,loq_reported,nr
SID0290,crm_used,nr
SID0290,orthogonal_method,yes
SID0290,false_positive_discussed,no
SID0290,raw_data,partial
SID0290,spectra_shared,no
SID0291,blanks_procedural,yes
SID0291,blanks_field,no
SID0291,blanks_air,no
SID0291,blanks_instrument,no
SID0291,blank_correction,nr
SID0291,blank_contribution,no
SID0291,ctrl_cotton,no
SID0291,ctrl_glass,no
SID0291,lab_environment,nr
SID0291,recovery_tested,yes
SID0291,matrix_matched,yes
SID0291,recovery_correction,nr
SID0291,lod_reported,nr
SID0291,loq_reported,nr
SID0291,crm_used,nr
SID0291,orthogonal_method,yes
SID0291,false_positive_discussed,no
SID0291,raw_data,partial
SID0291,spectra_shared,no
SID0292,blanks_procedural,yes
SID0292,blanks_field,no
SID0292,blanks_air,no
SID0292,blanks_instrument,yes
SID0292,blank_correction,subtraction
SID0292,blank_contribution,quantified
SID0292,ctrl_cotton,yes
SID0292,ctrl_glass,yes
SID0292,lab_environment,laminar
SID0292,recovery_tested,no
SID0292,matrix_matched,nr
SID0292,recovery_correction,nr
SID0292,lod_reported,yes
SID0292,loq_reported,nr
SID0292,crm_used,nr
SID0292,orthogonal_method,yes
SID0292,false_positive_discussed,yes
SID0292,raw_data,nr
SID0292,spectra_shared,no
SID0293,blanks_procedural,yes
SID0293,blanks_field,no
SID0293,blanks_air,no
SID0293,blanks_instrument,no
SID0293,blank_correction,none
SID0293,blank_contribution,qualitative
SID0293,ctrl_cotton,yes
SID0293,ctrl_glass,yes
SID0293,lab_environment,laminar
SID0293,recovery_tested,no
SID0293,matrix_matched,nr
SID0293,recovery_correction,nr
SID0293,lod_reported,nr
SID0293,loq_reported,nr
SID0293,crm_used,nr
SID0293,orthogonal_method,yes
SID0293,false_positive_discussed,yes
SID0293,raw_data,none
SID0293,spectra_shared,no
SID0294,blanks_procedural,yes
SID0294,blanks_field,yes
SID0294,blanks_air,no
SID0294,blanks_instrument,yes
SID0294,blank_correction,nr
SID0294,blank_contribution,qualitative
SID0294,ctrl_cotton,yes
SID0294,ctrl_glass,yes
SID0294,lab_environment,nr
SID0294,recovery_tested,no
SID0294,matrix_matched,nr
SID0294,recovery_correction,nr
SID0294,lod_reported,yes
SID0294,loq_reported,nr
SID0294,crm_used,nr
SID0294,orthogonal_method,no
SID0294,false_positive_discussed,no
SID0294,raw_data,full
SID0294,spectra_shared,image
SID0295,blanks_procedural,yes
SID0295,blanks_field,no
SID0295,blanks_air,no
SID0295,blanks_instrument,no
SID0295,blank_correction,nr
SID0295,blank_contribution,nr
SID0295,ctrl_cotton,nr
SID0295,ctrl_glass,nr
SID0295,lab_environment,nr
SID0295,recovery_tested,no
SID0295,matrix_matched,nr
SID0295,recovery_correction,nr
SID0295,lod_reported,yes
SID0295,loq_reported,nr
SID0295,crm_used,nr
SID0295,orthogonal_method,yes
SID0295,false_positive_discussed,yes
SID0295,raw_data,none
SID0295,spectra_shared,image
SID0296,blanks_procedural,yes
SID0296,blanks_field,no
SID0296,blanks_air,yes
SID0296,blanks_instrument,yes
SID0296,blank_correction,subtraction
SID0296,blank_contribution,qualitative
SID0296,ctrl_cotton,yes
SID0296,ctrl_glass,yes
SID0296,lab_environment,cleanroom
SID0296,recovery_tested,yes
SID0296,matrix_matched,yes
SID0296,recovery_correction,nr
SID0296,lod_reported,yes
SID0296,loq_reported,yes
SID0296,crm_used,no
SID0296,orthogonal_method,no
SID0296,false_positive_discussed,no
SID0296,raw_data,none
SID0296,spectra_shared,no
SID0297,blanks_procedural,yes
SID0297,blanks_field,no
SID0297,blanks_air,no
SID0297,blanks_instrument,no
SID0297,blank_correction,subtraction
SID0297,blank_contribution,qualitative
SID0297,ctrl_cotton,yes
SID0297,ctrl_glass,yes
SID0297,lab_environment,nr
SID0297,recovery_tested,yes
SID0297,matrix_matched,nr
SID0297,recovery_correction,nr
SID0297,lod_reported,yes
SID0297,loq_reported,yes
SID0297,crm_used,nr
SID0297,orthogonal_method,yes
SID0297,false_positive_discussed,no
SID0297,raw_data,full
SID0297,spectra_shared,image
SID0298,blanks_procedural,yes
SID0298,blanks_field,no
SID0298,blanks_air,yes
SID0298,blanks_instrument,no
SID0298,blank_correction,nr
SID0298,blank_contribution,qualitative
SID0298,ctrl_cotton,yes
SID0298,ctrl_glass,yes
SID0298,lab_environment,laminar
SID0298,recovery_tested,no
SID0298,matrix_matched,nr
SID0298,recovery_correction,nr
SID0298,lod_reported,nr
SID0298,loq_reported,nr
SID0298,crm_used,no
SID0298,orthogonal_method,yes
SID0298,false_positive_discussed,yes
SID0298,raw_data,none
SID0298,spectra_shared,image
SID0299,blanks_procedural,yes
SID0299,blanks_field,yes
SID0299,blanks_air,no
SID0299,blanks_instrument,no
SID0299,blank_correction,subtraction
SID0299,blank_contribution,quantified
SID0299,ctrl_cotton,no
SID0299,ctrl_glass,yes
SID0299,lab_environment,cleanroom
SID0299,recovery_tested,yes
SID0299,matrix_matched,yes
SID0299,recovery_correction,yes
SID0299,lod_reported,yes
SID0299,loq_reported,yes
SID0299,crm_used,no
SID0299,orthogonal_method,no
SID0299,false_positive_discussed,yes
SID0299,raw_data,full
SID0299,spectra_shared,no
SID0300,blanks_procedural,yes
SID0300,blanks_field,no
SID0300,blanks_air,yes
SID0300,blanks_instrument,no
SID0300,blank_correction,nr
SID0300,blank_contribution,qualitative
SID0300,ctrl_cotton,yes
SID0300,ctrl_glass,yes
SID0300,lab_environment,cleanroom
SID0300,recovery_tested,yes
SID0300,matrix_matched,yes
SID0300,recovery_correction,nr
SID0300,lod_reported,yes
SID0300,loq_reported,yes
SID0300,crm_used,no
SID0300,orthogonal_method,no
SID0300,false_positive_discussed,no
SID0300,raw_data,full
SID0300,spectra_shared,no
SID0301,blanks_procedural,yes
SID0301,blanks_field,no
SID0301,blanks_air,no
SID0301,blanks_instrument,no
SID0301,blank_correction,nr
SID0301,blank_contribution,nr
SID0301,ctrl_cotton,no
SID0301,ctrl_glass,yes
SID0301,lab_environment,laminar
SID0301,recovery_tested,yes
SID0301,matrix_matched,nr
SID0301,recovery_correction,nr
SID0301,lod_reported,nr
SID0301,loq_reported,nr
SID0301,crm_used,no
SID0301,orthogonal_method,no
SID0301,false_positive_discussed,yes
SID0301,raw_data,none
SID0301,spectra_shared,no
SID0302,blanks_procedural,no
SID0302,blanks_field,no
SID0302,blanks_air,no
SID0302,blanks_instrument,no
SID0302,blank_correction,nr
SID0302,blank_contribution,nr
SID0302,ctrl_cotton,no
SID0302,ctrl_glass,no
SID0302,lab_environment,nr
SID0302,recovery_tested,no
SID0302,matrix_matched,nr
SID0302,recovery_correction,nr
SID0302,lod_reported,nr
SID0302,loq_reported,nr
SID0302,crm_used,no
SID0302,orthogonal_method,no
SID0302,false_positive_discussed,no
SID0302,raw_data,partial
SID0302,spectra_shared,no
SID0303,blanks_procedural,yes
SID0303,blanks_field,yes
SID0303,blanks_air,no
SID0303,blanks_instrument,no
SID0303,blank_correction,subtraction
SID0303,blank_contribution,nr
SID0303,ctrl_cotton,no
SID0303,ctrl_glass,yes
SID0303,lab_environment,nr
SID0303,recovery_tested,yes
SID0303,matrix_matched,nr
SID0303,recovery_correction,no
SID0303,lod_reported,yes
SID0303,loq_reported,nr
SID0303,crm_used,no
SID0303,orthogonal_method,no
SID0303,false_positive_discussed,no
SID0303,raw_data,partial
SID0303,spectra_shared,no
SID0304,blanks_procedural,yes
SID0304,blanks_field,no
SID0304,blanks_air,no
SID0304,blanks_instrument,no
SID0304,blank_correction,subtraction
SID0304,blank_contribution,qualitative
SID0304,ctrl_cotton,yes
SID0304,ctrl_glass,yes
SID0304,lab_environment,laminar
SID0304,recovery_tested,no
SID0304,matrix_matched,nr
SID0304,recovery_correction,no
SID0304,lod_reported,nr
SID0304,loq_reported,nr
SID0304,crm_used,no
SID0304,orthogonal_method,yes
SID0304,false_positive_discussed,nr
SID0304,raw_data,nr
SID0304,spectra_shared,nr
SID0305,blanks_procedural,yes
SID0305,blanks_field,no
SID0305,blanks_air,no
SID0305,blanks_instrument,no
SID0305,blank_correction,nr
SID0305,blank_contribution,nr
SID0305,ctrl_cotton,no
SID0305,ctrl_glass,no
SID0305,lab_environment,nr
SID0305,recovery_tested,no
SID0305,matrix_matched,nr
SID0305,recovery_correction,nr
SID0305,lod_reported,nr
SID0305,loq_reported,nr
SID0305,crm_used,no
SID0305,orthogonal_method,nr
SID0305,false_positive_discussed,nr
SID0305,raw_data,nr
SID0305,spectra_shared,nr
SID0306,blanks_procedural,yes
SID0306,blanks_field,no
SID0306,blanks_air,no
SID0306,blanks_instrument,no
SID0306,blank_correction,nr
SID0306,blank_contribution,nr
SID0306,ctrl_cotton,yes
SID0306,ctrl_glass,yes
SID0306,lab_environment,standard
SID0306,recovery_tested,yes
SID0306,matrix_matched,yes
SID0306,recovery_correction,no
SID0306,lod_reported,yes
SID0306,loq_reported,nr
SID0306,crm_used,no
SID0306,orthogonal_method,no
SID0306,false_positive_discussed,nr
SID0306,raw_data,nr
SID0306,spectra_shared,nr
SID0307,blanks_procedural,yes
SID0307,blanks_field,yes
SID0307,blanks_air,yes
SID0307,blanks_instrument,no
SID0307,blank_correction,subtraction
SID0307,blank_contribution,nr
SID0307,ctrl_cotton,yes
SID0307,ctrl_glass,yes
SID0307,lab_environment,laminar
SID0307,recovery_tested,yes
SID0307,matrix_matched,yes
SID0307,recovery_correction,nr
SID0307,lod_reported,yes
SID0307,loq_reported,nr
SID0307,crm_used,no
SID0307,orthogonal_method,nr
SID0307,false_positive_discussed,nr
SID0307,raw_data,nr
SID0307,spectra_shared,nr
SID0308,blanks_procedural,yes
SID0308,blanks_field,no
SID0308,blanks_air,no
SID0308,blanks_instrument,no
SID0308,blank_correction,nr
SID0308,blank_contribution,nr
SID0308,ctrl_cotton,no
SID0308,ctrl_glass,yes
SID0308,lab_environment,nr
SID0308,recovery_tested,yes
SID0308,matrix_matched,no
SID0308,recovery_correction,no
SID0308,lod_reported,no
SID0308,loq_reported,nr
SID0308,crm_used,no
SID0308,orthogonal_method,nr
SID0308,false_positive_discussed,nr
SID0308,raw_data,nr
SID0308,spectra_shared,nr
SID0309,blanks_procedural,yes
SID0309,blanks_field,no
SID0309,blanks_air,no
SID0309,blanks_instrument,no
SID0309,blank_correction,nr
SID0309,blank_contribution,nr
SID0309,ctrl_cotton,yes
SID0309,ctrl_glass,yes
SID0309,lab_environment,laminar
SID0309,recovery_tested,yes
SID0309,matrix_matched,yes
SID0309,recovery_correction,no
SID0309,lod_reported,nr
SID0309,loq_reported,nr
SID0309,crm_used,no
SID0309,orthogonal_method,yes
SID0309,false_positive_discussed,nr
SID0309,raw_data,partial
SID0309,spectra_shared,nr
SID0310,blanks_procedural,yes
SID0310,blanks_field,yes
SID0310,blanks_air,no
SID0310,blanks_instrument,no
SID0310,blank_correction,subtraction
SID0310,blank_contribution,nr
SID0310,ctrl_cotton,yes
SID0310,ctrl_glass,yes
SID0310,lab_environment,laminar
SID0310,recovery_tested,yes
SID0310,matrix_matched,yes
SID0310,recovery_correction,nr
SID0310,lod_reported,yes
SID0310,loq_reported,yes
SID0310,crm_used,nr
SID0310,orthogonal_method,nr
SID0310,false_positive_discussed,nr
SID0310,raw_data,nr
SID0310,spectra_shared,nr
SID0311,blanks_procedural,yes
SID0311,blanks_field,no
SID0311,blanks_air,no
SID0311,blanks_instrument,yes
SID0311,blank_correction,threshold
SID0311,blank_contribution,nr
SID0311,ctrl_cotton,no
SID0311,ctrl_glass,yes
SID0311,lab_environment,laminar
SID0311,recovery_tested,yes
SID0311,matrix_matched,yes
SID0311,recovery_correction,nr
SID0311,lod_reported,yes
SID0311,loq_reported,yes
SID0311,crm_used,yes
SID0311,orthogonal_method,yes
SID0311,false_positive_discussed,nr
SID0311,raw_data,none
SID0311,spectra_shared,nr
SID0312,blanks_procedural,yes
SID0312,blanks_field,no
SID0312,blanks_air,no
SID0312,blanks_instrument,no
SID0312,blank_correction,nr
SID0312,blank_contribution,nr
SID0312,ctrl_cotton,no
SID0312,ctrl_glass,yes
SID0312,lab_environment,nr
SID0312,recovery_tested,no
SID0312,matrix_matched,nr
SID0312,recovery_correction,nr
SID0312,lod_reported,yes
SID0312,loq_reported,nr
SID0312,crm_used,yes
SID0312,orthogonal_method,nr
SID0312,false_positive_discussed,yes
SID0312,raw_data,nr
SID0312,spectra_shared,nr
SID0313,blanks_procedural,yes
SID0313,blanks_field,no
SID0313,blanks_air,no
SID0313,blanks_instrument,no
SID0313,blank_correction,nr
SID0313,blank_contribution,nr
SID0313,ctrl_cotton,yes
SID0313,ctrl_glass,no
SID0313,lab_environment,laminar
SID0313,recovery_tested,yes
SID0313,matrix_matched,nr
SID0313,recovery_correction,nr
SID0313,lod_reported,nr
SID0313,loq_reported,nr
SID0313,crm_used,no
SID0313,orthogonal_method,yes
SID0313,false_positive_discussed,nr
SID0313,raw_data,none
SID0313,spectra_shared,nr
SID0314,blanks_procedural,no
SID0314,blanks_field,no
SID0314,blanks_air,no
SID0314,blanks_instrument,yes
SID0314,blank_correction,none
SID0314,blank_contribution,nr
SID0314,ctrl_cotton,yes
SID0314,ctrl_glass,yes
SID0314,lab_environment,cleanroom
SID0314,recovery_tested,yes
SID0314,matrix_matched,yes
SID0314,recovery_correction,nr
SID0314,lod_reported,yes
SID0314,loq_reported,nr
SID0314,crm_used,no
SID0314,orthogonal_method,nr
SID0314,false_positive_discussed,no
SID0314,raw_data,partial
SID0314,spectra_shared,nr
SID0315,blanks_procedural,yes
SID0315,blanks_field,no
SID0315,blanks_air,no
SID0315,blanks_instrument,no
SID0315,blank_correction,subtraction
SID0315,blank_contribution,quantified
SID0315,ctrl_cotton,yes
SID0315,ctrl_glass,yes
SID0315,lab_environment,laminar
SID0315,recovery_tested,yes
SID0315,matrix_matched,yes
SID0315,recovery_correction,no
SID0315,lod_reported,yes
SID0315,loq_reported,yes
SID0315,crm_used,no
SID0315,orthogonal_method,no
SID0315,false_positive_discussed,yes
SID0315,raw_data,full
SID0315,spectra_shared,nr
SID0316,blanks_procedural,yes
SID0316,blanks_field,no
SID0316,blanks_air,no
SID0316,blanks_instrument,no
SID0316,blank_correction,nr
SID0316,blank_contribution,qualitative
SID0316,ctrl_cotton,yes
SID0316,ctrl_glass,yes
SID0316,lab_environment,nr
SID0316,recovery_tested,no
SID0316,matrix_matched,nr
SID0316,recovery_correction,nr
SID0316,lod_reported,nr
SID0316,loq_reported,nr
SID0316,crm_used,no
SID0316,orthogonal_method,yes
SID0316,false_positive_discussed,no
SID0316,raw_data,partial
SID0316,spectra_shared,nr
SID0317,blanks_procedural,yes
SID0317,blanks_field,no
SID0317,blanks_air,no
SID0317,blanks_instrument,no
SID0317,blank_correction,nr
SID0317,blank_contribution,quantified
SID0317,ctrl_cotton,no
SID0317,ctrl_glass,yes
SID0317,lab_environment,nr
SID0317,recovery_tested,yes
SID0317,matrix_matched,nr
SID0317,recovery_correction,no
SID0317,lod_reported,nr
SID0317,loq_reported,nr
SID0317,crm_used,no
SID0317,orthogonal_method,nr
SID0317,false_positive_discussed,yes
SID0317,raw_data,full
SID0317,spectra_shared,nr
SID0318,blanks_procedural,yes
SID0318,blanks_field,no
SID0318,blanks_air,no
SID0318,blanks_instrument,yes
SID0318,blank_correction,none
SID0318,blank_contribution,qualitative
SID0318,ctrl_cotton,yes
SID0318,ctrl_glass,yes
SID0318,lab_environment,laminar
SID0318,recovery_tested,yes
SID0318,matrix_matched,nr
SID0318,recovery_correction,no
SID0318,lod_reported,nr
SID0318,loq_reported,nr
SID0318,crm_used,no
SID0318,orthogonal_method,yes
SID0318,false_positive_discussed,yes
SID0318,raw_data,partial
SID0318,spectra_shared,nr
SID0319,blanks_procedural,yes
SID0319,blanks_field,no
SID0319,blanks_air,no
SID0319,blanks_instrument,yes
SID0319,blank_correction,subtraction
SID0319,blank_contribution,quantified
SID0319,ctrl_cotton,no
SID0319,ctrl_glass,yes
SID0319,lab_environment,laminar
SID0319,recovery_tested,yes
SID0319,matrix_matched,nr
SID0319,recovery_correction,no
SID0319,lod_reported,yes
SID0319,loq_reported,yes
SID0319,crm_used,no
SID0319,orthogonal_method,yes
SID0319,false_positive_discussed,no
SID0319,raw_data,partial
SID0319,spectra_shared,nr
SID0320,blanks_procedural,yes
SID0320,blanks_field,no
SID0320,blanks_air,yes
SID0320,blanks_instrument,no
SID0320,blank_correction,both
SID0320,blank_contribution,quantified
SID0320,ctrl_cotton,yes
SID0320,ctrl_glass,yes
SID0320,lab_environment,nr
SID0320,recovery_tested,no
SID0320,matrix_matched,nr
SID0320,recovery_correction,no
SID0320,lod_reported,yes
SID0320,loq_reported,yes
SID0320,crm_used,no
SID0320,orthogonal_method,yes
SID0320,false_positive_discussed,yes
SID0320,raw_data,partial
SID0320,spectra_shared,no
SID0321,blanks_procedural,no
SID0321,blanks_field,yes
SID0321,blanks_air,yes
SID0321,blanks_instrument,yes
SID0321,blank_correction,threshold
SID0321,blank_contribution,qualitative
SID0321,ctrl_cotton,no
SID0321,ctrl_glass,yes
SID0321,lab_environment,nr
SID0321,recovery_tested,no
SID0321,matrix_matched,nr
SID0321,recovery_correction,no
SID0321,lod_reported,yes
SID0321,loq_reported,nr
SID0321,crm_used,no
SID0321,orthogonal_method,yes
SID0321,false_positive_discussed,yes
SID0321,raw_data,partial
SID0321,spectra_shared,no
SID0322,blanks_procedural,yes
SID0322,blanks_field,no
SID0322,blanks_air,no
SID0322,blanks_instrument,no
SID0322,blank_correction,subtraction
SID0322,blank_contribution,quantified
SID0322,ctrl_cotton,yes
SID0322,ctrl_glass,yes
SID0322,lab_environment,laminar
SID0322,recovery_tested,yes
SID0322,matrix_matched,yes
SID0322,recovery_correction,no
SID0322,lod_reported,nr
SID0322,loq_reported,nr
SID0322,crm_used,no
SID0322,orthogonal_method,no
SID0322,false_positive_discussed,yes
SID0322,raw_data,partial
SID0322,spectra_shared,image
SID0323,blanks_procedural,no
SID0323,blanks_field,no
SID0323,blanks_air,no
SID0323,blanks_instrument,no
SID0323,blank_correction,threshold
SID0323,blank_contribution,qualitative
SID0323,ctrl_cotton,yes
SID0323,ctrl_glass,yes
SID0323,lab_environment,cleanroom
SID0323,recovery_tested,no
SID0323,matrix_matched,nr
SID0323,recovery_correction,no
SID0323,lod_reported,nr
SID0323,loq_reported,nr
SID0323,crm_used,no
SID0323,orthogonal_method,no
SID0323,false_positive_discussed,no
SID0323,raw_data,partial
SID0323,spectra_shared,no
SID0324,blanks_procedural,yes
SID0324,blanks_field,no
SID0324,blanks_air,no
SID0324,blanks_instrument,no
SID0324,blank_correction,subtraction
SID0324,blank_contribution,quantified
SID0324,ctrl_cotton,yes
SID0324,ctrl_glass,yes
SID0324,lab_environment,laminar
SID0324,recovery_tested,yes
SID0324,matrix_matched,no
SID0324,recovery_correction,no
SID0324,lod_reported,nr
SID0324,loq_reported,nr
SID0324,crm_used,yes
SID0324,orthogonal_method,no
SID0324,false_positive_discussed,yes
SID0324,raw_data,none
SID0324,spectra_shared,image
SID0325,blanks_procedural,yes
SID0325,blanks_field,yes
SID0325,blanks_air,no
SID0325,blanks_instrument,yes
SID0325,blank_correction,nr
SID0325,blank_contribution,quantified
SID0325,ctrl_cotton,yes
SID0325,ctrl_glass,yes
SID0325,lab_environment,nr
SID0325,recovery_tested,yes
SID0325,matrix_matched,yes
SID0325,recovery_correction,no
SID0325,lod_reported,yes
SID0325,loq_reported,nr
SID0325,crm_used,no
SID0325,orthogonal_method,no
SID0325,false_positive_discussed,yes
SID0325,raw_data,partial
SID0325,spectra_shared,no
SID0326,blanks_procedural,yes
SID0326,blanks_field,no
SID0326,blanks_air,no
SID0326,blanks_instrument,no
SID0326,blank_correction,nr
SID0326,blank_contribution,quantified
SID0326,ctrl_cotton,yes
SID0326,ctrl_glass,yes
SID0326,lab_environment,nr
SID0326,recovery_tested,yes
SID0326,matrix_matched,nr
SID0326,recovery_correction,nr
SID0326,lod_reported,yes
SID0326,loq_reported,nr
SID0326,crm_used,no
SID0326,orthogonal_method,nr
SID0326,false_positive_discussed,yes
SID0326,raw_data,partial
SID0326,spectra_shared,nr
SID0327,blanks_procedural,yes
SID0327,blanks_field,no
SID0327,blanks_air,no
SID0327,blanks_instrument,yes
SID0327,blank_correction,nr
SID0327,blank_contribution,nr
SID0327,ctrl_cotton,yes
SID0327,ctrl_glass,yes
SID0327,lab_environment,cleanroom
SID0327,recovery_tested,yes
SID0327,matrix_matched,nr
SID0327,recovery_correction,nr
SID0327,lod_reported,yes
SID0327,loq_reported,nr
SID0327,crm_used,no
SID0327,orthogonal_method,nr
SID0327,false_positive_discussed,nr
SID0327,raw_data,full
SID0327,spectra_shared,nr
SID0328,blanks_procedural,yes
SID0328,blanks_field,no
SID0328,blanks_air,no
SID0328,blanks_instrument,no
SID0328,blank_correction,subtraction
SID0328,blank_contribution,quantified
SID0328,ctrl_cotton,yes
SID0328,ctrl_glass,yes
SID0328,lab_environment,standard
SID0328,recovery_tested,yes
SID0328,matrix_matched,nr
SID0328,recovery_correction,nr
SID0328,lod_reported,nr
SID0328,loq_reported,nr
SID0328,crm_used,no
SID0328,orthogonal_method,nr
SID0328,false_positive_discussed,nr
SID0328,raw_data,partial
SID0328,spectra_shared,nr
SID0329,blanks_procedural,yes
SID0329,blanks_field,no
SID0329,blanks_air,no
SID0329,blanks_instrument,no
SID0329,blank_correction,nr
SID0329,blank_contribution,nr
SID0329,ctrl_cotton,yes
SID0329,ctrl_glass,yes
SID0329,lab_environment,standard
SID0329,recovery_tested,yes
SID0329,matrix_matched,yes
SID0329,recovery_correction,nr
SID0329,lod_reported,nr
SID0329,loq_reported,nr
SID0329,crm_used,no
SID0329,orthogonal_method,nr
SID0329,false_positive_discussed,nr
SID0329,raw_data,none
SID0329,spectra_shared,nr
SID0330,blanks_procedural,yes
SID0330,blanks_field,no
SID0330,blanks_air,no
SID0330,blanks_instrument,yes
SID0330,blank_correction,nr
SID0330,blank_contribution,nr
SID0330,ctrl_cotton,yes
SID0330,ctrl_glass,yes
SID0330,lab_environment,nr
SID0330,recovery_tested,yes
SID0330,matrix_matched,yes
SID0330,recovery_correction,nr
SID0330,lod_reported,yes
SID0330,loq_reported,yes
SID0330,crm_used,no
SID0330,orthogonal_method,nr
SID0330,false_positive_discussed,nr
SID0330,raw_data,full
SID0330,spectra_shared,nr
SID0331,blanks_procedural,yes
SID0331,blanks_field,yes
SID0331,blanks_air,no
SID0331,blanks_instrument,no
SID0331,blank_correction,none
SID0331,blank_contribution,qualitative
SID0331,ctrl_cotton,no
SID0331,ctrl_glass,no
SID0331,lab_environment,nr
SID0331,recovery_tested,no
SID0331,matrix_matched,yes
SID0331,recovery_correction,no
SID0331,lod_reported,yes
SID0331,loq_reported,nr
SID0331,crm_used,no
SID0331,orthogonal_method,yes
SID0331,false_positive_discussed,yes
SID0331,raw_data,partial
SID0331,spectra_shared,no
SID0332,blanks_procedural,yes
SID0332,blanks_field,yes
SID0332,blanks_air,no
SID0332,blanks_instrument,no
SID0332,blank_correction,nr
SID0332,blank_contribution,qualitative
SID0332,ctrl_cotton,no
SID0332,ctrl_glass,yes
SID0332,lab_environment,nr
SID0332,recovery_tested,yes
SID0332,matrix_matched,yes
SID0332,recovery_correction,no
SID0332,lod_reported,yes
SID0332,loq_reported,nr
SID0332,crm_used,no
SID0332,orthogonal_method,yes
SID0332,false_positive_discussed,no
SID0332,raw_data,partial
SID0332,spectra_shared,no
SID0333,blanks_procedural,yes
SID0333,blanks_field,no
SID0333,blanks_air,no
SID0333,blanks_instrument,no
SID0333,blank_correction,subtraction
SID0333,blank_contribution,quantified
SID0333,ctrl_cotton,yes
SID0333,ctrl_glass,yes
SID0333,lab_environment,laminar
SID0333,recovery_tested,yes
SID0333,matrix_matched,yes
SID0333,recovery_correction,no
SID0333,lod_reported,nr
SID0333,loq_reported,nr
SID0333,crm_used,no
SID0333,orthogonal_method,yes
SID0333,false_positive_discussed,no
SID0333,raw_data,partial
SID0333,spectra_shared,no
SID0334,blanks_procedural,yes
SID0334,blanks_field,no
SID0334,blanks_air,no
SID0334,blanks_instrument,no
SID0334,blank_correction,subtraction
SID0334,blank_contribution,quantified
SID0334,ctrl_cotton,yes
SID0334,ctrl_glass,yes
SID0334,lab_environment,laminar
SID0334,recovery_tested,no
SID0334,matrix_matched,nr
SID0334,recovery_correction,no
SID0334,lod_reported,nr
SID0334,loq_reported,nr
SID0334,crm_used,no
SID0334,orthogonal_method,yes
SID0334,false_positive_discussed,no
SID0334,raw_data,partial
SID0334,spectra_shared,no
SID0335,blanks_procedural,yes
SID0335,blanks_field,no
SID0335,blanks_air,no
SID0335,blanks_instrument,no
SID0335,blank_correction,nr
SID0335,blank_contribution,qualitative
SID0335,ctrl_cotton,yes
SID0335,ctrl_glass,yes
SID0335,lab_environment,nr
SID0335,recovery_tested,no
SID0335,matrix_matched,nr
SID0335,recovery_correction,no
SID0335,lod_reported,nr
SID0335,loq_reported,nr
SID0335,crm_used,no
SID0335,orthogonal_method,no
SID0335,false_positive_discussed,yes
SID0335,raw_data,partial
SID0335,spectra_shared,no
SID0336,blanks_procedural,yes
SID0336,blanks_field,yes
SID0336,blanks_air,no
SID0336,blanks_instrument,no
SID0336,blank_correction,nr
SID0336,blank_contribution,nr
SID0336,ctrl_cotton,yes
SID0336,ctrl_glass,yes
SID0336,lab_environment,laminar
SID0336,recovery_tested,no
SID0336,matrix_matched,nr
SID0336,recovery_correction,no
SID0336,lod_reported,nr
SID0336,loq_reported,nr
SID0336,crm_used,no
SID0336,orthogonal_method,yes
SID0336,false_positive_discussed,yes
SID0336,raw_data,partial
SID0336,spectra_shared,nr
SID0337,blanks_procedural,yes
SID0337,blanks_field,yes
SID0337,blanks_air,yes
SID0337,blanks_instrument,yes
SID0337,blank_correction,nr
SID0337,blank_contribution,quantified
SID0337,ctrl_cotton,yes
SID0337,ctrl_glass,yes
SID0337,lab_environment,standard
SID0337,recovery_tested,yes
SID0337,matrix_matched,nr
SID0337,recovery_correction,no
SID0337,lod_reported,yes
SID0337,loq_reported,nr
SID0337,crm_used,no
SID0337,orthogonal_method,no
SID0337,false_positive_discussed,yes
SID0337,raw_data,full
SID0337,spectra_shared,nr
SID0338,blanks_procedural,yes
SID0338,blanks_field,no
SID0338,blanks_air,no
SID0338,blanks_instrument,no
SID0338,blank_correction,subtraction
SID0338,blank_contribution,quantified
SID0338,ctrl_cotton,yes
SID0338,ctrl_glass,yes
SID0338,lab_environment,standard
SID0338,recovery_tested,yes
SID0338,matrix_matched,no
SID0338,recovery_correction,no
SID0338,lod_reported,nr
SID0338,loq_reported,nr
SID0338,crm_used,no
SID0338,orthogonal_method,no
SID0338,false_positive_discussed,no
SID0338,raw_data,none
SID0338,spectra_shared,nr
SID0339,blanks_procedural,yes
SID0339,blanks_field,no
SID0339,blanks_air,no
SID0339,blanks_instrument,yes
SID0339,blank_correction,subtraction
SID0339,blank_contribution,quantified
SID0339,ctrl_cotton,yes
SID0339,ctrl_glass,yes
SID0339,lab_environment,standard
SID0339,recovery_tested,yes
SID0339,matrix_matched,yes
SID0339,recovery_correction,no
SID0339,lod_reported,yes
SID0339,loq_reported,yes
SID0339,crm_used,no
SID0339,orthogonal_method,yes
SID0339,false_positive_discussed,yes
SID0339,raw_data,partial
SID0339,spectra_shared,nr
SID0340,blanks_procedural,no
SID0340,blanks_field,no
SID0340,blanks_air,no
SID0340,blanks_instrument,yes
SID0340,blank_correction,nr
SID0340,blank_contribution,qualitative
SID0340,ctrl_cotton,no
SID0340,ctrl_glass,yes
SID0340,lab_environment,nr
SID0340,recovery_tested,yes
SID0340,matrix_matched,yes
SID0340,recovery_correction,nr
SID0340,lod_reported,yes
SID0340,loq_reported,yes
SID0340,crm_used,no
SID0340,orthogonal_method,yes
SID0340,false_positive_discussed,yes
SID0340,raw_data,partial
SID0340,spectra_shared,nr
SID0341,blanks_procedural,nr
SID0341,blanks_field,nr
SID0341,blanks_air,nr
SID0341,blanks_instrument,nr
SID0341,blank_correction,nr
SID0341,blank_contribution,nr
SID0341,ctrl_cotton,nr
SID0341,ctrl_glass,nr
SID0341,lab_environment,nr
SID0341,recovery_tested,yes
SID0341,matrix_matched,yes
SID0341,recovery_correction,nr
SID0341,lod_reported,nr
SID0341,loq_reported,yes
SID0341,crm_used,nr
SID0341,orthogonal_method,no
SID0341,false_positive_discussed,yes
SID0341,raw_data,full
SID0341,spectra_shared,nr
SID0342,blanks_procedural,no
SID0342,blanks_field,no
SID0342,blanks_air,no
SID0342,blanks_instrument,no
SID0342,blank_correction,nr
SID0342,blank_contribution,nr
SID0342,ctrl_cotton,nr
SID0342,ctrl_glass,nr
SID0342,lab_environment,nr
SID0342,recovery_tested,yes
SID0342,matrix_matched,yes
SID0342,recovery_correction,nr
SID0342,lod_reported,nr
SID0342,loq_reported,nr
SID0342,crm_used,nr
SID0342,orthogonal_method,no
SID0342,false_positive_discussed,nr
SID0342,raw_data,full
SID0342,spectra_shared,nr
SID0343,blanks_procedural,yes
SID0343,blanks_field,yes
SID0343,blanks_air,no
SID0343,blanks_instrument,no
SID0343,blank_correction,nr
SID0343,blank_contribution,nr
SID0343,ctrl_cotton,yes
SID0343,ctrl_glass,yes
SID0343,lab_environment,standard
SID0343,recovery_tested,no
SID0343,matrix_matched,nr
SID0343,recovery_correction,nr
SID0343,lod_reported,yes
SID0343,loq_reported,nr
SID0343,crm_used,nr
SID0343,orthogonal_method,yes
SID0343,false_positive_discussed,yes
SID0343,raw_data,partial
SID0343,spectra_shared,nr
SID0344,blanks_procedural,yes
SID0344,blanks_field,no
SID0344,blanks_air,no
SID0344,blanks_instrument,no
SID0344,blank_correction,nr
SID0344,blank_contribution,nr
SID0344,ctrl_cotton,yes
SID0344,ctrl_glass,yes
SID0344,lab_environment,laminar
SID0344,recovery_tested,no
SID0344,matrix_matched,nr
SID0344,recovery_correction,nr
SID0344,lod_reported,yes
SID0344,loq_reported,yes
SID0344,crm_used,nr
SID0344,orthogonal_method,no
SID0344,false_positive_discussed,nr
SID0344,raw_data,full
SID0344,spectra_shared,nr
SID0345,blanks_procedural,yes
SID0345,blanks_field,no
SID0345,blanks_air,no
SID0345,blanks_instrument,no
SID0345,blank_correction,nr
SID0345,blank_contribution,nr
SID0345,ctrl_cotton,no
SID0345,ctrl_glass,yes
SID0345,lab_environment,nr
SID0345,recovery_tested,yes
SID0345,matrix_matched,yes
SID0345,recovery_correction,nr
SID0345,lod_reported,nr
SID0345,loq_reported,nr
SID0345,crm_used,nr
SID0345,orthogonal_method,yes
SID0345,false_positive_discussed,yes
SID0345,raw_data,partial
SID0345,spectra_shared,nr
SID0346,blanks_procedural,yes
SID0346,blanks_field,no
SID0346,blanks_air,no
SID0346,blanks_instrument,no
SID0346,blank_correction,subtraction
SID0346,blank_contribution,quantified
SID0346,ctrl_cotton,no
SID0346,ctrl_glass,yes
SID0346,lab_environment,laminar
SID0346,recovery_tested,yes
SID0346,matrix_matched,yes
SID0346,recovery_correction,no
SID0346,lod_reported,nr
SID0346,loq_reported,nr
SID0346,crm_used,no
SID0346,orthogonal_method,yes
SID0346,false_positive_discussed,nr
SID0346,raw_data,partial
SID0346,spectra_shared,nr
SID0347,blanks_procedural,yes
SID0347,blanks_field,yes
SID0347,blanks_air,yes
SID0347,blanks_instrument,yes
SID0347,blank_correction,subtraction
SID0347,blank_contribution,nr
SID0347,ctrl_cotton,no
SID0347,ctrl_glass,yes
SID0347,lab_environment,nr
SID0347,recovery_tested,yes
SID0347,matrix_matched,no
SID0347,recovery_correction,no
SID0347,lod_reported,nr
SID0347,loq_reported,nr
SID0347,crm_used,no
SID0347,orthogonal_method,yes
SID0347,false_positive_discussed,yes
SID0347,raw_data,none
SID0347,spectra_shared,no
SID0349,blanks_procedural,yes
SID0349,blanks_field,no
SID0349,blanks_air,no
SID0349,blanks_instrument,no
SID0349,blank_correction,subtraction
SID0349,blank_contribution,quantified
SID0349,ctrl_cotton,yes
SID0349,ctrl_glass,yes
SID0349,lab_environment,nr
SID0349,recovery_tested,no
SID0349,matrix_matched,nr
SID0349,recovery_correction,nr
SID0349,lod_reported,nr
SID0349,loq_reported,nr
SID0349,crm_used,no
SID0349,orthogonal_method,no
SID0349,false_positive_discussed,no
SID0349,raw_data,none
SID0349,spectra_shared,no
SID0350,blanks_procedural,no
SID0350,blanks_field,no
SID0350,blanks_air,no
SID0350,blanks_instrument,yes
SID0350,blank_correction,nr
SID0350,blank_contribution,nr
SID0350,ctrl_cotton,yes
SID0350,ctrl_glass,yes
SID0350,lab_environment,nr
SID0350,recovery_tested,yes
SID0350,matrix_matched,nr
SID0350,recovery_correction,nr
SID0350,lod_reported,yes
SID0350,loq_reported,nr
SID0350,crm_used,no
SID0350,orthogonal_method,yes
SID0350,false_positive_discussed,nr
SID0350,raw_data,partial
SID0350,spectra_shared,no
SID0351,blanks_procedural,yes
SID0351,blanks_field,no
SID0351,blanks_air,yes
SID0351,blanks_instrument,no
SID0351,blank_correction,nr
SID0351,blank_contribution,quantified
SID0351,ctrl_cotton,yes
SID0351,ctrl_glass,yes
SID0351,lab_environment,laminar
SID0351,recovery_tested,no
SID0351,matrix_matched,nr
SID0351,recovery_correction,nr
SID0351,lod_reported,nr
SID0351,loq_reported,nr
SID0351,crm_used,no
SID0351,orthogonal_method,yes
SID0351,false_positive_discussed,yes
SID0351,raw_data,partial
SID0351,spectra_shared,no
SID0352,blanks_procedural,yes
SID0352,blanks_field,no
SID0352,blanks_air,no
SID0352,blanks_instrument,no
SID0352,blank_correction,subtraction
SID0352,blank_contribution,quantified
SID0352,ctrl_cotton,yes
SID0352,ctrl_glass,yes
SID0352,lab_environment,laminar
SID0352,recovery_tested,yes
SID0352,matrix_matched,nr
SID0352,recovery_correction,nr
SID0352,lod_reported,nr
SID0352,loq_reported,nr
SID0352,crm_used,no
SID0352,orthogonal_method,yes
SID0352,false_positive_discussed,yes
SID0352,raw_data,full
SID0352,spectra_shared,no
SID0353,blanks_procedural,no
SID0353,blanks_field,no
SID0353,blanks_air,yes
SID0353,blanks_instrument,no
SID0353,blank_correction,subtraction
SID0353,blank_contribution,qualitative
SID0353,ctrl_cotton,yes
SID0353,ctrl_glass,yes
SID0353,lab_environment,laminar
SID0353,recovery_tested,no
SID0353,matrix_matched,nr
SID0353,recovery_correction,nr
SID0353,lod_reported,nr
SID0353,loq_reported,nr
SID0353,crm_used,no
SID0353,orthogonal_method,no
SID0353,false_positive_discussed,yes
SID0353,raw_data,partial
SID0353,spectra_shared,image
SID0354,blanks_procedural,nr
SID0354,blanks_field,nr
SID0354,blanks_air,nr
SID0354,blanks_instrument,nr
SID0354,blank_correction,none
SID0354,blank_contribution,no
SID0354,ctrl_cotton,nr
SID0354,ctrl_glass,nr
SID0354,lab_environment,nr
SID0354,recovery_tested,no
SID0354,matrix_matched,nr
SID0354,recovery_correction,nr
SID0354,lod_reported,nr
SID0354,loq_reported,nr
SID0354,crm_used,no
SID0354,orthogonal_method,yes
SID0354,false_positive_discussed,yes
SID0354,raw_data,full
SID0354,spectra_shared,reusable
SID0355,blanks_procedural,yes
SID0355,blanks_field,no
SID0355,blanks_air,no
SID0355,blanks_instrument,yes
SID0355,blank_correction,subtraction
SID0355,blank_contribution,quantified
SID0355,ctrl_cotton,no
SID0355,ctrl_glass,yes
SID0355,lab_environment,nr
SID0355,recovery_tested,yes
SID0355,matrix_matched,no
SID0355,recovery_correction,no
SID0355,lod_reported,nr
SID0355,loq_reported,nr
SID0355,crm_used,no
SID0355,orthogonal_method,yes
SID0355,false_positive_discussed,no
SID0355,raw_data,partial
SID0355,spectra_shared,no
SID0356,blanks_procedural,yes
SID0356,blanks_field,yes
SID0356,blanks_air,no
SID0356,blanks_instrument,no
SID0356,blank_correction,nr
SID0356,blank_contribution,qualitative
SID0356,ctrl_cotton,no
SID0356,ctrl_glass,yes
SID0356,lab_environment,laminar
SID0356,recovery_tested,no
SID0356,matrix_matched,nr
SID0356,recovery_correction,nr
SID0356,lod_reported,nr
SID0356,loq_reported,nr
SID0356,crm_used,no
SID0356,orthogonal_method,no
SID0356,false_positive_discussed,yes
SID0356,raw_data,none
SID0356,spectra_shared,no
SID0357,blanks_procedural,yes
SID0357,blanks_field,yes
SID0357,blanks_air,yes
SID0357,blanks_instrument,no
SID0357,blank_correction,nr
SID0357,blank_contribution,qualitative
SID0357,ctrl_cotton,yes
SID0357,ctrl_glass,yes
SID0357,lab_environment,standard
SID0357,recovery_tested,no
SID0357,matrix_matched,nr
SID0357,recovery_correction,nr
SID0357,lod_reported,nr
SID0357,loq_reported,nr
SID0357,crm_used,no
SID0357,orthogonal_method,yes
SID0357,false_positive_discussed,no
SID0357,raw_data,partial
SID0357,spectra_shared,no
SID0358,blanks_procedural,yes
SID0358,blanks_field,no
SID0358,blanks_air,no
SID0358,blanks_instrument,no
SID0358,blank_correction,nr
SID0358,blank_contribution,nr
SID0358,ctrl_cotton,no
SID0358,ctrl_glass,yes
SID0358,lab_environment,nr
SID0358,recovery_tested,yes
SID0358,matrix_matched,no
SID0358,recovery_correction,nr
SID0358,lod_reported,nr
SID0358,loq_reported,nr
SID0358,crm_used,no
SID0358,orthogonal_method,no
SID0358,false_positive_discussed,nr
SID0358,raw_data,partial
SID0358,spectra_shared,nr
SID0359,blanks_procedural,yes
SID0359,blanks_field,no
SID0359,blanks_air,no
SID0359,blanks_instrument,no
SID0359,blank_correction,nr
SID0359,blank_contribution,nr
SID0359,ctrl_cotton,no
SID0359,ctrl_glass,no
SID0359,lab_environment,nr
SID0359,recovery_tested,no
SID0359,matrix_matched,nr
SID0359,recovery_correction,nr
SID0359,lod_reported,nr
SID0359,loq_reported,nr
SID0359,crm_used,nr
SID0359,orthogonal_method,yes
SID0359,false_positive_discussed,nr
SID0359,raw_data,partial
SID0359,spectra_shared,nr
SID0360,blanks_procedural,yes
SID0360,blanks_field,no
SID0360,blanks_air,yes
SID0360,blanks_instrument,no
SID0360,blank_correction,subtraction
SID0360,blank_contribution,qualitative
SID0360,ctrl_cotton,yes
SID0360,ctrl_glass,yes
SID0360,lab_environment,nr
SID0360,recovery_tested,no
SID0360,matrix_matched,nr
SID0360,recovery_correction,nr
SID0360,lod_reported,nr
SID0360,loq_reported,nr
SID0360,crm_used,no
SID0360,orthogonal_method,no
SID0360,false_positive_discussed,nr
SID0360,raw_data,none
SID0360,spectra_shared,nr
SID0361,blanks_procedural,yes
SID0361,blanks_field,no
SID0361,blanks_air,no
SID0361,blanks_instrument,no
SID0361,blank_correction,subtraction
SID0361,blank_contribution,quantified
SID0361,ctrl_cotton,yes
SID0361,ctrl_glass,yes
SID0361,lab_environment,standard
SID0361,recovery_tested,no
SID0361,matrix_matched,nr
SID0361,recovery_correction,nr
SID0361,lod_reported,yes
SID0361,loq_reported,yes
SID0361,crm_used,no
SID0361,orthogonal_method,no
SID0361,false_positive_discussed,nr
SID0361,raw_data,partial
SID0361,spectra_shared,nr
SID0362,blanks_procedural,yes
SID0362,blanks_field,no
SID0362,blanks_air,no
SID0362,blanks_instrument,yes
SID0362,blank_correction,threshold
SID0362,blank_contribution,nr
SID0362,ctrl_cotton,yes
SID0362,ctrl_glass,yes
SID0362,lab_environment,nr
SID0362,recovery_tested,no
SID0362,matrix_matched,nr
SID0362,recovery_correction,nr
SID0362,lod_reported,nr
SID0362,loq_reported,nr
SID0362,crm_used,no
SID0362,orthogonal_method,yes
SID0362,false_positive_discussed,yes
SID0362,raw_data,partial
SID0362,spectra_shared,nr
SID0363,blanks_procedural,yes
SID0363,blanks_field,no
SID0363,blanks_air,no
SID0363,blanks_instrument,no
SID0363,blank_correction,nr
SID0363,blank_contribution,nr
SID0363,ctrl_cotton,no
SID0363,ctrl_glass,yes
SID0363,lab_environment,nr
SID0363,recovery_tested,no
SID0363,matrix_matched,nr
SID0363,recovery_correction,nr
SID0363,lod_reported,nr
SID0363,loq_reported,nr
SID0363,crm_used,nr
SID0363,orthogonal_method,yes
SID0363,false_positive_discussed,nr
SID0363,raw_data,nr
SID0363,spectra_shared,nr
SID0364,blanks_procedural,yes
SID0364,blanks_field,no
SID0364,blanks_air,no
SID0364,blanks_instrument,no
SID0364,blank_correction,nr
SID0364,blank_contribution,nr
SID0364,ctrl_cotton,yes
SID0364,ctrl_glass,yes
SID0364,lab_environment,laminar
SID0364,recovery_tested,no
SID0364,matrix_matched,nr
SID0364,recovery_correction,nr
SID0364,lod_reported,nr
SID0364,loq_reported,nr
SID0364,crm_used,nr
SID0364,orthogonal_method,yes
SID0364,false_positive_discussed,nr
SID0364,raw_data,nr
SID0364,spectra_shared,nr
SID0365,blanks_procedural,yes
SID0365,blanks_field,no
SID0365,blanks_air,no
SID0365,blanks_instrument,no
SID0365,blank_correction,nr
SID0365,blank_contribution,nr
SID0365,ctrl_cotton,yes
SID0365,ctrl_glass,yes
SID0365,lab_environment,nr
SID0365,recovery_tested,no
SID0365,matrix_matched,nr
SID0365,recovery_correction,nr
SID0365,lod_reported,nr
SID0365,loq_reported,nr
SID0365,crm_used,nr
SID0365,orthogonal_method,nr
SID0365,false_positive_discussed,nr
SID0365,raw_data,nr
SID0365,spectra_shared,nr
SID0366,blanks_procedural,yes
SID0366,blanks_field,no
SID0366,blanks_air,no
SID0366,blanks_instrument,no
SID0366,blank_correction,nr
SID0366,blank_contribution,nr
SID0366,ctrl_cotton,yes
SID0366,ctrl_glass,yes
SID0366,lab_environment,nr
SID0366,recovery_tested,no
SID0366,matrix_matched,nr
SID0366,recovery_correction,nr
SID0366,lod_reported,nr
SID0366,loq_reported,nr
SID0366,crm_used,nr
SID0366,orthogonal_method,nr
SID0366,false_positive_discussed,nr
SID0366,raw_data,nr
SID0366,spectra_shared,nr
SID0367,blanks_procedural,nr
SID0367,blanks_field,nr
SID0367,blanks_air,nr
SID0367,blanks_instrument,nr
SID0367,blank_correction,nr
SID0367,blank_contribution,nr
SID0367,ctrl_cotton,nr
SID0367,ctrl_glass,nr
SID0367,lab_environment,nr
SID0367,recovery_tested,no
SID0367,matrix_matched,nr
SID0367,recovery_correction,nr
SID0367,lod_reported,nr
SID0367,loq_reported,nr
SID0367,crm_used,nr
SID0367,orthogonal_method,nr
SID0367,false_positive_discussed,nr
SID0367,raw_data,nr
SID0367,spectra_shared,nr
SID0368,blanks_procedural,yes
SID0368,blanks_field,no
SID0368,blanks_air,no
SID0368,blanks_instrument,no
SID0368,blank_correction,subtraction
SID0368,blank_contribution,quantified
SID0368,ctrl_cotton,no
SID0368,ctrl_glass,no
SID0368,lab_environment,standard
SID0368,recovery_tested,no
SID0368,matrix_matched,nr
SID0368,recovery_correction,nr
SID0368,lod_reported,nr
SID0368,loq_reported,nr
SID0368,crm_used,nr
SID0368,orthogonal_method,nr
SID0368,false_positive_discussed,nr
SID0368,raw_data,nr
SID0368,spectra_shared,nr
SID0369,blanks_procedural,yes
SID0369,blanks_field,no
SID0369,blanks_air,no
SID0369,blanks_instrument,no
SID0369,blank_correction,subtraction
SID0369,blank_contribution,nr
SID0369,ctrl_cotton,yes
SID0369,ctrl_glass,no
SID0369,lab_environment,standard
SID0369,recovery_tested,yes
SID0369,matrix_matched,nr
SID0369,recovery_correction,nr
SID0369,lod_reported,nr
SID0369,loq_reported,nr
SID0369,crm_used,nr
SID0369,orthogonal_method,nr
SID0369,false_positive_discussed,nr
SID0369,raw_data,nr
SID0369,spectra_shared,nr
SID0370,blanks_procedural,yes
SID0370,blanks_field,no
SID0370,blanks_air,no
SID0370,blanks_instrument,yes
SID0370,blank_correction,threshold
SID0370,blank_contribution,nr
SID0370,ctrl_cotton,no
SID0370,ctrl_glass,no
SID0370,lab_environment,nr
SID0370,recovery_tested,yes
SID0370,matrix_matched,nr
SID0370,recovery_correction,nr
SID0370,lod_reported,nr
SID0370,loq_reported,nr
SID0370,crm_used,nr
SID0370,orthogonal_method,nr
SID0370,false_positive_discussed,nr
SID0370,raw_data,nr
SID0370,spectra_shared,nr
SID0371,blanks_procedural,yes
SID0371,blanks_field,yes
SID0371,blanks_air,no
SID0371,blanks_instrument,no
SID0371,blank_correction,subtraction
SID0371,blank_contribution,quantified
SID0371,ctrl_cotton,no
SID0371,ctrl_glass,no
SID0371,lab_environment,cleanroom
SID0371,recovery_tested,no
SID0371,matrix_matched,nr
SID0371,recovery_correction,nr
SID0371,lod_reported,nr
SID0371,loq_reported,yes
SID0371,crm_used,nr
SID0371,orthogonal_method,nr
SID0371,false_positive_discussed,yes
SID0371,raw_data,nr
SID0371,spectra_shared,nr
SID0372,blanks_procedural,yes
SID0372,blanks_field,no
SID0372,blanks_air,no
SID0372,blanks_instrument,no
SID0372,blank_correction,subtraction
SID0372,blank_contribution,quantified
SID0372,ctrl_cotton,no
SID0372,ctrl_glass,no
SID0372,lab_environment,nr
SID0372,recovery_tested,no
SID0372,matrix_matched,nr
SID0372,recovery_correction,nr
SID0372,lod_reported,yes
SID0372,loq_reported,yes
SID0372,crm_used,no
SID0372,orthogonal_method,nr
SID0372,false_positive_discussed,yes
SID0372,raw_data,nr
SID0372,spectra_shared,nr
SID0373,blanks_procedural,yes
SID0373,blanks_field,no
SID0373,blanks_air,no
SID0373,blanks_instrument,no
SID0373,blank_correction,subtraction
SID0373,blank_contribution,nr
SID0373,ctrl_cotton,yes
SID0373,ctrl_glass,no
SID0373,lab_environment,standard
SID0373,recovery_tested,yes
SID0373,matrix_matched,nr
SID0373,recovery_correction,nr
SID0373,lod_reported,nr
SID0373,loq_reported,nr
SID0373,crm_used,nr
SID0373,orthogonal_method,nr
SID0373,false_positive_discussed,nr
SID0373,raw_data,nr
SID0373,spectra_shared,nr
SID0374,blanks_procedural,yes
SID0374,blanks_field,no
SID0374,blanks_air,no
SID0374,blanks_instrument,no
SID0374,blank_correction,none
SID0374,blank_contribution,nr
SID0374,ctrl_cotton,yes
SID0374,ctrl_glass,no
SID0374,lab_environment,laminar
SID0374,recovery_tested,no
SID0374,matrix_matched,nr
SID0374,recovery_correction,nr
SID0374,lod_reported,nr
SID0374,loq_reported,nr
SID0374,crm_used,no
SID0374,orthogonal_method,nr
SID0374,false_positive_discussed,yes
SID0374,raw_data,none
SID0374,spectra_shared,nr
SID0375,blanks_procedural,nr
SID0375,blanks_field,nr
SID0375,blanks_air,nr
SID0375,blanks_instrument,nr
SID0375,blank_correction,nr
SID0375,blank_contribution,nr
SID0375,ctrl_cotton,nr
SID0375,ctrl_glass,nr
SID0375,lab_environment,nr
SID0375,recovery_tested,no
SID0375,matrix_matched,nr
SID0375,recovery_correction,nr
SID0375,lod_reported,nr
SID0375,loq_reported,nr
SID0375,crm_used,nr
SID0375,orthogonal_method,nr
SID0375,false_positive_discussed,nr
SID0375,raw_data,partial
SID0375,spectra_shared,nr
SID0376,blanks_procedural,no
SID0376,blanks_field,no
SID0376,blanks_air,no
SID0376,blanks_instrument,no
SID0376,blank_correction,none
SID0376,blank_contribution,nr
SID0376,ctrl_cotton,yes
SID0376,ctrl_glass,no
SID0376,lab_environment,standard
SID0376,recovery_tested,no
SID0376,matrix_matched,nr
SID0376,recovery_correction,no
SID0376,lod_reported,nr
SID0376,loq_reported,nr
SID0376,crm_used,no
SID0376,orthogonal_method,nr
SID0376,false_positive_discussed,yes
SID0376,raw_data,none
SID0376,spectra_shared,nr
SID0377,blanks_procedural,yes
SID0377,blanks_field,no
SID0377,blanks_air,no
SID0377,blanks_instrument,no
SID0377,blank_correction,threshold
SID0377,blank_contribution,quantified
SID0377,ctrl_cotton,yes
SID0377,ctrl_glass,yes
SID0377,lab_environment,standard
SID0377,recovery_tested,no
SID0377,matrix_matched,nr
SID0377,recovery_correction,nr
SID0377,lod_reported,nr
SID0377,loq_reported,nr
SID0377,crm_used,no
SID0377,orthogonal_method,nr
SID0377,false_positive_discussed,yes
SID0377,raw_data,none
SID0377,spectra_shared,nr
SID0378,blanks_procedural,yes
SID0378,blanks_field,no
SID0378,blanks_air,no
SID0378,blanks_instrument,no
SID0378,blank_correction,nr
SID0378,blank_contribution,nr
SID0378,ctrl_cotton,yes
SID0378,ctrl_glass,no
SID0378,lab_environment,cleanroom
SID0378,recovery_tested,no
SID0378,matrix_matched,nr
SID0378,recovery_correction,nr
SID0378,lod_reported,nr
SID0378,loq_reported,nr
SID0378,crm_used,no
SID0378,orthogonal_method,nr
SID0378,false_positive_discussed,no
SID0378,raw_data,none
SID0378,spectra_shared,nr
SID0379,blanks_procedural,yes
SID0379,blanks_field,no
SID0379,blanks_air,no
SID0379,blanks_instrument,no
SID0379,blank_correction,subtraction
SID0379,blank_contribution,nr
SID0379,ctrl_cotton,nr
SID0379,ctrl_glass,nr
SID0379,lab_environment,nr
SID0379,recovery_tested,no
SID0379,matrix_matched,nr
SID0379,recovery_correction,nr
SID0379,lod_reported,nr
SID0379,loq_reported,nr
SID0379,crm_used,no
SID0379,orthogonal_method,nr
SID0379,false_positive_discussed,nr
SID0379,raw_data,full
SID0379,spectra_shared,nr
SID0380,blanks_procedural,yes
SID0380,blanks_field,no
SID0380,blanks_air,no
SID0380,blanks_instrument,no
SID0380,blank_correction,nr
SID0380,blank_contribution,qualitative
SID0380,ctrl_cotton,no
SID0380,ctrl_glass,yes
SID0380,lab_environment,nr
SID0380,recovery_tested,no
SID0380,matrix_matched,nr
SID0380,recovery_correction,nr
SID0380,lod_reported,nr
SID0380,loq_reported,nr
SID0380,crm_used,nr
SID0380,orthogonal_method,nr
SID0380,false_positive_discussed,nr
SID0380,raw_data,none
SID0380,spectra_shared,no
SID0381,blanks_procedural,yes
SID0381,blanks_field,no
SID0381,blanks_air,no
SID0381,blanks_instrument,no
SID0381,blank_correction,subtraction
SID0381,blank_contribution,quantified
SID0381,ctrl_cotton,no
SID0381,ctrl_glass,yes
SID0381,lab_environment,laminar
SID0381,recovery_tested,no
SID0381,matrix_matched,nr
SID0381,recovery_correction,nr
SID0381,lod_reported,nr
SID0381,loq_reported,nr
SID0381,crm_used,nr
SID0381,orthogonal_method,nr
SID0381,false_positive_discussed,nr
SID0381,raw_data,none
SID0381,spectra_shared,no
SID0382,blanks_procedural,nr
SID0382,blanks_field,nr
SID0382,blanks_air,nr
SID0382,blanks_instrument,nr
SID0382,blank_correction,nr
SID0382,blank_contribution,nr
SID0382,ctrl_cotton,nr
SID0382,ctrl_glass,nr
SID0382,lab_environment,nr
SID0382,recovery_tested,no
SID0382,matrix_matched,nr
SID0382,recovery_correction,nr
SID0382,lod_reported,nr
SID0382,loq_reported,nr
SID0382,crm_used,nr
SID0382,orthogonal_method,nr
SID0382,false_positive_discussed,nr
SID0382,raw_data,none
SID0382,spectra_shared,no
SID0383,blanks_procedural,nr
SID0383,blanks_field,nr
SID0383,blanks_air,nr
SID0383,blanks_instrument,nr
SID0383,blank_correction,nr
SID0383,blank_contribution,nr
SID0383,ctrl_cotton,yes
SID0383,ctrl_glass,no
SID0383,lab_environment,nr
SID0383,recovery_tested,no
SID0383,matrix_matched,nr
SID0383,recovery_correction,nr
SID0383,lod_reported,nr
SID0383,loq_reported,nr
SID0383,crm_used,nr
SID0383,orthogonal_method,nr
SID0383,false_positive_discussed,nr
SID0383,raw_data,none
SID0383,spectra_shared,no
SID0384,blanks_procedural,yes
SID0384,blanks_field,no
SID0384,blanks_air,no
SID0384,blanks_instrument,no
SID0384,blank_correction,nr
SID0384,blank_contribution,qualitative
SID0384,ctrl_cotton,no
SID0384,ctrl_glass,no
SID0384,lab_environment,nr
SID0384,recovery_tested,no
SID0384,matrix_matched,nr
SID0384,recovery_correction,nr
SID0384,lod_reported,nr
SID0384,loq_reported,nr
SID0384,crm_used,nr
SID0384,orthogonal_method,nr
SID0384,false_positive_discussed,nr
SID0384,raw_data,none
SID0384,spectra_shared,no
SID0385,blanks_procedural,yes
SID0385,blanks_field,no
SID0385,blanks_air,no
SID0385,blanks_instrument,no
SID0385,blank_correction,nr
SID0385,blank_contribution,qualitative
SID0385,ctrl_cotton,no
SID0385,ctrl_glass,yes
SID0385,lab_environment,nr
SID0385,recovery_tested,no
SID0385,matrix_matched,nr
SID0385,recovery_correction,nr
SID0385,lod_reported,nr
SID0385,loq_reported,nr
SID0385,crm_used,no
SID0385,orthogonal_method,no
SID0385,false_positive_discussed,yes
SID0385,raw_data,full
SID0385,spectra_shared,image
SID0386,blanks_procedural,nr
SID0386,blanks_field,nr
SID0386,blanks_air,nr
SID0386,blanks_instrument,nr
SID0386,blank_correction,nr
SID0386,blank_contribution,nr
SID0386,ctrl_cotton,nr
SID0386,ctrl_glass,nr
SID0386,lab_environment,nr
SID0386,recovery_tested,no
SID0386,matrix_matched,nr
SID0386,recovery_correction,nr
SID0386,lod_reported,nr
SID0386,loq_reported,nr
SID0386,crm_used,nr
SID0386,orthogonal_method,yes
SID0386,false_positive_discussed,nr
SID0386,raw_data,partial
SID0386,spectra_shared,no
SID0387,blanks_procedural,yes
SID0387,blanks_field,no
SID0387,blanks_air,no
SID0387,blanks_instrument,no
SID0387,blank_correction,nr
SID0387,blank_contribution,nr
SID0387,ctrl_cotton,yes
SID0387,ctrl_glass,no
SID0387,lab_environment,cleanroom
SID0387,recovery_tested,no
SID0387,matrix_matched,nr
SID0387,recovery_correction,nr
SID0387,lod_reported,nr
SID0387,loq_reported,nr
SID0387,crm_used,nr
SID0387,orthogonal_method,yes
SID0387,false_positive_discussed,yes
SID0387,raw_data,partial
SID0387,spectra_shared,no
SID0388,blanks_procedural,yes
SID0388,blanks_field,no
SID0388,blanks_air,no
SID0388,blanks_instrument,no
SID0388,blank_correction,nr
SID0388,blank_contribution,qualitative
SID0388,ctrl_cotton,yes
SID0388,ctrl_glass,yes
SID0388,lab_environment,standard
SID0388,recovery_tested,no
SID0388,matrix_matched,nr
SID0388,recovery_correction,nr
SID0388,lod_reported,nr
SID0388,loq_reported,nr
SID0388,crm_used,nr
SID0388,orthogonal_method,no
SID0388,false_positive_discussed,nr
SID0388,raw_data,partial
SID0388,spectra_shared,no
SID0389,blanks_procedural,yes
SID0389,blanks_field,no
SID0389,blanks_air,no
SID0389,blanks_instrument,no
SID0389,blank_correction,nr
SID0389,blank_contribution,nr
SID0389,ctrl_cotton,yes
SID0389,ctrl_glass,yes
SID0389,lab_environment,nr
SID0389,recovery_tested,yes
SID0389,matrix_matched,nr
SID0389,recovery_correction,nr
SID0389,lod_reported,nr
SID0389,loq_reported,nr
SID0389,crm_used,nr
SID0389,orthogonal_method,no
SID0389,false_positive_discussed,nr
SID0389,raw_data,nr
SID0389,spectra_shared,no
SID0390,blanks_procedural,yes
SID0390,blanks_field,no
SID0390,blanks_air,no
SID0390,blanks_instrument,no
SID0390,blank_correction,nr
SID0390,blank_contribution,qualitative
SID0390,ctrl_cotton,no
SID0390,ctrl_glass,no
SID0390,lab_environment,nr
SID0390,recovery_tested,yes
SID0390,matrix_matched,no
SID0390,recovery_correction,nr
SID0390,lod_reported,nr
SID0390,loq_reported,nr
SID0390,crm_used,no
SID0390,orthogonal_method,nr
SID0390,false_positive_discussed,nr
SID0390,raw_data,none
SID0390,spectra_shared,nr
SID0391,blanks_procedural,yes
SID0391,blanks_field,no
SID0391,blanks_air,no
SID0391,blanks_instrument,no
SID0391,blank_correction,nr
SID0391,blank_contribution,nr
SID0391,ctrl_cotton,yes
SID0391,ctrl_glass,no
SID0391,lab_environment,nr
SID0391,recovery_tested,no
SID0391,matrix_matched,nr
SID0391,recovery_correction,nr
SID0391,lod_reported,nr
SID0391,loq_reported,nr
SID0391,crm_used,nr
SID0391,orthogonal_method,nr
SID0391,false_positive_discussed,nr
SID0391,raw_data,none
SID0391,spectra_shared,nr
SID0392,blanks_procedural,yes
SID0392,blanks_field,no
SID0392,blanks_air,no
SID0392,blanks_instrument,no
SID0392,blank_correction,subtraction
SID0392,blank_contribution,quantified
SID0392,ctrl_cotton,yes
SID0392,ctrl_glass,no
SID0392,lab_environment,cleanroom
SID0392,recovery_tested,yes
SID0392,matrix_matched,nr
SID0392,recovery_correction,nr
SID0392,lod_reported,nr
SID0392,loq_reported,nr
SID0392,crm_used,nr
SID0392,orthogonal_method,nr
SID0392,false_positive_discussed,nr
SID0392,raw_data,none
SID0392,spectra_shared,nr
SID0393,blanks_procedural,yes
SID0393,blanks_field,no
SID0393,blanks_air,yes
SID0393,blanks_instrument,no
SID0393,blank_correction,nr
SID0393,blank_contribution,qualitative
SID0393,ctrl_cotton,yes
SID0393,ctrl_glass,no
SID0393,lab_environment,nr
SID0393,recovery_tested,no
SID0393,matrix_matched,nr
SID0393,recovery_correction,nr
SID0393,lod_reported,nr
SID0393,loq_reported,nr
SID0393,crm_used,no
SID0393,orthogonal_method,nr
SID0393,false_positive_discussed,nr
SID0393,raw_data,none
SID0393,spectra_shared,nr
SID0394,blanks_procedural,no
SID0394,blanks_field,no
SID0394,blanks_air,yes
SID0394,blanks_instrument,no
SID0394,blank_correction,nr
SID0394,blank_contribution,qualitative
SID0394,ctrl_cotton,yes
SID0394,ctrl_glass,no
SID0394,lab_environment,laminar
SID0394,recovery_tested,no
SID0394,matrix_matched,nr
SID0394,recovery_correction,nr
SID0394,lod_reported,nr
SID0394,loq_reported,nr
SID0394,crm_used,no
SID0394,orthogonal_method,nr
SID0394,false_positive_discussed,nr
SID0394,raw_data,none
SID0394,spectra_shared,nr
SID0395,blanks_procedural,yes
SID0395,blanks_field,yes
SID0395,blanks_air,no
SID0395,blanks_instrument,no
SID0395,blank_correction,nr
SID0395,blank_contribution,nr
SID0395,ctrl_cotton,yes
SID0395,ctrl_glass,no
SID0395,lab_environment,standard
SID0395,recovery_tested,no
SID0395,matrix_matched,nr
SID0395,recovery_correction,nr
SID0395,lod_reported,nr
SID0395,loq_reported,nr
SID0395,crm_used,nr
SID0395,orthogonal_method,nr
SID0395,false_positive_discussed,nr
SID0395,raw_data,nr
SID0395,spectra_shared,nr
SID0396,blanks_procedural,yes
SID0396,blanks_field,no
SID0396,blanks_air,yes
SID0396,blanks_instrument,yes
SID0396,blank_correction,subtraction
SID0396,blank_contribution,nr
SID0396,ctrl_cotton,yes
SID0396,ctrl_glass,no
SID0396,lab_environment,laminar
SID0396,recovery_tested,no
SID0396,matrix_matched,nr
SID0396,recovery_correction,nr
SID0396,lod_reported,nr
SID0396,loq_reported,nr
SID0396,crm_used,nr
SID0396,orthogonal_method,nr
SID0396,false_positive_discussed,nr
SID0396,raw_data,nr
SID0396,spectra_shared,nr
SID0397,blanks_procedural,yes
SID0397,blanks_field,no
SID0397,blanks_air,no
SID0397,blanks_instrument,no
SID0397,blank_correction,nr
SID0397,blank_contribution,nr
SID0397,ctrl_cotton,yes
SID0397,ctrl_glass,no
SID0397,lab_environment,standard
SID0397,recovery_tested,no
SID0397,matrix_matched,nr
SID0397,recovery_correction,nr
SID0397,lod_reported,nr
SID0397,loq_reported,nr
SID0397,crm_used,nr
SID0397,orthogonal_method,nr
SID0397,false_positive_discussed,nr
SID0397,raw_data,nr
SID0397,spectra_shared,nr
SID0398,blanks_procedural,yes
SID0398,blanks_field,no
SID0398,blanks_air,no
SID0398,blanks_instrument,no
SID0398,blank_correction,nr
SID0398,blank_contribution,nr
SID0398,ctrl_cotton,yes
SID0398,ctrl_glass,no
SID0398,lab_environment,cleanroom
SID0398,recovery_tested,no
SID0398,matrix_matched,nr
SID0398,recovery_correction,nr
SID0398,lod_reported,nr
SID0398,loq_reported,nr
SID0398,crm_used,nr
SID0398,orthogonal_method,nr
SID0398,false_positive_discussed,nr
SID0398,raw_data,nr
SID0398,spectra_shared,nr
SID0399,blanks_procedural,yes
SID0399,blanks_field,yes
SID0399,blanks_air,yes
SID0399,blanks_instrument,yes
SID0399,blank_correction,nr
SID0399,blank_contribution,nr
SID0399,ctrl_cotton,yes
SID0399,ctrl_glass,no
SID0399,lab_environment,cleanroom
SID0399,recovery_tested,no
SID0399,matrix_matched,nr
SID0399,recovery_correction,nr
SID0399,lod_reported,yes
SID0399,loq_reported,nr
SID0399,crm_used,nr
SID0399,orthogonal_method,nr
SID0399,false_positive_discussed,nr
SID0399,raw_data,nr
SID0399,spectra_shared,nr
SID0400,blanks_procedural,nr
SID0400,blanks_field,nr
SID0400,blanks_air,nr
SID0400,blanks_instrument,nr
SID0400,blank_correction,nr
SID0400,blank_contribution,nr
SID0400,ctrl_cotton,yes
SID0400,ctrl_glass,no
SID0400,lab_environment,standard
SID0400,recovery_tested,no
SID0400,matrix_matched,nr
SID0400,recovery_correction,nr
SID0400,lod_reported,nr
SID0400,loq_reported,nr
SID0400,crm_used,nr
SID0400,orthogonal_method,nr
SID0400,false_positive_discussed,nr
SID0400,raw_data,nr
SID0400,spectra_shared,nr
SID0401,blanks_procedural,yes
SID0401,blanks_field,no
SID0401,blanks_air,no
SID0401,blanks_instrument,no
SID0401,blank_correction,nr
SID0401,blank_contribution,nr
SID0401,ctrl_cotton,no
SID0401,ctrl_glass,yes
SID0401,lab_environment,cleanroom
SID0401,recovery_tested,no
SID0401,matrix_matched,nr
SID0401,recovery_correction,nr
SID0401,lod_reported,nr
SID0401,loq_reported,nr
SID0401,crm_used,nr
SID0401,orthogonal_method,nr
SID0401,false_positive_discussed,nr
SID0401,raw_data,nr
SID0401,spectra_shared,nr
SID0402,blanks_procedural,nr
SID0402,blanks_field,nr
SID0402,blanks_air,nr
SID0402,blanks_instrument,nr
SID0402,blank_correction,nr
SID0402,blank_contribution,nr
SID0402,ctrl_cotton,yes
SID0402,ctrl_glass,no
SID0402,lab_environment,nr
SID0402,recovery_tested,no
SID0402,matrix_matched,nr
SID0402,recovery_correction,nr
SID0402,lod_reported,nr
SID0402,loq_reported,nr
SID0402,crm_used,nr
SID0402,orthogonal_method,nr
SID0402,false_positive_discussed,nr
SID0402,raw_data,nr
SID0402,spectra_shared,nr
SID0403,blanks_procedural,yes
SID0403,blanks_field,no
SID0403,blanks_air,yes
SID0403,blanks_instrument,no
SID0403,blank_correction,nr
SID0403,blank_contribution,nr
SID0403,ctrl_cotton,no
SID0403,ctrl_glass,no
SID0403,lab_environment,nr
SID0403,recovery_tested,no
SID0403,matrix_matched,nr
SID0403,recovery_correction,nr
SID0403,lod_reported,nr
SID0403,loq_reported,nr
SID0403,crm_used,nr
SID0403,orthogonal_method,nr
SID0403,false_positive_discussed,nr
SID0403,raw_data,nr
SID0403,spectra_shared,nr
SID0404,blanks_procedural,yes
SID0404,blanks_field,no
SID0404,blanks_air,no
SID0404,blanks_instrument,no
SID0404,blank_correction,nr
SID0404,blank_contribution,nr
SID0404,ctrl_cotton,no
SID0404,ctrl_glass,yes
SID0404,lab_environment,standard
SID0404,recovery_tested,no
SID0404,matrix_matched,nr
SID0404,recovery_correction,nr
SID0404,lod_reported,nr
SID0404,loq_reported,nr
SID0404,crm_used,nr
SID0404,orthogonal_method,nr
SID0404,false_positive_discussed,nr
SID0404,raw_data,nr
SID0404,spectra_shared,nr
SID0405,blanks_procedural,nr
SID0405,blanks_field,nr
SID0405,blanks_air,nr
SID0405,blanks_instrument,nr
SID0405,blank_correction,nr
SID0405,blank_contribution,nr
SID0405,ctrl_cotton,nr
SID0405,ctrl_glass,nr
SID0405,lab_environment,nr
SID0405,recovery_tested,no
SID0405,matrix_matched,nr
SID0405,recovery_correction,nr
SID0405,lod_reported,nr
SID0405,loq_reported,nr
SID0405,crm_used,nr
SID0405,orthogonal_method,yes
SID0405,false_positive_discussed,yes
SID0405,raw_data,none
SID0405,spectra_shared,no
SID0406,blanks_procedural,yes
SID0406,blanks_field,no
SID0406,blanks_air,no
SID0406,blanks_instrument,no
SID0406,blank_correction,nr
SID0406,blank_contribution,qualitative
SID0406,ctrl_cotton,yes
SID0406,ctrl_glass,yes
SID0406,lab_environment,standard
SID0406,recovery_tested,no
SID0406,matrix_matched,nr
SID0406,recovery_correction,nr
SID0406,lod_reported,nr
SID0406,loq_reported,nr
SID0406,crm_used,nr
SID0406,orthogonal_method,no
SID0406,false_positive_discussed,yes
SID0406,raw_data,none
SID0406,spectra_shared,no
SID0407,blanks_procedural,yes
SID0407,blanks_field,no
SID0407,blanks_air,no
SID0407,blanks_instrument,no
SID0407,blank_correction,nr
SID0407,blank_contribution,nr
SID0407,ctrl_cotton,no
SID0407,ctrl_glass,yes
SID0407,lab_environment,nr
SID0407,recovery_tested,no
SID0407,matrix_matched,nr
SID0407,recovery_correction,nr
SID0407,lod_reported,nr
SID0407,loq_reported,nr
SID0407,crm_used,nr
SID0407,orthogonal_method,nr
SID0407,false_positive_discussed,nr
SID0407,raw_data,none
SID0407,spectra_shared,no
SID0408,blanks_procedural,yes
SID0408,blanks_field,no
SID0408,blanks_air,no
SID0408,blanks_instrument,no
SID0408,blank_correction,subtraction
SID0408,blank_contribution,quantified
SID0408,ctrl_cotton,yes
SID0408,ctrl_glass,no
SID0408,lab_environment,nr
SID0408,recovery_tested,no
SID0408,matrix_matched,nr
SID0408,recovery_correction,nr
SID0408,lod_reported,nr
SID0408,loq_reported,nr
SID0408,crm_used,nr
SID0408,orthogonal_method,nr
SID0408,false_positive_discussed,nr
SID0408,raw_data,nr
SID0408,spectra_shared,no
SID0409,blanks_procedural,no
SID0409,blanks_field,no
SID0409,blanks_air,no
SID0409,blanks_instrument,no
SID0409,blank_correction,nr
SID0409,blank_contribution,qualitative
SID0409,ctrl_cotton,yes
SID0409,ctrl_glass,no
SID0409,lab_environment,nr
SID0409,recovery_tested,no
SID0409,matrix_matched,nr
SID0409,recovery_correction,nr
SID0409,lod_reported,nr
SID0409,loq_reported,nr
SID0409,crm_used,nr
SID0409,orthogonal_method,nr
SID0409,false_positive_discussed,yes
SID0409,raw_data,nr
SID0409,spectra_shared,no
SID0410,blanks_procedural,yes
SID0410,blanks_field,no
SID0410,blanks_air,no
SID0410,blanks_instrument,no
SID0410,blank_correction,nr
SID0410,blank_contribution,qualitative
SID0410,ctrl_cotton,no
SID0410,ctrl_glass,no
SID0410,lab_environment,standard
SID0410,recovery_tested,no
SID0410,matrix_matched,nr
SID0410,recovery_correction,nr
SID0410,lod_reported,nr
SID0410,loq_reported,nr
SID0410,crm_used,nr
SID0410,orthogonal_method,nr
SID0410,false_positive_discussed,yes
SID0410,raw_data,none
SID0410,spectra_shared,no
SID0411,blanks_procedural,yes
SID0411,blanks_field,no
SID0411,blanks_air,no
SID0411,blanks_instrument,no
SID0411,blank_correction,nr
SID0411,blank_contribution,quantified
SID0411,ctrl_cotton,yes
SID0411,ctrl_glass,no
SID0411,lab_environment,nr
SID0411,recovery_tested,no
SID0411,matrix_matched,nr
SID0411,recovery_correction,nr
SID0411,lod_reported,nr
SID0411,loq_reported,nr
SID0411,crm_used,nr
SID0411,orthogonal_method,nr
SID0411,false_positive_discussed,yes
SID0411,raw_data,none
SID0411,spectra_shared,no
SID0412,blanks_procedural,nr
SID0412,blanks_field,nr
SID0412,blanks_air,nr
SID0412,blanks_instrument,nr
SID0412,blank_correction,nr
SID0412,blank_contribution,nr
SID0412,ctrl_cotton,nr
SID0412,ctrl_glass,nr
SID0412,lab_environment,nr
SID0412,recovery_tested,no
SID0412,matrix_matched,nr
SID0412,recovery_correction,nr
SID0412,lod_reported,nr
SID0412,loq_reported,nr
SID0412,crm_used,nr
SID0412,orthogonal_method,nr
SID0412,false_positive_discussed,nr
SID0412,raw_data,nr
SID0412,spectra_shared,no
SID0413,blanks_procedural,yes
SID0413,blanks_field,no
SID0413,blanks_air,no
SID0413,blanks_instrument,no
SID0413,blank_correction,nr
SID0413,blank_contribution,qualitative
SID0413,ctrl_cotton,no
SID0413,ctrl_glass,no
SID0413,lab_environment,laminar
SID0413,recovery_tested,no
SID0413,matrix_matched,no
SID0413,recovery_correction,no
SID0413,lod_reported,nr
SID0413,loq_reported,nr
SID0413,crm_used,no
SID0413,orthogonal_method,no
SID0413,false_positive_discussed,yes
SID0413,raw_data,partial
SID0413,spectra_shared,no
SID0415,blanks_procedural,nr
SID0415,blanks_field,nr
SID0415,blanks_air,nr
SID0415,blanks_instrument,nr
SID0415,blank_correction,nr
SID0415,blank_contribution,nr
SID0415,ctrl_cotton,nr
SID0415,ctrl_glass,nr
SID0415,lab_environment,nr
SID0415,recovery_tested,no
SID0415,matrix_matched,nr
SID0415,recovery_correction,nr
SID0415,lod_reported,nr
SID0415,loq_reported,nr
SID0415,crm_used,nr
SID0415,orthogonal_method,nr
SID0415,false_positive_discussed,nr
SID0415,raw_data,nr
SID0415,spectra_shared,nr
SID0416,blanks_procedural,nr
SID0416,blanks_field,nr
SID0416,blanks_air,nr
SID0416,blanks_instrument,nr
SID0416,blank_correction,nr
SID0416,blank_contribution,nr
SID0416,ctrl_cotton,nr
SID0416,ctrl_glass,nr
SID0416,lab_environment,nr
SID0416,recovery_tested,no
SID0416,matrix_matched,nr
SID0416,recovery_correction,nr
SID0416,lod_reported,nr
SID0416,loq_reported,nr
SID0416,crm_used,nr
SID0416,orthogonal_method,nr
SID0416,false_positive_discussed,nr
SID0416,raw_data,nr
SID0416,spectra_shared,nr
SID0417,blanks_procedural,no
SID0417,blanks_field,no
SID0417,blanks_air,no
SID0417,blanks_instrument,no
SID0417,blank_correction,none
SID0417,blank_contribution,qualitative
SID0417,ctrl_cotton,no
SID0417,ctrl_glass,no
SID0417,lab_environment,laminar
SID0417,recovery_tested,no
SID0417,matrix_matched,nr
SID0417,recovery_correction,nr
SID0417,lod_reported,nr
SID0417,loq_reported,nr
SID0417,crm_used,nr
SID0417,orthogonal_method,nr
SID0417,false_positive_discussed,yes
SID0417,raw_data,nr
SID0417,spectra_shared,nr
SID0418,blanks_procedural,yes
SID0418,blanks_field,no
SID0418,blanks_air,no
SID0418,blanks_instrument,no
SID0418,blank_correction,nr
SID0418,blank_contribution,qualitative
SID0418,ctrl_cotton,yes
SID0418,ctrl_glass,no
SID0418,lab_environment,standard
SID0418,recovery_tested,no
SID0418,matrix_matched,nr
SID0418,recovery_correction,nr
SID0418,lod_reported,nr
SID0418,loq_reported,nr
SID0418,crm_used,nr
SID0418,orthogonal_method,nr
SID0418,false_positive_discussed,nr
SID0418,raw_data,nr
SID0418,spectra_shared,nr
SID0419,blanks_procedural,nr
SID0419,blanks_field,nr
SID0419,blanks_air,nr
SID0419,blanks_instrument,nr
SID0419,blank_correction,nr
SID0419,blank_contribution,nr
SID0419,ctrl_cotton,yes
SID0419,ctrl_glass,yes
SID0419,lab_environment,standard
SID0419,recovery_tested,no
SID0419,matrix_matched,nr
SID0419,recovery_correction,nr
SID0419,lod_reported,nr
SID0419,loq_reported,nr
SID0419,crm_used,nr
SID0419,orthogonal_method,nr
SID0419,false_positive_discussed,yes
SID0419,raw_data,nr
SID0419,spectra_shared,nr
SID0420,blanks_procedural,nr
SID0420,blanks_field,nr
SID0420,blanks_air,nr
SID0420,blanks_instrument,nr
SID0420,blank_correction,nr
SID0420,blank_contribution,nr
SID0420,ctrl_cotton,nr
SID0420,ctrl_glass,nr
SID0420,lab_environment,nr
SID0420,recovery_tested,no
SID0420,matrix_matched,nr
SID0420,recovery_correction,nr
SID0420,lod_reported,nr
SID0420,loq_reported,nr
SID0420,crm_used,nr
SID0420,orthogonal_method,nr
SID0420,false_positive_discussed,nr
SID0420,raw_data,nr
SID0420,spectra_shared,nr
SID0421,blanks_procedural,yes
SID0421,blanks_field,no
SID0421,blanks_air,no
SID0421,blanks_instrument,no
SID0421,blank_correction,subtraction
SID0421,blank_contribution,nr
SID0421,ctrl_cotton,no
SID0421,ctrl_glass,no
SID0421,lab_environment,standard
SID0421,recovery_tested,no
SID0421,matrix_matched,nr
SID0421,recovery_correction,nr
SID0421,lod_reported,nr
SID0421,loq_reported,nr
SID0421,crm_used,nr
SID0421,orthogonal_method,nr
SID0421,false_positive_discussed,nr
SID0421,raw_data,nr
SID0421,spectra_shared,nr
SID0422,blanks_procedural,no
SID0422,blanks_field,no
SID0422,blanks_air,no
SID0422,blanks_instrument,no
SID0422,blank_correction,subtraction
SID0422,blank_contribution,nr
SID0422,ctrl_cotton,yes
SID0422,ctrl_glass,no
SID0422,lab_environment,laminar
SID0422,recovery_tested,no
SID0422,matrix_matched,nr
SID0422,recovery_correction,no
SID0422,lod_reported,nr
SID0422,loq_reported,nr
SID0422,crm_used,nr
SID0422,orthogonal_method,nr
SID0422,false_positive_discussed,yes
SID0422,raw_data,nr
SID0422,spectra_shared,nr
SID0423,blanks_procedural,yes
SID0423,blanks_field,no
SID0423,blanks_air,no
SID0423,blanks_instrument,no
SID0423,blank_correction,nr
SID0423,blank_contribution,qualitative
SID0423,ctrl_cotton,no
SID0423,ctrl_glass,no
SID0423,lab_environment,nr
SID0423,recovery_tested,no
SID0423,matrix_matched,nr
SID0423,recovery_correction,nr
SID0423,lod_reported,nr
SID0423,loq_reported,nr
SID0423,crm_used,nr
SID0423,orthogonal_method,nr
SID0423,false_positive_discussed,nr
SID0423,raw_data,nr
SID0423,spectra_shared,nr
SID0424,blanks_procedural,yes
SID0424,blanks_field,no
SID0424,blanks_air,no
SID0424,blanks_instrument,no
SID0424,blank_correction,nr
SID0424,blank_contribution,qualitative
SID0424,ctrl_cotton,no
SID0424,ctrl_glass,no
SID0424,lab_environment,nr
SID0424,recovery_tested,no
SID0424,matrix_matched,nr
SID0424,recovery_correction,nr
SID0424,lod_reported,nr
SID0424,loq_reported,nr
SID0424,crm_used,nr
SID0424,orthogonal_method,nr
SID0424,false_positive_discussed,nr
SID0424,raw_data,nr
SID0424,spectra_shared,nr
SID0425,blanks_procedural,yes
SID0425,blanks_field,no
SID0425,blanks_air,no
SID0425,blanks_instrument,no
SID0425,blank_correction,nr
SID0425,blank_contribution,quantified
SID0425,ctrl_cotton,yes
SID0425,ctrl_glass,no
SID0425,lab_environment,nr
SID0425,recovery_tested,yes
SID0425,matrix_matched,yes
SID0425,recovery_correction,nr
SID0425,lod_reported,yes
SID0425,loq_reported,nr
SID0425,crm_used,nr
SID0425,orthogonal_method,nr
SID0425,false_positive_discussed,nr
SID0425,raw_data,nr
SID0425,spectra_shared,nr
SID0426,blanks_procedural,yes
SID0426,blanks_field,no
SID0426,blanks_air,no
SID0426,blanks_instrument,no
SID0426,blank_correction,nr
SID0426,blank_contribution,qualitative
SID0426,ctrl_cotton,yes
SID0426,ctrl_glass,no
SID0426,lab_environment,laminar
SID0426,recovery_tested,no
SID0426,matrix_matched,nr
SID0426,recovery_correction,nr
SID0426,lod_reported,nr
SID0426,loq_reported,nr
SID0426,crm_used,nr
SID0426,orthogonal_method,nr
SID0426,false_positive_discussed,nr
SID0426,raw_data,nr
SID0426,spectra_shared,nr
SID0427,blanks_procedural,yes
SID0427,blanks_field,no
SID0427,blanks_air,no
SID0427,blanks_instrument,no
SID0427,blank_correction,nr
SID0427,blank_contribution,nr
SID0427,ctrl_cotton,nr
SID0427,ctrl_glass,nr
SID0427,lab_environment,nr
SID0427,recovery_tested,no
SID0427,matrix_matched,nr
SID0427,recovery_correction,nr
SID0427,lod_reported,nr
SID0427,loq_reported,nr
SID0427,crm_used,nr
SID0427,orthogonal_method,nr
SID0427,false_positive_discussed,nr
SID0427,raw_data,nr
SID0427,spectra_shared,nr
SID0428,blanks_procedural,yes
SID0428,blanks_field,no
SID0428,blanks_air,no
SID0428,blanks_instrument,no
SID0428,blank_correction,nr
SID0428,blank_contribution,nr
SID0428,ctrl_cotton,no
SID0428,ctrl_glass,no
SID0428,lab_environment,cleanroom
SID0428,recovery_tested,no
SID0428,matrix_matched,nr
SID0428,recovery_correction,nr
SID0428,lod_reported,nr
SID0428,loq_reported,nr
SID0428,crm_used,nr
SID0428,orthogonal_method,nr
SID0428,false_positive_discussed,nr
SID0428,raw_data,nr
SID0428,spectra_shared,nr
SID0429,blanks_procedural,yes
SID0429,blanks_field,no
SID0429,blanks_air,no
SID0429,blanks_instrument,no
SID0429,blank_correction,nr
SID0429,blank_contribution,nr
SID0429,ctrl_cotton,yes
SID0429,ctrl_glass,no
SID0429,lab_environment,laminar
SID0429,recovery_tested,no
SID0429,matrix_matched,nr
SID0429,recovery_correction,nr
SID0429,lod_reported,nr
SID0429,loq_reported,nr
SID0429,crm_used,nr
SID0429,orthogonal_method,nr
SID0429,false_positive_discussed,yes
SID0429,raw_data,nr
SID0429,spectra_shared,nr
SID0430,blanks_procedural,yes
SID0430,blanks_field,no
SID0430,blanks_air,no
SID0430,blanks_instrument,no
SID0430,blank_correction,none
SID0430,blank_contribution,qualitative
SID0430,ctrl_cotton,yes
SID0430,ctrl_glass,no
SID0430,lab_environment,laminar
SID0430,recovery_tested,no
SID0430,matrix_matched,nr
SID0430,recovery_correction,nr
SID0430,lod_reported,nr
SID0430,loq_reported,nr
SID0430,crm_used,nr
SID0430,orthogonal_method,nr
SID0430,false_positive_discussed,yes
SID0430,raw_data,nr
SID0430,spectra_shared,nr
SID0431,blanks_procedural,yes
SID0431,blanks_field,no
SID0431,blanks_air,no
SID0431,blanks_instrument,no
SID0431,blank_correction,nr
SID0431,blank_contribution,qualitative
SID0431,ctrl_cotton,no
SID0431,ctrl_glass,no
SID0431,lab_environment,nr
SID0431,recovery_tested,no
SID0431,matrix_matched,nr
SID0431,recovery_correction,nr
SID0431,lod_reported,nr
SID0431,loq_reported,nr
SID0431,crm_used,nr
SID0431,orthogonal_method,nr
SID0431,false_positive_discussed,nr
SID0431,raw_data,nr
SID0431,spectra_shared,nr
SID0432,blanks_procedural,yes
SID0432,blanks_field,yes
SID0432,blanks_air,no
SID0432,blanks_instrument,no
SID0432,blank_correction,nr
SID0432,blank_contribution,quantified
SID0432,ctrl_cotton,yes
SID0432,ctrl_glass,no
SID0432,lab_environment,laminar
SID0432,recovery_tested,no
SID0432,matrix_matched,nr
SID0432,recovery_correction,nr
SID0432,lod_reported,nr
SID0432,loq_reported,nr
SID0432,crm_used,nr
SID0432,orthogonal_method,nr
SID0432,false_positive_discussed,yes
SID0432,raw_data,nr
SID0432,spectra_shared,nr
SID0006,blanks_procedural,no
SID0006,blanks_field,no
SID0006,blanks_air,no
SID0006,blanks_instrument,no
SID0006,blank_correction,nr
SID0006,blank_contribution,quantified
SID0006,ctrl_cotton,nr
SID0006,ctrl_glass,nr
SID0006,lab_environment,standard
SID0006,recovery_tested,no
SID0006,matrix_matched,nr
SID0006,recovery_correction,no
SID0006,lod_reported,yes
SID0006,loq_reported,yes
SID0006,crm_used,no
SID0006,orthogonal_method,yes
SID0006,false_positive_discussed,yes
SID0006,raw_data,full
SID0006,spectra_shared,reusable
SID0012,blanks_procedural,yes
SID0012,blanks_field,no
SID0012,blanks_air,no
SID0012,blanks_instrument,yes
SID0012,blank_correction,nr
SID0012,blank_contribution,qualitative
SID0012,ctrl_cotton,no
SID0012,ctrl_glass,yes
SID0012,lab_environment,standard
SID0012,recovery_tested,yes
SID0012,matrix_matched,yes
SID0012,recovery_correction,no
SID0012,lod_reported,yes
SID0012,loq_reported,yes
SID0012,crm_used,yes
SID0012,orthogonal_method,yes
SID0012,false_positive_discussed,yes
SID0012,raw_data,partial
SID0012,spectra_shared,no
SID0017,blanks_procedural,no
SID0017,blanks_field,no
SID0017,blanks_air,no
SID0017,blanks_instrument,no
SID0017,blank_correction,nr
SID0017,blank_contribution,qualitative
SID0017,ctrl_cotton,nr
SID0017,ctrl_glass,nr
SID0017,lab_environment,standard
SID0017,recovery_tested,no
SID0017,matrix_matched,nr
SID0017,recovery_correction,nr
SID0017,lod_reported,nr
SID0017,loq_reported,nr
SID0017,crm_used,no
SID0017,orthogonal_method,yes
SID0017,false_positive_discussed,yes
SID0017,raw_data,partial
SID0017,spectra_shared,no
SID0023,blanks_procedural,no
SID0023,blanks_field,no
SID0023,blanks_air,no
SID0023,blanks_instrument,no
SID0023,blank_correction,nr
SID0023,blank_contribution,qualitative
SID0023,ctrl_cotton,nr
SID0023,ctrl_glass,nr
SID0023,lab_environment,standard
SID0023,recovery_tested,no
SID0023,matrix_matched,no
SID0023,recovery_correction,no
SID0023,lod_reported,yes
SID0023,loq_reported,nr
SID0023,crm_used,no
SID0023,orthogonal_method,yes
SID0023,false_positive_discussed,yes
SID0023,raw_data,partial
SID0023,spectra_shared,no
SID0025,blanks_procedural,no
SID0025,blanks_field,no
SID0025,blanks_air,no
SID0025,blanks_instrument,no
SID0025,blank_correction,nr
SID0025,blank_contribution,quantified
SID0025,ctrl_cotton,nr
SID0025,ctrl_glass,nr
SID0025,lab_environment,standard
SID0025,recovery_tested,yes
SID0025,matrix_matched,yes
SID0025,recovery_correction,no
SID0025,lod_reported,yes
SID0025,loq_reported,yes
SID0025,crm_used,no
SID0025,orthogonal_method,yes
SID0025,false_positive_discussed,yes
SID0025,raw_data,partial
SID0025,spectra_shared,no
SID0033,blanks_procedural,no
SID0033,blanks_field,no
SID0033,blanks_air,no
SID0033,blanks_instrument,no
SID0033,blank_correction,threshold
SID0033,blank_contribution,quantified
SID0033,ctrl_cotton,nr
SID0033,ctrl_glass,nr
SID0033,lab_environment,standard
SID0033,recovery_tested,no
SID0033,matrix_matched,yes
SID0033,recovery_correction,no
SID0033,lod_reported,yes
SID0033,loq_reported,nr
SID0033,crm_used,no
SID0033,orthogonal_method,yes
SID0033,false_positive_discussed,yes
SID0033,raw_data,partial
SID0033,spectra_shared,no
SID0036,blanks_procedural,no
SID0036,blanks_field,no
SID0036,blanks_air,no
SID0036,blanks_instrument,no
SID0036,blank_correction,nr
SID0036,blank_contribution,quantified
SID0036,ctrl_cotton,nr
SID0036,ctrl_glass,nr
SID0036,lab_environment,standard
SID0036,recovery_tested,no
SID0036,matrix_matched,yes
SID0036,recovery_correction,no
SID0036,lod_reported,yes
SID0036,loq_reported,nr
SID0036,crm_used,yes
SID0036,orthogonal_method,yes
SID0036,false_positive_discussed,yes
SID0036,raw_data,partial
SID0036,spectra_shared,no
SID0045,blanks_procedural,yes
SID0045,blanks_field,no
SID0045,blanks_air,no
SID0045,blanks_instrument,no
SID0045,blank_correction,nr
SID0045,blank_contribution,no
SID0045,ctrl_cotton,nr
SID0045,ctrl_glass,nr
SID0045,lab_environment,standard
SID0045,recovery_tested,yes
SID0045,matrix_matched,yes
SID0045,recovery_correction,no
SID0045,lod_reported,nr
SID0045,loq_reported,nr
SID0045,crm_used,no
SID0045,orthogonal_method,yes
SID0045,false_positive_discussed,yes
SID0045,raw_data,partial
SID0045,spectra_shared,no
SID0053,blanks_procedural,yes
SID0053,blanks_field,yes
SID0053,blanks_air,yes
SID0053,blanks_instrument,no
SID0053,blank_correction,nr
SID0053,blank_contribution,qualitative
SID0053,ctrl_cotton,nr
SID0053,ctrl_glass,nr
SID0053,lab_environment,standard
SID0053,recovery_tested,no
SID0053,matrix_matched,no
SID0053,recovery_correction,no
SID0053,lod_reported,nr
SID0053,loq_reported,nr
SID0053,crm_used,no
SID0053,orthogonal_method,yes
SID0053,false_positive_discussed,yes
SID0053,raw_data,partial
SID0053,spectra_shared,no
SID0058,blanks_procedural,no
SID0058,blanks_field,yes
SID0058,blanks_air,yes
SID0058,blanks_instrument,no
SID0058,blank_correction,nr
SID0058,blank_contribution,quantified
SID0058,ctrl_cotton,nr
SID0058,ctrl_glass,nr
SID0058,lab_environment,standard
SID0058,recovery_tested,yes
SID0058,matrix_matched,yes
SID0058,recovery_correction,no
SID0058,lod_reported,nr
SID0058,loq_reported,nr
SID0058,crm_used,no
SID0058,orthogonal_method,yes
SID0058,false_positive_discussed,yes
SID0058,raw_data,partial
SID0058,spectra_shared,no
SID0064,blanks_procedural,no
SID0064,blanks_field,no
SID0064,blanks_air,no
SID0064,blanks_instrument,no
SID0064,blank_correction,subtraction
SID0064,blank_contribution,quantified
SID0064,ctrl_cotton,nr
SID0064,ctrl_glass,nr
SID0064,lab_environment,standard
SID0064,recovery_tested,yes
SID0064,matrix_matched,yes
SID0064,recovery_correction,no
SID0064,lod_reported,yes
SID0064,loq_reported,yes
SID0064,crm_used,yes
SID0064,orthogonal_method,yes
SID0064,false_positive_discussed,yes
SID0064,raw_data,partial
SID0064,spectra_shared,no
SID0065,blanks_procedural,yes
SID0065,blanks_field,no
SID0065,blanks_air,yes
SID0065,blanks_instrument,yes
SID0065,blank_correction,nr
SID0065,blank_contribution,no
SID0065,ctrl_cotton,nr
SID0065,ctrl_glass,nr
SID0065,lab_environment,nr
SID0065,recovery_tested,no
SID0065,matrix_matched,no
SID0065,recovery_correction,no
SID0065,lod_reported,nr
SID0065,loq_reported,nr
SID0065,crm_used,no
SID0065,orthogonal_method,yes
SID0065,false_positive_discussed,yes
SID0065,raw_data,partial
SID0065,spectra_shared,no
SID0067,blanks_procedural,yes
SID0067,blanks_field,yes
SID0067,blanks_air,no
SID0067,blanks_instrument,yes
SID0067,blank_correction,nr
SID0067,blank_contribution,no
SID0067,ctrl_cotton,nr
SID0067,ctrl_glass,nr
SID0067,lab_environment,cleanroom
SID0067,recovery_tested,no
SID0067,matrix_matched,no
SID0067,recovery_correction,no
SID0067,lod_reported,yes
SID0067,loq_reported,nr
SID0067,crm_used,yes
SID0067,orthogonal_method,yes
SID0067,false_positive_discussed,yes
SID0067,raw_data,partial
SID0067,spectra_shared,no
SID0087,blanks_procedural,yes
SID0087,blanks_field,no
SID0087,blanks_air,yes
SID0087,blanks_instrument,no
SID0087,blank_correction,nr
SID0087,blank_contribution,no
SID0087,ctrl_cotton,nr
SID0087,ctrl_glass,nr
SID0087,lab_environment,standard
SID0087,recovery_tested,yes
SID0087,matrix_matched,no
SID0087,recovery_correction,no
SID0087,lod_reported,nr
SID0087,loq_reported,nr
SID0087,crm_used,no
SID0087,orthogonal_method,yes
SID0087,false_positive_discussed,yes
SID0087,raw_data,partial
SID0087,spectra_shared,no
SID0098,blanks_procedural,yes
SID0098,blanks_field,no
SID0098,blanks_air,no
SID0098,blanks_instrument,no
SID0098,blank_correction,nr
SID0098,blank_contribution,quantified
SID0098,ctrl_cotton,no
SID0098,ctrl_glass,yes
SID0098,lab_environment,standard
SID0098,recovery_tested,yes
SID0098,matrix_matched,yes
SID0098,recovery_correction,no
SID0098,lod_reported,yes
SID0098,loq_reported,yes
SID0098,crm_used,no
SID0098,orthogonal_method,yes
SID0098,false_positive_discussed,yes
SID0098,raw_data,full
SID0098,spectra_shared,no
SID0099,blanks_procedural,yes
SID0099,blanks_field,no
SID0099,blanks_air,yes
SID0099,blanks_instrument,no
SID0099,blank_correction,nr
SID0099,blank_contribution,no
SID0099,ctrl_cotton,nr
SID0099,ctrl_glass,nr
SID0099,lab_environment,standard
SID0099,recovery_tested,yes
SID0099,matrix_matched,no
SID0099,recovery_correction,no
SID0099,lod_reported,nr
SID0099,loq_reported,nr
SID0099,crm_used,no
SID0099,orthogonal_method,yes
SID0099,false_positive_discussed,yes
SID0099,raw_data,partial
SID0099,spectra_shared,no
SID0100,blanks_procedural,no
SID0100,blanks_field,no
SID0100,blanks_air,no
SID0100,blanks_instrument,no
SID0100,blank_correction,threshold
SID0100,blank_contribution,quantified
SID0100,ctrl_cotton,nr
SID0100,ctrl_glass,nr
SID0100,lab_environment,standard
SID0100,recovery_tested,yes
SID0100,matrix_matched,no
SID0100,recovery_correction,no
SID0100,lod_reported,no
SID0100,loq_reported,nr
SID0100,crm_used,no
SID0100,orthogonal_method,yes
SID0100,false_positive_discussed,yes
SID0100,raw_data,partial
SID0100,spectra_shared,no
SID0105,blanks_procedural,no
SID0105,blanks_field,no
SID0105,blanks_air,no
SID0105,blanks_instrument,no
SID0105,blank_correction,nr
SID0105,blank_contribution,qualitative
SID0105,ctrl_cotton,nr
SID0105,ctrl_glass,nr
SID0105,lab_environment,standard
SID0105,recovery_tested,yes
SID0105,matrix_matched,no
SID0105,recovery_correction,no
SID0105,lod_reported,no
SID0105,loq_reported,no
SID0105,crm_used,no
SID0105,orthogonal_method,yes
SID0105,false_positive_discussed,yes
SID0105,raw_data,partial
SID0105,spectra_shared,no
SID0107,blanks_procedural,yes
SID0107,blanks_field,yes
SID0107,blanks_air,yes
SID0107,blanks_instrument,no
SID0107,blank_correction,nr
SID0107,blank_contribution,qualitative
SID0107,ctrl_cotton,nr
SID0107,ctrl_glass,nr
SID0107,lab_environment,cleanroom
SID0107,recovery_tested,yes
SID0107,matrix_matched,no
SID0107,recovery_correction,no
SID0107,lod_reported,yes
SID0107,loq_reported,yes
SID0107,crm_used,no
SID0107,orthogonal_method,yes
SID0107,false_positive_discussed,yes
SID0107,raw_data,partial
SID0107,spectra_shared,no
SID0110,blanks_procedural,no
SID0110,blanks_field,no
SID0110,blanks_air,no
SID0110,blanks_instrument,no
SID0110,blank_correction,nr
SID0110,blank_contribution,qualitative
SID0110,ctrl_cotton,nr
SID0110,ctrl_glass,nr
SID0110,lab_environment,standard
SID0110,recovery_tested,yes
SID0110,matrix_matched,yes
SID0110,recovery_correction,no
SID0110,lod_reported,yes
SID0110,loq_reported,yes
SID0110,crm_used,no
SID0110,orthogonal_method,yes
SID0110,false_positive_discussed,yes
SID0110,raw_data,partial
SID0110,spectra_shared,no
SID0111,blanks_procedural,no
SID0111,blanks_field,no
SID0111,blanks_air,no
SID0111,blanks_instrument,no
SID0111,blank_correction,nr
SID0111,blank_contribution,qualitative
SID0111,ctrl_cotton,nr
SID0111,ctrl_glass,nr
SID0111,lab_environment,standard
SID0111,recovery_tested,yes
SID0111,matrix_matched,no
SID0111,recovery_correction,no
SID0111,lod_reported,yes
SID0111,loq_reported,yes
SID0111,crm_used,no
SID0111,orthogonal_method,no
SID0111,false_positive_discussed,yes
SID0111,raw_data,partial
SID0111,spectra_shared,no
SID0117,blanks_procedural,no
SID0117,blanks_field,no
SID0117,blanks_air,yes
SID0117,blanks_instrument,no
SID0117,blank_correction,nr
SID0117,blank_contribution,qualitative
SID0117,ctrl_cotton,nr
SID0117,ctrl_glass,nr
SID0117,lab_environment,standard
SID0117,recovery_tested,yes
SID0117,matrix_matched,no
SID0117,recovery_correction,no
SID0117,lod_reported,no
SID0117,loq_reported,no
SID0117,crm_used,no
SID0117,orthogonal_method,yes
SID0117,false_positive_discussed,yes
SID0117,raw_data,full
SID0117,spectra_shared,reusable
SID0128,blanks_procedural,no
SID0128,blanks_field,no
SID0128,blanks_air,no
SID0128,blanks_instrument,no
SID0128,blank_correction,subtraction
SID0128,blank_contribution,quantified
SID0128,ctrl_cotton,nr
SID0128,ctrl_glass,nr
SID0128,lab_environment,standard
SID0128,recovery_tested,yes
SID0128,matrix_matched,yes
SID0128,recovery_correction,no
SID0128,lod_reported,yes
SID0128,loq_reported,no
SID0128,crm_used,no
SID0128,orthogonal_method,yes
SID0128,false_positive_discussed,yes
SID0128,raw_data,partial
SID0128,spectra_shared,no
SID0142,blanks_procedural,yes
SID0142,blanks_field,no
SID0142,blanks_air,no
SID0142,blanks_instrument,no
SID0142,blank_correction,nr
SID0142,blank_contribution,no
SID0142,ctrl_cotton,nr
SID0142,ctrl_glass,nr
SID0142,lab_environment,standard
SID0142,recovery_tested,yes
SID0142,matrix_matched,no
SID0142,recovery_correction,no
SID0142,lod_reported,no
SID0142,loq_reported,no
SID0142,crm_used,no
SID0142,orthogonal_method,no
SID0142,false_positive_discussed,no
SID0142,raw_data,partial
SID0142,spectra_shared,no
SID0154,blanks_procedural,no
SID0154,blanks_field,no
SID0154,blanks_air,no
SID0154,blanks_instrument,no
SID0154,blank_correction,nr
SID0154,blank_contribution,qualitative
SID0154,ctrl_cotton,nr
SID0154,ctrl_glass,nr
SID0154,lab_environment,standard
SID0154,recovery_tested,yes
SID0154,matrix_matched,no
SID0154,recovery_correction,no
SID0154,lod_reported,no
SID0154,loq_reported,no
SID0154,crm_used,no
SID0154,orthogonal_method,no
SID0154,false_positive_discussed,no
SID0154,raw_data,partial
SID0154,spectra_shared,no
SID0163,blanks_procedural,no
SID0163,blanks_field,no
SID0163,blanks_air,no
SID0163,blanks_instrument,no
SID0163,blank_correction,threshold
SID0163,blank_contribution,quantified
SID0163,ctrl_cotton,nr
SID0163,ctrl_glass,nr
SID0163,lab_environment,standard
SID0163,recovery_tested,yes
SID0163,matrix_matched,no
SID0163,recovery_correction,no
SID0163,lod_reported,yes
SID0163,loq_reported,no
SID0163,crm_used,no
SID0163,orthogonal_method,yes
SID0163,false_positive_discussed,yes
SID0163,raw_data,partial
SID0163,spectra_shared,no
SID0164,blanks_procedural,no
SID0164,blanks_field,no
SID0164,blanks_air,no
SID0164,blanks_instrument,no
SID0164,blank_correction,threshold
SID0164,blank_contribution,quantified
SID0164,ctrl_cotton,nr
SID0164,ctrl_glass,nr
SID0164,lab_environment,standard
SID0164,recovery_tested,yes
SID0164,matrix_matched,no
SID0164,recovery_correction,no
SID0164,lod_reported,yes
SID0164,loq_reported,yes
SID0164,crm_used,no
SID0164,orthogonal_method,yes
SID0164,false_positive_discussed,yes
SID0164,raw_data,nr
SID0164,spectra_shared,no
SID0165,blanks_procedural,yes
SID0165,blanks_field,no
SID0165,blanks_air,yes
SID0165,blanks_instrument,no
SID0165,blank_correction,nr
SID0165,blank_contribution,no
SID0165,ctrl_cotton,nr
SID0165,ctrl_glass,nr
SID0165,lab_environment,standard
SID0165,recovery_tested,yes
SID0165,matrix_matched,no
SID0165,recovery_correction,no
SID0165,lod_reported,nr
SID0165,loq_reported,nr
SID0165,crm_used,no
SID0165,orthogonal_method,yes
SID0165,false_positive_discussed,no
SID0165,raw_data,partial
SID0165,spectra_shared,image
SID0166,blanks_procedural,no
SID0166,blanks_field,no
SID0166,blanks_air,yes
SID0166,blanks_instrument,no
SID0166,blank_correction,subtraction
SID0166,blank_contribution,quantified
SID0166,ctrl_cotton,nr
SID0166,ctrl_glass,nr
SID0166,lab_environment,standard
SID0166,recovery_tested,yes
SID0166,matrix_matched,no
SID0166,recovery_correction,no
SID0166,lod_reported,yes
SID0166,loq_reported,yes
SID0166,crm_used,no
SID0166,orthogonal_method,yes
SID0166,false_positive_discussed,yes
SID0166,raw_data,partial
SID0166,spectra_shared,image
SID0168,blanks_procedural,yes
SID0168,blanks_field,yes
SID0168,blanks_air,no
SID0168,blanks_instrument,yes
SID0168,blank_correction,nr
SID0168,blank_contribution,no
SID0168,ctrl_cotton,nr
SID0168,ctrl_glass,nr
SID0168,lab_environment,standard
SID0168,recovery_tested,yes
SID0168,matrix_matched,no
SID0168,recovery_correction,no
SID0168,lod_reported,nr
SID0168,loq_reported,nr
SID0168,crm_used,no
SID0168,orthogonal_method,no
SID0168,false_positive_discussed,no
SID0168,raw_data,nr
SID0168,spectra_shared,no
SID0177,blanks_procedural,no
SID0177,blanks_field,no
SID0177,blanks_air,no
SID0177,blanks_instrument,yes
SID0177,blank_correction,nr
SID0177,blank_contribution,quantified
SID0177,ctrl_cotton,yes
SID0177,ctrl_glass,no
SID0177,lab_environment,nr
SID0177,recovery_tested,yes
SID0177,matrix_matched,yes
SID0177,recovery_correction,no
SID0177,lod_reported,yes
SID0177,loq_reported,nr
SID0177,crm_used,no
SID0177,orthogonal_method,yes
SID0177,false_positive_discussed,yes
SID0177,raw_data,nr
SID0177,spectra_shared,no
SID0179,blanks_procedural,no
SID0179,blanks_field,no
SID0179,blanks_air,no
SID0179,blanks_instrument,yes
SID0179,blank_correction,nr
SID0179,blank_contribution,quantified
SID0179,ctrl_cotton,nr
SID0179,ctrl_glass,nr
SID0179,lab_environment,standard
SID0179,recovery_tested,yes
SID0179,matrix_matched,no
SID0179,recovery_correction,no
SID0179,lod_reported,yes
SID0179,loq_reported,yes
SID0179,crm_used,no
SID0179,orthogonal_method,yes
SID0179,false_positive_discussed,yes
SID0179,raw_data,nr
SID0179,spectra_shared,no
SID0186,blanks_procedural,no
SID0186,blanks_field,no
SID0186,blanks_air,no
SID0186,blanks_instrument,yes
SID0186,blank_correction,nr
SID0186,blank_contribution,quantified
SID0186,ctrl_cotton,nr
SID0186,ctrl_glass,nr
SID0186,lab_environment,standard
SID0186,recovery_tested,yes
SID0186,matrix_matched,no
SID0186,recovery_correction,no
SID0186,lod_reported,yes
SID0186,loq_reported,nr
SID0186,crm_used,no
SID0186,orthogonal_method,yes
SID0186,false_positive_discussed,yes
SID0186,raw_data,nr
SID0186,spectra_shared,no
SID0201,blanks_procedural,no
SID0201,blanks_field,no
SID0201,blanks_air,no
SID0201,blanks_instrument,no
SID0201,blank_correction,nr
SID0201,blank_contribution,quantified
SID0201,ctrl_cotton,nr
SID0201,ctrl_glass,nr
SID0201,lab_environment,standard
SID0201,recovery_tested,yes
SID0201,matrix_matched,no
SID0201,recovery_correction,no
SID0201,lod_reported,nr
SID0201,loq_reported,nr
SID0201,crm_used,no
SID0201,orthogonal_method,yes
SID0201,false_positive_discussed,yes
SID0201,raw_data,partial
SID0201,spectra_shared,no
SID0207,blanks_procedural,no
SID0207,blanks_field,no
SID0207,blanks_air,no
SID0207,blanks_instrument,no
SID0207,blank_correction,nr
SID0207,blank_contribution,qualitative
SID0207,ctrl_cotton,nr
SID0207,ctrl_glass,nr
SID0207,lab_environment,standard
SID0207,recovery_tested,yes
SID0207,matrix_matched,no
SID0207,recovery_correction,no
SID0207,lod_reported,nr
SID0207,loq_reported,nr
SID0207,crm_used,no
SID0207,orthogonal_method,yes
SID0207,false_positive_discussed,yes
SID0207,raw_data,partial
SID0207,spectra_shared,image
SID0215,blanks_procedural,no
SID0215,blanks_field,no
SID0215,blanks_air,no
SID0215,blanks_instrument,no
SID0215,blank_correction,nr
SID0215,blank_contribution,quantified
SID0215,ctrl_cotton,nr
SID0215,ctrl_glass,nr
SID0215,lab_environment,standard
SID0215,recovery_tested,yes
SID0215,matrix_matched,no
SID0215,recovery_correction,no
SID0215,lod_reported,nr
SID0215,loq_reported,nr
SID0215,crm_used,no
SID0215,orthogonal_method,yes
SID0215,false_positive_discussed,yes
SID0215,raw_data,partial
SID0215,spectra_shared,image
SID0217,blanks_procedural,no
SID0217,blanks_field,yes
SID0217,blanks_air,no
SID0217,blanks_instrument,no
SID0217,blank_correction,nr
SID0217,blank_contribution,qualitative
SID0217,ctrl_cotton,nr
SID0217,ctrl_glass,nr
SID0217,lab_environment,standard
SID0217,recovery_tested,yes
SID0217,matrix_matched,no
SID0217,recovery_correction,no
SID0217,lod_reported,nr
SID0217,loq_reported,nr
SID0217,crm_used,no
SID0217,orthogonal_method,yes
SID0217,false_positive_discussed,yes
SID0217,raw_data,partial
SID0217,spectra_shared,image
SID0226,blanks_procedural,yes
SID0226,blanks_field,yes
SID0226,blanks_air,no
SID0226,blanks_instrument,no
SID0226,blank_correction,nr
SID0226,blank_contribution,no
SID0226,ctrl_cotton,no
SID0226,ctrl_glass,yes
SID0226,lab_environment,standard
SID0226,recovery_tested,yes
SID0226,matrix_matched,yes
SID0226,recovery_correction,no
SID0226,lod_reported,nr
SID0226,loq_reported,nr
SID0226,crm_used,no
SID0226,orthogonal_method,yes
SID0226,false_positive_discussed,yes
SID0226,raw_data,partial
SID0226,spectra_shared,image
SID0229,blanks_procedural,yes
SID0229,blanks_field,yes
SID0229,blanks_air,no
SID0229,blanks_instrument,no
SID0229,blank_correction,nr
SID0229,blank_contribution,qualitative
SID0229,ctrl_cotton,nr
SID0229,ctrl_glass,nr
SID0229,lab_environment,standard
SID0229,recovery_tested,yes
SID0229,matrix_matched,yes
SID0229,recovery_correction,no
SID0229,lod_reported,yes
SID0229,loq_reported,nr
SID0229,crm_used,no
SID0229,orthogonal_method,yes
SID0229,false_positive_discussed,yes
SID0229,raw_data,partial
SID0229,spectra_shared,image
SID0243,blanks_procedural,yes
SID0243,blanks_field,no
SID0243,blanks_air,no
SID0243,blanks_instrument,no
SID0243,blank_correction,nr
SID0243,blank_contribution,qualitative
SID0243,ctrl_cotton,nr
SID0243,ctrl_glass,nr
SID0243,lab_environment,standard
SID0243,recovery_tested,yes
SID0243,matrix_matched,no
SID0243,recovery_correction,no
SID0243,lod_reported,nr
SID0243,loq_reported,nr
SID0243,crm_used,no
SID0243,orthogonal_method,yes
SID0243,false_positive_discussed,yes
SID0243,raw_data,partial
SID0243,spectra_shared,image
SID0254,blanks_procedural,yes
SID0254,blanks_field,no
SID0254,blanks_air,no
SID0254,blanks_instrument,no
SID0254,blank_correction,nr
SID0254,blank_contribution,qualitative
SID0254,ctrl_cotton,nr
SID0254,ctrl_glass,nr
SID0254,lab_environment,standard
SID0254,recovery_tested,yes
SID0254,matrix_matched,no
SID0254,recovery_correction,no
SID0254,lod_reported,nr
SID0254,loq_reported,nr
SID0254,crm_used,no
SID0254,orthogonal_method,yes
SID0254,false_positive_discussed,yes
SID0254,raw_data,partial
SID0254,spectra_shared,image
SID0257,blanks_procedural,yes
SID0257,blanks_field,no
SID0257,blanks_air,no
SID0257,blanks_instrument,yes
SID0257,blank_correction,nr
SID0257,blank_contribution,quantified
SID0257,ctrl_cotton,nr
SID0257,ctrl_glass,nr
SID0257,lab_environment,cleanroom
SID0257,recovery_tested,yes
SID0257,matrix_matched,yes
SID0257,recovery_correction,no
SID0257,lod_reported,nr
SID0257,loq_reported,nr
SID0257,crm_used,no
SID0257,orthogonal_method,yes
SID0257,false_positive_discussed,yes
SID0257,raw_data,full
SID0257,spectra_shared,no
SID0271,blanks_procedural,yes
SID0271,blanks_field,no
SID0271,blanks_air,no
SID0271,blanks_instrument,no
SID0271,blank_correction,nr
SID0271,blank_contribution,qualitative
SID0271,ctrl_cotton,no
SID0271,ctrl_glass,no
SID0271,lab_environment,nr
SID0271,recovery_tested,yes
SID0271,matrix_matched,yes
SID0271,recovery_correction,no
SID0271,lod_reported,nr
SID0271,loq_reported,nr
SID0271,crm_used,no
SID0271,orthogonal_method,yes
SID0271,false_positive_discussed,yes
SID0271,raw_data,none
SID0271,spectra_shared,no
SID0348,blanks_procedural,no
SID0348,blanks_field,no
SID0348,blanks_air,no
SID0348,blanks_instrument,no
SID0348,blank_correction,none
SID0348,blank_contribution,nr
SID0348,ctrl_cotton,yes
SID0348,ctrl_glass,no
SID0348,lab_environment,laminar
SID0348,recovery_tested,yes
SID0348,matrix_matched,yes
SID0348,recovery_correction,nr
SID0348,lod_reported,nr
SID0348,loq_reported,nr
SID0348,crm_used,no
SID0348,orthogonal_method,yes
SID0348,false_positive_discussed,yes
SID0348,raw_data,partial
SID0348,spectra_shared,no
SID0414,blanks_procedural,no
SID0414,blanks_field,no
SID0414,blanks_air,no
SID0414,blanks_instrument,no
SID0414,blank_correction,nr
SID0414,blank_contribution,nr
SID0414,ctrl_cotton,yes
SID0414,ctrl_glass,yes
SID0414,lab_environment,laminar
SID0414,recovery_tested,yes
SID0414,matrix_matched,no
SID0414,recovery_correction,nr
SID0414,lod_reported,nr
SID0414,loq_reported,nr
SID0414,crm_used,nr
SID0414,orthogonal_method,nr
SID0414,false_positive_discussed,nr
SID0414,raw_data,nr
SID0414,spectra_shared,nr
