result_id,group_id,study_id,analyte,metric_basis,unit,wet_dry,size_class_um,shape_code,n_analysed,n_positive,pct_positive,mean,sd,median,q1,q3,min,max,reported_value,se,geometric_mean,identification_threshold,n_negative,particle_count,blank_corrected,evidence_status,source_type,summary_level
SID0001-R001,SID0001-G01,SID0001,TOTAL_MASS,mass,ug_per_g,,,,,,,118.66,53.87,,,,52.62,225.23,,,,,,,,confirmed,curated_extraction,reported_group_statistic
SID0001-R002,SID0001-G02,SID0001,TOTAL_MASS,mass,ug_per_g,,,,,,,156.5,42.14,,,,,,,,,,,,,confirmed,curated_extraction,reported_group_statistic
SID0001-R003,SID0001-G03,SID0001,TOTAL_MASS,mass,ug_per_g,,,,,,,133.37,60.52,,,,,,,,,,,,,confirmed,curated_extraction,reported_group_statistic
SID0001-R004,SID0001-G04,SID0001,TOTAL_MASS,mass,ug_per_g,,,,,,,76.26,14.86,,,,,,,,,,,,,confirmed,curated_extraction,reported_group_statistic
SID0002-R001,SID0002-G01,SID0002,TOTAL_MASS,mass,ug_per_g,wet,,,,,,126.8,147.5,85.8,,,6.5,685,,,,,,,,confirmed,curated_extraction,reported_group_statistic
SID0002-R002,SID0002-G02,SID0002,TOTAL_COUNT,count,other,,,,,,,153.07,84.45,,,,,,,,,,,,,confirmed,curated_extraction,reported_group_statistic
SID0003-R001,SID0003-G01,SID0003,TOTAL_MASS,mass,ug_per_g,,,,,,,105.5,75.7,61.8,,,14.9,221.8,,,,,,,,confirmed,curated_extraction,reported_group_statistic
SID0003-R002,SID0003-G02,SID0003,TOTAL_MASS,mass,ug_per_g,,,,,,,141.8,,141.8,,,49.3,234.3,,,,,,,,confirmed,curated_extraction,reported_group_statistic
SID0003-R003,SID0003-G03,SID0003,PA66,mass,ug_per_g,,,,,,,66.4,24.1,69.6,,,23.8,94.2,,,,,,,,confirmed,curated_extraction,reported_group_statistic
SID0004-R001,SID0004-G01,SID0004,TOTAL_COUNT,count,particles_per_mL,,,,,,,,,684.7,407.7,1163,,,,,,,,,,confirmed,curated_extraction,reported_group_statistic
SID0004-R002,SID0004-G02,SID0004,TOTAL_COUNT,count,other,,,,,,,,,,,,4.3,7.6,,,,,,,,confirmed,curated_extraction,reported_group_statistic
SID0005-R001,SID0005-G01,SID0005,TOTAL_COUNT,detection,pct_of_samples,,,,10,6,,,,,,,,,,,,,,,,confirmed,curated_extraction,reported_group_statistic
SID0005-R002,SID0005-G01,SID0005,TOTAL_COUNT,count,other,,,,,,,,,,,,,,16,,,,,,,confirmed,curated_extraction,pooled_total_count
SID0005-R003,SID0005-G02,SID0005,TOTAL_COUNT,count,particles_per_sample,,,,,,,,,,,,1,5,,,,,,,,confirmed,curated_extraction,reported_group_statistic
SID0007-R001,SID0007-G01,SID0007,PS,mass,ug_per_individual,,,,,,,,,,,,0.00614,0.0119,,,,,,,,interference,curated_extraction,reported_group_statistic
SID0008-R001,SID0008-G01,SID0008,PC,qualitative,,,,,,,,,,,,,,,,,,,,,,confirmed,curated_extraction,reported_group_statistic
SID0008-R002,SID0008-G01,SID0008,PE-HD,qualitative,,,,,,,,,,,,,,,,,,,,,,confirmed,curated_extraction,reported_group_statistic
SID0009-R001,SID0009-G01,SID0009,TOTAL_MASS,mass,ug_per_g,,,,,,,253.49,52.29,,,,118.45,350.6,,,,,,,,confirmed,curated_extraction,reported_group_statistic
SID0009-R002,SID0009-G01,SID0009,PS,mass,ug_per_g,,,,,,,,,,,,0.94,47.8,,,,,,,,confirmed,curated_extraction,reported_group_statistic
SID0009-R003,SID0009-G01,SID0009,PE,mass,ug_per_g,,,,,,,,,,,,65.08,147.42,,,,,,,,confirmed,curated_extraction,reported_group_statistic
SID0009-R004,SID0009-G01,SID0009,PVC,mass,ug_per_g,,,,,,,,,,,,52.43,199.81,,,,,,,,confirmed,curated_extraction,reported_group_statistic
SID0009-R005,SID0009-G01,SID0009,PP,mass,ug_per_g,,,,,,,,,,,,0,15.06,,,,,,,,confirmed,curated_extraction,reported_group_statistic
SID0009-R006,SID0009-G02,SID0009,TOTAL_MASS,mass,ug_per_g,,,,,,,226.37,42.35,,,,,,,,,,,,,confirmed,curated_extraction,reported_group_statistic
SID0009-R007,SID0009-G03,SID0009,TOTAL_MASS,mass,ug_per_g,,,,,,,273.08,50.89,,,,,,,,,,,,,confirmed,curated_extraction,reported_group_statistic
SID0010-R001,SID0010-G01,SID0010,TOTAL_COUNT,count,other,,,,,,,13.75,,,,,,,,1.44,,,,,,confirmed,curated_extraction,reported_group_statistic
SID0010-R002,SID0010-G02,SID0010,TOTAL_COUNT,count,other,,,,,,,26.67,,,,,,,,7.404,,,,,,confirmed,curated_extraction,reported_group_statistic
SID0011-R001,SID0011-G01,SID0011,PS,qualitative,,,,,,,,,,,,,,,,,,,,,,identity_unresolved,curated_extraction,reported_group_statistic
SID0013-R001,SID0013-G01,SID0013,TOTAL_COUNT,detection,pct_of_samples,,,,48,39,,,,,,,,,,,,,,,,confirmed,curated_extraction,reported_group_statistic
SID0013-R002,SID0013-G01,SID0013,PTFE,detection,pct_of_samples,,,,48,15,,,,,,,,,,,,,,,,confirmed,curated_extraction,reported_group_statistic
SID0013-R003,SID0013-G01,SID0013,PS,detection,pct_of_samples,,,,48,10,,,,,,,,,,,,,,,,confirmed,curated_extraction,reported_group_statistic
SID0013-R004,SID0013-G01,SID0013,ABS,detection,pct_of_samples,,,,48,7,,,,,,,,,,,,,,,,confirmed,curated_extraction,reported_group_statistic
SID0013-R005,SID0013-G01,SID0013,PE,detection,pct_of_samples,,,,48,5,,,,,,,,,,,,,,,,confirmed,curated_extraction,reported_group_statistic
SID0013-R006,SID0013-G01,SID0013,PC,detection,pct_of_samples,,,,48,1,,,,,,,,,,,,,,,,confirmed,curated_extraction,reported_group_statistic
SID0013-R007,SID0013-G01,SID0013,PVC,detection,pct_of_samples,,,,48,1,,,,,,,,,,,,,,,,confirmed,curated_extraction,reported_group_statistic
SID0014-R001,SID0014-G01,SID0014,TOTAL_COUNT,count,particles_per_organ,,,,,,,7.8,,,,,1,21,,1.4,,,,,,confirmed,curated_extraction,reported_group_statistic
SID0014-R002,SID0014-G01,SID0014,TOTAL_COUNT,detection,pct_of_samples,,,,15,15,,,,,,,,,,,,,,,,confirmed,curated_extraction,reported_group_statistic
SID0015-R001,SID0015-G01,SID0015,TOTAL_MASS,mass,ug_per_g,dry,,,,,,634.7,,25.7,,,1.2,6814.7,,,,,,,,confirmed,curated_extraction,reported_group_statistic
SID0015-R002,SID0015-G01,SID0015,PP,mass,ug_per_g,dry,,,,8,,,,,,,1,66,,,,,,,,confirmed,curated_extraction,reported_group_statistic
SID0015-R003,SID0015-G01,SID0015,PET,mass,ug_per_g,dry,,,,5,,,,,,,22,62,,,,,,,,confirmed,curated_extraction,reported_group_statistic
SID0015-R004,SID0015-G01,SID0015,PS,mass,ug_per_g,dry,,,,17,,,,,,,,3280,,,,,,,,confirmed,curated_extraction,reported_group_statistic
SID0015-R005,SID0015-G01,SID0015,PE,mass,ug_per_g,,,,,6,,,,,,,,,,,,,,,,confirmed,curated_extraction,reported_group_statistic
SID0015-R006,SID0015-G01,SID0015,PMMA,mass,ug_per_g,,,,,,,,,,,,,,,,,,,,,below_quantification,curated_extraction,reported_group_statistic
SID0016-R001,SID0016-G01,SID0016,TOTAL_COUNT,detection,pct_of_samples,,,,4,0,,,,,,,,,,,,,,,,not_detected,curated_extraction,reported_group_statistic
SID0018-R001,SID0018-G01,SID0018,PS,mass,ug_per_mL,,,,,,,,,,,,0.05,0.22,,,,,,,,tentative,curated_extraction,reported_group_statistic
SID0018-R002,SID0018-G02,SID0018,PP,mass,ug_per_mL,,,,,,,,,,,,3.1,4.9,,,,,,,,contamination_qualified,curated_extraction,reported_group_statistic
SID0019-R001,SID0019-G01,SID0019,TOTAL_COUNT,count,particles_per_g,,,,,,,0.9,0.3,,,,,2.5,,,,,,,,confirmed,curated_extraction,reported_group_statistic
SID0019-R002,SID0019-G01,SID0019,TOTAL_MASS,mass,ng_per_g,dry,,,,,,,,,,,129,4853,,,,,,,,confirmed,curated_extraction,reported_group_statistic
SID0019-R003,SID0019-G01,SID0019,PP,mass,ng_per_g,dry,,,,,,1076,328,,,,,,,,,,,,,confirmed,curated_extraction,reported_group_statistic
SID0019-R004,SID0019-G01,SID0019,PE,mass,ng_per_g,dry,,,,,,797,361,,,,,,,,,,,,,confirmed,curated_extraction,reported_group_statistic
SID0020-R001,SID0020-G01,SID0020,TOTAL_MASS,mass,ug_per_g,dry,,,,,,4.6,,,,,,,,,,,,,,confirmed,curated_extraction,reported_group_statistic
SID0020-R002,SID0020-G02,SID0020,TOTAL_MASS,mass,ug_per_g,dry,,,,,,7.1,,,,,,,,,,,,,,confirmed,curated_extraction,reported_group_statistic
SID0020-R003,SID0020-G03,SID0020,TOTAL_MASS,mass,ug_per_g,dry,,,,,,6.7,,,,,,,,,,,,,,confirmed,curated_extraction,reported_group_statistic
SID0021-R001,SID0021-G01,SID0021,TOTAL_COUNT,count,particles_per_individual,,,,,,,43.16,8.23,,,,,,,,,,,,,confirmed,curated_extraction,reported_group_statistic
SID0021-R002,SID0021-G01,SID0021,TOTAL_COUNT,count,particles_per_g,wet,,,,,,4.27,,,,,,,,,,,,,,confirmed,curated_extraction,reported_group_statistic
SID0021-R003,SID0021-G02,SID0021,TOTAL_COUNT,count,particles_per_individual,,,,,,,29.9,2.73,,,,,,,,,,,,,confirmed,curated_extraction,reported_group_statistic
SID0021-R004,SID0021-G02,SID0021,TOTAL_COUNT,count,particles_per_g,wet,,,,,,2.1,,,,,,,,,,,,,,confirmed,curated_extraction,reported_group_statistic
SID0022-R001,SID0022-G01,SID0022,TOTAL_MASS,mass,ug_per_g,dry,,,,,,,,,,,,,671,,,,,,,confirmed,curated_extraction,single_sample_value
SID0022-R002,SID0022-G02,SID0022,TOTAL_MASS,mass,ug_per_g,dry,,,,,,,,,,,,,7780,,,,,,,confirmed,curated_extraction,single_sample_value
SID0022-R003,SID0022-G03,SID0022,TOTAL_MASS,mass,ug_per_g,dry,,,,,,,,,,,,,167,,,,,,,confirmed,curated_extraction,single_sample_value
SID0022-R004,SID0022-G04,SID0022,TOTAL_MASS,mass,ug_per_g,dry,,,,,,,,,,,,,4065,,,,,,,confirmed,curated_extraction,single_sample_value
SID0022-R005,SID0022-G05,SID0022,TOTAL_MASS,mass,ug_per_g,dry,,,,,,,,,,,,,105,,,,,,,confirmed,curated_extraction,single_sample_value
SID0022-R006,SID0022-G06,SID0022,TOTAL_MASS,mass,ug_per_g,dry,,,,,,,,,,,,,169,,,,,,,confirmed,curated_extraction,single_sample_value
SID0022-R007,SID0022-G07,SID0022,TOTAL_MASS,mass,ug_per_g,dry,,,,,,,,,,,,,459,,,,,,,confirmed,curated_extraction,single_sample_value
SID0024-R001,SID0024-G01,SID0024,PE,detection,pct_of_samples,,,,6,0,,,,,,,,,,,,,,,,not_detected,curated_extraction,reported_group_statistic
SID0026-R001,SID0026-G01,SID0026,TOTAL_COUNT,count,particles_per_individual,,,,,,,,,,,,0.3,0.82,,,,,,,,confirmed,curated_extraction,range_of_group_means
SID0027-R001,SID0027-G01,SID0027,TOTAL_COUNT,count,particles_per_g,wet,,,,,,,,,,,10,89,,,,,,,,confirmed,curated_extraction,range_of_individual_means
SID0028-R001,SID0028-G01,SID0028,TOTAL_COUNT,count,particles_per_organ,,,,,,,,,,,,3,24,,,,,,,,confirmed,curated_extraction,reported_group_statistic
SID0028-R002,SID0028-G01,SID0028,TOTAL_COUNT,count,other,,,,52,,,,,,,,,,41,,,,,,,confirmed,curated_extraction,selected_particle_total
SID0030-R001,SID0030-G01,SID0030,TOTAL_COUNT,count,particles_per_mL,,,,,,,,,0.8,,,0.2,3.3,,,,,,,,confirmed,curated_extraction,reported_group_statistic
SID0030-R002,SID0030-G01,SID0030,TOTAL_COUNT,detection,pct_of_samples,,,,115,115,,,,,,,,,,,,,,,,confirmed,curated_extraction,reported_group_statistic
SID0031-R001,SID0031-G01,SID0031,TOTAL_COUNT,count,particles_per_g,dry,,,,,,,,,,,0.2,1.5,,,,,,,,confirmed,curated_extraction,reported_group_statistic
SID0032-R001,SID0032-G01,SID0032,TOTAL_MASS,mass,mg_per_g,dry,,,,,,,,,,,0.2,0.5,,,,,,,,confirmed,curated_extraction,reported_group_statistic
SID0032-R002,SID0032-G02,SID0032,TOTAL_MASS,mass,mg_per_g,dry,,,,,,,,,,,7.4,22.6,,,,,,,,confirmed,curated_extraction,reported_group_statistic
SID0032-R003,SID0032-G03,SID0032,TOTAL_MASS,mass,mg_per_g,dry,,,,,,,,,,,0.6,19.1,,,,,,,,confirmed,curated_extraction,reported_group_statistic
SID0034-R001,SID0034-G01,SID0034,TOTAL_COUNT,count,particles_per_g,wet,,,,,,0.35,0.49,,,,0,1.94,,,,,,,,confirmed,curated_extraction,reported_group_statistic
SID0034-R002,SID0034-G01,SID0034,TOTAL_COUNT,detection,pct_of_samples,,,,20,11,,,,,,,,,,,,,,,,confirmed,curated_extraction,reported_group_statistic
SID0034-R003,SID0034-G01,SID0034,TOTAL_COUNT,count,particles_per_g,wet,,,,,,0.25,,,,,,,,,,,,,,confirmed,curated_extraction,reported_group_statistic
SID0034-R004,SID0034-G01,SID0034,TOTAL_COUNT,detection,pct_of_samples,,,,20,9,,,,,,,,,,,,,,,,confirmed,curated_extraction,reported_group_statistic
SID0035-R001,SID0035-G01,SID0035,TOTAL_COUNT,count,particles_per_g,wet,,,,,,0.32,0.25,,,,0.04,0.7,,,,,,,,confirmed,curated_extraction,reported_group_statistic
SID0035-R002,SID0035-G02,SID0035,TOTAL_COUNT,count,particles_per_g,wet,,,,,,0.29,0.35,,,,,,,,,,,,,confirmed,curated_extraction,reported_group_statistic
SID0035-R003,SID0035-G03,SID0035,TOTAL_COUNT,count,particles_per_g,wet,,,,,,0.23,0.41,,,,,,,,,,,,,confirmed,curated_extraction,reported_group_statistic
SID0035-R004,SID0035-G04,SID0035,TOTAL_COUNT,count,particles_per_g,wet,,,,,,0.23,0.18,,,,,,,,,,,,,confirmed,curated_extraction,reported_group_statistic
SID0037-R001,SID0037-G01,SID0037,TOTAL_COUNT,detection,pct_of_samples,,,,101,35,,,,,,,,,,,,,,,,identity_unresolved,curated_extraction,reported_group_statistic
SID0037-R002,SID0037-G02,SID0037,PP,qualitative,,,,,,,,,,,,,,,,,,,,,,confirmed,curated_extraction,reported_group_statistic
SID0037-R003,SID0037-G02,SID0037,PVC,qualitative,,,,,,,,,,,,,,,,,,,,,,confirmed,curated_extraction,reported_group_statistic
SID0038-R001,SID0038-G01,SID0038,TOTAL_COUNT,count,particles_per_individual,,,,,,,,,240,,,,,,,,,,,,confirmed,curated_extraction,reported_group_statistic
SID0038-R002,SID0038-G01,SID0038,TOTAL_COUNT,count,particles_per_g,wet,,,,,,,,7.3,,,,,,,,,,,,confirmed,curated_extraction,reported_group_statistic
SID0038-R003,SID0038-G02,SID0038,TOTAL_COUNT,count,particles_per_individual,,,,,,,,,248,,,,,,,,,,,,confirmed,curated_extraction,reported_group_statistic
SID0038-R004,SID0038-G02,SID0038,TOTAL_COUNT,count,particles_per_g,wet,,,,,,,,9.2,,,,,,,,,,,,confirmed,curated_extraction,reported_group_statistic
SID0038-R005,SID0038-G03,SID0038,TOTAL_COUNT,count,particles_per_individual,,,,,,,,,182,,,,,,,,,,,,confirmed,curated_extraction,reported_group_statistic
SID0038-R006,SID0038-G03,SID0038,TOTAL_COUNT,count,particles_per_g,wet,,,,,,,,4.5,,,,,,,,,,,,confirmed,curated_extraction,reported_group_statistic
SID0039-R001,SID0039-G01,SID0039,TOTAL_COUNT,count,particles_per_individual,,,,,,,14.64,,,,,,,,,,,,,,confirmed,curated_extraction,reported_group_statistic
SID0039-R002,SID0039-G02,SID0039,TOTAL_COUNT,count,particles_per_individual,,,,,,,2.29,,,,,,,,,,,,,,confirmed,curated_extraction,reported_group_statistic
SID0039-R003,SID0039-G03,SID0039,TOTAL_COUNT,count,particles_per_individual,,,,,,,0.7,,,,,,,,,,,,,,confirmed,curated_extraction,reported_group_statistic
SID0039-R004,SID0039-G04,SID0039,TOTAL_COUNT,count,particles_per_individual,,,,,,,1,,,,,,,,,,,,,,confirmed,curated_extraction,reported_group_statistic
SID0040-R001,SID0040-G01,SID0040,TOTAL_COUNT,count,particles_per_g,,,fragment,,,,4.8,1.6,,,,,,,,,,,,,confirmed,curated_extraction,reported_group_statistic
SID0040-R002,SID0040-G01,SID0040,TOTAL_COUNT,count,particles_per_g,,,fiber,,,,1,0.7,,,,,,,,,,,,,confirmed,curated_extraction,reported_group_statistic
SID0040-R003,SID0040-G01,SID0040,TOTAL_COUNT,count,particles_per_g,,,film,,,,0.3,0.3,,,,,,,,,,,,,confirmed,curated_extraction,reported_group_statistic
SID0040-R004,SID0040-G02,SID0040,TOTAL_COUNT,count,particles_per_g,,,fragment,,,,5.9,2.3,,,,,,,,,,,,,confirmed,curated_extraction,reported_group_statistic
SID0040-R005,SID0040-G02,SID0040,TOTAL_COUNT,count,particles_per_g,,,fiber,,,,1.3,0.8,,,,,,,,,,,,,confirmed,curated_extraction,reported_group_statistic
SID0040-R006,SID0040-G02,SID0040,TOTAL_COUNT,count,particles_per_g,,,film,,,,0.4,0.4,,,,,,,,,,,,,confirmed,curated_extraction,reported_group_statistic
SID0041-R001,SID0041-G01,SID0041,TOTAL_COUNT,detection,pct_of_samples,,,,12,6,,,,,,,,,,,,,,,,confirmed,curated_extraction,reported_group_statistic
SID0041-R002,SID0041-G01,SID0041,TOTAL_COUNT,count,particles_per_sample,,,,,,,21.5,,,,,,,,10.13,,,,,,confirmed,curated_extraction,reported_group_statistic
SID0042-R001,SID0042-G01,SID0042,TOTAL_COUNT,detection,pct_of_samples,,,,200,179,89.5,,,,,,,,,,,,,,,confirmed,curated_extraction,reported_group_statistic
SID0042-R002,SID0042-G01,SID0042,TOTAL_COUNT,count,particles_per_individual,,,,,,,6.5,,,,,,,,,,,,,,confirmed,curated_extraction,reported_group_statistic
SID0042-R003,SID0042-G01,SID0042,TOTAL_COUNT,count,other,,,,,,,,,,,,,,1617,,,,,,,confirmed,curated_extraction,pooled_total_count
SID0043-R001,SID0043-G01,SID0043,TOTAL_COUNT,count,particles_per_g,wet,,,,,,1.8,,,,,0.2,2.9,,,,,,,,confirmed,curated_extraction,reported_group_statistic
SID0043-R002,SID0043-G01,SID0043,TOTAL_COUNT,count,particles_per_individual,,,,,,,0.7,,,,,0.07,1.27,,,,,,,,confirmed,curated_extraction,reported_group_statistic
SID0044-R001,SID0044-G01,SID0044,TOTAL_COUNT,count,particles_per_g,,,,,,,0.043,0.07,,,,,,,,,,,,,confirmed,curated_extraction,reported_group_statistic
SID0044-R002,SID0044-G02,SID0044,TOTAL_COUNT,count,other,,,,,,,3.5,5.2,,,,,,,,,,,,,confirmed,curated_extraction,reported_group_statistic
SID0046-R001,SID0046-G01,SID0046,TOTAL_COUNT,count,particles_per_g,,,,,,,,,5.22,,,1.16,38.7,,,,,,,,confirmed,curated_extraction,reported_group_statistic
SID0046-R002,SID0046-G02,SID0046,TOTAL_COUNT,count,particles_per_g,,,,,,,,,1.75,,,0,6.33,,,,,,,,confirmed,curated_extraction,reported_group_statistic
SID0046-R003,SID0046-G03,SID0046,TOTAL_COUNT,detection,pct_of_samples,,,,12,0,,,,,,,,,,,,,,,,not_detected,curated_extraction,reported_group_statistic
SID0047-R001,SID0047-G01,SID0047,TOTAL_COUNT,count,particles_per_individual,,,,,,,0.89,1.19,,,,,,,,,,,,,confirmed,curated_extraction,reported_group_statistic
SID0047-R002,SID0047-G01,SID0047,TOTAL_COUNT,count,particles_per_g,wet,,,,,,0.002,0.002,,,,,,,,,,,,,confirmed,curated_extraction,reported_group_statistic
SID0047-R003,SID0047-G02,SID0047,TOTAL_COUNT,count,particles_per_individual,,,,,,,0.54,0.74,,,,,,,,,,,,,confirmed,curated_extraction,reported_group_statistic
SID0047-R004,SID0047-G02,SID0047,TOTAL_COUNT,count,particles_per_g,wet,,,,,,0.052,0.08,,,,,,,,,,,,,confirmed,curated_extraction,reported_group_statistic
SID0047-R005,SID0047-G03,SID0047,TOTAL_COUNT,detection,pct_of_samples,,,,30,0,,,,,,,,,,,,,,,,not_detected,curated_extraction,reported_group_statistic
SID0048-R001,SID0048-G01,SID0048,TOTAL_COUNT,detection,pct_of_samples,,,,97,0,0,,,,,,,,,,,,,,,not_detected,curated_extraction,reported_group_statistic
SID0049-R001,SID0049-G01,SID0049,TOTAL_COUNT,detection,pct_of_samples,,,,18,18,,,,,,,,,,,,,,,,confirmed,curated_extraction,reported_group_statistic
SID0050-R001,SID0050-G01,SID0050,TOTAL_COUNT,count,particles_per_individual,,,,,,,36,11.21,,,,,,,,,,,,,confirmed,curated_extraction,reported_group_statistic
SID0050-R002,SID0050-G02,SID0050,TOTAL_COUNT,count,particles_per_individual,,,,,,,28.87,6.01,,,,,,,,,,,,,confirmed,curated_extraction,reported_group_statistic
SID0050-R003,SID0050-G03,SID0050,TOTAL_COUNT,count,particles_per_individual,,,,,,,23.87,5.69,,,,,,,,,,,,,confirmed,curated_extraction,reported_group_statistic
SID0050-R004,SID0050-G04,SID0050,TOTAL_COUNT,count,particles_per_individual,,,,,,,20.62,10.71,,,,,,,,,,,,,confirmed,curated_extraction,reported_group_statistic
SID0052-R001,SID0052-G01,SID0052,ANTHROPOGENIC,count,particles_per_individual,,,,,,,8.94,5.11,,,,,,,,,,,,,confirmed,curated_extraction,reported_group_statistic
SID0052-R002,SID0052-G02,SID0052,ANTHROPOGENIC,count,particles_per_individual,,,,,,,9.26,5.9,,,,,,,,,,,,,confirmed,curated_extraction,reported_group_statistic
SID0052-R003,SID0052-G02,SID0052,TOTAL_COUNT,count,particles_per_individual,,,,,,,3.26,,,,,,,,,,,,,,confirmed,curated_extraction,reported_group_statistic
SID0052-R004,SID0052-G03,SID0052,ANTHROPOGENIC,count,particles_per_individual,,,,,,,8.62,4.16,,,,,,,,,,,,,confirmed,curated_extraction,reported_group_statistic
SID0052-R005,SID0052-G03,SID0052,TOTAL_COUNT,count,particles_per_individual,,,,,,,2.89,,,,,,,,,,,,,,confirmed,curated_extraction,reported_group_statistic
SID0054-R001,SID0054-G01,SID0054,PE-LD,count,other,,,,,,,,,,,,,,1,,,,,,,confirmed,curated_extraction,pooled_total_count
SID0055-R001,SID0055-G01,SID0055,PE,mass,other,,,,,,,21.7,24.5,,,,,,,,,,,,,confirmed,curated_extraction,reported_group_statistic
SID0055-R002,SID0055-G02,SID0055,PVC,mass,other,,,,,,,5.2,2.4,,,,,,,,,,,,,confirmed,curated_extraction,reported_group_statistic
SID0056-R001,SID0056-G01,SID0056,TOTAL_COUNT,count,particles_per_individual,,,,,,,2.96,3.75,,,,,24,,,,,,,,confirmed,curated_extraction,reported_group_statistic
SID0056-R002,SID0056-G01,SID0056,TOTAL_COUNT,detection,pct_of_samples,,,,50,,84,,,,,,,,,,,,,,,confirmed,curated_extraction,reported_group_statistic
SID0056-R003,SID0056-G01,SID0056,TOTAL_COUNT,count,particles_per_g,,,,,,,,,,,,0,36.23,,,,,,,,confirmed,curated_extraction,reported_group_statistic
SID0057-R001,SID0057-G01,SID0057,TOTAL_MASS,mass,ug_per_g,,,,78,,98.7,,,54.7,10.1,102.7,,,,,,,,,,confirmed,curated_extraction,reported_group_statistic
SID0057-R002,SID0057-G01,SID0057,PE,mass,ug_per_g,,,,78,,98.7,,,20.3,4.7,49.7,,,,,,,,,,confirmed,curated_extraction,reported_group_statistic
SID0057-R003,SID0057-G01,SID0057,PVC,mass,ug_per_g,,,,78,,92.3,,,16.3,2,38.3,,,,,,,,,,confirmed,curated_extraction,reported_group_statistic
SID0057-R004,SID0057-G01,SID0057,PS,mass,ug_per_g,,,,78,,94.9,,,1.3,0.4,17.8,,,,,,,,,,confirmed,curated_extraction,reported_group_statistic
SID0057-R005,SID0057-G01,SID0057,PP,mass,ug_per_g,,,,78,,42.3,,,0,0,0,,,,,,,,,,confirmed,curated_extraction,reported_group_statistic
SID0057-R006,SID0057-G01,SID0057,PET,mass,ug_per_g,,,,78,,26.9,,,0,0,3.5,,,,,,,,,,confirmed,curated_extraction,reported_group_statistic
SID0057-R007,SID0057-G01,SID0057,PA66,mass,ug_per_g,,,,78,,10.3,,,0,0,0,,,,,,,,,,confirmed,curated_extraction,reported_group_statistic
SID0059-R001,SID0059-G01,SID0059,TOTAL_COUNT,count,particles_per_g,,,,,,,,,,,,0.235,1.55,,,,,,,,confirmed,curated_extraction,range_of_group_means
SID0059-R002,SID0059-G02,SID0059,TOTAL_COUNT,count,particles_per_g,,,,,,,,,,,,0.65,5.055,,,,,,,,confirmed,curated_extraction,range_of_group_means
SID0059-R003,SID0059-G03,SID0059,TOTAL_COUNT,count,particles_per_g,,,,,,,0.6,0.333,,,,,,,,,,,,,confirmed,curated_extraction,reported_group_statistic
SID0060-R001,SID0060-G01,SID0060,TOTAL_COUNT,count,particles_per_individual,,,,,,,3.16,,,,,,,,,,,,,,confirmed,curated_extraction,reported_group_statistic
SID0060-R002,SID0060-G01,SID0060,TOTAL_COUNT,count,particles_per_individual,,,,,,,,,,,,2,3.6,,,,,,,,confirmed,curated_extraction,range_of_group_means
SID0060-R003,SID0060-G01,SID0060,TOTAL_COUNT,count,particles_per_g,,,,,,,,,,,,0.5,0.91,,,,,,,,confirmed,curated_extraction,range_of_group_means
SID0061-R001,SID0061-G01,SID0061,TOTAL_COUNT,detection,pct_of_samples,,,,48,35,,,,,,,,,,,,,,,,tentative,curated_extraction,reported_group_statistic
SID0061-R002,SID0061-G01,SID0061,TOTAL_COUNT,count,other,,,,,,,,,,,,,,107,,,,,,,tentative,curated_extraction,pooled_total_count
SID0062-R001,SID0062-G01,SID0062,ANTHROPOGENIC,count,particles_per_individual,,,,,,,4.87,,,,,,,,0.72,,,,,,confirmed,curated_extraction,reported_group_statistic
SID0062-R002,SID0062-G01,SID0062,ANTHROPOGENIC,count,other,,,,,,,,,,,,,,146,,,,,,,confirmed,curated_extraction,pooled_total_count
SID0062-R003,SID0062-G02,SID0062,ANTHROPOGENIC,count,particles_per_individual,,,,,,,1.73,,,,,,,,0.36,,,,,,confirmed,curated_extraction,reported_group_statistic
SID0062-R004,SID0062-G02,SID0062,ANTHROPOGENIC,count,other,,,,,,,,,,,,,,52,,,,,,,confirmed,curated_extraction,pooled_total_count
SID0062-R005,SID0062-G03,SID0062,ANTHROPOGENIC,count,particles_per_individual,,,,,,,3.03,,,,,,,,0.58,,,,,,confirmed,curated_extraction,reported_group_statistic
SID0062-R006,SID0062-G03,SID0062,ANTHROPOGENIC,count,other,,,,,,,,,,,,,,91,,,,,,,confirmed,curated_extraction,pooled_total_count
SID0062-R007,SID0062-G04,SID0062,ANTHROPOGENIC,count,particles_per_individual,,,,,,,2.7,,,,,,,,0.57,,,,,,confirmed,curated_extraction,reported_group_statistic
SID0062-R008,SID0062-G04,SID0062,ANTHROPOGENIC,count,other,,,,,,,,,,,,,,81,,,,,,,confirmed,curated_extraction,pooled_total_count
SID0063-R001,SID0063-G01,SID0063,TOTAL_COUNT,count,particles_per_organ,,,,,,,0.4,,,,,,,,,,,,,,confirmed,curated_extraction,reported_group_statistic
SID0063-R002,SID0063-G02,SID0063,TOTAL_COUNT,count,particles_per_organ,,,,,,,0.4,,,,,,,,,,,,,,confirmed,curated_extraction,reported_group_statistic
SID0063-R003,SID0063-G03,SID0063,TOTAL_COUNT,count,particles_per_organ,,,,,,,0,,,,,,,,,,,,,,not_detected,curated_extraction,reported_group_statistic
SID0066-R001,SID0066-G01,SID0066,TOTAL_COUNT,count,particles_per_individual,,,,,,,11,5,,,,,,,,,,,,,confirmed,curated_extraction,reported_group_statistic
SID0066-R002,SID0066-G01,SID0066,TOTAL_COUNT,count,particles_per_g,wet,,,,,,1,0,,,,,,,,,,,,,confirmed,curated_extraction,reported_group_statistic
SID0066-R003,SID0066-G02,SID0066,TOTAL_COUNT,count,particles_per_individual,,,,,,,6,1,,,,,,,,,,,,,confirmed,curated_extraction,reported_group_statistic
SID0066-R004,SID0066-G02,SID0066,TOTAL_COUNT,count,particles_per_g,wet,,,,,,1,0,,,,,,,,,,,,,confirmed,curated_extraction,reported_group_statistic
SID0066-R005,SID0066-G03,SID0066,TOTAL_COUNT,count,particles_per_individual,,,,,,,96,19,,,,,,,,,,,,,confirmed,curated_extraction,reported_group_statistic
SID0066-R006,SID0066-G03,SID0066,TOTAL_COUNT,count,particles_per_g,wet,,,,,,4,0,,,,,,,,,,,,,confirmed,curated_extraction,reported_group_statistic
SID0066-R007,SID0066-G04,SID0066,TOTAL_COUNT,count,particles_per_individual,,,,,,,11,7,,,,,,,,,,,,,confirmed,curated_extraction,reported_group_statistic
SID0066-R008,SID0066-G04,SID0066,TOTAL_COUNT,count,particles_per_g,wet,,,,,,3,2,,,,,,,,,,,,,confirmed,curated_extraction,reported_group_statistic
SID0070-R001,SID0070-G01,SID0070,TOTAL_COUNT,detection,pct_of_samples,,,,22,3,13.6,,,,,,,,,,,,,,,confirmed,curated_extraction,reported_group_statistic
SID0070-R002,SID0070-G01,SID0070,TOTAL_COUNT,count,other,,,,,,,,,,,,,,6,,,,,,,confirmed,curated_extraction,pooled_total_count
SID0070-R003,SID0070-G02,SID0070,PP,detection,pct_of_samples,,,,8,1,,,,,,,,,,,,,,,,confirmed,curated_extraction,reported_group_statistic
SID0070-R004,SID0070-G02,SID0070,PP,count,other,,,,,,,,,,,,,,2,,,,,,,confirmed,curated_extraction,pooled_total_count
SID0070-R005,SID0070-G02,SID0070,PE,detection,pct_of_samples,,,,8,1,,,,,,,,,,,,,,,,confirmed,curated_extraction,reported_group_statistic
SID0070-R006,SID0070-G02,SID0070,PE,count,other,,,,,,,,,,,,,,2,,,,,,,confirmed,curated_extraction,pooled_total_count
SID0070-R007,SID0070-G03,SID0070,EVA,detection,pct_of_samples,,,,8,1,,,,,,,,,,,,,,,,confirmed,curated_extraction,reported_group_statistic
SID0070-R008,SID0070-G03,SID0070,EVA,count,other,,,,,,,,,,,,,,2,,,,,,,confirmed,curated_extraction,pooled_total_count
SID0070-R009,SID0070-G04,SID0070,TOTAL_COUNT,detection,pct_of_samples,,,,6,0,,,,,,,,,,,,,,,,not_detected,curated_extraction,reported_group_statistic
SID0071-R001,SID0071-G01,SID0071,TOTAL_COUNT,count,particles_per_individual,,,,,,,7.86,,,,,,,,2,,,,,,confirmed,curated_extraction,reported_group_statistic
SID0071-R002,SID0071-G02,SID0071,TOTAL_COUNT,count,particles_per_g,,,,,,,0.65,,,,,,,,0.18,,,,,,confirmed,curated_extraction,reported_group_statistic
SID0071-R003,SID0071-G03,SID0071,TOTAL_COUNT,count,particles_per_individual,,,,,,,4.17,,,,,,,,0.6,,,,,,confirmed,curated_extraction,reported_group_statistic
SID0071-R004,SID0071-G04,SID0071,TOTAL_COUNT,count,particles_per_g,,,,,,,0.44,,,,,,,,0.11,,,,,,confirmed,curated_extraction,reported_group_statistic
SID0071-R005,SID0071-G05,SID0071,TOTAL_COUNT,count,particles_per_individual,,,,,,,3.03,,,,,,,,0.4,,,,,,confirmed,curated_extraction,reported_group_statistic
SID0071-R006,SID0071-G06,SID0071,TOTAL_COUNT,count,particles_per_g,,,,,,,0.33,,,,,,,,0.06,,,,,,confirmed,curated_extraction,reported_group_statistic
SID0071-R007,SID0071-G07,SID0071,TOTAL_COUNT,count,particles_per_individual,,,,,,,0.83,,,,,,,,0.13,,,,,,confirmed,curated_extraction,reported_group_statistic
SID0071-R008,SID0071-G08,SID0071,TOTAL_COUNT,count,particles_per_individual,,,,,,,0.77,,,,,,,,0.2,,,,,,confirmed,curated_extraction,reported_group_statistic
SID0072-R001,SID0072-G01,SID0072,TOTAL_COUNT,count,particles_per_individual,,,,,,,0.41,0.13,,,,,,,,,,,,yes,confirmed,curated_extraction,reported_group_statistic
SID0072-R002,SID0072-G01,SID0072,TOTAL_COUNT,count,other,,,,,,,,,,,,,,309,,,,,,,confirmed,curated_extraction,pooled_total_count
SID0073-R001,SID0073-G01,SID0073,TOTAL_COUNT,count,particles_per_organ,,,,,,,22.89,8.91,,,,,,,,,,,,,confirmed,curated_extraction,reported_group_statistic
SID0073-R002,SID0073-G01,SID0073,TOTAL_COUNT,detection,pct_of_samples,,,,10,10,,,,,,,,,,,,,,,,confirmed,curated_extraction,reported_group_statistic
SID0073-R003,SID0073-G01,SID0073,TOTAL_COUNT,count,other,,,,,,,,,,,,,,206,,,,,,,confirmed,curated_extraction,pooled_total_count
SID0073-R004,SID0073-G02,SID0073,TOTAL_COUNT,count,particles_per_organ,,,,,,,15.11,3.55,,,,,,,,,,,,,confirmed,curated_extraction,reported_group_statistic
SID0073-R005,SID0073-G02,SID0073,TOTAL_COUNT,detection,pct_of_samples,,,,10,10,,,,,,,,,,,,,,,,confirmed,curated_extraction,reported_group_statistic
SID0073-R006,SID0073-G02,SID0073,TOTAL_COUNT,count,other,,,,,,,,,,,,,,136,,,,,,,confirmed,curated_extraction,pooled_total_count
SID0073-R007,SID0073-G03,SID0073,TOTAL_COUNT,count,particles_per_organ,,,,,,,10.78,4.29,,,,,,,,,,,,,confirmed,curated_extraction,reported_group_statistic
SID0073-R008,SID0073-G03,SID0073,TOTAL_COUNT,detection,pct_of_samples,,,,10,10,,,,,,,,,,,,,,,,confirmed,curated_extraction,reported_group_statistic
SID0073-R009,SID0073-G03,SID0073,TOTAL_COUNT,count,other,,,,,,,,,,,,,,97,,,,,,,confirmed,curated_extraction,pooled_total_count
SID0074-R001,SID0074-G01,SID0074,TOTAL_MASS,mass,ug_per_g,dry,,,,,,,,212.1,124.1,362.8,,,,,,,,,,confirmed,curated_extraction,reported_group_statistic
SID0074-R002,SID0074-G01,SID0074,TOTAL_COUNT,detection,pct_of_samples,,,,335,325,97,,,,,,,,,,,,,,,confirmed,curated_extraction,reported_group_statistic
SID0074-R003,SID0074-G01,SID0074,PVC,mass,ug_per_g,dry,,,,,,,,71.7,,,,,,,,,,,,confirmed,curated_extraction,positive_only_statistic
SID0074-R004,SID0074-G01,SID0074,PA66,mass,ug_per_g,dry,,,,,,,,72.9,,,,,,,,,,,,confirmed,curated_extraction,positive_only_statistic
SID0074-R005,SID0074-G01,SID0074,PE,mass,ug_per_g,dry,,,,,,,,41,,,,,,,,,,,,confirmed,curated_extraction,positive_only_statistic
SID0074-R006,SID0074-G01,SID0074,PET,mass,ug_per_g,dry,,,,,,,,157.4,,,,,,,,,,,,confirmed,curated_extraction,positive_only_statistic
SID0074-R007,SID0074-G01,SID0074,PS,mass,ug_per_g,dry,,,,,,,,2.9,,,,,,,,,,,,confirmed,curated_extraction,positive_only_statistic
SID0074-R008,SID0074-G01,SID0074,PMMA,mass,ug_per_g,dry,,,,,,,,41.2,,,,,,,,,,,,confirmed,curated_extraction,positive_only_statistic
SID0074-R009,SID0074-G01,SID0074,PP,mass,ug_per_g,dry,,,,,,,,9.6,,,,,,,,,,,,confirmed,curated_extraction,positive_only_statistic
SID0074-R010,SID0074-G01,SID0074,PA6,mass,ug_per_g,dry,,,,,,,,17.9,,,,,,,,,,,,confirmed,curated_extraction,positive_only_statistic
SID0075-R001,SID0075-G01,SID0075,TOTAL_COUNT,detection,pct_of_samples,,,,30,4,,,,,,,,,,,,,,,,confirmed,curated_extraction,reported_group_statistic
SID0075-R002,SID0075-G01,SID0075,TOTAL_COUNT,count,other,,,,,,,,,,,,,,6,,,,,,,confirmed,curated_extraction,pooled_total_count
SID0075-R003,SID0075-G02,SID0075,TOTAL_COUNT,detection,pct_of_samples,,,,13,13,,,,,,,,,,,,,,,,confirmed,curated_extraction,reported_group_statistic
SID0075-R004,SID0075-G02,SID0075,TOTAL_COUNT,count,other,,,,,,,,,,,,,,302,,,,,,,confirmed,curated_extraction,pooled_total_count
SID0076-R001,SID0076-G01,SID0076,TOTAL_COUNT,count,particles_per_individual,,,,,,,,,,,,,,1.46,,,,,,,confirmed,curated_extraction,central_statistic_unspecified
SID0076-R002,SID0076-G01,SID0076,TOTAL_COUNT,detection,pct_of_samples,,,,62,40,,,,,,,,,,,,,,,,confirmed,curated_extraction,reported_group_statistic
SID0076-R003,SID0076-G01,SID0076,TOTAL_COUNT,count,other,,,,,,,,,,,,,,91,,,,,,,confirmed,curated_extraction,pooled_total_count
SID0076-R004,SID0076-G02,SID0076,TOTAL_COUNT,count,particles_per_individual,,,,,,,,,,,,,,1.01,,,,,,,confirmed,curated_extraction,central_statistic_unspecified
SID0076-R005,SID0076-G02,SID0076,TOTAL_COUNT,detection,pct_of_samples,,,,62,43,,,,,,,,,,,,,,,,confirmed,curated_extraction,reported_group_statistic
SID0076-R006,SID0076-G02,SID0076,TOTAL_COUNT,count,other,,,,,,,,,,,,,,63,,,,,,,confirmed,curated_extraction,pooled_total_count
SID0077-R001,SID0077-G01,SID0077,TOTAL_COUNT,count,particles_per_individual,,,,,,,,,,,,0.87,10.02,,,,,,,,confirmed,curated_extraction,range_of_group_means
SID0077-R002,SID0077-G01,SID0077,TOTAL_COUNT,count,particles_per_g,wet,,,,,,,,,,,0.1,2.05,,,,,,,,confirmed,curated_extraction,range_of_group_means
SID0078-R001,SID0078-G01,SID0078,TOTAL_COUNT,count,particles_per_g,wet,,,,,,11,1.85,,,,,,,,,,,,,confirmed,curated_extraction,reported_group_statistic
SID0078-R002,SID0078-G02,SID0078,TOTAL_COUNT,count,particles_per_g,wet,,,,,,10.75,1.4,,,,,,,,,,,,,confirmed,curated_extraction,reported_group_statistic
SID0078-R003,SID0078-G03,SID0078,TOTAL_COUNT,count,particles_per_g,wet,,,,,,10,0.6,,,,,,,,,,,,,confirmed,curated_extraction,reported_group_statistic
SID0078-R004,SID0078-G04,SID0078,TOTAL_COUNT,count,particles_per_g,wet,,,,,,12.5,2.3,,,,,,,,,,,,,confirmed,curated_extraction,reported_group_statistic
SID0079-R001,SID0079-G01,SID0079,TOTAL_COUNT,count,other,,,,,,,,,,,,1.2,3.6,,,,,,,,confirmed,curated_extraction,range_of_group_means
SID0079-R002,SID0079-G02,SID0079,TOTAL_COUNT,count,other,,,,,,,,,,,,1.93,4.27,,,,,,,,confirmed,curated_extraction,range_of_group_means
SID0079-R003,SID0079-G03,SID0079,TOTAL_COUNT,count,other,,,,,,,,,,,,2.67,8.75,,,,,,,,confirmed,curated_extraction,range_of_group_means
SID0080-R001,SID0080-G01,SID0080,TOTAL_COUNT,detection,pct_of_samples,,,,15,8,,,,,,,,,,,,,,,,confirmed,curated_extraction,reported_group_statistic
SID0080-R002,SID0080-G01,SID0080,TOTAL_COUNT,count,other,,,,,,,,,,,,,,16,,,,,,,confirmed,curated_extraction,pooled_total_count
SID0080-R003,SID0080-G02,SID0080,TOTAL_COUNT,count,particles_per_individual,,,,,,,,,,,,1,4,,,,,,,,confirmed,curated_extraction,reported_group_statistic
SID0080-R004,SID0080-G03,SID0080,TOTAL_COUNT,count,other,,,,,,,,,,,,,,6,,,,,,,confirmed,curated_extraction,pooled_total_count
SID0080-R005,SID0080-G04,SID0080,TOTAL_COUNT,count,other,,,,,,,,,,,,,,10,,,,,,,confirmed,curated_extraction,pooled_total_count
SID0081-R001,SID0081-G01,SID0081,TOTAL_COUNT,detection,pct_of_samples,,,,88,54,61.4,,,,,,,,,,,,,,,tentative,curated_extraction,reported_group_statistic
SID0081-R002,SID0081-G01,SID0081,TOTAL_COUNT,count,other,,,,,,,,,,,,,,183,,,,,,,tentative,curated_extraction,pooled_total_count
SID0082-R001,SID0082-G01,SID0082,TOTAL_COUNT,detection,pct_of_samples,,,,49,39,79.6,,,,,,,,,,,,,,,confirmed,curated_extraction,reported_group_statistic
SID0082-R002,SID0082-G01,SID0082,TOTAL_COUNT,count,particles_per_organ,,,,,,,3,6.3,,,,,,,,,,,,yes,confirmed,curated_extraction,reported_group_statistic
SID0082-R003,SID0082-G01,SID0082,TOTAL_COUNT,count,other,,,,,,,,,,,,,,140,,,,,,,confirmed,curated_extraction,pooled_total_count
SID0082-R004,SID0082-G02,SID0082,TOTAL_COUNT,count,other,,,,,,,,,,,,,,43,,,,,,,confirmed,curated_extraction,pooled_total_count
SID0082-R005,SID0082-G03,SID0082,TOTAL_COUNT,count,other,,,,,,,,,,,,,,97,,,,,,,confirmed,curated_extraction,pooled_total_count
SID0083-R001,SID0083-G01,SID0083,TOTAL_COUNT,count,particles_per_individual,,,,,,,,,,,,11.7,16.14,,,,,,,,confirmed,curated_extraction,range_of_group_means
SID0083-R002,SID0083-G01,SID0083,TOTAL_COUNT,count,particles_per_g,,,,,,,,,,,,,,1.7,,,,,,,confirmed,curated_extraction,reported_overall_abundance
SID0084-R001,SID0084-G01,SID0084,TOTAL_COUNT,detection,pct_of_samples,,,,282,137,48.5,,,,,,,,,,,,,,,tentative,curated_extraction,reported_group_statistic
SID0084-R002,SID0084-G01,SID0084,TOTAL_COUNT,count,particles_per_individual,,,,,,,0.79,1.14,,,,,,,,,,,,,tentative,curated_extraction,reported_group_statistic
SID0084-R003,SID0084-G02,SID0084,TOTAL_COUNT,count,particles_per_individual,,,,,,,1.59,1.04,,,,,,,,,,,,,tentative,curated_extraction,reported_group_statistic
SID0085-R001,SID0085-G01,SID0085,TOTAL_COUNT,count,other,,,,,,,31000,19000,,,,13000,57000,,,,,,,,confirmed,curated_extraction,reported_group_statistic
SID0085-R002,SID0085-G01,SID0085,TOTAL_COUNT,count,other,wet,,,,,,,,,,,5,66,,,,,,,,confirmed,curated_extraction,reported_group_statistic
SID0086-R001,SID0086-G01,SID0086,TOTAL_COUNT,detection,pct_of_samples,,,,18,14,,,,,,,,,,,,,,,,tentative,curated_extraction,reported_group_statistic
SID0086-R002,SID0086-G01,SID0086,TOTAL_COUNT,count,other,,,,,,,,,,,,,,77,,,,,,yes,tentative,curated_extraction,pooled_total_count
SID0086-R003,SID0086-G02,SID0086,TOTAL_COUNT,count,other,,,,,,,,,,,,0,19,,,,,,,,tentative,curated_extraction,reported_group_statistic
SID0088-R001,SID0088-G01,SID0088,TOTAL_COUNT,count,particles_per_g,,,,,,,,,,,,1.56,7.16,,,,,,,,tentative,curated_extraction,range_of_group_means
SID0088-R002,SID0088-G02,SID0088,TOTAL_COUNT,count,particles_per_g,,,,,,,,,,,,1.91,4.46,,,,,,,,tentative,curated_extraction,range_of_group_means
SID0088-R003,SID0088-G03,SID0088,TOTAL_COUNT,count,particles_per_g,,,,,,,,,,,,2.36,6.53,,,,,,,,tentative,curated_extraction,range_of_group_means
SID0089-R001,SID0089-G01,SID0089,TOTAL_COUNT,count,other,dry,,,,,,13.77,2.45,,,,,,,,,,,,yes,confirmed,curated_extraction,reported_group_statistic
SID0089-R002,SID0089-G02,SID0089,TOTAL_COUNT,count,other,dry,,,,,,17.34,4.22,,,,,,,,,,,,yes,confirmed,curated_extraction,reported_group_statistic
SID0089-R003,SID0089-G03,SID0089,TOTAL_COUNT,count,other,dry,,,,,,10.43,2.45,,,,,,,,,,,,yes,confirmed,curated_extraction,reported_group_statistic
SID0090-R001,SID0090-G01,SID0090,TOTAL_COUNT,detection,pct_of_samples,,,,24,16,66.6,,,,,,,,,,,,,,,confirmed,curated_extraction,reported_group_statistic
SID0090-R002,SID0090-G01,SID0090,TOTAL_COUNT,count,other,,,,,,,,,,,,,,57,,,,,,,confirmed,curated_extraction,pooled_total_count
SID0090-R003,SID0090-G02,SID0090,TOTAL_COUNT,count,particles_per_individual,,,,,,,3.8,1.6,,,,1,12,,,,,,,,confirmed,curated_extraction,reported_group_statistic
SID0091-R001,SID0091-G01,SID0091,PS,detection,pct_of_samples,,,,,,100,,,,,,,,,,,,,,,confirmed,curated_extraction,reported_group_statistic
SID0091-R002,SID0091-G01,SID0091,PVC,detection,pct_of_samples,,,,,,91,,,,,,,,,,,,,,,confirmed,curated_extraction,reported_group_statistic
SID0091-R003,SID0091-G01,SID0091,PP,detection,pct_of_samples,,,,,,89,,,,,,,,,,,,,,,confirmed,curated_extraction,reported_group_statistic
SID0091-R004,SID0091-G01,SID0091,PE,detection,pct_of_samples,,,,,,77,,,,,,,,,,,,,,,confirmed,curated_extraction,reported_group_statistic
SID0091-R005,SID0091-G01,SID0091,PTFE,detection,pct_of_samples,,,,,,55,,,,,,,,,,,,,,,confirmed,curated_extraction,reported_group_statistic
SID0091-R006,SID0091-G01,SID0091,PET,detection,pct_of_samples,,,,,,20,,,,,,,,,,,,,,,confirmed,curated_extraction,reported_group_statistic
SID0091-R007,SID0091-G01,SID0091,PC,detection,pct_of_samples,,,,,,17,,,,,,,,,,,,,,,confirmed,curated_extraction,reported_group_statistic
SID0091-R008,SID0091-G01,SID0091,ABS,detection,pct_of_samples,,,,,,2,,,,,,,,,,,,,,,confirmed,curated_extraction,reported_group_statistic
SID0091-R009,SID0091-G02,SID0091,PS,detection,pct_of_samples,,,,,,91,,,,,,,,,,,,,,,confirmed,curated_extraction,reported_group_statistic
SID0091-R010,SID0091-G02,SID0091,PVC,detection,pct_of_samples,,,,,,72,,,,,,,,,,,,,,,confirmed,curated_extraction,reported_group_statistic
SID0091-R011,SID0091-G02,SID0091,PP,detection,pct_of_samples,,,,,,66,,,,,,,,,,,,,,,confirmed,curated_extraction,reported_group_statistic
SID0091-R012,SID0091-G02,SID0091,PE,detection,pct_of_samples,,,,,,45,,,,,,,,,,,,,,,confirmed,curated_extraction,reported_group_statistic
SID0091-R013,SID0091-G02,SID0091,PTFE,detection,pct_of_samples,,,,,,26,,,,,,,,,,,,,,,confirmed,curated_extraction,reported_group_statistic
SID0091-R014,SID0091-G02,SID0091,PET,detection,pct_of_samples,,,,,,14,,,,,,,,,,,,,,,confirmed,curated_extraction,reported_group_statistic
SID0091-R015,SID0091-G02,SID0091,PC,detection,pct_of_samples,,,,,,14,,,,,,,,,,,,,,,confirmed,curated_extraction,reported_group_statistic
SID0091-R016,SID0091-G02,SID0091,ABS,detection,pct_of_samples,,,,,,1,,,,,,,,,,,,,,,confirmed,curated_extraction,reported_group_statistic
SID0091-R017,SID0091-G03,SID0091,PS,detection,pct_of_samples,,,,,,100,,,,,,,,,,,,,,,confirmed,curated_extraction,reported_group_statistic
SID0091-R018,SID0091-G03,SID0091,PVC,detection,pct_of_samples,,,,,,62,,,,,,,,,,,,,,,confirmed,curated_extraction,reported_group_statistic
SID0091-R019,SID0091-G03,SID0091,PP,detection,pct_of_samples,,,,,,47,,,,,,,,,,,,,,,confirmed,curated_extraction,reported_group_statistic
SID0091-R020,SID0091-G03,SID0091,PE,detection,pct_of_samples,,,,,,63,,,,,,,,,,,,,,,confirmed,curated_extraction,reported_group_statistic
SID0091-R021,SID0091-G03,SID0091,PTFE,detection,pct_of_samples,,,,,,40,,,,,,,,,,,,,,,confirmed,curated_extraction,reported_group_statistic
SID0091-R022,SID0091-G03,SID0091,PET,detection,pct_of_samples,,,,,,7,,,,,,,,,,,,,,,confirmed,curated_extraction,reported_group_statistic
SID0091-R023,SID0091-G03,SID0091,PC,detection,pct_of_samples,,,,,,3,,,,,,,,,,,,,,,confirmed,curated_extraction,reported_group_statistic
SID0091-R024,SID0091-G03,SID0091,ABS,detection,pct_of_samples,,,,,,1,,,,,,,,,,,,,,,confirmed,curated_extraction,reported_group_statistic
SID0092-R001,SID0092-G01,SID0092,TOTAL_COUNT,detection,pct_of_samples,,,,105,93,88.6,,,,,,,,,,,,,,,confirmed,curated_extraction,reported_group_statistic
SID0092-R002,SID0092-G01,SID0092,TOTAL_COUNT,count,particles_per_g,,,,,,,,,,,,0.09,0.7,,,,,,,yes,confirmed,curated_extraction,range_of_group_means
SID0093-R001,SID0093-G01,SID0093,TOTAL_COUNT,count,particles_per_individual,,,,,,,1.43,,,,,,,,,,,,,,tentative,curated_extraction,reported_group_statistic
SID0093-R002,SID0093-G02,SID0093,TOTAL_COUNT,count,particles_per_individual,,,,,,,1.57,,,,,,,,,,,,,,tentative,curated_extraction,reported_group_statistic
SID0093-R003,SID0093-G03,SID0093,TOTAL_COUNT,count,particles_per_individual,,,,,,,1.06,,,,,,,,,,,,,,tentative,curated_extraction,reported_group_statistic
SID0093-R004,SID0093-G01,SID0093,TOTAL_COUNT,detection,pct_of_samples,,,,500,291,58.2,,,,,,,,,,,,,,,tentative,curated_extraction,reported_group_statistic
SID0094-R001,SID0094-G01,SID0094,TOTAL_COUNT,count,particles_per_individual,,,,,,,7.31,,,,,,,,,,,,,,tentative,curated_extraction,reported_group_statistic
SID0094-R002,SID0094-G01,SID0094,TOTAL_COUNT,detection,pct_of_samples,,,,58,,93.1,,,,,,,,,,,,,,,tentative,curated_extraction,reported_group_statistic
SID0094-R003,SID0094-G01,SID0094,TOTAL_COUNT,count,other,,,,,,,,,,,,,,424,,,,,,,tentative,curated_extraction,pooled_total_count
SID0094-R004,SID0094-G02,SID0094,TOTAL_COUNT,count,particles_per_individual,,,,,,,4.21,,,,,,,,,,,,,,tentative,curated_extraction,reported_group_statistic
SID0094-R005,SID0094-G02,SID0094,TOTAL_COUNT,detection,pct_of_samples,,,,66,,92,,,,,,,,,,,,,,,tentative,curated_extraction,reported_group_statistic
SID0094-R006,SID0094-G02,SID0094,TOTAL_COUNT,count,other,,,,,,,,,,,,,,278,,,,,,,tentative,curated_extraction,pooled_total_count
SID0095-R001,SID0095-G01,SID0095,TOTAL_COUNT,detection,pct_of_samples,,,,15,15,,,,,,,,,,,,,,,,confirmed,curated_extraction,reported_group_statistic
SID0095-R002,SID0095-G01,SID0095,TOTAL_COUNT,count,particles_per_individual,,,,,,,9.3,,,,,,,,,,,,,,confirmed,curated_extraction,reported_group_statistic
SID0095-R003,SID0095-G02,SID0095,TOTAL_COUNT,count,other,,,,,,,,,,,,,,10,,,,,,,confirmed,curated_extraction,pooled_total_count
SID0095-R004,SID0095-G03,SID0095,TOTAL_COUNT,count,other,,,,,,,,,,,,,,34,,,,,,,confirmed,curated_extraction,pooled_total_count
SID0095-R005,SID0095-G04,SID0095,TOTAL_COUNT,count,other,,,,,,,,,,,,,,51,,,,,,,confirmed,curated_extraction,pooled_total_count
SID0095-R006,SID0095-G05,SID0095,TOTAL_COUNT,count,other,,,,,,,,,,,,,,35,,,,,,,confirmed,curated_extraction,pooled_total_count
SID0095-R007,SID0095-G06,SID0095,TOTAL_COUNT,count,other,,,,,,,,,,,,,,9,,,,,,,confirmed,curated_extraction,pooled_total_count
SID0096-R001,SID0096-G01,SID0096,TOTAL_COUNT,count,particles_per_sample,,,,,,,33.31,,,,,,,,,,,,,,tentative,curated_extraction,reported_group_statistic
SID0096-R002,SID0096-G01,SID0096,TOTAL_COUNT,count,other,,,,,,,,,,,,,,533,,,,,,,tentative,curated_extraction,pooled_total_count
SID0096-R003,SID0096-G02,SID0096,TOTAL_COUNT,count,particles_per_sample,,,,,,,33.43,,,,,,,,,,,,,,tentative,curated_extraction,reported_group_statistic
SID0096-R004,SID0096-G02,SID0096,TOTAL_COUNT,count,other,,,,,,,,,,,,,,468,,,,,,,tentative,curated_extraction,pooled_total_count
SID0096-R005,SID0096-G03,SID0096,TOTAL_COUNT,count,particles_per_sample,,,,,,,11,,,,,,,,,,,,,,tentative,curated_extraction,reported_group_statistic
SID0096-R006,SID0096-G03,SID0096,TOTAL_COUNT,count,other,,,,,,,,,,,,,,165,,,,,,,tentative,curated_extraction,pooled_total_count
SID0097-R001,SID0097-G01,SID0097,TOTAL_COUNT,detection,pct_of_samples,,,,101,82,81,,,,,,,,,,,,,,,tentative,curated_extraction,reported_group_statistic
SID0097-R002,SID0097-G01,SID0097,TOTAL_COUNT,count,particles_per_sample,,,,,,,2.93,1.63,,,,,,,,,,,,,tentative,curated_extraction,reported_group_statistic
SID0097-R003,SID0097-G01,SID0097,TOTAL_COUNT,count,particles_per_individual,,,,,,,0.47,0.5,,,,,,,,,,,,,tentative,curated_extraction,reported_group_statistic
SID0101-R001,SID0101-G01,SID0101,TOTAL_COUNT,count,particles_per_individual,,,,,,,3.1,,,,,,,,0.05,,,,,,confirmed,curated_extraction,reported_group_statistic
SID0101-R002,SID0101-G01,SID0101,TOTAL_COUNT,count,other,,,,,,,,,,,,,,155,,,,,,,confirmed,curated_extraction,pooled_total_count
SID0101-R003,SID0101-G02,SID0101,TOTAL_COUNT,count,particles_per_individual,,,,,,,0.62,,,,,,,,0.27,,,,,,confirmed,curated_extraction,reported_group_statistic
SID0101-R004,SID0101-G02,SID0101,TOTAL_COUNT,count,other,,,,,,,,,,,,,,31,,,,,,,confirmed,curated_extraction,pooled_total_count
SID0101-R005,SID0101-G03,SID0101,TOTAL_COUNT,count,particles_per_individual,,,,,,,0.14,,,,,,,,0.19,,,,,,confirmed,curated_extraction,reported_group_statistic
SID0101-R006,SID0101-G03,SID0101,TOTAL_COUNT,count,other,,,,,,,,,,,,,,7,,,,,,,confirmed,curated_extraction,pooled_total_count
SID0102-R001,SID0102-G01,SID0102,TOTAL_COUNT,count,other,,,,,,,28.3,15.6,,,,14,67.3,,,,,,,,confirmed,curated_extraction,reported_group_statistic
SID0102-R002,SID0102-G01,SID0102,TOTAL_COUNT,detection,pct_of_samples,,,,14,14,,,,,,,,,,,,,,,,confirmed,curated_extraction,reported_group_statistic
SID0102-R003,SID0102-G01,SID0102,PS,count,pct_of_particles,,,,,,,,,,,,,,36,,,,,,,confirmed,curated_extraction,polymer_particle_share
SID0102-R004,SID0102-G01,SID0102,PA,count,pct_of_particles,,,,,,,,,,,,,,23,,,,,,,confirmed,curated_extraction,polymer_particle_share
SID0102-R005,SID0102-G01,SID0102,EPDM,count,pct_of_particles,,,,,,,,,,,,,,17,,,,,,,confirmed,curated_extraction,polymer_particle_share
SID0102-R006,SID0102-G01,SID0102,PESU,count,pct_of_particles,,,,,,,,,,,,,,12,,,,,,,confirmed,curated_extraction,polymer_particle_share
SID0102-R007,SID0102-G01,SID0102,PE,count,pct_of_particles,,,,,,,,,,,,,,6,,,,,,,confirmed,curated_extraction,polymer_particle_share
SID0102-R008,SID0102-G01,SID0102,PVDF,count,pct_of_particles,,,,,,,,,,,,,,5,,,,,,,confirmed,curated_extraction,polymer_particle_share
SID0102-R009,SID0102-G01,SID0102,PP,count,pct_of_particles,,,,,,,,,,,,,,1,,,,,,,confirmed,curated_extraction,polymer_particle_share
SID0102-R010,SID0102-G01,SID0102,PVC,count,pct_of_particles,,,,,,,,,,,,,,1,,,,,,,confirmed,curated_extraction,polymer_particle_share
SID0103-R001,SID0103-G01,SID0103,TOTAL_COUNT,detection,pct_of_samples,,,,581,69,11.8,,,,,,,,,,,,,,,confirmed,curated_extraction,reported_group_statistic
SID0103-R002,SID0103-G01,SID0103,TOTAL_COUNT,count,other,,,,,,,,,,,,,,157,,,,,,,confirmed,curated_extraction,pooled_total_count
SID0103-R003,SID0103-G02,SID0103,TOTAL_COUNT,count,particles_per_sample,,,,,,,,,,,,1,38,,,,,,,,confirmed,curated_extraction,reported_group_statistic
SID0103-R004,SID0103-G03,SID0103,TOTAL_COUNT,detection,pct_of_samples,,,,,,29.4,,,,,,,,,,,,,,,confirmed,curated_extraction,reported_group_statistic
SID0103-R005,SID0103-G04,SID0103,TOTAL_COUNT,detection,pct_of_samples,,,,,,24.1,,,,,,,,,,,,,,,confirmed,curated_extraction,reported_group_statistic
SID0104-R001,SID0104-G01,SID0104,TOTAL_COUNT,detection,pct_of_samples,,,,96,4,,,,,,,,,,,,,,,,confirmed,curated_extraction,reported_group_statistic
SID0104-R002,SID0104-G01,SID0104,TOTAL_COUNT,count,particles_per_individual,,,,,,,0.05,,,,,,,,,,,,,,confirmed,curated_extraction,reported_group_statistic
SID0104-R003,SID0104-G02,SID0104,TOTAL_COUNT,count,particles_per_individual,,,,,,,0.03,0.17,,,,,,,,,,,,,confirmed,curated_extraction,reported_group_statistic
SID0104-R004,SID0104-G03,SID0104,TOTAL_COUNT,count,particles_per_individual,,,,,,,0.2,0.44,,,,,,,,,,,,,confirmed,curated_extraction,reported_group_statistic
SID0104-R005,SID0104-G04,SID0104,TOTAL_COUNT,count,particles_per_individual,,,,,,,0.25,0.7,,,,,,,,,,,,,confirmed,curated_extraction,reported_group_statistic
SID0104-R006,SID0104-G05,SID0104,TOTAL_COUNT,count,particles_per_individual,,,,,,,0,,,,,,,,,,,,,,not_detected,curated_extraction,reported_group_statistic
SID0104-R007,SID0104-G06,SID0104,TOTAL_COUNT,count,particles_per_individual,,,,,,,0,,,,,,,,,,,,,,not_detected,curated_extraction,reported_group_statistic
SID0106-R001,SID0106-G01,SID0106,TOTAL_COUNT,count,other,,,,,,,,,,,,,,69,,,,,,,confirmed,curated_extraction,pooled_total_count
SID0106-R002,SID0106-G01,SID0106,TOTAL_COUNT,count,particles_per_individual,,,,,,,,,,,,0.002,0.032,,,,,,,,confirmed,curated_extraction,range_of_group_means
SID0108-R001,SID0108-G01,SID0108,TOTAL_COUNT,detection,pct_of_samples,,,,85,,40,,,,,,,,,,,,,,,tentative,curated_extraction,reported_group_statistic
SID0108-R002,SID0108-G01,SID0108,TOTAL_COUNT,count,particles_per_individual,,,,,,,,,,,,0.06,0.74,,,,,,,,tentative,curated_extraction,range_of_group_means
SID0108-R003,SID0108-G02,SID0108,TOTAL_COUNT,detection,pct_of_samples,,,,418,,39,,,,,,,,,,,,,,,tentative,curated_extraction,reported_group_statistic
SID0108-R004,SID0108-G02,SID0108,TOTAL_COUNT,count,particles_per_individual,,,,,,,0.62,,,,,0,6,,0.05,,,,,,tentative,curated_extraction,reported_group_statistic
SID0109-R001,SID0109-G01,SID0109,TOTAL_COUNT,count,particles_per_g,,,,,,,8.88,1.03,,,,,,,,,,,,,confirmed,curated_extraction,reported_group_statistic
SID0109-R002,SID0109-G01,SID0109,TOTAL_COUNT,detection,pct_of_samples,,,,30,30,,,,,,,,,,,,,,,,confirmed,curated_extraction,reported_group_statistic
SID0109-R003,SID0109-G02,SID0109,TOTAL_COUNT,count,particles_per_g,,,,,,,12.64,1.31,,,,,,,,,,,,,confirmed,curated_extraction,reported_group_statistic
SID0109-R004,SID0109-G03,SID0109,TOTAL_COUNT,count,particles_per_g,,,,,,,5.11,0.83,,,,,,,,,,,,,confirmed,curated_extraction,reported_group_statistic
SID0112-R001,SID0112-G01,SID0112,TOTAL_MASS,mass,ug_per_mL,,,,,,,1.6,2.3,,,,,,,,,,,,,confirmed,curated_extraction,reported_group_statistic
SID0112-R002,SID0112-G01,SID0112,TOTAL_COUNT,detection,pct_of_samples,,,,22,17,,,,,,,,,,,,,,,,confirmed,curated_extraction,reported_group_statistic
SID0112-R003,SID0112-G01,SID0112,PET,mass,ug_per_mL,,,,22,,50,,,,,,,2.4,,,,,,,,confirmed,curated_extraction,reported_group_statistic
SID0112-R004,SID0112-G01,SID0112,PS,mass,ug_per_mL,,,,22,,36,,,,,,,4.8,,,,,,,,confirmed,curated_extraction,reported_group_statistic
SID0112-R005,SID0112-G01,SID0112,PE,mass,ug_per_mL,,,,22,,23,,,,,,,7.1,,,,,,,,confirmed,curated_extraction,reported_group_statistic
SID0112-R006,SID0112-G01,SID0112,PMMA,mass,ug_per_mL,,,,22,,5,,,,,,,,,,,,,,,confirmed,curated_extraction,reported_group_statistic
SID0112-R007,SID0112-G01,SID0112,PP,mass,ug_per_mL,,,,,,,,,,,,,,,,,,,,,below_quantification,curated_extraction,reported_group_statistic
SID0113-R001,SID0113-G01,SID0113,TOTAL_COUNT,qualitative,,,,,,,,,,,,,,,,,,,,,yes,below_detection,curated_extraction,reported_group_statistic
SID0113-R002,SID0113-G02,SID0113,TOTAL_COUNT,qualitative,,,,,,,,,,,,,,,,,,,,,yes,below_detection,curated_extraction,reported_group_statistic
SID0113-R003,SID0113-G03,SID0113,TOTAL_COUNT,qualitative,,,,,,,,,,,,,,,,,,,,,yes,below_detection,curated_extraction,reported_group_statistic
SID0115-R001,SID0115-G01,SID0115,TOTAL_COUNT,detection,pct_of_samples,,,,261,43,16.5,,,,,,,,,,,,,,,confirmed,curated_extraction,reported_group_statistic
SID0115-R002,SID0115-G01,SID0115,TOTAL_COUNT,count,other,,,,,,,,,,,,,,60,,,,,,,confirmed,curated_extraction,pooled_total_count
SID0115-R003,SID0115-G02,SID0115,TOTAL_COUNT,count,other,dry,,,,,,3.2,,,,,,,,1.72,,,,,,confirmed,curated_extraction,reported_group_statistic
SID0116-R001,SID0116-G01,SID0116,TOTAL_MASS,mass,ug_per_g,wet,,,,,,0.14,0.32,,,,,1.48,,,,,,,,confirmed,curated_extraction,reported_group_statistic
SID0116-R002,SID0116-G01,SID0116,TOTAL_COUNT,detection,pct_of_samples,,,,24,10,,,,,,,,,,,,,,,,confirmed,curated_extraction,reported_group_statistic
SID0116-R003,SID0116-G01,SID0116,PE,detection,pct_of_samples,,,,24,2,,,,,,,,,,,,,,,,confirmed,curated_extraction,reported_group_statistic
SID0116-R004,SID0116-G01,SID0116,PP,detection,pct_of_samples,,,,24,2,,,,,,,,,,,,,,,,confirmed,curated_extraction,reported_group_statistic
SID0116-R005,SID0116-G01,SID0116,PS,detection,pct_of_samples,,,,24,8,,,,,,,,,,,,,,,,confirmed,curated_extraction,reported_group_statistic
SID0116-R006,SID0116-G01,SID0116,PMMA,detection,pct_of_samples,,,,24,2,,,,,,,,,,,,,,,,confirmed,curated_extraction,reported_group_statistic
SID0118-R001,SID0118-G01,SID0118,PS,qualitative,,,,,,,,,,,,,,,,,,,,,,identity_unresolved,curated_extraction,reported_group_statistic
SID0119-R001,SID0119-G01,SID0119,TOTAL_COUNT,detection,pct_of_samples,,,,49,22,,,,,,,,,,,,,,,,tentative,curated_extraction,reported_group_statistic
SID0119-R002,SID0119-G02,SID0119,TOTAL_COUNT,detection,pct_of_samples,,,,49,19,,,,,,,,,,,,,,,,tentative,curated_extraction,reported_group_statistic
SID0119-R003,SID0119-G03,SID0119,TOTAL_COUNT,detection,pct_of_samples,,,,49,17,,,,,,,,,,,,,,,,tentative,curated_extraction,reported_group_statistic
SID0119-R004,SID0119-G04,SID0119,TOTAL_COUNT,detection,pct_of_samples,,,,49,14,,,,,,,,,,,,,,,,tentative,curated_extraction,reported_group_statistic
SID0119-R005,SID0119-G05,SID0119,TOTAL_COUNT,detection,pct_of_samples,,,,46,8,,,,,,,,,,,,,,,,tentative,curated_extraction,reported_group_statistic
SID0119-R006,SID0119-G06,SID0119,TOTAL_COUNT,detection,pct_of_samples,,,,242,80,,,,,,,,,,,,,,,,tentative,curated_extraction,reported_group_statistic
SID0119-R007,SID0119-G06,SID0119,TOTAL_COUNT,count,other,,,,,,,,,,,,,,350,,,,,,,tentative,curated_extraction,pooled_total_count
SID0120-R001,SID0120-G01,SID0120,TOTAL_COUNT,count,particles_per_g,,,,,,,,,,,,,,371.4,,,,,,,tentative,curated_extraction,aggregate_visual_abundance
SID0121-R001,SID0121-G01,SID0121,PE,detection,pct_of_samples,,,,,,,,,,,,,,,,,,,,,not_detected,curated_extraction,reported_group_statistic
SID0123-R001,SID0123-G01,SID0123,TOTAL_COUNT,detection,pct_of_samples,,,,59,23,38.98,,,,,,,,,,,,,,,confirmed,curated_extraction,reported_group_statistic
SID0123-R002,SID0123-G01,SID0123,TOTAL_COUNT,count,other,,,,,,,,,,,,,,38,,,,,,,confirmed,curated_extraction,pooled_total_count
SID0123-R003,SID0123-G02,SID0123,TOTAL_COUNT,count,particles_per_sample,,,,,,,,,,,,1,4,,,,,,,,confirmed,curated_extraction,reported_group_statistic
SID0125-R001,SID0125-G01,SID0125,TOTAL_COUNT,count,other,,,,,,,,,,,,,,10,,,,,,,tentative,curated_extraction,approximate_author_estimate
SID0125-R002,SID0125-G02,SID0125,TOTAL_COUNT,count,other,,,,,,,,,,,,60,,,,,,,,,tentative,curated_extraction,lower_bound_count
SID0126-R001,SID0126-G01,SID0126,TOTAL_COUNT,count,particles_per_g,wet,,,,,,85.5,70.2,,,,,,,,,,,,,confirmed,curated_extraction,reported_group_statistic
SID0126-R002,SID0126-G01,SID0126,TOTAL_COUNT,detection,pct_of_samples,,,,8,7,,,,,,,,,,,,,,,,confirmed,curated_extraction,reported_group_statistic
SID0126-R003,SID0126-G02,SID0126,TOTAL_COUNT,count,particles_per_g,wet,,,,,,11.4,12.5,,,,,,,,,,,,,confirmed,curated_extraction,reported_group_statistic
SID0126-R004,SID0126-G02,SID0126,TOTAL_COUNT,detection,pct_of_samples,,,,8,5,,,,,,,,,,,,,,,,confirmed,curated_extraction,reported_group_statistic
SID0126-R005,SID0126-G03,SID0126,TOTAL_COUNT,count,particles_per_g,wet,,,,,,12.2,18.1,,,,,,,,,,,,,confirmed,curated_extraction,reported_group_statistic
SID0126-R006,SID0126-G03,SID0126,TOTAL_COUNT,detection,pct_of_samples,,,,10,4,,,,,,,,,,,,,,,,confirmed,curated_extraction,reported_group_statistic
SID0126-R007,SID0126-G04,SID0126,TOTAL_COUNT,count,particles_per_g,wet,,,,,,1.69,5.36,,,,,,,,,,,,,confirmed,curated_extraction,reported_group_statistic
SID0126-R008,SID0126-G04,SID0126,TOTAL_COUNT,detection,pct_of_samples,,,,10,1,,,,,,,,,,,,,,,,confirmed,curated_extraction,reported_group_statistic
SID0127-R001,SID0127-G01,SID0127,TOTAL_COUNT,count,particles_per_g,dry,,,,,,66,31,,,,,,,,,,,,,confirmed,curated_extraction,reported_group_statistic
SID0127-R002,SID0127-G01,SID0127,TOTAL_COUNT,count,particles_per_individual,,,,,,,52,15,,,,,,,,,,,,,confirmed,curated_extraction,reported_group_statistic
SID0127-R003,SID0127-G02,SID0127,TOTAL_COUNT,count,particles_per_g,dry,,,,,,117,46,,,,,,,,,,,,,confirmed,curated_extraction,reported_group_statistic
SID0127-R004,SID0127-G02,SID0127,TOTAL_COUNT,count,particles_per_individual,,,,,,,38,20,,,,,,,,,,,,,confirmed,curated_extraction,reported_group_statistic
SID0129-R001,SID0129-G01,SID0129,TOTAL_COUNT,detection,pct_of_samples,,,,90,90,,,,,,,,,,,,,,,,tentative,curated_extraction,reported_group_statistic
SID0129-R002,SID0129-G01,SID0129,TOTAL_COUNT,count,particles_per_individual,,,,,,,7.1,0.05,,,,,,,,,,,,,tentative,curated_extraction,reported_group_statistic
SID0129-R003,SID0129-G01,SID0129,TOTAL_COUNT,count,other,,,,,,,,,,,,,,639,,,,,,,tentative,curated_extraction,pooled_total_count
SID0129-R004,SID0129-G02,SID0129,TOTAL_COUNT,count,particles_per_individual,,,,,,,4.73,1.13,,,,,,,,,,,,,tentative,curated_extraction,reported_group_statistic
SID0129-R005,SID0129-G03,SID0129,TOTAL_COUNT,count,particles_per_individual,,,,,,,9.26,2.18,,,,,,,,,,,,,tentative,curated_extraction,reported_group_statistic
SID0130-R001,SID0130-G01,SID0130,TOTAL_COUNT,count,particles_per_organ,,,,,,,3.66,,,,,,,,,,,,,,tentative,curated_extraction,reported_group_statistic
SID0130-R002,SID0130-G01,SID0130,TOTAL_COUNT,count,other,,,,,,,,,,,,,,258,,,,,,,tentative,curated_extraction,pooled_total_count
SID0130-R003,SID0130-G02,SID0130,TOTAL_COUNT,count,particles_per_organ,,,,,,,5.42,,,,,,,,,,,,,,tentative,curated_extraction,reported_group_statistic
SID0130-R004,SID0130-G02,SID0130,TOTAL_COUNT,count,other,,,,,,,,,,,,,,271,,,,,,,tentative,curated_extraction,pooled_total_count
SID0131-R001,SID0131-G01,SID0131,TOTAL_COUNT,detection,pct_of_samples,,,,207,,99.52,,,,,,,,,,,,,,,confirmed,curated_extraction,reported_group_statistic
SID0131-R002,SID0131-G01,SID0131,TOTAL_MASS,mass,ug_per_mL,,,,,,,,,3.86,,,,,,,4.35,,,,,confirmed,curated_extraction,reported_group_statistic
SID0131-R003,SID0131-G01,SID0131,PA66,mass,ug_per_mL,,,,,,,,,2.33,,,,,,,2.4,,,,,confirmed,curated_extraction,reported_group_statistic
SID0131-R004,SID0131-G01,SID0131,PE,mass,ug_per_mL,,,,,,,,,0.45,,,,,,,0.87,,,,,confirmed,curated_extraction,reported_group_statistic
SID0131-R005,SID0131-G01,SID0131,PVC,mass,ug_per_mL,,,,,,,,,0.38,,,,,,,0.26,,,,,confirmed,curated_extraction,reported_group_statistic
SID0131-R006,SID0131-G01,SID0131,PS,mass,ug_per_mL,,,,,,,,,0.08,,,,,,,0.08,,,,,confirmed,curated_extraction,reported_group_statistic
SID0133-R001,SID0133-G01,SID0133,TOTAL_COUNT,detection,pct_of_samples,,,,87,65,74.7,,,,,,,,,,,,,,,tentative,curated_extraction,reported_group_statistic
SID0133-R002,SID0133-G02,SID0133,TOTAL_COUNT,count,particles_per_individual,,,,,,,4.09,,,,,,,,,,,,,,tentative,curated_extraction,reported_group_statistic
SID0133-R003,SID0133-G03,SID0133,TOTAL_COUNT,count,other,,,,,,,,,,,,,,44,,,,,,,tentative,curated_extraction,pooled_total_count
SID0133-R004,SID0133-G04,SID0133,TOTAL_COUNT,count,other,,,,,,,,,,,,,,123,,,,,,,tentative,curated_extraction,pooled_total_count
SID0133-R005,SID0133-G05,SID0133,TOTAL_COUNT,count,other,,,,,,,,,,,,,,99,,,,,,,tentative,curated_extraction,pooled_total_count
SID0134-R001,SID0134-G01,SID0134,TOTAL_COUNT,detection,pct_of_samples,,,,9,9,,,,,,,,,,,,,,,,confirmed,curated_extraction,reported_group_statistic
SID0134-R002,SID0134-G01,SID0134,TOTAL_COUNT,count,particles_per_g,,,,,,,,,3.15,,,,,,,,,,,,confirmed,curated_extraction,reported_group_statistic
SID0134-R003,SID0134-G01,SID0134,TOTAL_COUNT,count,other,,,,,,,,,,,,,,34,,,,,,,confirmed,curated_extraction,pooled_total_count
SID0134-R004,SID0134-G02,SID0134,TOTAL_COUNT,detection,pct_of_samples,,,,9,5,,,,,,,,,,,,,,,,confirmed,curated_extraction,reported_group_statistic
SID0134-R005,SID0134-G02,SID0134,TOTAL_COUNT,count,particles_per_g,,,,,,,,,1.1,,,,,,,,,,,,confirmed,curated_extraction,reported_group_statistic
SID0134-R006,SID0134-G02,SID0134,TOTAL_COUNT,count,other,,,,,,,,,,,,,,14,,,,,,,confirmed,curated_extraction,pooled_total_count
SID0134-R007,SID0134-G03,SID0134,TOTAL_COUNT,detection,pct_of_samples,,,,9,9,,,,,,,,,,,,,,,,confirmed,curated_extraction,reported_group_statistic
SID0134-R008,SID0134-G03,SID0134,TOTAL_COUNT,count,particles_per_g,,,,,,,,,20.75,,,,,,,,,,,,confirmed,curated_extraction,reported_group_statistic
SID0134-R009,SID0134-G03,SID0134,TOTAL_COUNT,count,other,,,,,,,,,,,,,,80,,,,,,,confirmed,curated_extraction,pooled_total_count
SID0135-R001,SID0135-G01,SID0135,TOTAL_COUNT,count,particles_per_organ,,,,,,,1.25,,,,,,,,,,,,,,confirmed,curated_extraction,reported_group_statistic
SID0135-R002,SID0135-G01,SID0135,TOTAL_COUNT,count,particles_per_g,,,,,,,0.3,,,,,,,,,,,,,,confirmed,curated_extraction,reported_group_statistic
SID0135-R003,SID0135-G02,SID0135,TOTAL_COUNT,count,particles_per_organ,,,,,,,1.35,,,,,,,,,,,,,,confirmed,curated_extraction,reported_group_statistic
SID0135-R004,SID0135-G02,SID0135,TOTAL_COUNT,count,particles_per_g,,,,,,,0.91,,,,,,,,,,,,,,confirmed,curated_extraction,reported_group_statistic
SID0135-R005,SID0135-G03,SID0135,TOTAL_COUNT,count,particles_per_organ,,,,,,,1.55,,,,,,,,,,,,,,confirmed,curated_extraction,reported_group_statistic
SID0135-R006,SID0135-G03,SID0135,TOTAL_COUNT,count,particles_per_g,,,,,,,0.53,,,,,,,,,,,,,,confirmed,curated_extraction,reported_group_statistic
SID0135-R007,SID0135-G04,SID0135,TOTAL_COUNT,detection,pct_of_samples,,,,349,25,,,,,,,,,,,,,,,,confirmed,curated_extraction,reported_group_statistic
SID0135-R008,SID0135-G04,SID0135,TOTAL_COUNT,count,other,,,,,,,,,,,,,,27,,,,,,,confirmed,curated_extraction,pooled_total_count
SID0136-R001,SID0136-G01,SID0136,TOTAL_COUNT,detection,pct_of_samples,,,,50,,92,,,,,,,,,,,,,,,tentative,curated_extraction,reported_group_statistic
SID0136-R002,SID0136-G01,SID0136,TOTAL_COUNT,count,particles_per_individual,,,,,,,4.7,2.1,,,,,,,,,,,,,tentative,curated_extraction,reported_group_statistic
SID0136-R003,SID0136-G01,SID0136,TOTAL_COUNT,count,other,,,,,,,,,,,,,,237,,,,,,,tentative,curated_extraction,pooled_total_count
SID0136-R004,SID0136-G02,SID0136,TOTAL_COUNT,detection,pct_of_samples,,,,50,,84,,,,,,,,,,,,,,,tentative,curated_extraction,reported_group_statistic
SID0136-R005,SID0136-G02,SID0136,TOTAL_COUNT,count,particles_per_individual,,,,,,,3,1.3,,,,,,,,,,,,,tentative,curated_extraction,reported_group_statistic
SID0136-R006,SID0136-G02,SID0136,TOTAL_COUNT,count,other,,,,,,,,,,,,,,126,,,,,,,tentative,curated_extraction,pooled_total_count
SID0136-R007,SID0136-G03,SID0136,TOTAL_COUNT,detection,pct_of_samples,,,,30,,80,,,,,,,,,,,,,,,tentative,curated_extraction,reported_group_statistic
SID0136-R008,SID0136-G03,SID0136,TOTAL_COUNT,count,particles_per_individual,,,,,,,2.8,0.6,,,,,,,,,,,,,tentative,curated_extraction,reported_group_statistic
SID0136-R009,SID0136-G03,SID0136,TOTAL_COUNT,count,other,,,,,,,,,,,,,,84,,,,,,,tentative,curated_extraction,pooled_total_count
SID0137-R001,SID0137-G01,SID0137,TOTAL_COUNT,detection,pct_of_samples,,,,34,26,,,,,,,,,,,,,,,,confirmed,curated_extraction,reported_group_statistic
SID0137-R002,SID0137-G01,SID0137,TOTAL_COUNT,count,other,,,,,,,,,,,,,,48,,,,,,,confirmed,curated_extraction,pooled_total_count
SID0137-R003,SID0137-G01,SID0137,PE,count,other,,,,,,,,,,,,,,18,,,,,,,confirmed,curated_extraction,pooled_total_count
SID0137-R004,SID0137-G01,SID0137,PVC,count,other,,,,,,,,,,,,,,10,,,,,,,confirmed,curated_extraction,pooled_total_count
SID0137-R005,SID0137-G01,SID0137,PP,count,other,,,,,,,,,,,,,,8,,,,,,,confirmed,curated_extraction,pooled_total_count
SID0138-R001,SID0138-G01,SID0138,TOTAL_COUNT,detection,pct_of_samples,,,,120,120,,,,,,,,,,,,,,,,confirmed,curated_extraction,reported_group_statistic
SID0138-R002,SID0138-G01,SID0138,TOTAL_COUNT,count,particles_per_g,,,,,,,14,,,,,,,,,,,,,,confirmed,curated_extraction,reported_group_statistic
SID0139-R001,SID0139-G01,SID0139,ANTHROPOGENIC,detection,pct_of_samples,,,,84,33,39.3,,,,,,,,,,,,,,,confirmed,curated_extraction,reported_group_statistic
SID0139-R002,SID0139-G02,SID0139,TOTAL_COUNT,count,other,,,,,,,,,,,,,,1,,,,,,,confirmed,curated_extraction,pooled_total_count
SID0140-R001,SID0140-G01,SID0140,TOTAL_MASS,mass,ng_per_mL,,,,,,,,,427.5,,,201.4,879.7,,,,,,,,confirmed,curated_extraction,reported_group_statistic
SID0140-R002,SID0140-G01,SID0140,TOTAL_COUNT,detection,pct_of_samples,,,,100,100,,,,,,,,,,,,,,,,confirmed,curated_extraction,reported_group_statistic
SID0140-R003,SID0140-G01,SID0140,PVC,detection,pct_of_samples,,,,100,,99,,,,,,,,,,,,,,,confirmed,curated_extraction,reported_group_statistic
SID0140-R004,SID0140-G01,SID0140,PET,detection,pct_of_samples,,,,100,,41,,,,,,,,,,,,,,,confirmed,curated_extraction,reported_group_statistic
SID0140-R005,SID0140-G01,SID0140,PE,detection,pct_of_samples,,,,100,,36,,,,,,,,,,,,,,,confirmed,curated_extraction,reported_group_statistic
SID0140-R006,SID0140-G01,SID0140,PP,detection,pct_of_samples,,,,100,,26,,,,,,,,,,,,,,,confirmed,curated_extraction,reported_group_statistic
SID0140-R007,SID0140-G01,SID0140,PS,detection,pct_of_samples,,,,100,,22,,,,,,,,,,,,,,,confirmed,curated_extraction,reported_group_statistic
SID0140-R008,SID0140-G01,SID0140,PMMA,detection,pct_of_samples,,,,100,,11,,,,,,,,,,,,,,,confirmed,curated_extraction,reported_group_statistic
SID0140-R009,SID0140-G01,SID0140,PA66,detection,pct_of_samples,,,,100,,5,,,,,,,,,,,,,,,confirmed,curated_extraction,reported_group_statistic
SID0141-R001,SID0141-G01,SID0141,TOTAL_COUNT,count,particles_per_g,,,,,,,4.2,,,,,,,,,,,,,,confirmed,curated_extraction,reported_group_statistic
SID0141-R002,SID0141-G02,SID0141,TOTAL_COUNT,count,particles_per_g,,,,,,,3.12,,,,,,,,,,,,,,confirmed,curated_extraction,reported_group_statistic
SID0141-R003,SID0141-G03,SID0141,TOTAL_COUNT,count,particles_per_g,,,,,,,3,,,,,,,,,,,,,,confirmed,curated_extraction,reported_group_statistic
SID0141-R004,SID0141-G04,SID0141,TOTAL_COUNT,count,particles_per_g,,,,,,,4.73,,,,,,,,,,,,,,confirmed,curated_extraction,reported_group_statistic
SID0141-R005,SID0141-G05,SID0141,TOTAL_COUNT,count,particles_per_g,,,,,,,4,,,,,,,,,,,,,,confirmed,curated_extraction,reported_group_statistic
SID0143-R001,SID0143-G01,SID0143,TOTAL_COUNT,detection,pct_of_samples,,,,16,0,,,,,,,,,,,,,,,,not_detected,curated_extraction,reported_group_statistic
SID0144-R001,SID0144-G01,SID0144,TOTAL_COUNT,count,other,,,,,,,,,,,,,,435,,,,,,,tentative,curated_extraction,pooled_total_count
SID0145-R001,SID0145-G01,SID0145,TOTAL_COUNT,count,other,,,,,,,,,,,,,,124,,,,,,,tentative,curated_extraction,pooled_total_count
SID0145-R002,SID0145-G02,SID0145,TOTAL_COUNT,count,other,,,,,,,,,,,,,,185,,,,,,,tentative,curated_extraction,pooled_total_count
SID0145-R003,SID0145-G03,SID0145,TOTAL_COUNT,count,other,,,,,,,,,,,,,,116,,,,,,,tentative,curated_extraction,pooled_total_count
SID0145-R004,SID0145-G04,SID0145,TOTAL_COUNT,count,particles_per_L,,,,,,,,,,,,2,99,,,,,,,,tentative,curated_extraction,reported_group_statistic
SID0146-R001,SID0146-G01,SID0146,TOTAL_COUNT,detection,pct_of_samples,,,,6,4,,,,,,,,,,,,,,,,confirmed,curated_extraction,reported_group_statistic
SID0146-R002,SID0146-G01,SID0146,TOTAL_COUNT,count,other,,,,,,,,,,,,,,7,,,,,,,confirmed,curated_extraction,pooled_total_count
SID0146-R003,SID0146-G01,SID0146,PP,count,other,,,,,,,,,,,,,,4,,,,,,,confirmed,curated_extraction,pooled_total_count
SID0146-R004,SID0146-G01,SID0146,PE,count,other,,,,,,,,,,,,,,1,,,,,,,confirmed,curated_extraction,pooled_total_count
SID0146-R005,SID0146-G01,SID0146,PVC,count,other,,,,,,,,,,,,,,1,,,,,,,confirmed,curated_extraction,pooled_total_count
SID0146-R006,SID0146-G01,SID0146,OTHER,count,other,,,,,,,,,,,,,,1,,,,,,,confirmed,curated_extraction,pooled_total_count
SID0147-R001,SID0147-G01,SID0147,TOTAL_COUNT,count,other,,,,,,,7.4,4.12,,,,,,,,,,,,,tentative,curated_extraction,reported_group_statistic
SID0147-R002,SID0147-G01,SID0147,TOTAL_COUNT,count,particles_per_g,,,,,,,1.27,0.44,,,,,,,,,,,,,tentative,curated_extraction,reported_group_statistic
SID0147-R003,SID0147-G02,SID0147,TOTAL_COUNT,count,other,,,,,,,3.2,1.69,,,,,,,,,,,,,tentative,curated_extraction,reported_group_statistic
SID0147-R004,SID0147-G02,SID0147,TOTAL_COUNT,count,particles_per_g,,,,,,,3.1,1.5,,,,,,,,,,,,,tentative,curated_extraction,reported_group_statistic
SID0147-R005,SID0147-G03,SID0147,TOTAL_COUNT,count,other,,,,,,,2.6,1.65,,,,,,,,,,,,,tentative,curated_extraction,reported_group_statistic
SID0147-R006,SID0147-G03,SID0147,TOTAL_COUNT,count,particles_per_g,,,,,,,0.52,0.33,,,,,,,,,,,,,tentative,curated_extraction,reported_group_statistic
SID0148-R001,SID0148-G01,SID0148,TOTAL_COUNT,count,particles_per_g,,,,,,,255,,,,,,,,,,0.75,,,,confirmed,curated_extraction,reported_group_statistic
SID0148-R002,SID0148-G01,SID0148,TOTAL_MASS,mass,ug_per_g,,,,,,,,,,,,,,7,,,0.75,,,,confirmed,curated_extraction,author_estimated_mass
SID0148-R003,SID0148-G01,SID0148,TOTAL_COUNT,count,particles_per_g,,,,,,,35,,,,,,,,,,0.85,,,,confirmed,curated_extraction,reported_group_statistic
SID0148-R004,SID0148-G01,SID0148,TOTAL_MASS,mass,ug_per_g,,,,,,,,,,,,,,2,,,0.85,,,,confirmed,curated_extraction,author_estimated_mass
SID0148-R005,SID0148-G01,SID0148,TOTAL_COUNT,count,particles_per_g,,,,,,,5,,,,,,,,,,0.9,,,,confirmed,curated_extraction,reported_group_statistic
SID0148-R006,SID0148-G01,SID0148,TOTAL_MASS,mass,ug_per_g,,,,,,,,,,,,,,1,,,0.9,,,,confirmed,curated_extraction,author_estimated_mass
SID0148-R007,SID0148-G01,SID0148,TOTAL_COUNT,count,particles_per_individual,,,,,,,22,,,,,,,,,,,,,,confirmed,curated_extraction,reported_group_statistic
SID0149-R001,SID0149-G01,SID0149,TOTAL_COUNT,count,other,,,,,,,,,,,,,,172,,,,,,yes,tentative,curated_extraction,pooled_total_count
SID0149-R002,SID0149-G02,SID0149,TOTAL_COUNT,count,other,,,,,,,,,,,,,,36,,,,,,yes,tentative,curated_extraction,pooled_total_count
SID0149-R003,SID0149-G03,SID0149,TOTAL_COUNT,count,other,,,,,,,,,,,,,,1837,,,,,,yes,tentative,curated_extraction,pooled_total_count
SID0149-R004,SID0149-G04,SID0149,TOTAL_COUNT,count,other,,,,,,,,,,,,,,111,,,,,,yes,tentative,curated_extraction,pooled_total_count
SID0149-R005,SID0149-G05,SID0149,TOTAL_COUNT,count,other,,,,,,,,,,,,,,417,,,,,,yes,tentative,curated_extraction,pooled_total_count
SID0149-R006,SID0149-G06,SID0149,TOTAL_COUNT,count,other,,,,,,,,,,,,,,43,,,,,,yes,tentative,curated_extraction,pooled_total_count
SID0149-R007,SID0149-G07,SID0149,TOTAL_COUNT,count,particles_per_g,,,,,,,,,1.4,,,,,,,,,,,,tentative,curated_extraction,reported_group_statistic
SID0149-R008,SID0149-G08,SID0149,TOTAL_COUNT,count,particles_per_g,,,,,,,,,0.6,,,,,,,,,,,,tentative,curated_extraction,reported_group_statistic
SID0150-R001,SID0150-G01,SID0150,TOTAL_COUNT,detection,pct_of_samples,,,,10,10,,,,,,,,,,,,,,,,confirmed,curated_extraction,reported_group_statistic
SID0150-R002,SID0150-G01,SID0150,TOTAL_COUNT,count,other,,,,,,,9.1,14.96,,,,,,,,,,,,,confirmed,curated_extraction,reported_group_statistic
SID0150-R003,SID0150-G02,SID0150,TOTAL_COUNT,count,other,,,,,,,4.44,2.83,,,,,,,,,,,,,confirmed,curated_extraction,reported_group_statistic
SID0151-R001,SID0151-G01,SID0151,TOTAL_COUNT,count,particles_per_g,,,,,,,0.84,0.45,,,,,,,,,,,,,tentative,curated_extraction,reported_group_statistic
SID0151-R002,SID0151-G01,SID0151,TOTAL_COUNT,count,other,,,,,,,,,,,,,,220,,,,,,,tentative,curated_extraction,pooled_total_count
SID0151-R003,SID0151-G02,SID0151,TOTAL_COUNT,count,particles_per_g,,,,,,,2.56,0.73,,,,,,,,,,,,,tentative,curated_extraction,reported_group_statistic
SID0151-R004,SID0151-G02,SID0151,TOTAL_COUNT,count,other,,,,,,,,,,,,,,152,,,,,,,tentative,curated_extraction,pooled_total_count
SID0151-R005,SID0151-G03,SID0151,TOTAL_COUNT,count,particles_per_g,,,,,,,2.3,1.72,,,,,,,,,,,,,tentative,curated_extraction,reported_group_statistic
SID0151-R006,SID0151-G03,SID0151,TOTAL_COUNT,count,other,,,,,,,,,,,,,,115,,,,,,,tentative,curated_extraction,pooled_total_count
SID0152-R001,SID0152-G01,SID0152,TOTAL_COUNT,count,particles_per_individual,,,,,,,8.95,,,,,,,,,,,,,,tentative,curated_extraction,reported_group_statistic
SID0152-R002,SID0152-G01,SID0152,TOTAL_COUNT,count,particles_per_individual,,,,,,,,,,,,4.9,12.7,,,,,,,,tentative,curated_extraction,range_of_group_means
SID0152-R003,SID0152-G01,SID0152,TOTAL_COUNT,count,particles_per_g,,,,,,,,,,,,0.43,0.91,,,,,,,,tentative,curated_extraction,range_of_group_means
SID0152-R004,SID0152-G02,SID0152,TOTAL_COUNT,count,other,,,,,,,,,,,,,,411,,,,,,,tentative,curated_extraction,pooled_total_count
SID0152-R005,SID0152-G03,SID0152,TOTAL_COUNT,count,other,,,,,,,,,,,,,,305,,,,,,,tentative,curated_extraction,pooled_total_count
SID0153-R001,SID0153-G01,SID0153,TOTAL_COUNT,detection,pct_of_samples,,,,38,35,,,,,,,,,,,,,,,,confirmed,curated_extraction,reported_group_statistic
SID0153-R002,SID0153-G02,SID0153,TOTAL_COUNT,count,other,,,,,,,,,,,,,,118,,,,,,,confirmed,curated_extraction,pooled_total_count
SID0153-R003,SID0153-G03,SID0153,TOTAL_COUNT,count,other,,,,,,,,,,,,,,82,,,,,,,confirmed,curated_extraction,pooled_total_count
SID0153-R004,SID0153-G04,SID0153,TOTAL_COUNT,count,other,,,,,,,,,,,,,,54,,,,,,,confirmed,curated_extraction,pooled_total_count
SID0155-R001,SID0155-G01,SID0155,PE,count,particles_per_sample,,1–5,,,,,,,,,,,,1200000,,,,,,,contamination_qualified,curated_extraction,author_extrapolated_count
SID0155-R002,SID0155-G01,SID0155,PE,count,particles_per_sample,,5–10,,,,,,,,,,,,226204,,,,,,,contamination_qualified,curated_extraction,author_extrapolated_count
SID0155-R003,SID0155-G01,SID0155,PE,count,particles_per_sample,,10–15,,,,,,,,,,,,3770,,,,,,,contamination_qualified,curated_extraction,author_extrapolated_count
SID0155-R004,SID0155-G01,SID0155,PET,count,particles_per_sample,,1–5,,,,,,,,,,,,942,,,,,,,contamination_qualified,curated_extraction,author_extrapolated_count
SID0155-R005,SID0155-G01,SID0155,PLA,count,particles_per_sample,,1–5,,,,,,,,,,,,942,,,,,,,contamination_qualified,curated_extraction,author_extrapolated_count
SID0155-R006,SID0155-G01,SID0155,PMMA,count,particles_per_sample,,1–5,,,,,,,,,,,,942,,,,,,,contamination_qualified,curated_extraction,author_extrapolated_count
SID0155-R007,SID0155-G01,SID0155,PS,count,particles_per_sample,,1–5,,,,,,,,,,,,942,,,,,,,contamination_qualified,curated_extraction,author_extrapolated_count
SID0155-R008,SID0155-G01,SID0155,PP,count,particles_per_sample,,1–5,,,,,,,,,,,,3770,,,,,,,contamination_qualified,curated_extraction,author_extrapolated_count
SID0155-R009,SID0155-G01,SID0155,PPTA,count,particles_per_sample,,1–5,,,,,,,,,,,,1885,,,,,,,contamination_qualified,curated_extraction,author_extrapolated_count
SID0156-R001,SID0156-G01,SID0156,TOTAL_COUNT,count,other,,,,,,,,,,,,,,125,,,,,,,tentative,curated_extraction,selected_particle_total
SID0157-R001,SID0157-G01,SID0157,TOTAL_COUNT,detection,pct_of_samples,,,,11,11,,,,,,,,,,,,,,,,confirmed,curated_extraction,reported_group_statistic
SID0157-R002,SID0157-G01,SID0157,TOTAL_COUNT,count,particles_per_g,wet,,,,,,0.14,,,,,,,,,,,,,,confirmed,curated_extraction,reported_group_statistic
SID0157-R003,SID0157-G01,SID0157,TOTAL_COUNT,count,other,,,,,,,,,,,,,,140,,,,,,,confirmed,curated_extraction,pooled_total_count
SID0157-R004,SID0157-G02,SID0157,TOTAL_COUNT,detection,pct_of_samples,,,,11,11,,,,,,,,,,,,,,,,confirmed,curated_extraction,reported_group_statistic
SID0157-R005,SID0157-G02,SID0157,TOTAL_COUNT,count,particles_per_g,wet,,,,,,0.35,,,,,,,,,,,,,,confirmed,curated_extraction,reported_group_statistic
SID0157-R006,SID0157-G02,SID0157,TOTAL_COUNT,count,other,,,,,,,,,,,,,,97,,,,,,,confirmed,curated_extraction,pooled_total_count
SID0158-R001,SID0158-G01,SID0158,TOTAL_COUNT,count,other,,,,,,,,,,,,,,1904,,,,,,,tentative,curated_extraction,pooled_total_count
SID0158-R002,SID0158-G02,SID0158,TOTAL_COUNT,count,other,,,,,,,,,,,,,,169,,,,,,,tentative,curated_extraction,pooled_total_count
SID0158-R003,SID0158-G03,SID0158,TOTAL_COUNT,count,other,,,,,,,,,,,,,,204,,,,,,,tentative,curated_extraction,pooled_total_count
SID0159-R001,SID0159-G01,SID0159,TOTAL_COUNT,count,particles_per_g,dry,,,,,,40.1,,34.5,,,8,88,,,,,,,,confirmed,curated_extraction,reported_group_statistic
SID0160-R001,SID0160-G01,SID0160,TOTAL_COUNT,detection,pct_of_samples,,,,188,188,,,,,,,,,,,,,,,,confirmed,curated_extraction,reported_group_statistic
SID0160-R002,SID0160-G01,SID0160,TOTAL_COUNT,count,particles_per_organ,,,,,,,6.62,1.68,,,,,,,,,,,,,confirmed,curated_extraction,reported_group_statistic
SID0160-R003,SID0160-G01,SID0160,TOTAL_COUNT,count,particles_per_g,,,,,,,21.74,7.47,,,,,,,,,,,,,confirmed,curated_extraction,reported_group_statistic
SID0160-R004,SID0160-G02,SID0160,TOTAL_COUNT,detection,pct_of_samples,,,,188,188,,,,,,,,,,,,,,,,confirmed,curated_extraction,reported_group_statistic
SID0160-R005,SID0160-G02,SID0160,TOTAL_COUNT,count,particles_per_organ,,,,,,,6.21,1.67,,,,,,,,,,,,,confirmed,curated_extraction,reported_group_statistic
SID0160-R006,SID0160-G02,SID0160,TOTAL_COUNT,count,particles_per_g,,,,,,,22.57,8.51,,,,,,,,,,,,,confirmed,curated_extraction,reported_group_statistic
SID0161-R001,SID0161-G01,SID0161,TOTAL_COUNT,detection,pct_of_samples,,,,30,30,,,,,,,,,,,,,,,,confirmed,curated_extraction,reported_group_statistic
SID0161-R002,SID0161-G01,SID0161,TOTAL_COUNT,count,particles_per_individual,,,,,,,18.9,9.17,,,,5,47,,,,,,,,confirmed,curated_extraction,reported_group_statistic
SID0161-R003,SID0161-G01,SID0161,TOTAL_COUNT,count,other,,,,,,,72.02,62.06,,,,4.33,236.84,,,,,,,,confirmed,curated_extraction,reported_group_statistic
SID0162-R001,SID0162-G01,SID0162,ANTHROPOGENIC,detection,pct_of_samples,,,,182,180,,,,,,,,,,,,,,,,tentative,curated_extraction,reported_group_statistic
SID0162-R002,SID0162-G01,SID0162,ANTHROPOGENIC,count,other,,,,,,,,,,,,,,1806,,,,,,,confirmed,curated_extraction,pooled_total_count
SID0162-R003,SID0162-G01,SID0162,ANTHROPOGENIC,count,particles_per_g,,,,,,,,,,,,0.02,10.67,,,,,,,,confirmed,curated_extraction,range_of_group_means
SID0162-R004,SID0162-G01,SID0162,ANTHROPOGENIC,count,particles_per_individual,,,,,,,,,,,,3.91,15.9,,,,,,,,confirmed,curated_extraction,range_of_group_means
SID0167-R001,SID0167-G01,SID0167,TOTAL_COUNT,count,particles_per_sample,,,,,,,11.9,4.7,,,,4,21,,,,,,,,tentative,curated_extraction,reported_group_statistic
SID0170-R001,SID0170-G01,SID0170,TOTAL_COUNT,detection,pct_of_samples,,,,10,10,,,,,,,,,,,,,,,,confirmed,curated_extraction,reported_group_statistic
SID0170-R002,SID0170-G01,SID0170,TOTAL_COUNT,count,other,,,,,,,,,,,,,,847,,,,,,,confirmed,curated_extraction,pooled_total_count
SID0170-R003,SID0170-G02,SID0170,TOTAL_COUNT,detection,pct_of_samples,,,,10,10,,,,,,,,,,,,,,,,confirmed,curated_extraction,reported_group_statistic
SID0171-R001,SID0171-G01,SID0171,TOTAL_COUNT,count,particles_per_g,wet,,,,,,,,,,,37.36,113.7,,,,,,,yes,confirmed,curated_extraction,range_of_group_means
SID0172-R001,SID0172-G01,SID0172,TOTAL_COUNT,count,particles_per_individual,,,,,,,52.3,10.69,,,,,,,,,,,,,confirmed,curated_extraction,reported_group_statistic
SID0172-R002,SID0172-G02,SID0172,TOTAL_COUNT,count,particles_per_individual,,,,,,,60,17.6,,,,,,,,,,,,,confirmed,curated_extraction,reported_group_statistic
SID0172-R003,SID0172-G03,SID0172,TOTAL_COUNT,count,particles_per_individual,,,,,,,13.4,6.2,,,,,,,,,,,,,confirmed,curated_extraction,reported_group_statistic
SID0172-R004,SID0172-G04,SID0172,TOTAL_COUNT,count,particles_per_individual,,,,,,,42.8,11.33,,,,,,,,,,,,,confirmed,curated_extraction,reported_group_statistic
SID0173-R001,SID0173-G01,SID0173,TOTAL_COUNT,qualitative,,,,,,,,,,,,,,,,,,,,,,confirmed,curated_extraction,reported_group_statistic
SID0174-R001,SID0174-G01,SID0174,TOTAL_COUNT,count,particles_per_individual,,,,,,,286.4,109.1,,,,184,429,,,,,,,,confirmed,curated_extraction,reported_group_statistic
SID0174-R002,SID0174-G02,SID0174,TOTAL_COUNT,count,other,,,,,,,,,,,,,,314,,,,,,,confirmed,curated_extraction,pooled_total_count
SID0174-R003,SID0174-G03,SID0174,TOTAL_COUNT,count,other,,,,,,,,,,,,,,387,,,,,,,confirmed,curated_extraction,pooled_total_count
SID0174-R004,SID0174-G04,SID0174,TOTAL_COUNT,count,other,,,,,,,,,,,,,,443,,,,,,,confirmed,curated_extraction,pooled_total_count
SID0174-R005,SID0174-G05,SID0174,TOTAL_COUNT,count,other,,,,,,,,,,,,,,288,,,,,,,confirmed,curated_extraction,pooled_total_count
SID0175-R001,SID0175-G01,SID0175,TOTAL_COUNT,count,other,,,,,,,,,,,,14,30,,,,,,,,confirmed,curated_extraction,approximate_range_of_species_summaries
SID0176-R001,SID0176-G01,SID0176,TOTAL_COUNT,detection,pct_of_samples,,,,89,73,82.02,,,,,,,,,,,,,,,tentative,curated_extraction,reported_group_statistic
SID0176-R002,SID0176-G01,SID0176,TOTAL_COUNT,count,particles_per_g,,,,,,,,,,,,0.02,1.08,,,,,,,,tentative,curated_extraction,range_of_group_means
SID0176-R003,SID0176-G02,SID0176,TOTAL_COUNT,detection,pct_of_samples,,,,86,83,96.51,,,,,,,,,,,,,,,tentative,curated_extraction,reported_group_statistic
SID0176-R004,SID0176-G02,SID0176,TOTAL_COUNT,count,particles_per_g,,,,,,,,,,,,0.91,15.2,,,,,,,,tentative,curated_extraction,range_of_group_means
SID0178-R001,SID0178-G01,SID0178,TOTAL_COUNT,count,other,,,,,,,20,,,,,,,,,,,,,,confirmed,curated_extraction,reported_group_statistic
SID0178-R002,SID0178-G02,SID0178,TOTAL_COUNT,count,other,,,,,,,67,,,,,,,,,,,,,,confirmed,curated_extraction,reported_group_statistic
SID0178-R003,SID0178-G03,SID0178,TOTAL_COUNT,count,other,,,,,,,3,,,,,,,,,,,,,,confirmed,curated_extraction,reported_group_statistic
SID0180-R001,SID0180-G01,SID0180,ANTHROPOGENIC,count,particles_per_individual,,,,,,,12.35,,,,,,,,,,,,,,confirmed,curated_extraction,reported_group_statistic
SID0180-R002,SID0180-G01,SID0180,ANTHROPOGENIC,count,particles_per_g,,,,,,,0.79,,,,,,,,,,,,,,confirmed,curated_extraction,reported_group_statistic
SID0180-R003,SID0180-G01,SID0180,ANTHROPOGENIC,count,other,,,,,,,,,,,,,,247,,,,,,,confirmed,curated_extraction,pooled_total_count
SID0180-R004,SID0180-G02,SID0180,ANTHROPOGENIC,count,particles_per_individual,,,,,,,13.3,,,,,,,,,,,,,,confirmed,curated_extraction,reported_group_statistic
SID0180-R005,SID0180-G02,SID0180,ANTHROPOGENIC,count,particles_per_g,,,,,,,0.79,,,,,,,,,,,,,,confirmed,curated_extraction,reported_group_statistic
SID0180-R006,SID0180-G02,SID0180,ANTHROPOGENIC,count,other,,,,,,,,,,,,,,266,,,,,,,confirmed,curated_extraction,pooled_total_count
SID0181-R001,SID0181-G01,SID0181,TOTAL_COUNT,count,particles_per_g,,,,,,,6.98,6.73,,,,,,,,,,,,,confirmed,curated_extraction,reported_group_statistic
SID0181-R002,SID0181-G02,SID0181,TOTAL_COUNT,count,particles_per_g,,,,,,,8.85,7.51,,,,,,,,,,,,,confirmed,curated_extraction,reported_group_statistic
SID0181-R003,SID0181-G03,SID0181,TOTAL_COUNT,count,particles_per_g,,,,,,,8.76,8.2,,,,,,,,,,,,,confirmed,curated_extraction,reported_group_statistic
SID0181-R004,SID0181-G04,SID0181,TOTAL_COUNT,count,particles_per_g,,,,,,,5.54,5.56,,,,,,,,,,,,,confirmed,curated_extraction,reported_group_statistic
SID0181-R005,SID0181-G05,SID0181,TOTAL_COUNT,count,particles_per_g,,,,,,,4.32,1.83,,,,,,,,,,,,,confirmed,curated_extraction,reported_group_statistic
SID0182-R001,SID0182-G01,SID0182,TOTAL_COUNT,count,other,,,,,,,3.9,2.3,,,,,,,,,,,,yes,confirmed,curated_extraction,reported_group_statistic
SID0182-R002,SID0182-G02,SID0182,TOTAL_COUNT,count,other,,,,,,,1.9,1.3,,,,,,,,,,,,yes,confirmed,curated_extraction,reported_group_statistic
SID0182-R003,SID0182-G03,SID0182,TOTAL_COUNT,count,other,,,,,,,,,,,,3.1,5.7,,,,,,,,confirmed,curated_extraction,range_of_group_means
SID0183-R001,SID0183-G01,SID0183,TOTAL_COUNT,count,particles_per_g,wet,,,,,,0.23,,,,,,,,,,,,,,tentative,curated_extraction,reported_group_statistic
SID0183-R002,SID0183-G01,SID0183,TOTAL_COUNT,count,particles_per_individual,,,,,,,0.06,,,,,,,,,,,,,,tentative,curated_extraction,reported_group_statistic
SID0183-R003,SID0183-G01,SID0183,TOTAL_COUNT,count,particles_per_g,wet,,,,,,,,,,,,,0.18,,,,,,,confirmed,curated_extraction,author_confirmation_adjusted_estimate
SID0184-R001,SID0184-G01,SID0184,TOTAL_COUNT,count,particles_per_g,,,,,,,,,,,,1.34,1.61,,,,,,,,confirmed,curated_extraction,range_of_group_means
SID0185-R001,SID0185-G01,SID0185,TOTAL_COUNT,count,particles_per_g,,,,,,,1.59,0.95,,,,,,,,,,,,,tentative,curated_extraction,reported_group_statistic
SID0185-R002,SID0185-G01,SID0185,TOTAL_COUNT,count,particles_per_individual,,,,,,,6.51,4.32,,,,,,,,,,,,,tentative,curated_extraction,reported_group_statistic
SID0188-R001,SID0188-G01,SID0188,TOTAL_COUNT,detection,pct_of_samples,,,,30,17,,,,,,,,,,,,,,,,tentative,curated_extraction,reported_group_statistic
SID0188-R002,SID0188-G01,SID0188,TOTAL_COUNT,count,particles_per_individual,,,,,,,1.6,,,,,,,,,,,,,,tentative,curated_extraction,reported_group_statistic
SID0188-R003,SID0188-G01,SID0188,TOTAL_COUNT,count,other,,,,,,,,,,,,,,40,,,,,,,tentative,curated_extraction,pooled_total_count
SID0189-R001,SID0189-G01,SID0189,TOTAL_COUNT,count,particles_per_individual,,,,,,,6.16,2.87,,,,,,,,,,,,,tentative,curated_extraction,reported_group_statistic
SID0189-R002,SID0189-G01,SID0189,TOTAL_COUNT,count,particles_per_g,wet,,,,,,2.3,2.56,,,,,,,,,,,,,tentative,curated_extraction,reported_group_statistic
SID0189-R003,SID0189-G02,SID0189,TOTAL_COUNT,count,particles_per_individual,,,,,,,7.52,2.68,,,,,,,,,,,,,tentative,curated_extraction,reported_group_statistic
SID0189-R004,SID0189-G02,SID0189,TOTAL_COUNT,count,particles_per_g,wet,,,,,,3.94,3,,,,,,,,,,,,,tentative,curated_extraction,reported_group_statistic
SID0190-R001,SID0190-G01,SID0190,TOTAL_COUNT,count,particles_per_g,,,,,,,,,,,,0,1.2,,,,,,,,confirmed,curated_extraction,reported_group_statistic
SID0190-R002,SID0190-G02,SID0190,TOTAL_COUNT,count,particles_per_g,,,,,,,,,,,,0,7.9,,,,,,,,confirmed,curated_extraction,reported_group_statistic
SID0190-R003,SID0190-G03,SID0190,TOTAL_COUNT,count,particles_per_g,,,,,,,,,,,,0,0.3,,,,,,,,confirmed,curated_extraction,reported_group_statistic
SID0190-R004,SID0190-G04,SID0190,TOTAL_COUNT,count,particles_per_g,,,,,,,,,,,,0,0.8,,,,,,,,confirmed,curated_extraction,reported_group_statistic
SID0190-R005,SID0190-G05,SID0190,TOTAL_COUNT,count,particles_per_L,,,,,,,,,,,,10,6770,,,,,,,,confirmed,curated_extraction,reported_group_statistic
SID0190-R006,SID0190-G06,SID0190,TOTAL_COUNT,count,particles_per_sample,,,,,,,,,,,,2,10,,,,,,,,confirmed,curated_extraction,reported_group_statistic
SID0190-R007,SID0190-G07,SID0190,TOTAL_COUNT,count,particles_per_g,,,,,,,,,,,,0,0.02,,,,,,,,confirmed,curated_extraction,reported_group_statistic
SID0190-R008,SID0190-G08,SID0190,TOTAL_COUNT,count,particles_per_g,,,,,,,,,9.3,,,,,,,,,,,,confirmed,curated_extraction,reported_group_statistic
SID0191-R001,SID0191-G01,SID0191,TOTAL_COUNT,count,particles_per_organ,,,,,,,17.8,12.1,,,,,,,,,,,,,tentative,curated_extraction,reported_group_statistic
SID0191-R002,SID0191-G01,SID0191,TOTAL_COUNT,count,other,,,,,,,,,,,,,,429,,,,,,,tentative,curated_extraction,pooled_total_count
SID0191-R003,SID0191-G02,SID0191,TOTAL_COUNT,count,particles_per_organ,,,,,,,33.25,17.8,,,,,,,,,,,,,tentative,curated_extraction,reported_group_statistic
SID0191-R004,SID0191-G02,SID0191,TOTAL_COUNT,count,other,,,,,,,,,,,,,,798,,,,,,,tentative,curated_extraction,pooled_total_count
SID0192-R001,SID0192-G01,SID0192,TOTAL_COUNT,count,other,,,,,,,,,,,,0,0.61,,,,,,,,confirmed,curated_extraction,reported_group_statistic
SID0192-R002,SID0192-G02,SID0192,TOTAL_COUNT,count,other,,,,,,,,,,,,0.08,1.17,,,,,,,,confirmed,curated_extraction,reported_group_statistic
SID0193-R001,SID0193-G01,SID0193,TOTAL_COUNT,count,particles_per_individual,,,,,,,1.55,,,,,,,,,,,,,,confirmed,curated_extraction,reported_group_statistic
SID0193-R002,SID0193-G01,SID0193,TOTAL_COUNT,count,particles_per_g,wet,,,,,,0.28,,,,,,,,,,,,,,confirmed,curated_extraction,reported_group_statistic
SID0193-R003,SID0193-G02,SID0193,TOTAL_COUNT,count,particles_per_individual,,,,,,,1.98,,,,,,,,,,,,,,confirmed,curated_extraction,reported_group_statistic
SID0193-R004,SID0193-G02,SID0193,TOTAL_COUNT,count,particles_per_g,wet,,,,,,1.45,,,,,,,,,,,,,,confirmed,curated_extraction,reported_group_statistic
SID0193-R005,SID0193-G03,SID0193,TOTAL_COUNT,count,particles_per_individual,,,,,,,4.47,,,,,,,,,,,,,,confirmed,curated_extraction,reported_group_statistic
SID0193-R006,SID0193-G03,SID0193,TOTAL_COUNT,count,particles_per_g,wet,,,,,,1.09,,,,,,,,,,,,,,confirmed,curated_extraction,reported_group_statistic
SID0194-R001,SID0194-G01,SID0194,TOTAL_COUNT,count,particles_per_individual,,,,,,,,,,,,23.25,27.25,,,,,,,,confirmed,curated_extraction,range_of_group_means
SID0195-R001,SID0195-G01,SID0195,TOTAL_COUNT,count,other,,,,,,,,,,,,,,808,,,,,,,tentative,curated_extraction,pooled_total_count
SID0195-R002,SID0195-G02,SID0195,TOTAL_COUNT,count,other,,,,,,,,,,,,,,590,,,,,,,tentative,curated_extraction,pooled_total_count
SID0195-R003,SID0195-G03,SID0195,TOTAL_COUNT,count,other,,,,,,,,,,,,,,330,,,,,,,tentative,curated_extraction,pooled_total_count
SID0195-R004,SID0195-G04,SID0195,TOTAL_COUNT,count,other,,,,,,,,,,,,,,96,,,,,,,tentative,curated_extraction,pooled_total_count
SID0196-R001,SID0196-G01,SID0196,TOTAL_COUNT,detection,pct_of_samples,,,,,,23.3,,,,,,,,,,,,,,,confirmed,curated_extraction,reported_group_statistic
SID0196-R002,SID0196-G02,SID0196,TOTAL_COUNT,detection,pct_of_samples,,,,,,5.2,,,,,,,,,,,,,,,confirmed,curated_extraction,reported_group_statistic
SID0197-R001,SID0197-G01,SID0197,TOTAL_COUNT,count,particles_per_individual,,,,,,,0.92,,,,,,,,,,,,,,confirmed,curated_extraction,reported_group_statistic
SID0197-R002,SID0197-G02,SID0197,TOTAL_COUNT,count,particles_per_individual,,,,,,,0.44,,,,,,,,,,,,,,confirmed,curated_extraction,reported_group_statistic
SID0197-R003,SID0197-G03,SID0197,TOTAL_COUNT,count,particles_per_individual,,,,,,,0.56,,,,,,,,,,,,,,confirmed,curated_extraction,reported_group_statistic
SID0197-R004,SID0197-G04,SID0197,TOTAL_COUNT,count,particles_per_individual,,,,,,,0.64,,,,,,,,,,,,,,confirmed,curated_extraction,reported_group_statistic
SID0197-R005,SID0197-G05,SID0197,TOTAL_COUNT,count,particles_per_individual,,,,,,,0.68,,,,,,,,,,,,,,confirmed,curated_extraction,reported_group_statistic
SID0197-R006,SID0197-G06,SID0197,TOTAL_COUNT,count,particles_per_individual,,,,,,,0.6,,,,,,,,,,,,,,confirmed,curated_extraction,reported_group_statistic
SID0197-R007,SID0197-G07,SID0197,TOTAL_COUNT,count,particles_per_individual,,,,,,,0.64,,,,,,,,,,,,,,confirmed,curated_extraction,reported_group_statistic
SID0197-R008,SID0197-G08,SID0197,TOTAL_COUNT,count,particles_per_individual,,,,,,,0.44,,,,,,,,,,,,,,confirmed,curated_extraction,reported_group_statistic
SID0198-R001,SID0198-G01,SID0198,TOTAL_COUNT,count,particles_per_individual,,,,,,,86.44,12.22,,,,39,144,,,,,,,,confirmed,curated_extraction,reported_group_statistic
SID0198-R002,SID0198-G01,SID0198,TOTAL_COUNT,count,particles_per_g,wet,,,,,,0.426,0.188,,,,0.041,1.866,,,,,,,,confirmed,curated_extraction,reported_group_statistic
SID0199-R001,SID0199-G01,SID0199,TOTAL_COUNT,detection,pct_of_samples,,,,160,31,19.4,,,,,,,,,,,,,,,confirmed,curated_extraction,reported_group_statistic
SID0200-R001,SID0200-G01,SID0200,TOTAL_COUNT,count,particles_per_individual,,,fiber,,,,,,,,,2.7,4.9,,,,,,,yes,confirmed,curated_extraction,range_of_group_means
SID0200-R002,SID0200-G01,SID0200,TOTAL_COUNT,count,particles_per_g,,,fiber,,,,,,,,,0.25,0.51,,,,,,,yes,confirmed,curated_extraction,range_of_group_means
SID0200-R003,SID0200-G02,SID0200,TOTAL_COUNT,count,particles_per_individual,,,fiber,,,,,,,,,5.2,7.2,,,,,,,yes,confirmed,curated_extraction,range_of_group_means
SID0200-R004,SID0200-G02,SID0200,TOTAL_COUNT,count,particles_per_g,,,fiber,,,,,,,,,0.72,1.03,,,,,,,yes,confirmed,curated_extraction,range_of_group_means
SID0202-R001,SID0202-G01,SID0202,TOTAL_COUNT,count,particles_per_organ,,,,,,,15.83,4.38,,,,,,,,,,,,,tentative,curated_extraction,reported_group_statistic
SID0202-R002,SID0202-G01,SID0202,TOTAL_COUNT,count,other,,,,,,,,,,,,,,475,,,,,,,tentative,curated_extraction,pooled_total_count
SID0202-R003,SID0202-G02,SID0202,TOTAL_COUNT,count,particles_per_organ,,,,,,,14.86,3.59,,,,,,,,,,,,,tentative,curated_extraction,reported_group_statistic
SID0202-R004,SID0202-G02,SID0202,TOTAL_COUNT,count,other,,,,,,,,,,,,,,446,,,,,,,tentative,curated_extraction,pooled_total_count
SID0203-R001,SID0203-G01,SID0203,TOTAL_COUNT,count,particles_per_organ,,,,,,,7.42,6.2,,,,,,,,,,,,,confirmed,curated_extraction,reported_group_statistic
SID0203-R002,SID0203-G01,SID0203,TOTAL_COUNT,count,other,,,,,,,,,,,,,,110,,,,,,,confirmed,curated_extraction,pooled_total_count
SID0203-R003,SID0203-G02,SID0203,TOTAL_COUNT,count,particles_per_organ,,,,,,,10.17,8.27,,,,,,,,,,,,,confirmed,curated_extraction,reported_group_statistic
SID0203-R004,SID0203-G02,SID0203,TOTAL_COUNT,count,other,,,,,,,,,,,,,,138,,,,,,,confirmed,curated_extraction,pooled_total_count
SID0203-R005,SID0203-G03,SID0203,TOTAL_COUNT,count,particles_per_organ,,,,,,,4.92,6.04,,,,,,,,,,,,,confirmed,curated_extraction,reported_group_statistic
SID0203-R006,SID0203-G03,SID0203,TOTAL_COUNT,count,other,,,,,,,,,,,,,,69,,,,,,,confirmed,curated_extraction,pooled_total_count
SID0204-R001,SID0204-G01,SID0204,TOTAL_COUNT,count,particles_per_individual,,,,,,,6.2,,,,,,,,,,,,,,confirmed,curated_extraction,reported_group_statistic
SID0204-R002,SID0204-G02,SID0204,TOTAL_COUNT,count,particles_per_individual,,,,,,,7.6,,,,,,,,,,,,,,confirmed,curated_extraction,reported_group_statistic
SID0204-R003,SID0204-G03,SID0204,TOTAL_COUNT,count,particles_per_individual,,,,,,,4.8,,,,,,,,,,,,,,confirmed,curated_extraction,reported_group_statistic
SID0204-R004,SID0204-G04,SID0204,TOTAL_COUNT,count,particles_per_individual,,,,,,,6.8,,,,,,,,,,,,,,confirmed,curated_extraction,reported_group_statistic
SID0204-R005,SID0204-G05,SID0204,TOTAL_COUNT,count,particles_per_individual,,,,,,,5.8,,,,,,,,,,,,,,confirmed,curated_extraction,reported_group_statistic
SID0205-R001,SID0205-G01,SID0205,TOTAL_COUNT,count,particles_per_individual,,,,,,,0.37,0.31,,,,,,,,,,,,,confirmed,curated_extraction,reported_group_statistic
SID0205-R002,SID0205-G01,SID0205,TOTAL_COUNT,count,particles_per_g,,,,,,,6.13,4.01,,,,,,,,,,,,,confirmed,curated_extraction,reported_group_statistic
SID0205-R003,SID0205-G02,SID0205,TOTAL_COUNT,count,particles_per_individual,,,,,,,0.17,0.1,,,,,,,,,,,,,confirmed,curated_extraction,reported_group_statistic
SID0205-R004,SID0205-G02,SID0205,TOTAL_COUNT,count,particles_per_g,,,,,,,2.17,1.22,,,,,,,,,,,,,confirmed,curated_extraction,reported_group_statistic
SID0205-R005,SID0205-G03,SID0205,TOTAL_COUNT,count,particles_per_individual,,,,,,,0.07,0.06,,,,,,,,,,,,,confirmed,curated_extraction,reported_group_statistic
SID0205-R006,SID0205-G03,SID0205,TOTAL_COUNT,count,particles_per_g,,,,,,,0.91,0.79,,,,,,,,,,,,,confirmed,curated_extraction,reported_group_statistic
SID0206-R001,SID0206-G01,SID0206,TOTAL_COUNT,count,particles_per_g,wet,,,,,,9.55,,,,,,,,,,,,,,tentative,curated_extraction,reported_group_statistic
SID0206-R002,SID0206-G02,SID0206,TOTAL_COUNT,count,particles_per_g,wet,,,,,,2.36,,,,,,,,,,,,,,tentative,curated_extraction,reported_group_statistic
SID0206-R003,SID0206-G03,SID0206,TOTAL_COUNT,count,particles_per_g,wet,,,,,,3.31,,,,,,,,,,,,,,tentative,curated_extraction,reported_group_statistic
SID0208-R001,SID0208-G01,SID0208,TOTAL_COUNT,count,particles_per_individual,,,,,,,0.19,0.5,,,,,,,,,,,,,confirmed,curated_extraction,reported_group_statistic
SID0208-R002,SID0208-G01,SID0208,TOTAL_COUNT,count,particles_per_g,wet,,,,,,0.07,0.19,,,,,,,,,,,,,confirmed,curated_extraction,reported_group_statistic
SID0208-R003,SID0208-G02,SID0208,TOTAL_COUNT,count,particles_per_individual,,,,,,,0.15,0.41,,,,,,,,,,,,,confirmed,curated_extraction,reported_group_statistic
SID0208-R004,SID0208-G03,SID0208,TOTAL_COUNT,count,particles_per_individual,,,,,,,0.22,0.57,,,,,,,,,,,,,confirmed,curated_extraction,reported_group_statistic
SID0210-R001,SID0210-G01,SID0210,PP,count,particles_per_sample,,256.9,fiber,,,,,,,,,,,1,,,,,,,confirmed,curated_extraction,single_sample_count
SID0210-R002,SID0210-G02,SID0210,PE,count,particles_per_sample,,492.6,fiber,,,,,,,,,,,1,,,,,,,confirmed,curated_extraction,single_sample_count
SID0211-R001,SID0211-G01,SID0211,TOTAL_COUNT,detection,pct_of_samples,,,,10,10,,,,,,,,,,,,,,,,confirmed,curated_extraction,reported_group_statistic
SID0211-R002,SID0211-G01,SID0211,TOTAL_COUNT,count,other,,,,,,,2.61,,,,,0.11,12.8,,,,,,,,confirmed,curated_extraction,reported_mean_and_range_of_sample_estimates
SID0212-R001,SID0212-G01,SID0212,TOTAL_COUNT,detection,pct_of_samples,,,,10,,70,,,,,,,,,,,,,,,identity_unresolved,curated_extraction,reported_group_statistic
SID0212-R002,SID0212-G01,SID0212,TOTAL_COUNT,count,particles_per_sample,,,,,,,0.9,0.88,,,,,,,,,,,,,identity_unresolved,curated_extraction,reported_group_statistic
SID0212-R003,SID0212-G01,SID0212,TOTAL_COUNT,count,particles_per_g,dry,,,,,,7.24,6.63,,,,,,,,,,,,,identity_unresolved,curated_extraction,reported_group_statistic
SID0212-R004,SID0212-G02,SID0212,TOTAL_COUNT,detection,pct_of_samples,,,,10,,20,,,,,,,,,,,,,,,identity_unresolved,curated_extraction,reported_group_statistic
SID0212-R005,SID0212-G02,SID0212,TOTAL_COUNT,count,particles_per_sample,,,,,,,0.5,1.08,,,,,,,,,,,,,identity_unresolved,curated_extraction,reported_group_statistic
SID0212-R006,SID0212-G02,SID0212,TOTAL_COUNT,count,particles_per_g,dry,,,,,,1.6,3.38,,,,,,,,,,,,,identity_unresolved,curated_extraction,reported_group_statistic
SID0213-R001,SID0213-G01,SID0213,TOTAL_COUNT,count,particles_per_individual,,,,,,,,,,,,0.633,4.516,,,,,,,,confirmed,curated_extraction,range_of_group_means
SID0213-R002,SID0213-G01,SID0213,TOTAL_COUNT,count,other,,,,,,,,,,,,,,2000,,,,,,,confirmed,curated_extraction,accepted_extraction_reconstructed_total
SID0214-R001,SID0214-G01,SID0214,PE-HD,detection,pct_of_samples,,,,6,0,,,,,,,,,,,,,,,,not_detected,curated_extraction,reported_group_statistic
SID0214-R002,SID0214-G02,SID0214,PE,detection,pct_of_samples,,,,6,1,,,,,,,,,,,,,,,,confirmed,curated_extraction,reported_group_statistic
SID0214-R003,SID0214-G02,SID0214,PE,count,other,,,fiber,,,,,,,,,,,1,,,,,,,confirmed,curated_extraction,pooled_total_count
SID0216-R001,SID0216-G01,SID0216,TOTAL_COUNT,detection,pct_of_samples,,,,80,,100,,,,,,,,,,,,,,,confirmed,curated_extraction,reported_group_statistic
SID0216-R002,SID0216-G01,SID0216,TOTAL_COUNT,count,particles_per_g,wet,,,,,,1.27,0.42,,,,,,,,,,,,,confirmed,curated_extraction,reported_group_statistic
SID0216-R003,SID0216-G02,SID0216,TOTAL_COUNT,count,particles_per_g,wet,,,,,,1.88,,,,,,,,,,,,,,confirmed,curated_extraction,reported_group_statistic
SID0216-R004,SID0216-G03,SID0216,TOTAL_COUNT,count,particles_per_g,wet,,,,,,0.92,,,,,,,,,,,,,,confirmed,curated_extraction,reported_group_statistic
SID0216-R005,SID0216-G04,SID0216,TOTAL_COUNT,detection,pct_of_samples,,,,80,,79,,,,,,,,,,,,,,,confirmed,curated_extraction,reported_group_statistic
SID0216-R006,SID0216-G04,SID0216,TOTAL_COUNT,count,particles_per_g,wet,,,,,,0.9,0.51,,,,,,,,,,,,,confirmed,curated_extraction,reported_group_statistic
SID0216-R007,SID0216-G05,SID0216,TOTAL_COUNT,count,particles_per_g,wet,,,,,,1.47,,,,,,,,,,,,,,confirmed,curated_extraction,reported_group_statistic
SID0216-R008,SID0216-G06,SID0216,TOTAL_COUNT,count,particles_per_g,wet,,,,,,0.79,,,,,,,,,,,,,,confirmed,curated_extraction,reported_group_statistic
SID0218-R001,SID0218-G01,SID0218,TOTAL_COUNT,detection,pct_of_samples,,,,20,13,,,,,,,,,,,,,,,,confirmed,curated_extraction,reported_group_statistic
SID0218-R002,SID0218-G01,SID0218,TOTAL_COUNT,count,particles_per_g,,,,,,,,,,,,,,0.56,,,,,,,confirmed,curated_extraction,approximate_reported_abundance
SID0218-R003,SID0218-G01,SID0218,TOTAL_COUNT,count,other,,,,,,,,,,,,,,29,,,,,,,confirmed,curated_extraction,pooled_total_count
SID0219-R001,SID0219-G01,SID0219,TOTAL_COUNT,detection,pct_of_samples,,,,55,51,,,,,,,,,,,,,,,,confirmed,curated_extraction,reported_group_statistic
SID0219-R002,SID0219-G01,SID0219,TOTAL_COUNT,count,other,,,,,,,,,,,,,,531,,,,,,,confirmed,curated_extraction,pooled_total_count
SID0219-R003,SID0219-G02,SID0219,TOTAL_COUNT,count,particles_per_individual,,,,,,,5.2,4.2,,,,,,,,,,,,,confirmed,curated_extraction,reported_group_statistic
SID0219-R004,SID0219-G03,SID0219,TOTAL_COUNT,count,particles_per_individual,,,,,,,20.8,6.7,,,,,,,,,,,,,confirmed,curated_extraction,reported_group_statistic
SID0219-R005,SID0219-G04,SID0219,TOTAL_COUNT,count,particles_per_individual,,,,,,,5.5,5.8,,,,,,,,,,,,,confirmed,curated_extraction,reported_group_statistic
SID0219-R006,SID0219-G05,SID0219,TOTAL_COUNT,count,particles_per_individual,,,,,,,3.6,4.1,,,,,,,,,,,,,confirmed,curated_extraction,reported_group_statistic
SID0219-R007,SID0219-G06,SID0219,TOTAL_COUNT,detection,pct_of_samples,,>100,,,,,,,,,,,,,,,,,,,not_detected,curated_extraction,reported_group_statistic
SID0220-R001,SID0220-G01,SID0220,TOTAL_COUNT,count,other,,,,,,,9.75,,,,,,,,2.49,,,,,yes,confirmed,curated_extraction,reported_group_statistic
SID0220-R002,SID0220-G01,SID0220,TOTAL_COUNT,count,other,,,fiber,,,,9.18,,,,,,,,2.45,,,,,yes,confirmed,curated_extraction,reported_group_statistic
SID0220-R003,SID0220-G01,SID0220,TOTAL_COUNT,count,other,,,nonfiber,,,,0.57,,,,,,,,0.27,,,,,yes,confirmed,curated_extraction,reported_group_statistic
SID0220-R004,SID0220-G01,SID0220,TOTAL_COUNT,detection,pct_of_samples,,,,44,,,,,,,,,,,,,,14,,,confirmed,curated_extraction,reported_group_statistic
SID0221-R001,SID0221-G01,SID0221,TOTAL_COUNT,detection,pct_of_samples,,,,154,30,19,,,,,,,,,,,,,,,confirmed,curated_extraction,reported_group_statistic
SID0221-R002,SID0221-G01,SID0221,TOTAL_COUNT,count,particles_per_individual,,,,,,,0.286,0.644,,,,,,,,,,,,,confirmed,curated_extraction,reported_group_statistic
SID0221-R003,SID0221-G01,SID0221,TOTAL_COUNT,count,particles_per_g,wet,,,,,,1.607,3.421,,,,,,,,,,,,,confirmed,curated_extraction,reported_group_statistic
SID0221-R004,SID0221-G02,SID0221,TOTAL_COUNT,count,particles_per_individual,,,,,,,0.24,,,,,,,,,,,,,,confirmed,curated_extraction,reported_group_statistic
SID0221-R005,SID0221-G03,SID0221,TOTAL_COUNT,count,particles_per_individual,,,,,,,0.431,,,,,,,,,,,,,,confirmed,curated_extraction,reported_group_statistic
SID0221-R006,SID0221-G04,SID0221,TOTAL_COUNT,count,particles_per_individual,,,,,,,0.189,,,,,,,,,,,,,,confirmed,curated_extraction,reported_group_statistic
SID0222-R001,SID0222-G01,SID0222,TOTAL_COUNT,detection,pct_of_samples,,,,17,10,58.82,,,,,,,,,,,,,,,confirmed,curated_extraction,reported_group_statistic
SID0222-R002,SID0222-G01,SID0222,TOTAL_COUNT,count,particles_per_individual,,,,,,,0.88,0.96,,,,,,,,,,,,,confirmed,curated_extraction,reported_group_statistic
SID0222-R003,SID0222-G02,SID0222,TOTAL_COUNT,detection,pct_of_samples,,,,31,3,9.68,,,,,,,,,,,,,,,confirmed,curated_extraction,reported_group_statistic
SID0222-R004,SID0222-G02,SID0222,TOTAL_COUNT,count,particles_per_individual,,,,,,,0.097,0.296,,,,,,,,,,,,,confirmed,curated_extraction,reported_group_statistic
SID0222-R005,SID0222-G03,SID0222,TOTAL_COUNT,detection,pct_of_samples,,,,8,0,,,,,,,,,,,,,,,,not_detected,curated_extraction,reported_group_statistic
SID0222-R006,SID0222-G04,SID0222,TOTAL_COUNT,detection,pct_of_samples,,,,9,0,,,,,,,,,,,,,,,,not_detected,curated_extraction,reported_group_statistic
SID0222-R007,SID0222-G05,SID0222,TOTAL_COUNT,detection,pct_of_samples,,,,10,0,,,,,,,,,,,,,,,,not_detected,curated_extraction,reported_group_statistic
SID0222-R008,SID0222-G06,SID0222,TOTAL_COUNT,detection,pct_of_samples,,,,4,0,,,,,,,,,,,,,,,,not_detected,curated_extraction,reported_group_statistic
SID0223-R001,SID0223-G01,SID0223,TOTAL_COUNT,detection,pct_of_samples,,,,102,,12.7,,,,,,,,,,,,,,,confirmed,curated_extraction,reported_group_statistic
SID0223-R002,SID0223-G02,SID0223,TOTAL_COUNT,detection,pct_of_samples,,,,81,,14.8,,,,,,,,,,,,,,,confirmed,curated_extraction,reported_group_statistic
SID0223-R003,SID0223-G03,SID0223,TOTAL_COUNT,detection,pct_of_samples,,,,81,,9.9,,,,,,,,,,,,,,,confirmed,curated_extraction,reported_group_statistic
SID0223-R004,SID0223-G04,SID0223,TOTAL_COUNT,detection,pct_of_samples,,,,102,,0,,,,,,,,,,,,,,,not_detected,curated_extraction,reported_group_statistic
SID0224-R001,SID0224-G01,SID0224,TOTAL_COUNT,count,particles_per_g,,,fiber,,,,2,,,,,,,,,,,,,,confirmed,curated_extraction,reported_group_statistic
SID0224-R002,SID0224-G01,SID0224,TOTAL_COUNT,count,particles_per_g,,,fragment,,,,0.37,,,,,,,,,,,,,,confirmed,curated_extraction,reported_group_statistic
SID0224-R003,SID0224-G02,SID0224,TOTAL_COUNT,count,particles_per_g,,,fiber,,,,2.5,,,,,,,,,,,,,,confirmed,curated_extraction,reported_group_statistic
SID0224-R004,SID0224-G02,SID0224,TOTAL_COUNT,count,particles_per_g,,,fragment,,,,1.5,,,,,,,,,,,,,,confirmed,curated_extraction,reported_group_statistic
SID0224-R005,SID0224-G03,SID0224,TOTAL_COUNT,count,particles_per_g,,,fiber,,,,7.2,,,,,,,,,,,,,,confirmed,curated_extraction,reported_group_statistic
SID0224-R006,SID0224-G03,SID0224,TOTAL_COUNT,count,particles_per_g,,,fragment,,,,4.8,,,,,,,,,,,,,,confirmed,curated_extraction,reported_group_statistic
SID0224-R007,SID0224-G04,SID0224,TOTAL_COUNT,count,particles_per_g,,,fiber,,,,0.4,,,,,,,,,,,,,,confirmed,curated_extraction,reported_group_statistic
SID0224-R008,SID0224-G04,SID0224,TOTAL_COUNT,count,particles_per_g,,,fragment,,,,0.5,,,,,,,,,,,,,,confirmed,curated_extraction,reported_group_statistic
SID0224-R009,SID0224-G05,SID0224,TOTAL_COUNT,count,particles_per_g,,,fiber,,,,2.3,,,,,,,,,,,,,,confirmed,curated_extraction,reported_group_statistic
SID0224-R010,SID0224-G05,SID0224,TOTAL_COUNT,count,particles_per_g,,,fragment,,,,1.8,,,,,,,,,,,,,,confirmed,curated_extraction,reported_group_statistic
SID0224-R011,SID0224-G06,SID0224,TOTAL_COUNT,count,particles_per_g,,,fiber,,,,5.6,,,,,,,,,,,,,,confirmed,curated_extraction,reported_group_statistic
SID0224-R012,SID0224-G06,SID0224,TOTAL_COUNT,count,particles_per_g,,,fragment,,,,2.3,,,,,,,,,,,,,,confirmed,curated_extraction,reported_group_statistic
SID0225-R001,SID0225-G01,SID0225,TOTAL_COUNT,count,particles_per_g,dry,,,,,,,,62.58,,,,,,,,,,,,confirmed,curated_extraction,reported_group_statistic
SID0227-R001,SID0227-G01,SID0227,TOTAL_COUNT,detection,pct_of_samples,,,,30,26,,,,,,,,,,,,,,,,confirmed,curated_extraction,reported_group_statistic
SID0227-R002,SID0227-G02,SID0227,TOTAL_COUNT,detection,pct_of_samples,,,,30,11,,,,,,,,,,,,,,,,confirmed,curated_extraction,reported_group_statistic
SID0227-R003,SID0227-G03,SID0227,TOTAL_COUNT,count,other,,,,,,,4.03,1.33,,,,,,,,,,,,,confirmed,curated_extraction,reported_group_statistic
SID0227-R004,SID0227-G03,SID0227,TOTAL_COUNT,count,other,,,,,,,,,,,,,,402,,,,,,,confirmed,curated_extraction,pooled_total_count
SID0228-R001,SID0228-G01,SID0228,TOTAL_COUNT,count,particles_per_individual,,,,,,,11.7,9.5,,,,,,,,,,,,,confirmed,curated_extraction,species_summary
SID0228-R002,SID0228-G01,SID0228,TOTAL_COUNT,detection,pct_of_samples,,,,,,,91.8,8.4,,,,,,,,,,,,,confirmed,curated_extraction,mean_of_species_prevalences
SID0228-R003,SID0228-G02,SID0228,TOTAL_COUNT,count,particles_per_individual,,,,,,,1.6,0.9,,,,,,,,,,,,,confirmed,curated_extraction,reported_group_statistic
SID0228-R004,SID0228-G03,SID0228,TOTAL_COUNT,count,particles_per_individual,,,,,,,38.3,28.4,,,,,,,,,,,,,confirmed,curated_extraction,reported_group_statistic
SID0230-R001,SID0230-G01,SID0230,TOTAL_COUNT,detection,pct_of_samples,,,,170,116,,,,,,,,,,,,,,,,tentative,curated_extraction,reported_group_statistic
SID0230-R002,SID0230-G01,SID0230,TOTAL_COUNT,count,other,,,,,,,,,,,,,,493,,,,,,,tentative,curated_extraction,pooled_total_count
SID0230-R003,SID0230-G01,SID0230,TOTAL_COUNT,count,particles_per_g,,,,,,,,,,,,0,1.98,,,,,,,,tentative,curated_extraction,range_of_group_medians
SID0231-R001,SID0231-G01,SID0231,PET,detection,pct_of_samples,,,,13,0,,,,,,,,,,,,,,,,not_detected,curated_extraction,reported_group_statistic
SID0233-R001,SID0233-G01,SID0233,TOTAL_COUNT,count,particles_per_g,wet,,,,,,71,21,,,,,,,,,,,,,confirmed,curated_extraction,reported_group_statistic
SID0234-R001,SID0234-G01,SID0234,TOTAL_MASS,mass,other,dry,,,,,,0.58,,,,,,,,,,,,,,confirmed,curated_extraction,reported_group_statistic
SID0235-R001,SID0235-G01,SID0235,TOTAL_COUNT,detection,pct_of_samples,,,,88,,94.31,,,,,,,,,,,,,,,confirmed,curated_extraction,reported_group_statistic
SID0235-R002,SID0235-G01,SID0235,TOTAL_COUNT,count,particles_per_g,wet,,,,,,1.06,1.28,,,,,,,,,,,,,confirmed,curated_extraction,reported_group_statistic
SID0235-R003,SID0235-G01,SID0235,TOTAL_COUNT,count,particles_per_g,dry,,,,,,7.54,6.55,,,,,,,,,,,,,confirmed,curated_extraction,reported_group_statistic
SID0235-R004,SID0235-G01,SID0235,TOTAL_COUNT,count,other,,,,,,,,,,,,,,758,,,,,,,confirmed,curated_extraction,pooled_total_count
SID0236-R001,SID0236-G01,SID0236,TOTAL_COUNT,detection,pct_of_samples,,,,40,40,,,,,,,,,,,,,,,,confirmed,curated_extraction,reported_group_statistic
SID0236-R002,SID0236-G01,SID0236,TOTAL_COUNT,count,particles_per_individual,,,,,,,3.5,1.02,,,,,,,,,,,,,confirmed,curated_extraction,reported_group_statistic
SID0236-R003,SID0236-G02,SID0236,TOTAL_COUNT,count,particles_per_individual,,,,,,,4.6,0.84,,,,,,,,,,,,,confirmed,curated_extraction,reported_group_statistic
SID0236-R004,SID0236-G03,SID0236,TOTAL_COUNT,count,particles_per_individual,,,,,,,4.2,1.22,,,,,,,,,,,,,confirmed,curated_extraction,reported_group_statistic
SID0236-R005,SID0236-G04,SID0236,TOTAL_COUNT,count,particles_per_individual,,,,,,,3,1.63,,,,,,,,,,,,,confirmed,curated_extraction,reported_group_statistic
SID0236-R006,SID0236-G05,SID0236,TOTAL_COUNT,count,particles_per_individual,,,,,,,2.4,0.51,,,,,,,,,,,,,confirmed,curated_extraction,reported_group_statistic
SID0236-R007,SID0236-G06,SID0236,TOTAL_COUNT,detection,pct_of_samples,,,,,,,,,,,,,,,,,,,,,not_detected,curated_extraction,reported_group_statistic
SID0236-R008,SID0236-G07,SID0236,TOTAL_COUNT,detection,pct_of_samples,,,,,,,,,,,,,,,,,,,,,not_detected,curated_extraction,reported_group_statistic
SID0237-R001,SID0237-G01,SID0237,PVC,count,pct_of_particles,,,,43,,,,,,,,,,34.8,,,,,15,,confirmed,curated_extraction,selected_particle_composition
SID0237-R002,SID0237-G01,SID0237,PET,count,pct_of_particles,,,,43,,,,,,,,,,9.3,,,,,4,,confirmed,curated_extraction,selected_particle_composition
SID0237-R003,SID0237-G01,SID0237,PA,count,pct_of_particles,,,,43,,,,,,,,,,9.3,,,,,4,,confirmed,curated_extraction,selected_particle_composition
SID0237-R004,SID0237-G01,SID0237,PDMS,count,pct_of_particles,,,,43,,,,,,,,,,2.3,,,,,1,,confirmed,curated_extraction,selected_particle_composition
SID0237-R005,SID0237-G01,SID0237,EP,count,pct_of_particles,,,,43,,,,,,,,,,2.3,,,,,1,,confirmed,curated_extraction,selected_particle_composition
SID0237-R006,SID0237-G01,SID0237,UNSPEC,count,pct_of_particles,,,,43,,,,,,,,,,41.8,,,,,18,,identity_unresolved,curated_extraction,selected_particle_composition
SID0238-R001,SID0238-G01,SID0238,ANTHROPOGENIC,count,particles_per_individual,,,,,,,86,13,,,,,,,,,,,,,confirmed,curated_extraction,reported_group_statistic
SID0238-R002,SID0238-G02,SID0238,ANTHROPOGENIC,count,particles_per_individual,,,,,,,63,12,,,,,,,,,,,,,confirmed,curated_extraction,reported_group_statistic
SID0238-R003,SID0238-G03,SID0238,ANTHROPOGENIC,count,particles_per_individual,,,,,,,98,27,,,,,,,,,,,,,confirmed,curated_extraction,reported_group_statistic
SID0239-R001,SID0239-G01,SID0239,TOTAL_COUNT,detection,pct_of_samples,,,,29,19,65.5,,,,,,,,,,,,,,,confirmed,curated_extraction,reported_group_statistic
SID0239-R002,SID0239-G01,SID0239,TOTAL_COUNT,count,particles_per_individual,,,,,,,2.6,,,,,,,,,,,,,,confirmed,curated_extraction,reported_group_statistic
SID0239-R003,SID0239-G02,SID0239,TOTAL_COUNT,count,particles_per_individual,,,,,,,3.9,,,,,,,,,,,,,,confirmed,curated_extraction,reported_group_statistic
SID0240-R001,SID0240-G01,SID0240,TOTAL_COUNT,detection,pct_of_samples,,,,8,6,,,,,,,,,,,,,,,,confirmed,curated_extraction,reported_group_statistic
SID0240-R002,SID0240-G01,SID0240,TOTAL_COUNT,count,other,,,,,,,0.4,0.46,,,,,,,,,,,,,confirmed,curated_extraction,reported_group_statistic
SID0240-R003,SID0240-G01,SID0240,TOTAL_COUNT,count,other,,,,,,,,,,,,,,19,,,,,,,confirmed,curated_extraction,pooled_total_count
SID0240-R004,SID0240-G02,SID0240,TOTAL_COUNT,detection,pct_of_samples,,,,8,7,,,,,,,,,,,,,,,,confirmed,curated_extraction,reported_group_statistic
SID0240-R005,SID0240-G02,SID0240,TOTAL_COUNT,count,other,,,,,,,1.42,1.36,,,,,,,,,,,,,confirmed,curated_extraction,reported_group_statistic
SID0240-R006,SID0240-G02,SID0240,TOTAL_COUNT,count,other,,,,,,,,,,,,,,22,,,,,,,confirmed,curated_extraction,pooled_total_count
SID0241-R001,SID0241-G01,SID0241,TOTAL_COUNT,count,particles_per_individual,,,,,,,28,21,,,,,,,,,,,,,confirmed,curated_extraction,author_estimated_abundance
SID0241-R002,SID0241-G02,SID0241,TOTAL_COUNT,count,particles_per_individual,,,,,,,7527,9551,,,,,,,,,,,,,confirmed,curated_extraction,author_estimated_abundance
SID0241-R003,SID0241-G03,SID0241,TOTAL_MASS,mass,other,,,,,,,,,,,,,,1.67,,,,,,,confirmed,curated_extraction,author_estimated_mass
SID0241-R004,SID0241-G04,SID0241,TOTAL_MASS,mass,other,,,,,,,,,,,,,,302.09,,,,,,,confirmed,curated_extraction,author_estimated_mass
SID0242-R001,SID0242-G01,SID0242,TOTAL_COUNT,detection,pct_of_samples,,,,357,160,44.8,,,,,,,,,,,,,,,confirmed,curated_extraction,reported_group_statistic
SID0242-R002,SID0242-G01,SID0242,TOTAL_COUNT,count,particles_per_individual,,,,,,,6.81,3.61,,,,,,,,,,,,,confirmed,curated_extraction,reported_group_statistic
SID0242-R003,SID0242-G02,SID0242,TOTAL_COUNT,count,particles_per_individual,,,,,,,10.09,2.47,,,,,,,,,,,,,confirmed,curated_extraction,reported_group_statistic
SID0242-R004,SID0242-G03,SID0242,TOTAL_COUNT,count,particles_per_individual,,,,,,,2.95,1.34,,,,,,,,,,,,,confirmed,curated_extraction,reported_group_statistic
SID0242-R005,SID0242-G04,SID0242,TOTAL_COUNT,count,particles_per_individual,,,,,,,5.34,1.69,,,,,,,,,,,,,confirmed,curated_extraction,reported_group_statistic
SID0244-R001,SID0244-G01,SID0244,PET,detection,pct_of_samples,,,,25,1,4,,,,,,,,,,,,,,,confirmed,curated_extraction,reported_group_statistic
SID0244-R002,SID0244-G01,SID0244,ANTHROPOGENIC,detection,pct_of_samples,,,,25,7,28,,,,,,,,,,,,,,,tentative,curated_extraction,reported_group_statistic
SID0244-R003,SID0244-G02,SID0244,TOTAL_COUNT,detection,pct_of_samples,,,,25,0,,,,,,,,,,,,,,,,not_detected,curated_extraction,reported_group_statistic
SID0244-R004,SID0244-G02,SID0244,ANTHROPOGENIC,detection,pct_of_samples,,,,25,7,28,,,,,,,,,,,,,,,tentative,curated_extraction,reported_group_statistic
SID0245-R001,SID0245-G01,SID0245,TOTAL_COUNT,detection,pct_of_samples,,,,239,112,46.86,,,,,,,,,,,,,,,confirmed,curated_extraction,reported_group_statistic
SID0245-R002,SID0245-G01,SID0245,TOTAL_COUNT,count,other,,,,,,,1.556,,,,,,,,,,,,,,confirmed,curated_extraction,reported_group_statistic
SID0245-R003,SID0245-G01,SID0245,TOTAL_COUNT,count,other,,,,,,,2.01,,,,,,,,,,,,,,confirmed,curated_extraction,reported_group_statistic
SID0245-R004,SID0245-G01,SID0245,TOTAL_COUNT,count,other,,,,,,,0.035,,,,,,,,,,,,,,confirmed,curated_extraction,reported_group_statistic
SID0245-R005,SID0245-G02,SID0245,TOTAL_COUNT,detection,pct_of_samples,,,,,,,,,,,,,,,,,,,,,not_detected,curated_extraction,reported_group_statistic
SID0245-R006,SID0245-G03,SID0245,TOTAL_COUNT,detection,pct_of_samples,,,,,,,,,,,,,,,,,,,,,not_detected,curated_extraction,reported_group_statistic
SID0245-R007,SID0245-G04,SID0245,TOTAL_COUNT,detection,pct_of_samples,,,,,,,,,,,,,,,,,,,,,not_detected,curated_extraction,reported_group_statistic
SID0245-R008,SID0245-G05,SID0245,TOTAL_COUNT,detection,pct_of_samples,,,,,,,,,,,,,,,,,,,,,not_detected,curated_extraction,reported_group_statistic
SID0246-R001,SID0246-G01,SID0246,TOTAL_COUNT,detection,pct_of_samples,,,,8,8,,,,,,,,,,,,,,,,confirmed,curated_extraction,reported_group_statistic
SID0246-R002,SID0246-G01,SID0246,TOTAL_COUNT,count,particles_per_individual,,,,,,,8.1,,,,,,,,1.8,,,,,yes,confirmed,curated_extraction,reported_group_statistic
SID0246-R003,SID0246-G02,SID0246,TOTAL_COUNT,detection,pct_of_samples,,,,4,4,,,,,,,,,,,,,,,,confirmed,curated_extraction,reported_group_statistic
SID0246-R004,SID0246-G02,SID0246,TOTAL_COUNT,count,particles_per_individual,,,,,,,112.8,,,,,,,,33.4,,,,,yes,confirmed,curated_extraction,reported_group_statistic
SID0248-R001,SID0248-G01,SID0248,PA6,mass,mg_per_g,,,,,,,,,,,,,,,,,,,,,below_detection,curated_extraction,reported_group_statistic
SID0248-R002,SID0248-G01,SID0248,PE,mass,mg_per_g,,,,,,,,,,,,,,,,,,,,,below_detection,curated_extraction,reported_group_statistic
SID0249-R001,SID0249-G01,SID0249,TOTAL_COUNT,count,particles_per_L,,,,,,,4329.41,5185.69,,,,,,,,,,,,,confirmed,curated_extraction,reported_group_statistic
SID0249-R002,SID0249-G01,SID0249,TOTAL_COUNT,detection,pct_of_samples,,,,20,18,90,,,,,,,,,,,,,,,confirmed,curated_extraction,reported_group_statistic
SID0249-R003,SID0249-G01,SID0249,TOTAL_COUNT,count,particles_per_L,,,,,,,2465.85,4173.51,,,,,,,,,,,,,confirmed,curated_extraction,reported_group_statistic
SID0249-R004,SID0249-G01,SID0249,TOTAL_COUNT,detection,pct_of_samples,,,,20,8,40,,,,,,,,,,,,,,,confirmed,curated_extraction,reported_group_statistic
SID0249-R005,SID0249-G01,SID0249,TOTAL_MASS,mass,ug_per_mL,,,,,,,0.66,0.87,,,,,,,,,,,,,confirmed,curated_extraction,author_estimated_mass
SID0250-R001,SID0250-G01,SID0250,TOTAL_COUNT,detection,pct_of_samples,,,,9,9,,,,,,,,,,,,,,,,confirmed,curated_extraction,reported_group_statistic
SID0250-R002,SID0250-G01,SID0250,TOTAL_COUNT,count,particles_per_individual,,,,,,,29.33,11.53,,,,15,49,,,,,,,yes,confirmed,curated_extraction,reported_group_statistic
SID0250-R003,SID0250-G01,SID0250,TOTAL_COUNT,count,particles_per_g,,,,,,,,,,,,0.62,7.42,,,,,,,,confirmed,curated_extraction,reported_group_statistic
SID0251-R001,SID0251-G01,SID0251,TOTAL_COUNT,detection,pct_of_samples,,,,40,37,92.5,,,,,,,,,,,,,,,tentative,curated_extraction,reported_group_statistic
SID0251-R002,SID0251-G01,SID0251,TOTAL_COUNT,count,particles_per_sample,,,,,,,4.08,,,,,,,,,,,,,,tentative,curated_extraction,reported_group_statistic
SID0251-R003,SID0251-G01,SID0251,TOTAL_COUNT,count,particles_per_g,wet,,,,,,0.42,,,,,,,,,,,,,,tentative,curated_extraction,reported_group_statistic
SID0252-R001,SID0252-G01,SID0252,TOTAL_COUNT,count,particles_per_g,,,,,,,11.16,,,,,,,,,,,,,,confirmed,curated_extraction,reported_group_statistic
SID0252-R002,SID0252-G02,SID0252,TOTAL_COUNT,count,particles_per_g,,,,,,,3.33,,,,,,,,,,,,,,confirmed,curated_extraction,reported_group_statistic
SID0253-R001,SID0253-G01,SID0253,TOTAL_COUNT,qualitative,,,,,,,,,,,,,,,,,,,,,,confirmed,curated_extraction,reported_group_statistic
SID0253-R002,SID0253-G02,SID0253,TOTAL_COUNT,qualitative,,,,,,,,,,,,,,,,,,,,,,confirmed,curated_extraction,reported_group_statistic
SID0255-R001,SID0255-G01,SID0255,TOTAL_COUNT,detection,pct_of_samples,,,,22,15,68,,,,,,,,,,,,,,,confirmed,curated_extraction,reported_group_statistic
SID0255-R002,SID0255-G02,SID0255,TOTAL_COUNT,detection,pct_of_samples,,,,18,13,,,,,,,,,,,,,,,,confirmed,curated_extraction,reported_group_statistic
SID0255-R003,SID0255-G02,SID0255,TOTAL_COUNT,count,other,,,,,,,,,,,,,,34,,,,,,,confirmed,curated_extraction,pooled_total_count
SID0255-R004,SID0255-G03,SID0255,PVC,detection,pct_of_samples,,,,5,3,,,,,,,,,,,,,,,,confirmed,curated_extraction,reported_group_statistic
SID0256-R001,SID0256-G01,SID0256,TOTAL_COUNT,count,particles_per_individual,,,,,,,,,,,,0.07,1.17,,,,,,,,confirmed,curated_extraction,approximate_range_of_taxon_burdens
SID0256-R002,SID0256-G01,SID0256,TOTAL_COUNT,count,other,,,,,,,12.24,25.7,,,,0,151.34,,,,,,,,confirmed,curated_extraction,author_calculated_community_retention
SID0258-R001,SID0258-G01,SID0258,TOTAL_COUNT,detection,pct_of_samples,,,,142,46,32.4,,,,,,,,,,,,,,,confirmed,curated_extraction,reported_group_statistic
SID0258-R002,SID0258-G01,SID0258,TOTAL_COUNT,count,other,,,,,,,,,,,,,,386,,,,,,,confirmed,curated_extraction,pooled_total_count
SID0258-R003,SID0258-G02,SID0258,TOTAL_COUNT,count,particles_per_individual,,,,,,,10.2,7.4,,,,,,,,,,,,,confirmed,curated_extraction,reported_group_statistic
SID0187-R001,SID0187-G01,SID0187,TOTAL_COUNT,count,particles_per_g,,,,,,,0.7,,,,,,,,,,,,,,confirmed,paper_figure,approximate_figure_mean
SID0187-R002,SID0187-G02,SID0187,TOTAL_COUNT,count,particles_per_g,,,,,,,0.8,,,,,,,,,,,,,,confirmed,paper_figure,approximate_figure_mean
SID0209-R001,SID0209-G01,SID0209,PS,qualitative,,,<10,,,,,,,,,,,,,,,,,,,contamination_qualified,paper_text,reported_group_statistic
SID0029-R001,SID0029-G01,SID0029,TOTAL_COUNT,qualitative,,,,,,,,,,,,,,,,,,,,,,not_assessed_numerically,paper_figure,reported_group_statistic
SID0096-R007,SID0096-G01,SID0096,TOTAL_COUNT,count,particles_per_sample,,,,16,16,,33.31,19.42,29.5,19,41.25,11,74,,,,,,,,tentative,computed,computed_pool_distribution
SID0096-R008,SID0096-G02,SID0096,TOTAL_COUNT,count,particles_per_sample,,,,14,14,,33.43,19.07,31,20.25,38.75,12,72,,,,,,,,tentative,computed,computed_pool_distribution
SID0096-R009,SID0096-G03,SID0096,TOTAL_COUNT,count,particles_per_sample,,,,15,15,,11,4.598,10,9,12,4,23,,,,,,,,tentative,computed,computed_pool_distribution
SID0114-R001,SID0114-G02,SID0114,TOTAL_MASS,mass,ug_per_g,dry,,,2,2,,321,1.414,321,320.5,321.5,320,322,,,,,,,,confirmed,computed,computed_sample_distribution
SID0114-R002,SID0114-G01,SID0114,TOTAL_MASS,mass,ug_per_g,dry,,,11,11,,77.82,33.41,63,62,76.5,54,168,,,,,,,,confirmed,computed,computed_sample_distribution
SID0044-R003,SID0044-G03,SID0044,TOTAL_COUNT,count,particles_per_mL,,,,,,,0.006,0.015,,,,,,,,,,,,,confirmed,paper_text,reported_group_statistic
SID0049-R002,SID0049-G02,SID0049,TOTAL_COUNT,count,other,,,,3,,,4,,,,,,,,0.6,,,,,,tentative,paper_figure,approximate_figure_mean
SID0049-R003,SID0049-G03,SID0049,TOTAL_COUNT,count,other,,,,3,,,7,,,,,,,,0.6,,,,,,tentative,paper_figure,approximate_figure_mean
SID0049-R004,SID0049-G04,SID0049,TOTAL_COUNT,count,other,,,,3,,,5.3,,,,,,,,0.6,,,,,,tentative,paper_figure,approximate_figure_mean
SID0049-R005,SID0049-G05,SID0049,TOTAL_COUNT,count,other,,,,3,,,5.7,,,,,,,,0.6,,,,,,tentative,paper_figure,approximate_figure_mean
SID0049-R006,SID0049-G06,SID0049,TOTAL_COUNT,count,other,,,,3,,,6,,,,,,,,0.6,,,,,,tentative,paper_figure,approximate_figure_mean
SID0049-R007,SID0049-G07,SID0049,TOTAL_COUNT,count,other,,,,3,,,7.7,,,,,,,,0.6,,,,,,tentative,paper_figure,approximate_figure_mean
SID0061-R003,SID0061-G02,SID0061,TOTAL_COUNT,count,particles_per_individual,,,,,,,2.5,,,,,,,,,,,,,,tentative,paper_figure,approximate_figure_mean
SID0061-R004,SID0061-G02,SID0061,TOTAL_COUNT,count,other,,,,,,,0.01,,,,,,,,,,,,,,tentative,paper_figure,approximate_figure_mean
SID0061-R005,SID0061-G03,SID0061,TOTAL_COUNT,count,particles_per_individual,,,,,,,0.5,,,,,,,,,,,,,,tentative,paper_text,reported_group_statistic
SID0061-R006,SID0061-G03,SID0061,TOTAL_COUNT,count,other,,,,,,,0.004,,,,,,,,,,,,,,tentative,paper_text,reported_group_statistic
SID0061-R007,SID0061-G04,SID0061,TOTAL_COUNT,count,particles_per_individual,,,,,,,0.7,,,,,,,,,,,,,,tentative,paper_figure,approximate_figure_mean
SID0061-R008,SID0061-G04,SID0061,TOTAL_COUNT,count,other,,,,,,,0.012,,,,,,,,,,,,,,tentative,paper_figure,approximate_figure_mean
SID0061-R009,SID0061-G05,SID0061,TOTAL_COUNT,count,particles_per_individual,,,,,,,1.7,,,,,,,,,,,,,,tentative,paper_figure,approximate_figure_mean
SID0061-R010,SID0061-G05,SID0061,TOTAL_COUNT,count,other,,,,,,,0.021,,,,,,,,,,,,,,tentative,paper_figure,approximate_figure_mean
SID0061-R011,SID0061-G06,SID0061,TOTAL_COUNT,count,particles_per_individual,,,,,,,3,,,,,,,,,,,,,,tentative,paper_figure,approximate_figure_mean
SID0061-R012,SID0061-G06,SID0061,TOTAL_COUNT,count,other,,,,,,,0.012,,,,,,,,,,,,,,tentative,paper_figure,approximate_figure_mean
SID0061-R013,SID0061-G07,SID0061,TOTAL_COUNT,count,particles_per_individual,,,,,,,0.5,,,,,,,,,,,,,,tentative,paper_text,reported_group_statistic
SID0061-R014,SID0061-G07,SID0061,TOTAL_COUNT,count,other,,,,,,,0.151,,,,,,,,,,,,,,tentative,paper_figure,approximate_figure_mean
SID0061-R015,SID0061-G08,SID0061,TOTAL_COUNT,count,particles_per_individual,,,,,,,0.7,,,,,,,,,,,,,,tentative,paper_figure,approximate_figure_mean
SID0061-R016,SID0061-G08,SID0061,TOTAL_COUNT,count,other,,,,,,,0.01,,,,,,,,,,,,,,tentative,paper_figure,approximate_figure_mean
SID0061-R017,SID0061-G09,SID0061,TOTAL_COUNT,count,particles_per_individual,,,,,,,4.7,,,,,,,,,,,,,,tentative,paper_figure,approximate_figure_mean
SID0061-R018,SID0061-G09,SID0061,TOTAL_COUNT,count,other,,,,,,,0.061,,,,,,,,,,,,,,tentative,paper_figure,approximate_figure_mean
SID0061-R019,SID0061-G10,SID0061,TOTAL_COUNT,count,particles_per_individual,,,,,,,1.6,,,,,,,,,,,,,,tentative,paper_figure,approximate_figure_mean
SID0061-R020,SID0061-G10,SID0061,TOTAL_COUNT,count,other,,,,,,,0.041,,,,,,,,,,,,,,tentative,paper_figure,approximate_figure_mean
SID0061-R021,SID0061-G11,SID0061,TOTAL_COUNT,count,particles_per_individual,,,,,,,2.7,,,,,,,,,,,,,,tentative,paper_figure,approximate_figure_mean
SID0061-R022,SID0061-G11,SID0061,TOTAL_COUNT,count,other,,,,,,,0.021,,,,,,,,,,,,,,tentative,paper_figure,approximate_figure_mean
SID0061-R023,SID0061-G12,SID0061,TOTAL_COUNT,detection,pct_of_samples,,,,2,0,,,,,,,,,,,,,,,,not_detected,paper_text,reported_group_statistic
SID0061-R024,SID0061-G13,SID0061,TOTAL_COUNT,count,particles_per_individual,,,,,,,3,,,,,,,,,,,,,,tentative,paper_figure,approximate_figure_mean
SID0061-R025,SID0061-G13,SID0061,TOTAL_COUNT,count,other,,,,,,,0.072,,,,,,,,,,,,,,tentative,paper_figure,approximate_figure_mean
SID0061-R026,SID0061-G14,SID0061,TOTAL_COUNT,detection,pct_of_samples,,,,2,0,,,,,,,,,,,,,,,,not_detected,paper_text,reported_group_statistic
SID0061-R027,SID0061-G15,SID0061,TOTAL_COUNT,detection,pct_of_samples,,,,2,0,,,,,,,,,,,,,,,,not_detected,paper_text,reported_group_statistic
SID0061-R028,SID0061-G16,SID0061,TOTAL_COUNT,count,particles_per_individual,,,,,,,9,,,,,,,,,,,,,,tentative,paper_text,reported_group_statistic
SID0061-R029,SID0061-G16,SID0061,TOTAL_COUNT,count,other,,,,,,,0.63,,,,,,,,,,,,,,tentative,paper_text,reported_group_statistic
SID0061-R030,SID0061-G17,SID0061,TOTAL_COUNT,count,particles_per_individual,,,,,,,3,,,,,,,,,,,,,,tentative,paper_figure,approximate_figure_mean
SID0061-R031,SID0061-G17,SID0061,TOTAL_COUNT,count,other,,,,,,,0.281,,,,,,,,,,,,,,tentative,paper_figure,approximate_figure_mean
SID0061-R032,SID0061-G18,SID0061,TOTAL_COUNT,count,particles_per_individual,,,,,,,6.7,,,,,,,,,,,,,,tentative,paper_figure,approximate_figure_mean
SID0061-R033,SID0061-G18,SID0061,TOTAL_COUNT,count,other,,,,,,,0.151,,,,,,,,,,,,,,tentative,paper_figure,approximate_figure_mean
SID0061-R034,SID0061-G19,SID0061,TOTAL_COUNT,count,particles_per_individual,,,,,,,2,,,,,,,,,,,,,,tentative,paper_figure,approximate_figure_mean
SID0061-R035,SID0061-G19,SID0061,TOTAL_COUNT,count,other,,,,,,,0.051,,,,,,,,,,,,,,tentative,paper_figure,approximate_figure_mean
SID0118-R002,SID0118-G02,SID0118,PS,mass,other,,,,,,,8,,,,,,,,,,,,,,contamination_qualified,paper_figure,approximate_figure_mean
SID0118-R003,SID0118-G03,SID0118,PS,mass,other,,,,,,,10,,,,,,,,,,,,,,contamination_qualified,paper_figure,approximate_figure_mean
SID0118-R004,SID0118-G04,SID0118,PS,mass,other,,,,,,,5.5,,,,,,,,,,,,,,contamination_qualified,paper_figure,approximate_figure_mean
SID0259-R001,SID0259-G01,SID0259,PS,detection,pct_of_samples,,,,138,10,7,,,,,,,,,,,,,,yes,confirmed,paper_text,
SID0259-R002,SID0259-G01,SID0259,PS,mass,ug_per_mL,,,,138,,,0.11,,,,,,2.62,,,,,,,yes,confirmed,paper_table,
SID0259-R003,SID0259-G01,SID0259,PS,mass,ug_per_mL,,,,10,10,,1.51,,,,,,2.62,,,,,,,yes,confirmed,paper_table,
SID0259-R004,SID0259-G01,SID0259,PE,detection,pct_of_samples,,,,138,12,9,,,,,,,,,,,,,,yes,confirmed,paper_text,
SID0259-R005,SID0259-G01,SID0259,PE,mass,ug_per_mL,,,,138,,,0.05,,,,,,3.63,,,,,,,yes,confirmed,paper_table,
SID0259-R006,SID0259-G01,SID0259,PE,mass,ug_per_mL,,,,12,12,,0.57,,,,,,3.63,,,,,,,yes,confirmed,paper_table,
SID0259-R007,SID0259-G01,SID0259,PP,detection,pct_of_samples,,,,138,29,21,,,,,,,,,,,,,,yes,confirmed,paper_text,
SID0259-R008,SID0259-G01,SID0259,PP,mass,ug_per_mL,,,,138,,,0.13,,,,,,2.68,,,,,,,yes,confirmed,paper_table,
SID0259-R009,SID0259-G01,SID0259,PP,mass,ug_per_mL,,,,29,29,,0.62,,,,,,2.68,,,,,,,yes,confirmed,paper_table,
SID0259-R010,SID0259-G01,SID0259,TOTAL_MASS,mass,ug_per_mL,,,,43,43,,0.9,,,,,0.2,3.6,,,,,,,yes,confirmed,paper_text,
SID0259-R011,SID0259-G01,SID0259,TOTAL_MASS,detection,pct_of_samples,,,,138,43,31,,,,,,,,,,,,,,yes,confirmed,paper_text,
SID0259-R012,SID0259-G01,SID0259,TOTAL_MASS,detection,pct_of_samples,,,,46,22,48,,,,,,,,,,,,,,yes,confirmed,paper_text,
SID0259-R013,SID0259-G01,SID0259,PS,mass,ug_per_mL,,,,138,10,,0.1087,0.4308,0,0,0,0,2.6,,,,,,,yes,confirmed,computed,
SID0259-R014,SID0259-G01,SID0259,PS,mass,ug_per_mL,,,,46,5,,0.1087,0.331,0,0,0,0,1.4,,,,,,,yes,confirmed,computed,
SID0259-R015,SID0259-G01,SID0259,PE,mass,ug_per_mL,,,,138,12,,0.04928,0.3174,0,0,0,0,3.6,,,,,,,yes,confirmed,computed,
SID0259-R016,SID0259-G01,SID0259,PE,mass,ug_per_mL,,,,46,11,,0.04928,0.1809,0,0,0,0,1.2,,,,,,,yes,confirmed,computed,
SID0259-R017,SID0259-G01,SID0259,PP,mass,ug_per_mL,,,,138,29,,0.1312,0.3432,0,0,0,0,2.7,,,,,,,yes,confirmed,computed,
SID0259-R018,SID0259-G01,SID0259,PP,mass,ug_per_mL,,,,46,17,,0.1312,0.2407,0,0,0.1833,0,1.133,,,,,,,yes,confirmed,computed,
SID0259-R019,SID0259-G01,SID0259,PMMA,mass,ug_per_mL,,,,138,37,,0.1333,0.2748,0,0,0.2,0,1.3,,,,,,,yes,tentative,computed,
SID0259-R020,SID0259-G01,SID0259,PMMA,mass,ug_per_mL,,,,46,22,,0.1333,0.18,0,0,0.2,0,0.5667,,,,,,,yes,tentative,computed,
SID0259-R021,SID0259-G01,SID0259,PET,mass,ug_per_mL,,,,138,11,,0.01594,0.06307,0,0,0,0,0.5,,,,,,,yes,tentative,computed,
SID0259-R022,SID0259-G01,SID0259,PET,mass,ug_per_mL,,,,46,9,,0.01594,0.03634,0,0,0,0,0.1667,,,,,,,yes,tentative,computed,
SID0260-R001,SID0260-G01,SID0260,TOTAL_COUNT,count,particles_per_g,,,,13,,,1.42,,,,,,,,,,,,,no,confirmed,paper_text,
SID0260-R002,SID0260-G01,SID0260,TOTAL_COUNT,count,particles_per_g,,,,13,,,0.69,0.84,,,,,,,,,,,,yes,confirmed,paper_text,
SID0260-R003,SID0260-G01,SID0260,TOTAL_COUNT,count,particles_per_sample,,,,13,,,3,2.55,,,,0,8,,,,,,,no,confirmed,paper_text,
SID0260-R004,SID0260-G01,SID0260,TOTAL_COUNT,count,other,,,,13,,,,,,,,,,,,,,,,no,confirmed,paper_text,
SID0260-R005,SID0260-G01,SID0260,TOTAL_COUNT,detection,pct_of_samples,,,,13,11,,,,,,,,,,,,,,,no,confirmed,paper_text,
SID0260-R006,SID0260-G01,SID0260,PP,count,particles_per_g,,,,1,,,1.94,,,,,,,,,,,,,yes,confirmed,paper_text,
SID0260-R007,SID0260-G01,SID0260,PP,count,pct_of_particles,,,,,,,23,,,,,,,,,,,,,no,confirmed,paper_text,
SID0260-R008,SID0260-G01,SID0260,PET,count,pct_of_particles,,,,,,,18,,,,,,,,,,,,,no,confirmed,paper_text,
SID0260-R009,SID0260-G01,SID0260,OTHER,count,pct_of_particles,,,,,,,15,,,,,,,,,,,,,no,confirmed,paper_text,
SID0260-R010,SID0260-G01,SID0260,PE,count,pct_of_particles,,,,,,,10,,,,,,,,,,,,,no,confirmed,paper_text,
SID0260-R011,SID0260-G02,SID0260,TOTAL_COUNT,count,particles_per_g,,,,,,,0.8,0.96,,,,,,,,,,,,no,confirmed,paper_text,
SID0260-R012,SID0260-G02,SID0260,TOTAL_COUNT,count,particles_per_g,,,,,,,0.23,0.28,,,,,,,,,,,,yes,confirmed,paper_text,
SID0260-R013,SID0260-G02,SID0260,TOTAL_COUNT,count,particles_per_g,,,,,,,0,0,,,,,,,,,,,,yes,confirmed,si_table,
SID0260-R014,SID0260-G03,SID0260,TOTAL_COUNT,count,particles_per_g,,,,,,,0.41,0.37,,,,,,,,,,,,no,confirmed,paper_text,
SID0260-R015,SID0260-G03,SID0260,TOTAL_COUNT,count,particles_per_g,,,,,,,0.33,0.37,,,,,,,,,,,,yes,confirmed,paper_text,
SID0260-R016,SID0260-G03,SID0260,TOTAL_COUNT,count,particles_per_g,,,,,,,0,0,,,,,,,,,,,,yes,confirmed,si_table,
SID0260-R017,SID0260-G04,SID0260,TOTAL_COUNT,count,particles_per_g,,,,,,,3.12,1.3,,,,,,,,,,,,no,confirmed,paper_text,
SID0260-R018,SID0260-G04,SID0260,TOTAL_COUNT,count,particles_per_g,,,,,,,1.65,0.88,,,,,,,,,,,,yes,confirmed,paper_text,
SID0260-R019,SID0260-G04,SID0260,TOTAL_COUNT,count,particles_per_g,,,,,,,0.49,0.97,,,,,,,,,,,,yes,confirmed,si_table,
SID0260-R020,SID0260-G05,SID0260,TOTAL_COUNT,count,particles_per_g,,,,,,,2.09,1.54,,,,,,,,,,,,no,confirmed,paper_text,
SID0260-R021,SID0260-G05,SID0260,TOTAL_COUNT,count,particles_per_g,,,,,,,0.91,0.95,,,,,,,,,,,,yes,confirmed,paper_text,
SID0260-R022,SID0260-G05,SID0260,TOTAL_COUNT,count,particles_per_g,,,,,,,0.24,0.69,,,,,,,,,,,,yes,confirmed,si_table,
SID0260-R023,SID0260-G06,SID0260,TOTAL_COUNT,count,particles_per_g,,,,,,,0.36,0.5,,,,,,,,,,,,no,confirmed,paper_text,
SID0260-R024,SID0260-G06,SID0260,TOTAL_COUNT,count,particles_per_g,,,,,,,0.33,0.52,,,,,,,,,,,,yes,confirmed,paper_text,
SID0260-R025,SID0260-G06,SID0260,TOTAL_COUNT,count,particles_per_g,,,,,,,0,0,,,,,,,,,,,,yes,confirmed,si_table,
SID0260-R026,SID0260-G02,SID0260,TOTAL_COUNT,count,other,,,,6,,,,,,,,,,,,,,,,no,confirmed,paper_text,
SID0260-R027,SID0260-G02,SID0260,PE,count,pct_of_particles,,,,,,,18,,,,,,,,,,,,,no,confirmed,paper_text,
SID0260-R028,SID0260-G02,SID0260,PET,count,pct_of_particles,,,,,,,18,,,,,,,,,,,,,no,confirmed,paper_text,
SID0260-R029,SID0260-G02,SID0260,PP,count,pct_of_particles,,,,,,,18,,,,,,,,,,,,,no,confirmed,paper_text,
SID0260-R030,SID0260-G02,SID0260,PEST,count,pct_of_particles,,,,,,,9,,,,,,,,,,,,,no,confirmed,paper_text,
SID0260-R031,SID0260-G02,SID0260,PS,count,pct_of_particles,,,,,,,9,,,,,,,,,,,,,no,confirmed,paper_text,
SID0260-R032,SID0260-G02,SID0260,OTHER,count,pct_of_particles,,,,,,,9,,,,,,,,,,,,,no,confirmed,paper_text,
SID0260-R033,SID0260-G02,SID0260,SEBS,count,pct_of_particles,,,,,,,9,,,,,,,,,,,,,no,confirmed,paper_text,
SID0260-R034,SID0260-G02,SID0260,OTHER,count,pct_of_particles,,,,,,,9,,,,,,,,,,,,,no,confirmed,paper_text,
SID0260-R035,SID0260-G03,SID0260,TOTAL_COUNT,count,other,,,,3,,,,,,,,,,,,,,,,no,confirmed,paper_text,
SID0260-R036,SID0260-G03,SID0260,PET,count,pct_of_particles,,,,,,,29,,,,,,,,,,,,,no,confirmed,paper_text,
SID0260-R037,SID0260-G03,SID0260,OTHER,count,pct_of_particles,,,,,,,29,,,,,,,,,,,,,no,confirmed,paper_text,
SID0260-R038,SID0260-G03,SID0260,PE,count,pct_of_particles,,,,,,,14,,,,,,,,,,,,,no,confirmed,paper_text,
SID0260-R039,SID0260-G03,SID0260,PMMA,count,pct_of_particles,,,,,,,14,,,,,,,,,,,,,no,confirmed,paper_text,
SID0260-R040,SID0260-G03,SID0260,PU,count,pct_of_particles,,,,,,,14,,,,,,,,,,,,,no,confirmed,paper_text,
SID0260-R041,SID0260-G04,SID0260,TOTAL_COUNT,count,other,,,,4,,,,,,,,,,,,,,,,no,confirmed,paper_text,
SID0260-R042,SID0260-G04,SID0260,PP,count,pct_of_particles,,,,,,,33,,,,,,,,,,,,,no,confirmed,paper_text,
SID0260-R043,SID0260-G04,SID0260,PTFE,count,pct_of_particles,,,,,,,19,,,,,,,,,,,,,no,confirmed,paper_text,
SID0260-R044,SID0260-G04,SID0260,PET,count,pct_of_particles,,,,,,,14,,,,,,,,,,,,,no,confirmed,paper_text,
SID0260-R045,SID0260-G04,SID0260,OTHER,count,pct_of_particles,,,,,,,14,,,,,,,,,,,,,no,confirmed,paper_text,
SID0260-R046,SID0260-G04,SID0260,PS,count,pct_of_particles,,,,,,,10,,,,,,,,,,,,,no,confirmed,paper_text,
SID0260-R047,SID0260-G04,SID0260,PAN,count,pct_of_particles,,,,,,,5,,,,,,,,,,,,,no,confirmed,paper_text,
SID0260-R048,SID0260-G04,SID0260,PE,count,pct_of_particles,,,,,,,5,,,,,,,,,,,,,no,confirmed,paper_text,
SID0261-R001,SID0261-G01,SID0261,TOTAL_MASS,mass,ug_per_mL,,,,20,20,,0.803,,0.87,,,0.038,2.021,,,,,,,yes,confirmed,paper_text,
SID0261-R002,SID0261-G01,SID0261,PET,detection,pct_of_samples,,,,20,20,100,,,,,,,,,,,,,,yes,confirmed,paper_text,
SID0261-R003,SID0261-G01,SID0261,PET,mass,ug_per_mL,,,,,,,0.316,,,,,,,,,,,,,yes,confirmed,paper_text,
SID0261-R004,SID0261-G01,SID0261,PS,mass,ug_per_mL,,,,,,,0.729,,,,,,,,,,,,,yes,confirmed,paper_text,
SID0261-R005,SID0261-G01,SID0261,PVC,mass,ug_per_mL,,,,,,,0.622,,,,,,,,,,,,,yes,confirmed,paper_text,
SID0261-R006,SID0261-G01,SID0261,PVC,detection,pct_of_samples,,,,20,,,,,,,,,,,,,,,,yes,confirmed,paper_text,
SID0261-R007,SID0261-G01,SID0261,PP,mass,ug_per_mL,,,,,,,0.088,,,,,,,,,,,,,yes,confirmed,paper_text,
SID0261-R008,SID0261-G01,SID0261,PP,detection,pct_of_samples,,,,20,,,,,,,,,,,,,,,,yes,confirmed,paper_text,
SID0261-R009,SID0261-G02,SID0261,TOTAL_MASS,mass,ug_per_mL,,,,20,,,2.744,,1.994,,,0.611,6.923,,,,,,,yes,confirmed,paper_text,
SID0261-R010,SID0261-G02,SID0261,PVC,detection,pct_of_samples,,,,20,20,100,,,,,,,,,,,,,,yes,confirmed,paper_text,
SID0261-R011,SID0261-G02,SID0261,PVC,mass,ug_per_mL,,,,,,,1.456,,,,,,,,,,,,,yes,confirmed,paper_text,
SID0261-R012,SID0261-G02,SID0261,PMMA,detection,pct_of_samples,,,,20,20,100,,,,,,,,,,,,,,yes,confirmed,paper_text,
SID0261-R013,SID0261-G02,SID0261,PMMA,mass,ug_per_mL,,,,,,,0.385,,,,,,,,,,,,,yes,confirmed,paper_text,
SID0261-R014,SID0261-G02,SID0261,PC,detection,pct_of_samples,,,,20,20,100,,,,,,,,,,,,,,yes,confirmed,paper_text,
SID0261-R015,SID0261-G02,SID0261,PC,mass,ug_per_mL,,,,,,,0.283,,,,,,,,,,,,,yes,confirmed,paper_text,
SID0261-R016,SID0261-G02,SID0261,PS,detection,pct_of_samples,,,,20,,,,,,,,,,,,,,,,yes,confirmed,paper_text,
SID0261-R017,SID0261-G02,SID0261,PS,mass,ug_per_mL,,,,,,,0.519,,,,,,,,,,,,,yes,confirmed,paper_text,
SID0261-R018,SID0261-G02,SID0261,PET,detection,pct_of_samples,,,,20,,,,,,,,,,,,,,,,yes,confirmed,paper_text,
SID0261-R019,SID0261-G02,SID0261,PP,detection,pct_of_samples,,,,20,15,75,,,,,,,,,,,,,,yes,confirmed,paper_text,
SID0261-R020,SID0261-G05,SID0261,TOTAL_MASS,mass,other,,0.7-1.2,,,,,,,,,,78,99,,,,,,,yes,confirmed,paper_text,
SID0261-R021,SID0261-G04,SID0261,TOTAL_MASS,mass,other,,0.7-1.2,,,,,,,,,,74,97,,,,,,,yes,confirmed,paper_text,
SID0261-R022,SID0261-G03,SID0261,TOTAL_MASS,mass,other,,1.2-212,,,,,,,,,,,54,,,,,,,yes,confirmed,paper_text,
SID0263-R001,SID0263-G01,SID0263,PMMA,mass,ug_per_g,,,,60,,51.67,,,0.13,2e-05,1.73,,,,,,,,,,confirmed,paper_table,
SID0263-R002,SID0263-G01,SID0263,PP,mass,ug_per_g,,,,60,,58.34,,,1.44,0.0006,10.93,,,,,,,,,,confirmed,paper_table,
SID0263-R003,SID0263-G01,SID0263,PE,mass,ug_per_g,,,,60,,71.67,,,230.67,1.93,3654.09,,,,,,,,,,confirmed,paper_table,
SID0263-R004,SID0263-G01,SID0263,PET,mass,ug_per_g,,,,60,,60,,,2.47,0.0059,20.63,,,,,,,,,,confirmed,paper_table,
SID0263-R005,SID0263-G01,SID0263,PVC,mass,ug_per_g,,,,60,,70,,,18.42,0.0005,96.03,,,,,,,,,,confirmed,paper_table,
SID0263-R006,SID0263-G01,SID0263,PC,mass,ug_per_g,,,,60,,60,,,0.15,1.21e-05,1.93,,,,,,,,,,confirmed,paper_table,
SID0263-R007,SID0263-G01,SID0263,ABS,mass,ug_per_g,,,,60,,63.34,,,10.01,0.0007,22.43,,,,,,,,,,confirmed,paper_table,
SID0263-R008,SID0263-G01,SID0263,PS,mass,ug_per_g,,,,60,,55,,,1.49,0.0003,6.54,,,,,,,,,,confirmed,paper_table,
SID0263-R009,SID0263-G01,SID0263,PE,mass,ug_per_g,,,,60,,70.3,,,,,,,,,,,,,,,confirmed,paper_text,
SID0263-R010,SID0263-G01,SID0263,ABS,mass,ug_per_g,,,,60,,62.1,,,,,,,,,,,,,,,confirmed,paper_text,
SID0263-R011,SID0263-G01,SID0263,PMMA,mass,ug_per_g,,,,60,,,,,,,,,,,,,,,,,confirmed,paper_text,
SID0263-R012,SID0263-G01,SID0263,PP,mass,ug_per_g,,,,60,,,,,,,,,,,,,,,,,confirmed,paper_text,
SID0263-R013,SID0263-G01,SID0263,PMMA,mass,ug_per_g,,,,60,30,,1.831,5.113,0.01407,0,1.062,0,33.12,,,,,,,,confirmed,computed,
SID0263-R014,SID0263-G01,SID0263,PP,mass,ug_per_g,,,,60,26,,18.7,84.39,0,0,4.403,0,637.1,,,,,,,,confirmed,computed,
SID0263-R015,SID0263-G01,SID0263,PE,mass,ug_per_g,,,,60,40,,1674,3289,109.2,0,1389,0,15310,,,,,,,,confirmed,computed,
SID0263-R016,SID0263-G01,SID0263,PET,mass,ug_per_g,,,,60,33,,11.27,20.62,0.7927,0,15.96,0,82.23,,,,,,,,confirmed,computed,
SID0263-R017,SID0263-G01,SID0263,PVC,mass,ug_per_g,,,,60,40,,40.05,62.82,4.639,0,62.1,0,247.7,,,,,,,,confirmed,computed,
SID0263-R018,SID0263-G01,SID0263,PC,mass,ug_per_g,,,,60,37,,1.075,1.862,0.1251,0,1.398,0,7.765,,,,,,,,confirmed,computed,
SID0263-R019,SID0263-G01,SID0263,ABS,mass,ug_per_g,,,,60,34,,64.19,254,2.086,0,19.4,0,1537,,,,,,,,confirmed,computed,
SID0263-R020,SID0263-G01,SID0263,PS,mass,ug_per_g,,,,60,29,,3.874,7.891,0,0,4.946,0,34.8,,,,,,,,confirmed,computed,
SID0262-R001,SID0262-G01,SID0262,TOTAL_COUNT,count,particles_per_sample,,,,,,,,,,,,,,,,,,,,,confirmed,paper_text,
SID0262-R002,SID0262-G01,SID0262,TOTAL_COUNT,detection,pct_of_samples,,,,,,100,,,,,,,,,,,,,,,confirmed,paper_text,
SID0262-R003,SID0262-G01,SID0262,PS,count,pct_of_particles,,,,,,,,,,,,,,,,,,,,,confirmed,paper_text,
SID0262-R004,SID0262-G01,SID0262,PE,count,pct_of_particles,,,,,,,,,,,,,,,,,,,,,confirmed,paper_text,
SID0262-R005,SID0262-G01,SID0262,PVC,count,pct_of_particles,,,,,,,,,,,,,,,,,,,,,confirmed,paper_text,
SID0262-R006,SID0262-G01,SID0262,ABS,count,pct_of_particles,,,,,,,,,,,,,,,,,,,,,confirmed,paper_text,
SID0262-R007,SID0262-G01,SID0262,PC,count,pct_of_particles,,,,,,,,,,,,,,,,,,,,,confirmed,paper_text,
SID0262-R008,SID0262-G01,SID0262,PET,count,pct_of_particles,,,,,,,,,,,,,,,,,,,,,confirmed,paper_text,
SID0262-R009,SID0262-G01,SID0262,PP,count,pct_of_particles,,,,,,,,,,,,,,,,,,,,,confirmed,paper_text,
SID0262-R010,SID0262-G01,SID0262,PTFE,count,pct_of_particles,,,,,,,,,,,,,,,,,,,,,confirmed,paper_text,
SID0262-R011,SID0262-G01,SID0262,PS,detection,pct_of_samples,,,,,12,30,,,,,,,,,,,,,,,confirmed,computed,
SID0262-R012,SID0262-G01,SID0262,PC,detection,pct_of_samples,,,,,7,17.5,,,,,,,,,,,,,,,confirmed,computed,
SID0262-R013,SID0262-G01,SID0262,PE,detection,pct_of_samples,,,,,6,15,,,,,,,,,,,,,,,confirmed,computed,
SID0262-R014,SID0262-G01,SID0262,ABS,detection,pct_of_samples,,,,,6,15,,,,,,,,,,,,,,,confirmed,computed,
SID0262-R015,SID0262-G01,SID0262,PTFE,detection,pct_of_samples,,,,,5,12.5,,,,,,,,,,,,,,,confirmed,computed,
SID0262-R016,SID0262-G01,SID0262,PVC,detection,pct_of_samples,,,,,2,5,,,,,,,,,,,,,,,confirmed,computed,
SID0262-R017,SID0262-G01,SID0262,PP,detection,pct_of_samples,,,,,1,2.5,,,,,,,,,,,,,,,confirmed,computed,
SID0262-R018,SID0262-G01,SID0262,PET,detection,pct_of_samples,,,,,1,2.5,,,,,,,,,,,,,,,confirmed,computed,
SID0264-R001,SID0264-G01,SID0264,TOTAL_MASS,mass,ug_per_g,,,,,,,,,3345,1267,5213,,,,,,,,,,confirmed,paper_text,
SID0264-R002,SID0264-G02,SID0264,TOTAL_MASS,mass,ug_per_g,,,,,,,,,4917,4026,5608,,,,,,,,,,confirmed,paper_text,
SID0264-R003,SID0264-G04,SID0264,TOTAL_MASS,mass,ug_per_g,,,,,,,,,433,,,,,,,,,,,,confirmed,paper_text,
SID0264-R004,SID0264-G06,SID0264,TOTAL_MASS,mass,ug_per_g,,,,,,,,,404,,,,,,,,,,,,confirmed,paper_text,
SID0264-R005,SID0264-G07,SID0264,TOTAL_MASS,mass,ug_per_g,,,,,,,,,1254,,,,,,,,,,,,confirmed,paper_text,
SID0264-R006,SID0264-G08,SID0264,TOTAL_MASS,mass,ug_per_g,,,,,,,,,26076,,,,,,,,,,,,confirmed,paper_text,
SID0264-R007,SID0264-G03,SID0264,TOTAL_MASS,mass,ug_per_g,,,,,,,141.9,,103.7,54.5,184.9,22.31,412.3,,,,,,,,confirmed,si_table,
SID0264-R008,SID0264-G04,SID0264,TOTAL_MASS,mass,ug_per_g,,,,,,,465.3,,432.9,111.4,640.8,63.59,1264,,,,,,,,confirmed,si_table,
SID0264-R009,SID0264-G05,SID0264,TOTAL_MASS,mass,ug_per_g,,,,,,,538.1,,402.5,310.6,786.1,47.8,1741,,,,,,,,confirmed,si_table,
SID0264-R010,SID0264-G06,SID0264,TOTAL_MASS,mass,ug_per_g,,,,,,,666.3,,404.8,213.7,1186,59.06,1848,,,,,,,,confirmed,si_table,
SID0264-R011,SID0264-G08,SID0264,TOTAL_MASS,mass,ug_per_g,,,,,,,27215,,26076,17629,35831,12806,47730,,,,,,,,confirmed,si_table,
SID0264-R012,SID0264-G09,SID0264,TOTAL_COUNT,count,particles_per_sample,,,,5,5,,,,,,,63,502,,,,,,,no,confirmed,si_table,
SID0264-R013,SID0264-G09,SID0264,PE,mass,other,,,,5,5,,,,,,,17,36.67,,,,,,,,confirmed,si_table,
SID0264-R014,SID0264-G09,SID0264,PA66,mass,other,,,,5,5,,,,,,,1.01,4.2,,,,,,,,confirmed,si_table,
SID0264-R015,SID0264-G09,SID0264,ABS,mass,other,,,,5,5,,,,,,,0.02,0.26,,,,,,,,confirmed,si_table,
SID0264-R016,SID0264-G09,SID0264,PET,mass,other,,,,5,5,,,,,,,0.07,0.09,,,,,,,,confirmed,si_table,
SID0264-R017,SID0264-G09,SID0264,PVC,mass,other,,,,5,1,,,,,,,0.03,0.03,,,,,,,,confirmed,si_table,
SID0264-R018,SID0264-G09,SID0264,SBR,mass,other,,,,5,1,,,,,,,1.06,1.06,,,,,,,,confirmed,si_table,
SID0264-R019,SID0264-G01,SID0264,TOTAL_MASS,mass,ug_per_g,,,,28,28,,3420,2321,3345,1388,4990,298.5,8861,,,,,,,,confirmed,computed,
SID0264-R020,SID0264-G01,SID0264,PE,mass,ug_per_g,,,,28,28,,2460,1616,2401,1105,3680,231.6,6056,,,,,,,,confirmed,computed,
SID0264-R021,SID0264-G01,SID0264,PP,mass,ug_per_g,,,,28,20,,360,342.5,357.1,0,568.4,0,1345,,,,,,,,confirmed,computed,
SID0264-R022,SID0264-G01,SID0264,PS,mass,ug_per_g,,,,28,6,,0.656,1.51,0,0,0,0,5.53,,,,,,,,confirmed,computed,
SID0264-R023,SID0264-G01,SID0264,ABS,mass,ug_per_g,,,,28,15,,12.73,13.73,11.74,0,22.81,0,41.3,,,,,,,,confirmed,computed,
SID0264-R024,SID0264-G01,SID0264,SBR,mass,ug_per_g,,,,28,26,,126,111,108.6,48.72,151.7,0,466.4,,,,,,,,confirmed,computed,
SID0264-R025,SID0264-G01,SID0264,PMMA,mass,ug_per_g,,,,28,21,,28.21,26.6,26.45,5.342,47.69,0,86.79,,,,,,,,confirmed,computed,
SID0264-R026,SID0264-G01,SID0264,PC,mass,ug_per_g,,,,28,21,,13.84,17.48,9.325,1.777,12.88,0,64.92,,,,,,,,confirmed,computed,
SID0264-R027,SID0264-G01,SID0264,PVC,mass,ug_per_g,,,,28,21,,63.52,55.2,59.09,13.85,82.06,0,181.8,,,,,,,,confirmed,computed,
SID0264-R028,SID0264-G01,SID0264,PU,mass,ug_per_g,,,,28,18,,25.95,53.82,5.269,0,9.162,0,182.2,,,,,,,,confirmed,computed,
SID0264-R029,SID0264-G01,SID0264,PET,mass,ug_per_g,,,,28,27,,121.5,76.55,117.6,78.2,151.8,0,404.2,,,,,,,,confirmed,computed,
SID0264-R030,SID0264-G01,SID0264,PA6,mass,ug_per_g,,,,28,22,,107.8,100.4,82.77,6.297,208.4,0,320.3,,,,,,,,confirmed,computed,
SID0264-R031,SID0264-G01,SID0264,PA66,mass,ug_per_g,,,,28,21,,100,90.78,87.92,25.9,165.5,0,306.8,,,,,,,,confirmed,computed,
SID0264-R032,SID0264-G02,SID0264,TOTAL_MASS,mass,ug_per_g,,,,24,24,,4763,1185,4917,4036,5537,2216,6791,,,,,,,,confirmed,computed,
SID0264-R033,SID0264-G02,SID0264,PE,mass,ug_per_g,,,,24,24,,3511,804.2,3627,3222,3887,1786,4872,,,,,,,,confirmed,computed,
SID0264-R034,SID0264-G02,SID0264,PP,mass,ug_per_g,,,,24,24,,626.1,214,640,458.3,760.6,227.4,1027,,,,,,,,confirmed,computed,
SID0264-R035,SID0264-G02,SID0264,PS,mass,ug_per_g,,,,24,1,,0.1183,0.5796,0,0,0,0,2.839,,,,,,,,confirmed,computed,
SID0264-R036,SID0264-G02,SID0264,ABS,mass,ug_per_g,,,,24,18,,1.428,1.33,1.341,0.1283,2.382,0,4.117,,,,,,,,confirmed,computed,
SID0264-R037,SID0264-G02,SID0264,SBR,mass,ug_per_g,,,,24,24,,116.8,53,103.7,77.09,156.1,42.76,217.1,,,,,,,,confirmed,computed,
SID0264-R038,SID0264-G02,SID0264,PMMA,mass,ug_per_g,,,,24,24,,80.67,39.72,80.02,47.41,98.65,16.94,181.5,,,,,,,,confirmed,computed,
SID0264-R039,SID0264-G02,SID0264,PC,mass,ug_per_g,,,,24,24,,0.7337,0.6281,0.5616,0.2851,0.894,0.09167,2.543,,,,,,,,confirmed,computed,
SID0264-R040,SID0264-G02,SID0264,PVC,mass,ug_per_g,,,,24,24,,314.9,211.2,260.2,176.7,444.9,41.44,832.9,,,,,,,,confirmed,computed,
SID0264-R041,SID0264-G02,SID0264,PU,mass,ug_per_g,,,,24,24,,2.204,0.6626,2.211,1.761,2.676,1.04,3.378,,,,,,,,confirmed,computed,
SID0264-R042,SID0264-G02,SID0264,PET,mass,ug_per_g,,,,24,24,,16.86,5.688,17.67,13,20.83,7.218,27.62,,,,,,,,confirmed,computed,
SID0264-R043,SID0264-G02,SID0264,PA6,mass,ug_per_g,,,,24,24,,62.78,22.69,62.16,43.78,82.09,20.68,102.3,,,,,,,,confirmed,computed,
SID0264-R044,SID0264-G02,SID0264,PA66,mass,ug_per_g,,,,24,24,,29.33,22.03,20.2,13.72,41.71,7.258,93.24,,,,,,,,confirmed,computed,
SID0264-R045,SID0264-G03,SID0264,TOTAL_MASS,mass,ug_per_g,,,,27,27,,141.9,105.6,103.7,59.76,180.3,22.31,412.3,,,,,,,,confirmed,computed,
SID0264-R046,SID0264-G03,SID0264,PE,mass,ug_per_g,,,,27,26,,87.23,73.92,56.67,33.54,116.1,0,265.4,,,,,,,,confirmed,computed,
SID0264-R047,SID0264-G03,SID0264,PP,mass,ug_per_g,,,,27,23,,9.572,8.643,8.908,3.434,12.61,0,32.6,,,,,,,,confirmed,computed,
SID0264-R048,SID0264-G03,SID0264,PS,mass,ug_per_g,,,,27,26,,14.94,13.83,9.863,3.579,21.47,0,53.62,,,,,,,,confirmed,computed,
SID0264-R049,SID0264-G03,SID0264,ABS,mass,ug_per_g,,,,27,25,,3.992,6.796,1.907,1.337,3.334,0,35.71,,,,,,,,confirmed,computed,
SID0264-R050,SID0264-G03,SID0264,SBR,mass,ug_per_g,,,,27,26,,5.176,4.226,4.495,2.355,5.817,0,18.62,,,,,,,,confirmed,computed,
SID0264-R051,SID0264-G03,SID0264,PMMA,mass,ug_per_g,,,,27,27,,0.9531,1.332,0.4354,0.3392,0.5512,0.2249,5.592,,,,,,,,confirmed,computed,
SID0264-R052,SID0264-G03,SID0264,PC,mass,ug_per_g,,,,27,21,,2.299,2.529,1.558,0.8577,3.308,0,10.77,,,,,,,,confirmed,computed,
SID0264-R053,SID0264-G03,SID0264,PVC,mass,ug_per_g,,,,27,5,,2.277,6.401,0,0,0,0,29.04,,,,,,,,confirmed,computed,
SID0264-R054,SID0264-G03,SID0264,PU,mass,ug_per_g,,,,27,17,,2.418,3.535,0.54,0,3.893,0,13.54,,,,,,,,confirmed,computed,
SID0264-R055,SID0264-G03,SID0264,PET,mass,ug_per_g,,,,27,24,,5.922,5.872,4.122,1.45,7.786,0,21.29,,,,,,,,confirmed,computed,
SID0264-R056,SID0264-G03,SID0264,PA6,mass,ug_per_g,,,,27,4,,1.205,3.556,0,0,0,0,13.4,,,,,,,,confirmed,computed,
SID0264-R057,SID0264-G03,SID0264,PA66,mass,ug_per_g,,,,27,26,,5.938,7.456,2.803,1.03,8.27,0,34.09,,,,,,,,confirmed,computed,
SID0264-R058,SID0264-G04,SID0264,TOTAL_MASS,mass,ug_per_g,,,,23,23,,465.3,353.8,432.9,146.3,624.5,63.59,1264,,,,,,,,confirmed,computed,
SID0264-R059,SID0264-G04,SID0264,PE,mass,ug_per_g,,,,23,22,,251,254.4,216.3,27.22,375.1,0,955.8,,,,,,,,confirmed,computed,
SID0264-R060,SID0264-G04,SID0264,PP,mass,ug_per_g,,,,23,23,,83.48,71.12,74.86,16.06,119.1,3.817,224.9,,,,,,,,confirmed,computed,
SID0264-R061,SID0264-G04,SID0264,PS,mass,ug_per_g,,,,23,4,,0.1286,0.3777,0,0,0,0,1.691,,,,,,,,confirmed,computed,
SID0264-R062,SID0264-G04,SID0264,ABS,mass,ug_per_g,,,,23,23,,1.401,1.042,0.9496,0.7107,1.599,0.5057,4.028,,,,,,,,confirmed,computed,
SID0264-R063,SID0264-G04,SID0264,SBR,mass,ug_per_g,,,,23,15,,20.58,18.31,21.24,0,34.58,0,50.87,,,,,,,,confirmed,computed,
SID0264-R064,SID0264-G04,SID0264,PMMA,mass,ug_per_g,,,,23,21,,12.36,10.9,11.89,2.67,17.07,0,34.24,,,,,,,,confirmed,computed,
SID0264-R065,SID0264-G04,SID0264,PC,mass,ug_per_g,,,,23,23,,0.937,0.4862,0.8796,0.5611,1.227,0.3091,2.127,,,,,,,,confirmed,computed,
SID0264-R066,SID0264-G04,SID0264,PVC,mass,ug_per_g,,,,23,23,,47.94,31.02,46.11,25.39,61.96,3.485,112.2,,,,,,,,confirmed,computed,
SID0264-R067,SID0264-G04,SID0264,PU,mass,ug_per_g,,,,23,23,,0.2276,0.1339,0.1742,0.1354,0.2737,0.08402,0.5157,,,,,,,,confirmed,computed,
SID0264-R068,SID0264-G04,SID0264,PET,mass,ug_per_g,,,,23,23,,3.852,3.99,2.941,2.449,3.847,0.6432,21.26,,,,,,,,confirmed,computed,
SID0264-R069,SID0264-G04,SID0264,PA6,mass,ug_per_g,,,,23,22,,12.26,11.64,7.073,3.85,17.31,0,38.74,,,,,,,,confirmed,computed,
SID0264-R070,SID0264-G04,SID0264,PA66,mass,ug_per_g,,,,23,23,,31.09,32.15,18.63,11.19,40.44,1.793,144.5,,,,,,,,confirmed,computed,
SID0264-R071,SID0264-G05,SID0264,TOTAL_MASS,mass,ug_per_g,,,,23,23,,538.1,421.3,402.5,315.1,738.8,47.8,1741,,,,,,,,confirmed,computed,
SID0264-R072,SID0264-G05,SID0264,PE,mass,ug_per_g,,,,23,21,,274.4,245,215.4,133.5,349.7,0,979,,,,,,,,confirmed,computed,
SID0264-R073,SID0264-G05,SID0264,PP,mass,ug_per_g,,,,23,8,,5.011,7.98,0,0,8.284,0,23.1,,,,,,,,confirmed,computed,
SID0264-R074,SID0264-G05,SID0264,PS,mass,ug_per_g,,,,23,16,,0.8523,0.7011,1.008,0,1.158,0,2.386,,,,,,,,confirmed,computed,
SID0264-R075,SID0264-G05,SID0264,ABS,mass,ug_per_g,,,,23,15,,17.84,17.5,14.38,0,30.25,0,52.89,,,,,,,,confirmed,computed,
SID0264-R076,SID0264-G05,SID0264,SBR,mass,ug_per_g,,,,23,23,,14.09,10.04,11.18,7.68,17.74,3.961,39.31,,,,,,,,confirmed,computed,
SID0264-R077,SID0264-G05,SID0264,PMMA,mass,ug_per_g,,,,23,23,,8.156,6.144,6.167,4.956,10.2,1.059,26.93,,,,,,,,confirmed,computed,
SID0264-R078,SID0264-G05,SID0264,PC,mass,ug_per_g,,,,23,23,,3.591,2.862,3.161,1.721,4.346,0.7595,13.95,,,,,,,,confirmed,computed,
SID0264-R079,SID0264-G05,SID0264,PVC,mass,ug_per_g,,,,23,23,,60.49,52.1,50.08,23.94,87.53,5.909,225.4,,,,,,,,confirmed,computed,
SID0264-R080,SID0264-G05,SID0264,PU,mass,ug_per_g,,,,23,13,,1.265,1.361,0.8514,0,2.39,0,4.196,,,,,,,,confirmed,computed,
SID0264-R081,SID0264-G05,SID0264,PET,mass,ug_per_g,,,,23,21,,45.09,46.69,21.67,7.755,70.75,0,162.3,,,,,,,,confirmed,computed,
SID0264-R082,SID0264-G05,SID0264,PA6,mass,ug_per_g,,,,23,22,,57.82,50.99,45.46,20.57,93.07,0,173.2,,,,,,,,confirmed,computed,
SID0264-R083,SID0264-G05,SID0264,PA66,mass,ug_per_g,,,,23,23,,49.58,34.08,48.68,30.83,63.44,3.597,160.5,,,,,,,,confirmed,computed,
SID0264-R084,SID0264-G06,SID0264,TOTAL_MASS,mass,ug_per_g,,,,20,20,,666.3,554.5,404.8,218.1,1157,59.06,1848,,,,,,,,confirmed,computed,
SID0264-R085,SID0264-G06,SID0264,PE,mass,ug_per_g,,,,20,19,,420.8,343.7,324.4,155.9,694.3,0,1172,,,,,,,,confirmed,computed,
SID0264-R086,SID0264-G06,SID0264,PP,mass,ug_per_g,,,,20,19,,142.5,142.5,56.77,36.92,258.6,0,444.7,,,,,,,,confirmed,computed,
SID0264-R087,SID0264-G06,SID0264,PS,mass,ug_per_g,,,,20,4,,3.289,14.23,0,0,0,0,63.75,,,,,,,,confirmed,computed,
SID0264-R088,SID0264-G06,SID0264,ABS,mass,ug_per_g,,,,20,9,,3.025,8.493,0,0,1.77,0,38.18,,,,,,,,confirmed,computed,
SID0264-R089,SID0264-G06,SID0264,SBR,mass,ug_per_g,,,,20,19,,15.56,13.52,10.32,6.668,28.95,0,47.53,,,,,,,,confirmed,computed,
SID0264-R090,SID0264-G06,SID0264,PMMA,mass,ug_per_g,,,,20,16,,12.7,14.22,2.416,0.823,25.6,0,42.78,,,,,,,,confirmed,computed,
SID0264-R091,SID0264-G06,SID0264,PC,mass,ug_per_g,,,,20,17,,1.375,4.332,0.05059,0.003618,0.7135,0,19.59,,,,,,,,confirmed,computed,
SID0264-R092,SID0264-G06,SID0264,PVC,mass,ug_per_g,,,,20,13,,22.64,30.04,2.894,0,44.43,0,90.64,,,,,,,,confirmed,computed,
SID0264-R093,SID0264-G06,SID0264,PU,mass,ug_per_g,,,,20,20,,0.4887,0.6449,0.3138,0.273,0.4028,0.177,3.177,,,,,,,,confirmed,computed,
SID0264-R094,SID0264-G06,SID0264,PET,mass,ug_per_g,,,,20,20,,4.087,3.072,3.552,1.483,5.155,0.8165,12.21,,,,,,,,confirmed,computed,
SID0264-R095,SID0264-G06,SID0264,PA6,mass,ug_per_g,,,,20,19,,18.64,20.84,7.029,4.768,34.91,0,67.11,,,,,,,,confirmed,computed,
SID0264-R096,SID0264-G06,SID0264,PA66,mass,ug_per_g,,,,20,18,,21.13,50.07,1.228,0.3749,21.39,0,226.6,,,,,,,,confirmed,computed,
SID0264-R097,SID0264-G07,SID0264,TOTAL_MASS,mass,ug_per_g,,,,27,27,,1280,822.4,1254,581.9,1905,74.68,2685,,,,,,,,confirmed,computed,
SID0264-R098,SID0264-G07,SID0264,PE,mass,ug_per_g,,,,27,27,,971.9,607.4,859.4,433.5,1419,59.79,2133,,,,,,,,confirmed,computed,
SID0264-R099,SID0264-G07,SID0264,PP,mass,ug_per_g,,,,27,27,,128.2,106.4,99.79,44.82,166,5.49,417,,,,,,,,confirmed,computed,
SID0264-R100,SID0264-G07,SID0264,PS,mass,ug_per_g,,,,27,1,,0.003522,0.0183,0,0,0,0,0.0951,,,,,,,,confirmed,computed,
SID0264-R101,SID0264-G07,SID0264,ABS,mass,ug_per_g,,,,27,0,,0,0,0,0,0,0,0,,,,,,,,not_detected,computed,
SID0264-R102,SID0264-G07,SID0264,SBR,mass,ug_per_g,,,,27,26,,21.74,19.03,15.27,10.66,29.87,0,82.1,,,,,,,,confirmed,computed,
SID0264-R103,SID0264-G07,SID0264,PMMA,mass,ug_per_g,,,,27,27,,12.78,13.38,9.703,3.464,15.37,0.07158,55.03,,,,,,,,confirmed,computed,
SID0264-R104,SID0264-G07,SID0264,PC,mass,ug_per_g,,,,27,27,,1.832,1.321,1.401,1.136,2.076,0.3144,6.796,,,,,,,,confirmed,computed,
SID0264-R105,SID0264-G07,SID0264,PVC,mass,ug_per_g,,,,27,23,,37.92,40.37,26.55,11.51,50.21,0,143.4,,,,,,,,confirmed,computed,
SID0264-R106,SID0264-G07,SID0264,PU,mass,ug_per_g,,,,27,27,,5.677,3.213,4.677,3.939,6.576,1.121,13.64,,,,,,,,confirmed,computed,
SID0264-R107,SID0264-G07,SID0264,PET,mass,ug_per_g,,,,27,27,,39.41,49.16,28.02,19.48,41.8,1.697,265,,,,,,,,confirmed,computed,
SID0264-R108,SID0264-G07,SID0264,PA6,mass,ug_per_g,,,,27,27,,34.26,32.6,27.7,13.98,42.29,1.454,159.4,,,,,,,,confirmed,computed,
SID0264-R109,SID0264-G07,SID0264,PA66,mass,ug_per_g,,,,27,27,,26.04,33.72,11.84,5.227,31.96,0.9065,126.1,,,,,,,,confirmed,computed,
SID0264-R110,SID0264-G08,SID0264,TOTAL_MASS,mass,ug_per_g,,,,12,12,,27220,11270,26080,17930,32240,12810,47730,,,,,,,,confirmed,computed,
SID0264-R111,SID0264-G08,SID0264,PE,mass,ug_per_g,,,,12,12,,22610,10590,21190,14450,26320,10400,41720,,,,,,,,confirmed,computed,
SID0264-R112,SID0264-G08,SID0264,PP,mass,ug_per_g,,,,12,12,,2212,848.7,2349,1475,2803,1106,3794,,,,,,,,confirmed,computed,
SID0264-R113,SID0264-G08,SID0264,PS,mass,ug_per_g,,,,12,4,,2.314,4.828,0,0,2.436,0,16.5,,,,,,,,confirmed,computed,
SID0264-R114,SID0264-G08,SID0264,ABS,mass,ug_per_g,,,,12,12,,71.75,192,11.86,8.939,20.96,1.819,679,,,,,,,,confirmed,computed,
SID0264-R115,SID0264-G08,SID0264,SBR,mass,ug_per_g,,,,12,12,,314.3,96.6,337.5,240.6,373.3,147.9,490.6,,,,,,,,confirmed,computed,
SID0264-R116,SID0264-G08,SID0264,PMMA,mass,ug_per_g,,,,12,12,,205.3,111.8,197.3,119.5,289.7,27.56,366.5,,,,,,,,confirmed,computed,
SID0264-R117,SID0264-G08,SID0264,PC,mass,ug_per_g,,,,12,12,,76.45,202.9,19.51,13.97,23.11,10.13,720.5,,,,,,,,confirmed,computed,
SID0264-R118,SID0264-G08,SID0264,PVC,mass,ug_per_g,,,,12,12,,404.5,254.2,398.3,185.2,581.6,23.24,775.8,,,,,,,,confirmed,computed,
SID0264-R119,SID0264-G08,SID0264,PU,mass,ug_per_g,,,,12,12,,15.95,13.51,14.26,7.295,17.11,6.026,55.77,,,,,,,,confirmed,computed,
SID0264-R120,SID0264-G08,SID0264,PET,mass,ug_per_g,,,,12,12,,80.16,180.1,27.2,20.64,39.98,11.29,651,,,,,,,,confirmed,computed,
SID0264-R121,SID0264-G08,SID0264,PA6,mass,ug_per_g,,,,12,12,,580.2,289.3,503.5,364.8,699,301.8,1281,,,,,,,,confirmed,computed,
SID0264-R122,SID0264-G08,SID0264,PA66,mass,ug_per_g,,,,12,11,,646.2,322.2,643.7,432,923.7,0,1092,,,,,,,,confirmed,computed,
SID0265-R001,SID0265-G01,SID0265,TOTAL_COUNT,count,particles_per_g,,,,3,,,39.3,6.3,,,,,,,,,,,,no,confirmed,paper_table,
SID0265-R002,SID0265-G02,SID0265,TOTAL_COUNT,count,particles_per_g,,,,3,,,23.5,3.6,,,,,,,,,,,,no,confirmed,paper_table,
SID0265-R003,SID0265-G01,SID0265,RAYON,count,pct_of_particles,,,,,,,78.6,,,,,,,,,,,,,,tentative,paper_text,
SID0265-R004,SID0265-G02,SID0265,RAYON,count,pct_of_particles,,,,,,,36.5,,,,,,,,,,,,,,tentative,paper_text,
SID0265-R005,SID0265-G01,SID0265,PET,count,pct_of_particles,,,,,,,10.7,,,,,,,,,,,,,,confirmed,paper_text,
SID0265-R006,SID0265-G02,SID0265,PP,count,pct_of_particles,,,,,,,20.8,,,,,,,,,,,,,,confirmed,paper_text,
SID0266-R001,SID0266-G01,SID0266,TOTAL_COUNT,count,other,,50-500,,8,8,,,,20,18,172,,,,,,,,,no,confirmed,paper_text,
SID0266-R002,SID0266-G01,SID0266,TOTAL_COUNT,detection,pct_of_samples,,,,8,8,100,,,,,,,,,,,,,,,confirmed,paper_text,
SID0266-R003,SID0266-G01,SID0266,PP,detection,pct_of_samples,,,,8,8,100,,,,,,,,,,,,,,,confirmed,paper_text,
SID0266-R004,SID0266-G01,SID0266,PET,detection,pct_of_samples,,,,8,8,100,,,,,,,,,,,,,,,confirmed,paper_text,
SID0266-R005,SID0266-G01,SID0266,PP,count,pct_of_particles,,,,,,,62.8,,,,,,,,,,,,,,confirmed,paper_text,
SID0266-R006,SID0266-G01,SID0266,PET,count,pct_of_particles,,,,,,,17,,,,,,,,,,,,,,confirmed,paper_text,
SID0266-R007,SID0266-G01,SID0266,PMMA,detection,pct_of_samples,,,,8,0,0,,,,,,,,,,,,,,,not_detected,paper_text,
SID0267-R001,SID0267-G01,SID0267,TOTAL_COUNT,count,other,wet,,,20,,,,,21,9,38,0,117,,,,,,,,confirmed,paper_table,
SID0267-R002,SID0267-G01,SID0267,FKM,detection,pct_of_samples,,,,20,,45,,,,,,,,,,,,,,,confirmed,paper_text,
SID0267-R003,SID0267-G01,SID0267,PE,detection,pct_of_samples,,,,20,,40,,,,,,,,,,,,,,,confirmed,paper_text,
SID0267-R004,SID0267-G01,SID0267,ACR,detection,pct_of_samples,,,,20,,35,,,,,,,,,,,,,,,confirmed,paper_text,
SID0267-R005,SID0267-G01,SID0267,PU,detection,pct_of_samples,,,,20,,35,,,,,,,,,,,,,,,confirmed,paper_text,
SID0267-R006,SID0267-G01,SID0267,PE-CL,detection,pct_of_samples,,,,20,,35,,,,,,,,,,,,,,,confirmed,paper_text,
SID0267-R007,SID0267-G01,SID0267,EAA,count,pct_of_particles,,,,,,,34.6,,,,,,,,,,,,,,confirmed,paper_text,
SID0267-R008,SID0267-G01,SID0267,FKM,count,pct_of_particles,,,,,,,14.87,,,,,,,,,,,,,,confirmed,paper_text,
SID0267-R009,SID0267-G01,SID0267,PE-CL,count,pct_of_particles,,,,,,,11.47,,,,,,,,,,,,,,confirmed,paper_text,
SID0267-R010,SID0267-G01,SID0267,PE,count,pct_of_particles,,,,,,,9.95,,,,,,,,,,,,,,confirmed,paper_text,
SID0267-R011,SID0267-G01,SID0267,ACR,count,pct_of_particles,,,,,,,7.76,,,,,,,,,,,,,,confirmed,paper_text,
SID0267-R012,SID0267-G01,SID0267,TOTAL_COUNT,count,pct_of_particles,,20-100,,,,,88.35,,,,,,,,,,,,,,confirmed,paper_text,
SID0267-R013,SID0267-G01,SID0267,EAA,count,pct_of_particles,,20-100,,,,,36.4,,,,,,,,,,,,,,confirmed,paper_text,
SID0267-R014,SID0267-G01,SID0267,PE,count,pct_of_particles,,100-500,,,,,29.4,,,,,,,,,,,,,,confirmed,paper_text,
SID0267-R015,SID0267-G01,SID0267,TOTAL_COUNT,count,particles_per_sample,,,,20,19,,41.4,96.08,6.5,2.75,27.75,0,389,,,,,,,,confirmed,computed,
SID0267-R016,SID0267-G01,SID0267,TOTAL_COUNT,count,other,wet,,,20,19,,31.98,31.79,22.1,9.4,37.97,0,117.4,,,,,,,,confirmed,computed,
SID0267-R017,SID0267-G01,SID0267,ACR,count,particles_per_sample,,,,20,7,,2.1,7.993,0,0,1,0,36,,,,,,,,confirmed,computed,
SID0267-R018,SID0267-G01,SID0267,PE,count,particles_per_sample,,,,20,8,,2.7,6.482,0,0,1.25,0,28,,,,,,,,confirmed,computed,
SID0267-R019,SID0267-G01,SID0267,PET,count,particles_per_sample,,,,20,6,,0.65,1.089,0,0,1.25,0,3,,,,,,,,confirmed,computed,
SID0267-R020,SID0267-G01,SID0267,PP,count,particles_per_sample,,,,20,5,,0.95,2.038,0,0,0.5,0,7,,,,,,,,confirmed,computed,
SID0267-R021,SID0267-G01,SID0267,PS,count,particles_per_sample,,,,20,1,,0.2,0.8944,0,0,0,0,4,,,,,,,,confirmed,computed,
SID0267-R022,SID0267-G01,SID0267,PU,count,particles_per_sample,,,,20,6,,0.35,0.5871,0,0,1,0,2,,,,,,,,confirmed,computed,
SID0267-R023,SID0267-G01,SID0267,PVC,count,particles_per_sample,,,,20,1,,0.05,0.2236,0,0,0,0,1,,,,,,,,confirmed,computed,
SID0267-R024,SID0267-G01,SID0267,PB,count,particles_per_sample,,,,20,3,,0.25,0.7164,0,0,0,0,3,,,,,,,,confirmed,computed,
SID0267-R025,SID0267-G01,SID0267,PE-CL,count,particles_per_sample,,,,20,7,,1.2,2.505,0,0,1,0,10,,,,,,,,confirmed,computed,
SID0267-R026,SID0267-G01,SID0267,EAA,count,particles_per_sample,,,,20,3,,31.15,93.14,0,0,0,0,361,,,,,,,,confirmed,computed,
SID0267-R027,SID0267-G01,SID0267,FKM,count,particles_per_sample,,,,20,9,,1.65,3.15,0,0,1,0,11,,,,,,,,confirmed,computed,
SID0267-R028,SID0267-G01,SID0267,EVA,count,particles_per_sample,,,,20,2,,0.1,0.3078,0,0,0,0,1,,,,,,,,confirmed,computed,
SID0267-R029,SID0267-G01,SID0267,EP,count,particles_per_sample,,,,20,1,,0.05,0.2236,0,0,0,0,1,,,,,,,,confirmed,computed,
SID0268-R001,SID0268-G01,SID0268,TOTAL_COUNT,detection,pct_of_samples,,,,50,31,,,,,,,,,,,,,,,,confirmed,paper_text,
SID0268-R002,SID0268-G01,SID0268,TOTAL_COUNT,count,other,,,,,,,2.35,1.25,,,,1.03,6.84,,,,,,,,confirmed,paper_text,
SID0268-R003,SID0268-G01,SID0268,PTFE,count,pct_of_particles,,,,,,,30,,,,,,,,,,,,,,confirmed,paper_text,
SID0268-R004,SID0268-G01,SID0268,PS,count,pct_of_particles,,,,,,,12,,,,,,,,,,,,,,confirmed,paper_text,
SID0268-R005,SID0268-G01,SID0268,ABS,count,pct_of_particles,,,,,,,6,,,,,,,,,,,,,,confirmed,paper_text,
SID0268-R006,SID0268-G01,SID0268,PC,count,pct_of_particles,,,,,,,4,,,,,,,,,,,,,,confirmed,paper_text,
SID0268-R007,SID0268-G01,SID0268,PP,count,pct_of_particles,,,,,,,4,,,,,,,,,,,,,,confirmed,paper_text,
SID0268-R008,SID0268-G01,SID0268,PE,count,pct_of_particles,,,,,,,4,,,,,,,,,,,,,,confirmed,paper_text,
SID0268-R009,SID0268-G01,SID0268,PVC,count,pct_of_particles,,,,,,,2,,,,,,,,,,,,,,confirmed,paper_text,
SID0268-R010,SID0268-G01,SID0268,PS,count,other,,,,6,,,2.14,1.11,,,,,,,,,,,,,confirmed,paper_table,
SID0268-R011,SID0268-G01,SID0268,PTFE,count,other,,,,15,,,2.17,1.08,,,,,,,,,,,,,confirmed,paper_table,
SID0268-R012,SID0268-G01,SID0268,PTFE,count,other,,,,,,,,,,,,,,,,,,,,,confirmed,computed,
SID0268-R013,SID0268-G01,SID0268,PS,count,other,,,,,,,,,,,,,,,,,,,,,confirmed,computed,
SID0268-R014,SID0268-G01,SID0268,ABS,count,other,,,,,,,,,,,,,,,,,,,,,confirmed,computed,
SID0268-R015,SID0268-G01,SID0268,PE,count,other,,,,,,,,,,,,,,,,,,,,,confirmed,computed,
SID0268-R016,SID0268-G01,SID0268,PP,count,other,,,,,,,,,,,,,,,,,,,,,confirmed,computed,
SID0268-R017,SID0268-G01,SID0268,PC,count,other,,,,,,,,,,,,,,,,,,,,,confirmed,computed,
SID0268-R018,SID0268-G01,SID0268,PVC,count,other,,,,,,,,,,,,,,,,,,,,,confirmed,computed,
SID0269-R001,SID0269-G01,SID0269,TOTAL_MASS,mass,ug_per_g,,,,16,,,10.99,6.29,,,,,,,,,,,,,confirmed,paper_text,
SID0269-R002,SID0269-G01,SID0269,PS,mass,ug_per_g,,,,16,15,,0.4,0.15,,,,,,,,,,,,,confirmed,si_table,
SID0269-R003,SID0269-G01,SID0269,PE,mass,ug_per_g,,,,16,14,,6.05,3.44,,,,,,,,,,,,,confirmed,paper_text,
SID0269-R004,SID0269-G01,SID0269,PP,mass,ug_per_g,,,,16,10,,1.27,0.77,,,,,,,,,,,,,confirmed,si_table,
SID0269-R005,SID0269-G01,SID0269,PVC,mass,ug_per_g,,,,16,14,,4.86,2.23,,,,,,,,,,,,,confirmed,si_table,
SID0269-R006,SID0269-G01,SID0269,PMMA,mass,ug_per_g,,,,16,5,,0.68,0.1,,,,,,,,,,,,,confirmed,si_table,
SID0269-R007,SID0269-G01,SID0269,PA66,mass,ug_per_g,,,,16,2,,0.17,0.03,,,,,,,,,,,,,confirmed,si_table,
SID0269-R008,SID0269-G01,SID0269,PC,mass,ug_per_g,,,,16,0,,,,,,,,,,,,,,,,not_detected,si_table,
SID0269-R009,SID0269-G01,SID0269,PET,mass,ug_per_g,,,,16,0,,,,,,,,,,,,,,,,not_detected,si_table,
SID0269-R010,SID0269-G01,SID0269,PA6,mass,ug_per_g,,,,16,0,,,,,,,,,,,,,,,,not_detected,si_table,
SID0269-R011,SID0269-G01,SID0269,PLA,mass,ug_per_g,,,,16,0,,,,,,,,,,,,,,,,not_detected,si_table,
SID0269-R012,SID0269-G01,SID0269,PBAT,mass,ug_per_g,,,,16,0,,,,,,,,,,,,,,,,not_detected,si_table,
SID0269-R013,SID0269-G02,SID0269,TOTAL_MASS,mass,ug_per_g,,,,16,,,9.51,6.06,,,,,,,,,,,,,confirmed,paper_text,
SID0269-R014,SID0269-G02,SID0269,PS,mass,ug_per_g,,,,16,15,,0.31,0.11,,,,,,,,,,,,,confirmed,si_table,
SID0269-R015,SID0269-G02,SID0269,PE,mass,ug_per_g,,,,16,14,,3.3,1.39,,,,,,,,,,,,,confirmed,si_table,
SID0269-R016,SID0269-G02,SID0269,PP,mass,ug_per_g,,,,16,11,,2.34,3.01,,,,,,,,,,,,,confirmed,si_table,
SID0269-R017,SID0269-G02,SID0269,PVC,mass,ug_per_g,,,,16,14,,4.89,3.09,,,,,,,,,,,,,confirmed,paper_text,
SID0269-R018,SID0269-G02,SID0269,PMMA,mass,ug_per_g,,,,16,4,,1.43,0.6,,,,,,,,,,,,,confirmed,si_table,
SID0269-R019,SID0269-G02,SID0269,PC,mass,ug_per_g,,,,16,0,,,,,,,,,,,,,,,,not_detected,si_table,
SID0269-R020,SID0269-G02,SID0269,PET,mass,ug_per_g,,,,16,0,,,,,,,,,,,,,,,,not_detected,si_table,
SID0269-R021,SID0269-G02,SID0269,PA6,mass,ug_per_g,,,,16,0,,,,,,,,,,,,,,,,not_detected,si_table,
SID0269-R022,SID0269-G02,SID0269,PA66,mass,ug_per_g,,,,16,0,,,,,,,,,,,,,,,,not_detected,si_table,
SID0269-R023,SID0269-G02,SID0269,PLA,mass,ug_per_g,,,,16,0,,,,,,,,,,,,,,,,not_detected,si_table,
SID0269-R024,SID0269-G02,SID0269,PBAT,mass,ug_per_g,,,,16,0,,,,,,,,,,,,,,,,not_detected,si_table,
SID0269-R025,SID0269-G03,SID0269,TOTAL_MASS,mass,ug_per_g,,,,12,,,32.81,14.24,,,,,,,,,,,,,confirmed,paper_text,
SID0269-R026,SID0269-G03,SID0269,PS,mass,ug_per_g,,,,12,8,,2.34,1.08,,,,,,,,,,,,,confirmed,paper_text,
SID0269-R027,SID0269-G03,SID0269,PE,mass,ug_per_g,,,,12,11,,11.37,7.38,,,,,,,,,,,,,confirmed,paper_text,
SID0269-R028,SID0269-G03,SID0269,PP,mass,ug_per_g,,,,12,8,,1.42,0.6,,,,,,,,,,,,,confirmed,paper_text,
SID0269-R029,SID0269-G03,SID0269,PVC,mass,ug_per_g,,,,12,12,,19.69,14.24,,,,,,,,,,,,,confirmed,paper_text,
SID0269-R030,SID0269-G03,SID0269,PA66,mass,ug_per_g,,,,12,1,,,,,,,2.294,2.294,,,,,,,,confirmed,si_table,
SID0269-R031,SID0269-G03,SID0269,PMMA,mass,ug_per_g,,,,12,0,,,,,,,,,,,,,,,,not_detected,si_table,
SID0269-R032,SID0269-G03,SID0269,PC,mass,ug_per_g,,,,12,0,,,,,,,,,,,,,,,,not_detected,si_table,
SID0269-R033,SID0269-G03,SID0269,PET,mass,ug_per_g,,,,12,0,,,,,,,,,,,,,,,,not_detected,si_table,
SID0269-R034,SID0269-G03,SID0269,PA6,mass,ug_per_g,,,,12,0,,,,,,,,,,,,,,,,not_detected,si_table,
SID0269-R035,SID0269-G03,SID0269,PLA,mass,ug_per_g,,,,12,0,,,,,,,,,,,,,,,,not_detected,si_table,
SID0269-R036,SID0269-G03,SID0269,PBAT,mass,ug_per_g,,,,12,0,,,,,,,,,,,,,,,,not_detected,si_table,
SID0269-R037,SID0269-G04,SID0269,PB,count,pct_of_particles,,,,,,,29.5,,,,,,,,,,,,,,confirmed,paper_text,
SID0269-R038,SID0269-G04,SID0269,ACR,count,pct_of_particles,,,,,,,18.01,,,,,,,,,,,,,,confirmed,paper_text,
SID0269-R039,SID0269-G04,SID0269,PE,count,pct_of_particles,,,,,,,9.58,,,,,,,,,,,,,,confirmed,paper_text,
SID0269-R040,SID0269-G04,SID0269,PVC,count,pct_of_particles,,,,,,,8.43,,,,,,,,,,,,,,confirmed,paper_text,
SID0269-R041,SID0269-G04,SID0269,PET,count,pct_of_particles,,,,,,,6.13,,,,,,,,,,,,,,confirmed,paper_text,
SID0269-R042,SID0269-G04,SID0269,OTHER,count,pct_of_particles,,,,,,,4.21,,,,,,,,,,,,,,confirmed,paper_text,
SID0269-R043,SID0269-G04,SID0269,PP,count,pct_of_particles,,,,,,,3.83,,,,,,,,,,,,,,confirmed,paper_text,
SID0269-R044,SID0269-G04,SID0269,FKM,count,pct_of_particles,,,,,,,3.83,,,,,,,,,,,,,,contamination_qualified,paper_text,
SID0269-R045,SID0269-G04,SID0269,PF,count,pct_of_particles,,,,,,,3.45,,,,,,,,,,,,,,confirmed,paper_text,
SID0269-R046,SID0269-G04,SID0269,PU,count,pct_of_particles,,,,,,,3.07,,,,,,,,,,,,,,contamination_qualified,paper_text,
SID0269-R047,SID0269-G05,SID0269,ACR,count,pct_of_particles,,,,,,,29.07,,,,,,,,,,,,,,confirmed,paper_text,
SID0269-R048,SID0269-G05,SID0269,PET,count,pct_of_particles,,,,,,,16.46,,,,,,,,,,,,,,confirmed,paper_text,
SID0269-R049,SID0269-G05,SID0269,PU,count,pct_of_particles,,,,,,,9.96,,,,,,,,,,,,,,contamination_qualified,paper_text,
SID0269-R050,SID0269-G05,SID0269,PB,count,pct_of_particles,,,,,,,9.15,,,,,,,,,,,,,,confirmed,paper_text,
SID0269-R051,SID0269-G05,SID0269,PVC,count,pct_of_particles,,,,,,,9.3,,,,,,,,,,,,,,confirmed,paper_text,
SID0269-R052,SID0269-G05,SID0269,FKM,count,pct_of_particles,,,,,,,7.11,,,,,,,,,,,,,,contamination_qualified,paper_text,
SID0269-R053,SID0269-G05,SID0269,PE,count,pct_of_particles,,,,,,,4.47,,,,,,,,,,,,,,confirmed,paper_text,
SID0269-R054,SID0269-G05,SID0269,EAA,count,pct_of_particles,,,,,,,3.66,,,,,,,,,,,,,,confirmed,paper_text,
SID0269-R055,SID0269-G05,SID0269,SBS,count,pct_of_particles,,,,,,,2.85,,,,,,,,,,,,,,confirmed,paper_text,
SID0269-R056,SID0269-G05,SID0269,PLA,count,pct_of_particles,,,,,,,1.83,,,,,,,,,,,,,,confirmed,paper_text,
SID0269-R057,SID0269-G06,SID0269,FKM,count,pct_of_particles,,,,,,,29.82,,,,,,,,,,,,,,contamination_qualified,paper_text,
SID0269-R058,SID0269-G06,SID0269,PVC,count,pct_of_particles,,,,,,,10.53,,,,,,,,,,,,,,confirmed,paper_text,
SID0269-R059,SID0269-G06,SID0269,PB,count,pct_of_particles,,,,,,,9.65,,,,,,,,,,,,,,confirmed,paper_text,
SID0269-R060,SID0269-G06,SID0269,ACR,count,pct_of_particles,,,,,,,7.02,,,,,,,,,,,,,,confirmed,paper_text,
SID0269-R061,SID0269-G06,SID0269,PET,count,pct_of_particles,,,,,,,7.02,,,,,,,,,,,,,,confirmed,paper_text,
SID0269-R062,SID0269-G06,SID0269,OTHER,count,pct_of_particles,,,,,,,5.26,,,,,,,,,,,,,,confirmed,paper_text,
SID0269-R063,SID0269-G04,SID0269,TOTAL_COUNT,count,particles_per_sample,,,,4,,,,,,,,,,,,,,,,,confirmed,paper_text,
SID0269-R064,SID0269-G05,SID0269,TOTAL_COUNT,count,particles_per_sample,,,,4,,,,,,,,,,,,,,,,,confirmed,paper_text,
SID0269-R065,SID0269-G06,SID0269,TOTAL_COUNT,count,particles_per_sample,,,,4,,,,,,,,,,,,,,,,,confirmed,paper_text,
SID0270-R001,SID0270-G01,SID0270,TOTAL_MASS,mass,ug_per_g,,,,20,,,,,75.2,53.9,120.5,12.1,303.2,,,,,,,,confirmed,paper_text,
SID0270-R002,SID0270-G02,SID0270,TOTAL_MASS,mass,ug_per_g,,,,20,,,,,432.9,338.9,562.6,131.4,1718.8,,,,,,,,confirmed,paper_text,
SID0270-R003,SID0270-G01,SID0270,PE,mass,ug_per_g,,,,20,,,,,,,,5.1,140.6,,,,,,,,confirmed,paper_text,
SID0270-R004,SID0270-G01,SID0270,PP,mass,ug_per_g,,,,20,,,,,,,,0,64.3,,,,,,,,confirmed,paper_text,
SID0270-R005,SID0270-G01,SID0270,PS,mass,ug_per_g,,,,20,,,,,,,,0,58.8,,,,,,,,confirmed,paper_text,
SID0270-R006,SID0270-G01,SID0270,PVC,mass,ug_per_g,,,,20,,,,,,,,0,50.2,,,,,,,,confirmed,paper_text,
SID0270-R007,SID0270-G02,SID0270,PP,mass,ug_per_g,,,,20,,,,,,,,0,444.7,,,,,,,,confirmed,paper_text,
SID0270-R008,SID0270-G02,SID0270,PS,mass,ug_per_g,,,,20,,,,,,,,0,406.6,,,,,,,,confirmed,paper_text,
SID0270-R009,SID0270-G02,SID0270,ABS,mass,ug_per_g,,,,20,,,,,,,,0,299.5,,,,,,,,confirmed,paper_text,
SID0270-R010,SID0270-G02,SID0270,PVC,mass,ug_per_g,,,,20,,,,,,,,19.4,255.2,,,,,,,,confirmed,paper_text,
SID0270-R011,SID0270-G01,SID0270,PMMA,detection,pct_of_samples,,,,20,11,55,,,,,,,,,,,,,,,confirmed,paper_text,
SID0270-R012,SID0270-G02,SID0270,PMMA,detection,pct_of_samples,,,,20,20,100,,,,,,,,,,,,,,,confirmed,paper_text,
SID0270-R013,SID0270-G01,SID0270,PE,mass,other,,,,,,,46.5,,,,,,,,,,,,,,confirmed,paper_text,
SID0270-R014,SID0270-G01,SID0270,PVC,mass,other,,,,,,,16.8,,,,,,,,,,,,,,confirmed,paper_text,
SID0270-R015,SID0270-G01,SID0270,SBR,mass,other,,,,,,,16.3,,,,,,,,,,,,,,confirmed,paper_text,
SID0270-R016,SID0270-G01,SID0270,PP,mass,other,,,,,,,9.2,,,,,,,,,,,,,,confirmed,paper_text,
SID0270-R017,SID0270-G01,SID0270,PS,mass,other,,,,,,,3,,,,,,,,,,,,,,confirmed,paper_text,
SID0270-R018,SID0270-G01,SID0270,ABS,mass,other,,,,,,,2.2,,,,,,,,,,,,,,confirmed,paper_text,
SID0270-R019,SID0270-G01,SID0270,PET,mass,other,,,,,,,1.7,,,,,,,,,,,,,,confirmed,paper_text,
SID0270-R020,SID0270-G01,SID0270,PMMA,mass,other,,,,,,,1.3,,,,,,,,,,,,,,confirmed,paper_text,
SID0270-R021,SID0270-G01,SID0270,PC,mass,other,,,,,,,1.1,,,,,,,,,,,,,,confirmed,paper_text,
SID0270-R022,SID0270-G01,SID0270,PA6,mass,other,,,,,,,0.9,,,,,,,,,,,,,,confirmed,paper_text,
SID0270-R023,SID0270-G01,SID0270,PU,mass,other,,,,,,,0.5,,,,,,,,,,,,,,confirmed,paper_text,
SID0270-R024,SID0270-G01,SID0270,PA66,mass,other,,,,,,,0.4,,,,,,,,,,,,,,confirmed,paper_text,
SID0270-R025,SID0270-G02,SID0270,PP,mass,other,,,,,,,23.1,,,,,,,,,,,,,,confirmed,paper_text,
SID0270-R026,SID0270-G02,SID0270,PE,mass,other,,,,,,,20.3,,,,,,,,,,,,,,confirmed,paper_text,
SID0270-R027,SID0270-G02,SID0270,SBR,mass,other,,,,,,,19.8,,,,,,,,,,,,,,confirmed,paper_text,
SID0270-R028,SID0270-G02,SID0270,PVC,mass,other,,,,,,,18.5,,,,,,,,,,,,,,confirmed,paper_text,
SID0270-R029,SID0270-G02,SID0270,PS,mass,other,,,,,,,5.7,,,,,,,,,,,,,,confirmed,paper_text,
SID0272-R001,SID0272-G01,SID0272,TOTAL_COUNT,count,particles_per_g,,,,45,34,75.6,17,42,3.9,,,,,,,,,,,,confirmed,paper_table,
SID0272-R002,SID0272-G01,SID0272,PB,count,particles_per_g,,,,45,13,28.9,4.5,11.7,,,,,,,,,,,,,confirmed,paper_table,
SID0272-R003,SID0272-G01,SID0272,PE-CL,count,particles_per_g,,,,45,13,28.9,2.1,4.9,,,,,,,,,,,,,confirmed,paper_table,
SID0272-R004,SID0272-G01,SID0272,PP,count,particles_per_g,,,,45,12,26.7,1.2,3.5,,,,,,,,,,,,,confirmed,paper_table,
SID0272-R005,SID0272-G01,SID0272,PET,count,particles_per_g,,,,45,5,11.1,6.1,38.8,,,,,,,,,,,,,confirmed,paper_table,
SID0272-R006,SID0272-G01,SID0272,FKM,count,particles_per_g,,,,45,5,11.1,0.5,1.7,,,,,,,,,,,,,confirmed,paper_table,
SID0272-R007,SID0272-G01,SID0272,PE,count,particles_per_g,,,,45,5,11.1,0.3,1,,,,,,,,,,,,,confirmed,paper_table,
SID0272-R008,SID0272-G01,SID0272,PVC,count,particles_per_g,,,,45,3,6.7,0.2,0.8,,,,,,,,,,,,,confirmed,paper_table,
SID0272-R009,SID0272-G01,SID0272,PS,count,particles_per_g,,,,45,3,6.7,0.1,0.7,,,,,,,,,,,,,confirmed,paper_table,
SID0272-R010,SID0272-G01,SID0272,SBS,count,particles_per_g,,,,45,2,4.4,0.2,1.2,,,,,,,,,,,,,confirmed,paper_table,
SID0272-R011,SID0272-G01,SID0272,PU,count,particles_per_g,,,,45,2,4.4,0.1,0.7,,,,,,,,,,,,,confirmed,paper_table,
SID0272-R012,SID0272-G01,SID0272,EAA,count,particles_per_g,,,,45,1,2.2,1.6,10.7,,,,,,,,,,,,,confirmed,paper_table,
SID0272-R013,SID0272-G01,SID0272,OTHER,count,particles_per_g,,,,45,1,2.2,0.1,0.6,,,,,,,,,,,,,confirmed,paper_table,
SID0272-R014,SID0272-G01,SID0272,EP,count,particles_per_g,,,,45,1,2.2,0,0.3,,,,,,,,,,,,,confirmed,paper_table,
SID0272-R015,SID0272-G01,SID0272,ABS,count,particles_per_g,,,,45,1,2.2,0,0.2,,,,,,,,,,,,,confirmed,paper_table,
SID0272-R016,SID0272-G01,SID0272,PLA,count,particles_per_g,,,,45,1,2.2,0,0.1,,,,,,,,,,,,,confirmed,paper_table,
SID0272-R017,SID0272-G01,SID0272,PET,count,pct_of_particles,,,,,,,35.9,,,,,,,,,,,,,,confirmed,paper_text,
SID0272-R018,SID0272-G01,SID0272,PB,count,pct_of_particles,,,,,,,26.4,,,,,,,,,,,,,,confirmed,paper_text,
SID0272-R019,SID0272-G01,SID0272,PE-CL,count,pct_of_particles,,,,,,,12.2,,,,,,,,,,,,,,confirmed,paper_text,
SID0274-R001,SID0274-G01,SID0274,TOTAL_MASS,mass,ug_per_mL,,,,18,18,,0.267,0.235,0.166,0.117,0.322,0.098,0.986,,,,,,,,confirmed,paper_text,
SID0274-R002,SID0274-G01,SID0274,PE-LD,mass,ug_per_mL,,,,18,18,100,,,0.074,0.03,0.243,,,,,,,,,,confirmed,paper_text,
SID0274-R003,SID0274-G01,SID0274,PE-LD,detection,pct_of_samples,,,,18,18,100,,,,,,,,,,,,,,,confirmed,paper_text,
SID0274-R004,SID0274-G01,SID0274,PE-LD,mass,other,,,,,,,,,,,,,,,,,,,,,confirmed,paper_text,
SID0274-R005,SID0274-G01,SID0274,PS,mass,ug_per_mL,,,,18,10,55.56,,,0.073,0.025,0.077,,,,,,,,,,confirmed,paper_text,
SID0274-R006,SID0274-G01,SID0274,PS,detection,pct_of_samples,,,,18,10,55.56,,,,,,,,,,,,,,,confirmed,paper_text,
SID0274-R007,SID0274-G01,SID0274,PS,mass,other,,,,,,,,,,,,,,,,,,,,,confirmed,paper_text,
SID0274-R008,SID0274-G01,SID0274,PP,mass,ug_per_mL,,,,18,8,44.44,,,0.021,0.009,0.021,,,,,,,,,,confirmed,paper_text,
SID0274-R009,SID0274-G01,SID0274,PP,detection,pct_of_samples,,,,18,8,44.44,,,,,,,,,,,,,,,confirmed,paper_text,
SID0274-R010,SID0274-G01,SID0274,PP,mass,other,,,,,,,,,,,,,,,,,,,,,confirmed,paper_text,
SID0274-R011,SID0274-G01,SID0274,PET,mass,ug_per_mL,,,,18,18,100,,,0.008,0.003,0.015,,,,,,,,,,confirmed,paper_text,
SID0274-R012,SID0274-G01,SID0274,PET,detection,pct_of_samples,,,,18,18,100,,,,,,,,,,,,,,,confirmed,paper_text,
SID0274-R013,SID0274-G01,SID0274,PET,mass,other,,,,,,,,,,,,,,,,,,,,,confirmed,paper_text,
SID0275-R001,SID0275-G01,SID0275,TOTAL_COUNT,count,particles_per_mL,wet,,,36,32,,4.2,,3,1,4,0,26,,,,,,,no,confirmed,paper_table,
SID0275-R002,SID0275-G01,SID0275,PP,count,particles_per_mL,wet,,,36,18,50,1.4,,0,0,2,0,17,,,,,,,no,confirmed,paper_table,
SID0275-R003,SID0275-G01,SID0275,PE,count,particles_per_mL,wet,,,36,14,38.9,0.7,,0,0,1,0,4,,,,,,,no,confirmed,paper_table,
SID0275-R004,SID0275-G01,SID0275,PET,count,particles_per_mL,wet,,,36,6,16.7,0.3,,0,0,0,0,4,,,,,,,no,confirmed,paper_table,
SID0275-R005,SID0275-G01,SID0275,PS,count,particles_per_mL,wet,,,36,21,58.3,1.7,,1,0,2,0,22,,,,,,,no,confirmed,paper_table,
SID0275-R006,SID0275-G01,SID0275,PA,count,particles_per_mL,wet,,,36,3,8.3,0.1,,0,0,0,0,1,,,,,,,no,confirmed,paper_table,
SID0275-R007,SID0275-G01,SID0275,TOTAL_COUNT,count,particles_per_mL,wet,5-10,,36,1,2.8,0.03,,0,0,0,0,1,,,,,,,no,confirmed,paper_table,
SID0275-R008,SID0275-G01,SID0275,TOTAL_COUNT,count,particles_per_mL,wet,10-20,,36,6,16.7,0.2,,0,0,0,0,2,,,,,,,no,confirmed,paper_table,
SID0275-R009,SID0275-G01,SID0275,TOTAL_COUNT,count,particles_per_mL,wet,20-50,,36,27,75,2.8,,2,1,3,0,21,,,,,,,no,confirmed,paper_table,
SID0275-R010,SID0275-G01,SID0275,TOTAL_COUNT,count,particles_per_mL,wet,50-100,,36,19,52.8,0.9,,1,0,1,0,5,,,,,,,no,confirmed,paper_table,
SID0275-R011,SID0275-G01,SID0275,TOTAL_COUNT,count,particles_per_mL,wet,>=100,,36,7,19.4,0.3,,0,0,0,0,3,,,,,,,no,confirmed,paper_table,
SID0275-R012,SID0275-G01,SID0275,TOTAL_COUNT,count,particles_per_mL,wet,,fragment,36,31,86.1,3.6,,2,1,3,0,24,,,,,,,no,confirmed,paper_table,
SID0275-R013,SID0275-G01,SID0275,TOTAL_COUNT,count,particles_per_mL,wet,,fiber,36,13,36.1,0.7,,0,0,1,0,4,,,,,,,no,confirmed,paper_table,
SID0276-R001,SID0276-G01,SID0276,PS,mass,ug_per_g,dry,,,50,24,48,0.14,0.32,,,,,,,,,,,,,confirmed,si_table,
SID0276-R002,SID0276-G02,SID0276,PS,mass,ug_per_g,dry,,,50,25,50,0.03,0.06,,,,,,,,,,,,,confirmed,si_table,
SID0276-R003,SID0276-G01,SID0276,PE,mass,ug_per_g,dry,,,50,42,84,9.55,7.79,,,,,,,,,,,,,confirmed,si_table,
SID0276-R004,SID0276-G02,SID0276,PE,mass,ug_per_g,dry,,,50,31,62,2.3,2.97,,,,,,,,,,,,,confirmed,si_table,
SID0276-R005,SID0276-G01,SID0276,PP,mass,ug_per_g,dry,,,50,21,42,2.19,5.56,,,,,,,,,,,,,confirmed,si_table,
SID0276-R006,SID0276-G02,SID0276,PP,mass,ug_per_g,dry,,,50,33,66,0.55,1.08,,,,,,,,,,,,,confirmed,si_table,
SID0276-R007,SID0276-G01,SID0276,PMMA,mass,ug_per_g,dry,,,50,2,4,0.04,0.2,,,,,,,,,,,,,confirmed,si_table,
SID0276-R008,SID0276-G02,SID0276,PMMA,mass,ug_per_g,dry,,,50,1,2,0.02,0.02,,,,,,,,,,,,,confirmed,si_table,
SID0276-R009,SID0276-G01,SID0276,PVC,mass,ug_per_g,dry,,,50,48,96,7.95,5.1,,,,,,,,,,,,,confirmed,si_table,
SID0276-R010,SID0276-G02,SID0276,PVC,mass,ug_per_g,dry,,,50,33,66,1.04,2.23,,,,,,,,,,,,,confirmed,si_table,
SID0276-R011,SID0276-G01,SID0276,PC,mass,ug_per_g,dry,,,50,0,0,,,,,,,,,,,,,,,not_detected,si_table,
SID0276-R012,SID0276-G02,SID0276,PC,mass,ug_per_g,dry,,,50,0,0,,,,,,,,,,,,,,,not_detected,si_table,
SID0276-R013,SID0276-G01,SID0276,PET,mass,ug_per_g,dry,,,50,0,0,,,,,,,,,,,,,,,not_detected,si_table,
SID0276-R014,SID0276-G02,SID0276,PET,mass,ug_per_g,dry,,,50,0,0,,,,,,,,,,,,,,,not_detected,si_table,
SID0276-R015,SID0276-G01,SID0276,PA6,mass,ug_per_g,dry,,,50,0,0,,,,,,,,,,,,,,,not_detected,si_table,
SID0276-R016,SID0276-G02,SID0276,PA6,mass,ug_per_g,dry,,,50,0,0,,,,,,,,,,,,,,,not_detected,si_table,
SID0276-R017,SID0276-G01,SID0276,PA66,mass,ug_per_g,dry,,,50,18,36,3.15,5.86,,,,,,,,,,,,,confirmed,si_table,
SID0276-R018,SID0276-G02,SID0276,PA66,mass,ug_per_g,dry,,,50,10,20,0.33,0.73,,,,,,,,,,,,,confirmed,si_table,
SID0276-R019,SID0276-G01,SID0276,PLA,mass,ug_per_g,dry,,,50,0,0,,,,,,,,,,,,,,,not_detected,si_table,
SID0276-R020,SID0276-G02,SID0276,PLA,mass,ug_per_g,dry,,,50,0,0,,,,,,,,,,,,,,,not_detected,si_table,
SID0276-R021,SID0276-G01,SID0276,PBAT,mass,ug_per_g,dry,,,50,0,0,,,,,,,,,,,,,,,not_detected,si_table,
SID0276-R022,SID0276-G02,SID0276,PBAT,mass,ug_per_g,dry,,,50,0,0,,,,,,,,,,,,,,,not_detected,si_table,
SID0276-R023,SID0276-G01,SID0276,TOTAL_MASS,mass,ug_per_g,dry,,,50,49,98,23.24,15.73,,,,,,,,,,,,,confirmed,si_table,
SID0276-R024,SID0276-G02,SID0276,TOTAL_MASS,mass,ug_per_g,dry,,,50,47,94,4.49,4.75,,,,,,,,,,,,,confirmed,si_table,
SID0276-R025,SID0276-G03,SID0276,PS,mass,ug_per_g,dry,,,26,,,0.08,0.17,,,,,,,,,,,,,confirmed,paper_table,
SID0276-R026,SID0276-G03,SID0276,PE,mass,ug_per_g,dry,,,26,,,6.94,5.95,,,,,,,,,,,,,confirmed,paper_table,
SID0276-R027,SID0276-G03,SID0276,PP,mass,ug_per_g,dry,,,26,,,0.98,3.22,,,,,,,,,,,,,confirmed,paper_table,
SID0276-R028,SID0276-G03,SID0276,PMMA,mass,ug_per_g,dry,,,26,,,0.01,,,,,,,,,,,,,,confirmed,paper_table,
SID0276-R029,SID0276-G03,SID0276,PVC,mass,ug_per_g,dry,,,26,,,6.86,5.08,,,,,,,,,,,,,confirmed,paper_table,
SID0276-R030,SID0276-G03,SID0276,PA66,mass,ug_per_g,dry,,,26,,,1.92,3.24,,,,,,,,,,,,,confirmed,paper_table,
SID0276-R031,SID0276-G03,SID0276,TOTAL_MASS,mass,ug_per_g,dry,,,26,,,17.02,11.26,,,,,,,,,,,,,confirmed,paper_table,
SID0276-R032,SID0276-G04,SID0276,PS,mass,ug_per_g,dry,,,24,,,0.21,0.42,,,,,,,,,,,,,confirmed,paper_table,
SID0276-R033,SID0276-G04,SID0276,PE,mass,ug_per_g,dry,,,24,,,12.37,8.64,,,,,,,,,,,,,confirmed,paper_table,
SID0276-R034,SID0276-G04,SID0276,PP,mass,ug_per_g,dry,,,24,,,3.5,7.15,,,,,,,,,,,,,confirmed,paper_table,
SID0276-R035,SID0276-G04,SID0276,PMMA,mass,ug_per_g,dry,,,24,,,0.07,0.29,,,,,,,,,,,,,confirmed,paper_table,
SID0276-R036,SID0276-G04,SID0276,PVC,mass,ug_per_g,dry,,,24,,,9.14,4.96,,,,,,,,,,,,,confirmed,paper_table,
SID0276-R037,SID0276-G04,SID0276,PA66,mass,ug_per_g,dry,,,24,,,4.48,7.63,,,,,,,,,,,,,confirmed,paper_table,
SID0276-R038,SID0276-G04,SID0276,TOTAL_MASS,mass,ug_per_g,dry,,,24,,,29.98,17.28,,,,,,,,,,,,,confirmed,paper_table,
SID0276-R039,SID0276-G05,SID0276,PS,mass,ug_per_g,dry,,,26,,,0.02,0.02,,,,,,,,,,,,,confirmed,paper_table,
SID0276-R040,SID0276-G05,SID0276,PE,mass,ug_per_g,dry,,,26,,,1.3,1.12,,,,,,,,,,,,,confirmed,paper_table,
SID0276-R041,SID0276-G05,SID0276,PP,mass,ug_per_g,dry,,,26,,,0.44,0.5,,,,,,,,,,,,,confirmed,paper_table,
SID0276-R042,SID0276-G05,SID0276,PMMA,mass,ug_per_g,dry,,,26,,,0.01,,,,,,,,,,,,,,confirmed,paper_table,
SID0276-R043,SID0276-G05,SID0276,PVC,mass,ug_per_g,dry,,,26,,,0.82,1.67,,,,,,,,,,,,,confirmed,paper_table,
SID0276-R044,SID0276-G05,SID0276,PA66,mass,ug_per_g,dry,,,26,,,0.29,0.7,,,,,,,,,,,,,confirmed,paper_table,
SID0276-R045,SID0276-G05,SID0276,TOTAL_MASS,mass,ug_per_g,dry,,,26,,,3.1,2.25,,,,,,,,,,,,,confirmed,paper_table,
SID0276-R046,SID0276-G06,SID0276,PS,mass,ug_per_g,dry,,,24,,,0.05,0.08,,,,,,,,,,,,,confirmed,paper_table,
SID0276-R047,SID0276-G06,SID0276,PE,mass,ug_per_g,dry,,,24,,,3.38,3.88,,,,,,,,,,,,,confirmed,paper_table,
SID0276-R048,SID0276-G06,SID0276,PP,mass,ug_per_g,dry,,,24,,,0.68,1.49,,,,,,,,,,,,,confirmed,paper_table,
SID0276-R049,SID0276-G06,SID0276,PMMA,mass,ug_per_g,dry,,,24,,,0.02,0.03,,,,,,,,,,,,,confirmed,paper_table,
SID0276-R050,SID0276-G06,SID0276,PVC,mass,ug_per_g,dry,,,24,,,1.28,2.72,,,,,,,,,,,,,confirmed,paper_table,
SID0276-R051,SID0276-G06,SID0276,PA66,mass,ug_per_g,dry,,,24,,,0.38,0.76,,,,,,,,,,,,,confirmed,paper_table,
SID0276-R052,SID0276-G06,SID0276,TOTAL_MASS,mass,ug_per_g,dry,,,24,,,6,6.17,,,,,,,,,,,,,confirmed,paper_table,
SID0277-R001,SID0277-G01,SID0277,PA,detection,pct_of_samples,,,,50,17,34,,,,,,,,,,,,,,yes,confirmed,paper_table,
SID0277-R002,SID0277-G01,SID0277,PE,detection,pct_of_samples,,,,50,13,26,,,,,,,,,,,,,,yes,confirmed,paper_table,
SID0277-R003,SID0277-G01,SID0277,PP,detection,pct_of_samples,,,,50,11,22,,,,,,,,,,,,,,yes,confirmed,paper_table,
SID0277-R004,SID0277-G01,SID0277,POM,detection,pct_of_samples,,,,50,5,10,,,,,,,,,,,,,,yes,confirmed,paper_table,
SID0277-R005,SID0277-G02,SID0277,PA,detection,pct_of_samples,,,,50,8,16,,,,,,,,,,,,,,yes,confirmed,paper_table,
SID0277-R006,SID0277-G02,SID0277,PE,detection,pct_of_samples,,,,50,7,14,,,,,,,,,,,,,,yes,confirmed,paper_table,
SID0277-R007,SID0277-G02,SID0277,PP,detection,pct_of_samples,,,,50,8,16,,,,,,,,,,,,,,yes,confirmed,paper_table,
SID0277-R008,SID0277-G02,SID0277,OTHER,detection,pct_of_samples,,,,50,5,10,,,,,,,,,,,,,,yes,confirmed,paper_table,
SID0277-R009,SID0277-G02,SID0277,PMMA,detection,pct_of_samples,,,,50,3,6,,,,,,,,,,,,,,yes,confirmed,paper_table,
SID0277-R010,SID0277-G01,SID0277,UNSPEC,detection,pct_of_samples,,,,50,26,52,,,,,,,,,,,,,,yes,confirmed,paper_text,
SID0277-R011,SID0277-G02,SID0277,UNSPEC,detection,pct_of_samples,,,,50,24,48,,,,,,,,,,,,,,yes,confirmed,paper_text,
SID0278-R001,SID0278-G01,SID0278,PS,mass,ug_per_g,,,,31,,,,,0.08,0.03,0.13,,,,,,,,,,confirmed,paper_table,
SID0278-R002,SID0278-G02,SID0278,PS,mass,ug_per_g,,,,31,,,,,0,0,1.92,,,,,,,,,,confirmed,paper_table,
SID0278-R003,SID0278-G03,SID0278,PS,mass,ug_per_g,,,,31,,,,,0,0,1.03,,,,,,,,,,confirmed,paper_table,
SID0278-R004,SID0278-G01,SID0278,PE,mass,ug_per_g,,,,31,,,,,3.96,2.8,5.37,,,,,,,,,,confirmed,paper_table,
SID0278-R005,SID0278-G02,SID0278,PE,mass,ug_per_g,,,,31,,,,,13.01,8.84,14.95,,,,,,,,,,confirmed,paper_table,
SID0278-R006,SID0278-G03,SID0278,PE,mass,ug_per_g,,,,31,,,,,8.64,5.54,13.99,,,,,,,,,,confirmed,paper_table,
SID0278-R007,SID0278-G01,SID0278,PP,mass,ug_per_g,,,,31,,,,,0,0,0,,,,,,,,,,confirmed,paper_table,
SID0278-R008,SID0278-G02,SID0278,PP,mass,ug_per_g,,,,31,,,,,0,0,0,,,,,,,,,,confirmed,paper_table,
SID0278-R009,SID0278-G03,SID0278,PP,mass,ug_per_g,,,,31,,,,,0,0,0,,,,,,,,,,confirmed,paper_table,
SID0278-R010,SID0278-G01,SID0278,PMMA,mass,ug_per_g,,,,31,,,,,0,0,0,,,,,,,,,,confirmed,paper_table,
SID0278-R011,SID0278-G02,SID0278,PMMA,mass,ug_per_g,,,,31,,,,,0,0,0,,,,,,,,,,confirmed,paper_table,
SID0278-R012,SID0278-G03,SID0278,PMMA,mass,ug_per_g,,,,31,,,,,0,0,0,,,,,,,,,,confirmed,paper_table,
SID0278-R013,SID0278-G01,SID0278,PVC,mass,ug_per_g,,,,31,,,,,4.5,2.35,6.06,,,,,,,,,,confirmed,paper_table,
SID0278-R014,SID0278-G02,SID0278,PVC,mass,ug_per_g,,,,31,,,,,11.5,8.57,19.05,,,,,,,,,,confirmed,paper_table,
SID0278-R015,SID0278-G03,SID0278,PVC,mass,ug_per_g,,,,31,,,,,11.37,6.97,17.29,,,,,,,,,,confirmed,paper_table,
SID0278-R016,SID0278-G01,SID0278,PC,mass,ug_per_g,,,,31,0,,,,0,0,0,,,,,,,,,,not_detected,paper_table,
SID0278-R017,SID0278-G02,SID0278,PC,mass,ug_per_g,,,,31,0,,,,0,0,0,,,,,,,,,,not_detected,paper_table,
SID0278-R018,SID0278-G03,SID0278,PC,mass,ug_per_g,,,,31,0,,,,0,0,0,,,,,,,,,,not_detected,paper_table,
SID0278-R019,SID0278-G01,SID0278,PET,mass,ug_per_g,,,,31,,,,,0,0,0,,,,,,,,,,confirmed,paper_table,
SID0278-R020,SID0278-G02,SID0278,PET,mass,ug_per_g,,,,31,,,,,0,0,0,,,,,,,,,,confirmed,paper_table,
SID0278-R021,SID0278-G03,SID0278,PET,mass,ug_per_g,,,,31,,,,,0,0,0,,,,,,,,,,confirmed,paper_table,
SID0278-R022,SID0278-G01,SID0278,PA6,mass,ug_per_g,,,,31,,,,,0,0,0,,,,,,,,,,confirmed,paper_table,
SID0278-R023,SID0278-G02,SID0278,PA6,mass,ug_per_g,,,,31,,,,,0,0,0,,,,,,,,,,confirmed,paper_table,
SID0278-R024,SID0278-G03,SID0278,PA6,mass,ug_per_g,,,,31,,,,,0,0,0,,,,,,,,,,confirmed,paper_table,
SID0278-R025,SID0278-G01,SID0278,PA66,mass,ug_per_g,,,,31,,,,,0.84,0,1.46,,,,,,,,,,confirmed,paper_table,
SID0278-R026,SID0278-G02,SID0278,PA66,mass,ug_per_g,,,,31,,,,,0,0,0,,,,,,,,,,confirmed,paper_table,
SID0278-R027,SID0278-G03,SID0278,PA66,mass,ug_per_g,,,,31,,,,,0,0,0,,,,,,,,,,confirmed,paper_table,
SID0278-R028,SID0278-G01,SID0278,PLA,mass,ug_per_g,,,,31,0,,,,0,0,0,,,,,,,,,,not_detected,paper_table,
SID0278-R029,SID0278-G02,SID0278,PLA,mass,ug_per_g,,,,31,0,,,,0,0,0,,,,,,,,,,not_detected,paper_table,
SID0278-R030,SID0278-G03,SID0278,PLA,mass,ug_per_g,,,,31,0,,,,0,0,0,,,,,,,,,,not_detected,paper_table,
SID0278-R031,SID0278-G01,SID0278,PBAT,mass,ug_per_g,,,,31,0,,,,0,0,0,,,,,,,,,,not_detected,paper_table,
SID0278-R032,SID0278-G02,SID0278,PBAT,mass,ug_per_g,,,,31,0,,,,0,0,0,,,,,,,,,,not_detected,paper_table,
SID0278-R033,SID0278-G03,SID0278,PBAT,mass,ug_per_g,,,,31,0,,,,0,0,0,,,,,,,,,,not_detected,paper_table,
SID0279-R001,SID0279-G01,SID0279,TOTAL_COUNT,detection,pct_of_samples,,20-500,,6,6,100,,,,,,,,,,,,,,,confirmed,paper_text,
SID0279-R002,SID0279-G01,SID0279,TOTAL_COUNT,count,particles_per_g,,20-500,,6,,,104,,,,,,,,,,,,,,confirmed,paper_text,
SID0279-R003,SID0279-G01,SID0279,PE-CL,detection,pct_of_samples,,20-500,,6,,,,,,,,,,,,,,,,,confirmed,paper_text,
SID0279-R004,SID0279-G01,SID0279,PVC,detection,pct_of_samples,,20-500,,6,,,,,,,,,,,,,,,,,confirmed,paper_text,
SID0279-R005,SID0279-G01,SID0279,PS,detection,pct_of_samples,,20-500,,6,,,,,,,,,,,,,,,,,confirmed,paper_text,
SID0279-R006,SID0279-G01,SID0279,PE,detection,pct_of_samples,,20-500,,6,,,,,,,,,,,,,,,,,confirmed,paper_text,
SID0279-R007,SID0279-G01,SID0279,PU,detection,pct_of_samples,,20-500,,6,,,,,,,,,,,,,,,,,confirmed,paper_text,
SID0279-R008,SID0279-G01,SID0279,PSU,detection,pct_of_samples,,20-500,,6,,,,,,,,,,,,,,,,,confirmed,paper_text,
SID0280-R001,SID0280-G01,SID0280,TOTAL_COUNT,count,particles_per_sample,,20-500,,3,,,10.7,7.2,,,,6,19,,,,,,,no,confirmed,paper_table,
SID0280-R002,SID0280-G01,SID0280,TOTAL_COUNT,count,particles_per_sample,,20-500,,3,,,7,7.1,,,,2.3,15.3,,,,,,,yes,confirmed,paper_text,
SID0280-R003,SID0280-G01,SID0280,TOTAL_COUNT,count,particles_per_L,,20-500,,3,,,,,,,,76.7,509.9,,,,,,,yes,confirmed,paper_text,
SID0280-R004,SID0280-G01,SID0280,TOTAL_COUNT,detection,pct_of_samples,,,,3,3,100,,,,,,,,,,,,,,yes,confirmed,paper_text,
SID0280-R005,SID0280-G01,SID0280,PA,detection,pct_of_samples,,20-500,,3,2,66.7,,,,,,,,,,,,,,no,confirmed,paper_table,
SID0280-R006,SID0280-G01,SID0280,PE,detection,pct_of_samples,,20-500,,3,2,66.7,,,,,,,,,,,,,,no,contamination_qualified,paper_table,
SID0280-R007,SID0280-G01,SID0280,PMMA,detection,pct_of_samples,,20-500,,3,1,33.3,,,,,,,,,,,,,,no,confirmed,paper_table,
SID0280-R008,SID0280-G01,SID0280,PS,detection,pct_of_samples,,20-500,,3,1,33.3,,,,,,,,,,,,,,no,confirmed,paper_table,
SID0280-R009,SID0280-G01,SID0280,PTFE,detection,pct_of_samples,,20-500,,3,1,33.3,,,,,,,,,,,,,,no,contamination_qualified,paper_table,
SID0280-R010,SID0280-G01,SID0280,PET,detection,pct_of_samples,,20-500,,3,2,66.7,,,,,,,,,,,,,,no,confirmed,paper_table,
SID0280-R011,SID0280-G01,SID0280,PU,detection,pct_of_samples,,20-500,,3,1,33.3,,,,,,,,,,,,,,no,contamination_qualified,paper_table,
SID0280-R012,SID0280-G01,SID0280,RAYON,detection,pct_of_samples,,20-500,,3,1,33.3,,,,,,,,,,,,,,no,contamination_qualified,paper_table,
SID0280-R013,SID0280-G01,SID0280,TOTAL_COUNT,count,particles_per_sample,,<100,,3,,,8.3,,,,,,,,,,,,,no,confirmed,paper_table,
SID0280-R014,SID0280-G01,SID0280,TOTAL_COUNT,count,particles_per_sample,,101-200,,3,,,,,,,,,,,,,,,,no,confirmed,paper_table,
SID0280-R015,SID0280-G01,SID0280,TOTAL_COUNT,count,particles_per_sample,,201-300,,3,,,,,,,,,,,,,,,,no,confirmed,paper_table,
SID0280-R016,SID0280-G01,SID0280,TOTAL_COUNT,count,particles_per_sample,,301-400,,3,,,,,,,,,,,,,,,,no,confirmed,paper_table,
SID0280-R017,SID0280-G01,SID0280,TOTAL_COUNT,count,particles_per_sample,,401-500,,3,,,,,,,,,,,,,,,,no,confirmed,paper_table,
SID0280-R018,SID0280-G01,SID0280,SBR,mass,ug_per_sample,,,,3,0,,,,,,,,,,,,,,,no,below_detection,paper_table,
SID0280-R019,SID0280-G01,SID0280,PVC,mass,ug_per_sample,,,,3,0,,,,,,,,,,,,,,,no,below_detection,paper_table,
SID0280-R020,SID0280-G01,SID0280,PU,mass,ug_per_sample,,,,3,0,,,,,,,,,,,,,,,no,below_detection,paper_table,
SID0280-R021,SID0280-G01,SID0280,PS,mass,ug_per_sample,,,,3,0,,,,,,,,,,,,,,,no,below_detection,paper_table,
SID0280-R022,SID0280-G01,SID0280,PP,mass,ug_per_sample,,,,3,0,,,,,,,,,,,,,,,no,below_detection,paper_table,
SID0280-R023,SID0280-G01,SID0280,PMMA,mass,ug_per_sample,,,,3,0,,,,,,,,,,,,,,,no,below_detection,paper_table,
SID0280-R024,SID0280-G01,SID0280,PET,mass,ug_per_sample,,,,3,0,,,,,,,,,,,,,,,no,below_detection,paper_table,
SID0280-R025,SID0280-G01,SID0280,PE,mass,ug_per_sample,,,,3,0,,,,,,,,,,,,,,,no,below_detection,paper_table,
SID0280-R026,SID0280-G01,SID0280,PA66,mass,ug_per_sample,,,,3,0,,,,,,,,,,,,,,,no,below_detection,paper_table,
SID0280-R027,SID0280-G01,SID0280,PA6,mass,ug_per_sample,,,,3,0,,,,,,,,,,,,,,,no,below_detection,paper_table,
SID0280-R028,SID0280-G01,SID0280,PC,mass,ug_per_sample,,,,3,2,,,,,,,1.5,1.5,,,,,,,no,tentative,paper_text,
SID0280-R029,SID0280-G01,SID0280,ABS,mass,ug_per_sample,,,,3,1,,,,,,,2,2,,,,,,,no,contamination_qualified,paper_text,
SID0281-R001,SID0281-G01,SID0281,PE,mass,ug_per_g,dry,,,5,2,,,,,,,34.03,269.04,,,,,,,yes,confirmed,paper_text,
SID0281-R002,SID0281-G01,SID0281,PE,detection,pct_of_samples,,,,5,2,40,,,,,,,,,,,,,,yes,confirmed,paper_text,
SID0281-R003,SID0281-G01,SID0281,PP,detection,pct_of_samples,,,,5,0,0,,,,,,,,,,,,,,yes,not_detected,paper_text,
SID0281-R004,SID0281-G01,SID0281,TOTAL_MASS,mass,ug_per_g,dry,,,5,2,,,,,,,34.03,269.04,,,,,,,yes,confirmed,paper_text,
SID0282-R001,SID0282-G01,SID0282,PA66,mass,ug_per_g,,,,28,28,,6.67,,,,,5.18,7.95,,,,,,,no,confirmed,paper_text,
SID0282-R002,SID0282-G01,SID0282,PA66,mass,ug_per_g,,,,,,,,,,,,,,,,,,,,no,confirmed,computed,
SID0282-R003,SID0282-G01,SID0282,TOTAL_MASS,detection,pct_of_samples,,,,28,28,100,,,,,,,,,,,,,,,confirmed,paper_text,
SID0282-R004,SID0282-G01,SID0282,PS,detection,pct_of_samples,,,,28,0,0,,,,,,,,,,,,,,,not_detected,paper_text,
SID0282-R005,SID0282-G02,SID0282,PE,mass,ug_per_g,,,,28,28,,53.94,,,,,43.1,63.71,,,,,,,no,confirmed,paper_text,
SID0282-R006,SID0282-G02,SID0282,PE,mass,ug_per_g,,,,,,,,,,,,,,,,,,,,no,confirmed,computed,
SID0282-R007,SID0282-G02,SID0282,PVC,mass,ug_per_g,,,,28,28,,31.21,,,,,25,36.77,,,,,,,no,confirmed,paper_text,
SID0282-R008,SID0282-G02,SID0282,PVC,mass,ug_per_g,,,,,,,,,,,,,,,,,,,,no,confirmed,computed,
SID0282-R009,SID0282-G02,SID0282,PP,mass,ug_per_g,,,,28,28,,1.16,,,,,0.98,1.44,,,,,,,no,confirmed,paper_text,
SID0282-R010,SID0282-G02,SID0282,PP,mass,ug_per_g,,,,,,,,,,,,,,,,,,,,no,confirmed,computed,
SID0282-R011,SID0282-G02,SID0282,TOTAL_MASS,detection,pct_of_samples,,,,28,28,100,,,,,,,,,,,,,,,confirmed,paper_text,
SID0282-R012,SID0282-G02,SID0282,PS,detection,pct_of_samples,,,,28,0,0,,,,,,,,,,,,,,,not_detected,paper_text,
SID0282-R013,SID0282-G03,SID0282,PE,mass,ug_per_g,,,,28,28,,71.78,,,,,59.61,86.02,,,,,,,no,confirmed,paper_text,
SID0282-R014,SID0282-G03,SID0282,PE,mass,ug_per_g,,,,,,,,,,,,,,,,,,,,no,confirmed,computed,
SID0282-R015,SID0282-G03,SID0282,PVC,mass,ug_per_g,,,,28,28,,42.21,,,,,35.13,50.61,,,,,,,no,confirmed,paper_text,
SID0282-R016,SID0282-G03,SID0282,PVC,mass,ug_per_g,,,,,,,,,,,,,,,,,,,,no,confirmed,computed,
SID0282-R017,SID0282-G03,SID0282,TOTAL_MASS,detection,pct_of_samples,,,,28,28,100,,,,,,,,,,,,,,,confirmed,paper_text,
SID0282-R018,SID0282-G03,SID0282,PS,detection,pct_of_samples,,,,28,0,0,,,,,,,,,,,,,,,not_detected,paper_text,
SID0282-R019,SID0282-G04,SID0282,PE,mass,ug_per_g,,,,28,28,,25.68,,,,,21.47,30.53,,,,,,,no,confirmed,paper_text,
SID0282-R020,SID0282-G04,SID0282,PE,mass,ug_per_g,,,,,,,,,,,,,,,,,,,,no,confirmed,computed,
SID0282-R021,SID0282-G04,SID0282,PMMA,mass,ug_per_g,,,,28,28,,3.27,,,,,2.69,3.81,,,,,,,no,confirmed,paper_text,
SID0282-R022,SID0282-G04,SID0282,PMMA,mass,ug_per_g,,,,,,,,,,,,,,,,,,,,no,confirmed,computed,
SID0282-R023,SID0282-G04,SID0282,PP,mass,ug_per_g,,,,28,28,,1.07,,,,,0.87,1.27,,,,,,,no,confirmed,paper_text,
SID0282-R024,SID0282-G04,SID0282,PP,mass,ug_per_g,,,,,,,,,,,,,,,,,,,,no,confirmed,computed,
SID0282-R025,SID0282-G04,SID0282,PVC,mass,ug_per_g,,,,28,28,,65.37,,,,,53.36,77.67,,,,,,,no,confirmed,paper_text,
SID0282-R026,SID0282-G04,SID0282,PVC,mass,ug_per_g,,,,,,,,,,,,,,,,,,,,no,confirmed,computed,
SID0282-R027,SID0282-G04,SID0282,TOTAL_MASS,detection,pct_of_samples,,,,28,28,100,,,,,,,,,,,,,,,confirmed,paper_text,
SID0282-R028,SID0282-G04,SID0282,PS,detection,pct_of_samples,,,,28,0,0,,,,,,,,,,,,,,,not_detected,paper_text,
SID0282-R029,SID0282-G05,SID0282,PE,mass,ug_per_g,,,,28,28,,98.94,,,,,79.97,114.5,,,,,,,no,confirmed,paper_text,
SID0282-R030,SID0282-G05,SID0282,PE,mass,ug_per_g,,,,,,,,,,,,,,,,,,,,no,confirmed,computed,
SID0282-R031,SID0282-G05,SID0282,PVC,mass,ug_per_g,,,,28,28,,47.39,,,,,38.45,55.04,,,,,,,no,confirmed,paper_text,
SID0282-R032,SID0282-G05,SID0282,PVC,mass,ug_per_g,,,,,,,,,,,,,,,,,,,,no,confirmed,computed,
SID0282-R033,SID0282-G05,SID0282,TOTAL_MASS,detection,pct_of_samples,,,,28,28,100,,,,,,,,,,,,,,,confirmed,paper_text,
SID0282-R034,SID0282-G05,SID0282,PS,detection,pct_of_samples,,,,28,0,0,,,,,,,,,,,,,,,not_detected,paper_text,
SID0282-R035,SID0282-G01,SID0282,OTHER,count,pct_of_particles,,,,,,,,,,,,,,,,,,,,,confirmed,paper_text,
SID0282-R036,SID0282-G01,SID0282,PU,count,pct_of_particles,,,,,,,,,,,,,,,,,,,,,confirmed,paper_text,
SID0282-R037,SID0282-G01,SID0282,PDMS,count,pct_of_particles,,,,,,,,,,,,,,,,,,,,,confirmed,paper_text,
SID0282-R038,SID0282-G01,SID0282,PE,count,pct_of_particles,,,,,,,,,,,,,,,,,,,,,confirmed,paper_text,
SID0282-R039,SID0282-G01,SID0282,PVC,count,pct_of_particles,,,,,,,,,,,,,,,,,,,,,confirmed,paper_text,
SID0282-R040,SID0282-G01,SID0282,TOTAL_COUNT,count,other,,,,28,,,,,,,,,,,,,,,,,confirmed,paper_text,
SID0282-R041,SID0282-G01,SID0282,TOTAL_COUNT,count,pct_of_particles,,20-100,,,,,,,,,,,,,,,,,,,confirmed,paper_text,
SID0282-R042,SID0282-G01,SID0282,TOTAL_COUNT,count,pct_of_particles,,100-500,,,,,,,,,,,,,,,,,,,confirmed,paper_text,
SID0282-R043,SID0282-G02,SID0282,OTHER,count,pct_of_particles,,,,,,,,,,,,,,,,,,,,,confirmed,paper_text,
SID0282-R044,SID0282-G02,SID0282,PE,count,pct_of_particles,,,,,,,,,,,,,,,,,,,,,confirmed,paper_text,
SID0282-R045,SID0282-G02,SID0282,PP,count,pct_of_particles,,,,,,,,,,,,,,,,,,,,,confirmed,paper_text,
SID0282-R046,SID0282-G02,SID0282,PVC,count,pct_of_particles,,,,,,,,,,,,,,,,,,,,,confirmed,paper_text,
SID0282-R047,SID0282-G02,SID0282,PB,count,pct_of_particles,,,,,,,,,,,,,,,,,,,,,confirmed,paper_text,
SID0282-R048,SID0282-G02,SID0282,TOTAL_COUNT,count,other,,,,28,,,,,,,,,,,,,,,,,confirmed,paper_text,
SID0282-R049,SID0282-G02,SID0282,TOTAL_COUNT,count,pct_of_particles,,20-100,,,,,,,,,,,,,,,,,,,confirmed,paper_text,
SID0282-R050,SID0282-G02,SID0282,TOTAL_COUNT,count,pct_of_particles,,100-500,,,,,,,,,,,,,,,,,,,confirmed,paper_text,
SID0282-R051,SID0282-G03,SID0282,PTFE,count,pct_of_particles,,,,,,,,,,,,,,,,,,,,,confirmed,paper_text,
SID0282-R052,SID0282-G03,SID0282,PVC,count,pct_of_particles,,,,,,,,,,,,,,,,,,,,,confirmed,paper_text,
SID0282-R053,SID0282-G03,SID0282,PDMS,count,pct_of_particles,,,,,,,,,,,,,,,,,,,,,confirmed,paper_text,
SID0282-R054,SID0282-G03,SID0282,ACR,count,pct_of_particles,,,,,,,,,,,,,,,,,,,,,confirmed,paper_text,
SID0282-R055,SID0282-G03,SID0282,PET,count,pct_of_particles,,,,,,,,,,,,,,,,,,,,,confirmed,paper_text,
SID0282-R056,SID0282-G03,SID0282,TOTAL_COUNT,count,other,,,,28,,,,,,,,,,,,,,,,,confirmed,paper_text,
SID0282-R057,SID0282-G03,SID0282,TOTAL_COUNT,count,pct_of_particles,,20-100,,,,,,,,,,,,,,,,,,,confirmed,paper_text,
SID0282-R058,SID0282-G03,SID0282,TOTAL_COUNT,count,pct_of_particles,,100-500,,,,,,,,,,,,,,,,,,,confirmed,paper_text,
SID0282-R059,SID0282-G04,SID0282,PVC,count,pct_of_particles,,,,,,,,,,,,,,,,,,,,,confirmed,paper_text,
SID0282-R060,SID0282-G04,SID0282,PU,count,pct_of_particles,,,,,,,,,,,,,,,,,,,,,confirmed,paper_text,
SID0282-R061,SID0282-G04,SID0282,PET,count,pct_of_particles,,,,,,,,,,,,,,,,,,,,,confirmed,paper_text,
SID0282-R062,SID0282-G04,SID0282,PE,count,pct_of_particles,,,,,,,,,,,,,,,,,,,,,confirmed,paper_text,
SID0282-R063,SID0282-G04,SID0282,PB,count,pct_of_particles,,,,,,,,,,,,,,,,,,,,,confirmed,paper_text,
SID0282-R064,SID0282-G04,SID0282,TOTAL_COUNT,count,other,,,,28,,,,,,,,,,,,,,,,,confirmed,paper_text,
SID0282-R065,SID0282-G04,SID0282,TOTAL_COUNT,count,pct_of_particles,,20-100,,,,,,,,,,,,,,,,,,,confirmed,paper_text,
SID0282-R066,SID0282-G04,SID0282,TOTAL_COUNT,count,pct_of_particles,,100-500,,,,,,,,,,,,,,,,,,,confirmed,paper_text,
SID0282-R067,SID0282-G05,SID0282,PDMS,count,pct_of_particles,,,,,,,,,,,,,,,,,,,,,confirmed,paper_text,
SID0282-R068,SID0282-G05,SID0282,PP,count,pct_of_particles,,,,,,,,,,,,,,,,,,,,,confirmed,paper_text,
SID0282-R069,SID0282-G05,SID0282,PTFE,count,pct_of_particles,,,,,,,,,,,,,,,,,,,,,confirmed,paper_text,
SID0282-R070,SID0282-G05,SID0282,PVC,count,pct_of_particles,,,,,,,,,,,,,,,,,,,,,confirmed,paper_text,
SID0282-R071,SID0282-G05,SID0282,PET,count,pct_of_particles,,,,,,,,,,,,,,,,,,,,,confirmed,paper_text,
SID0282-R072,SID0282-G05,SID0282,TOTAL_COUNT,count,other,,,,28,,,,,,,,,,,,,,,,,confirmed,paper_text,
SID0282-R073,SID0282-G05,SID0282,TOTAL_COUNT,count,pct_of_particles,,20-100,,,,,,,,,,,,,,,,,,,confirmed,paper_text,
SID0282-R074,SID0282-G05,SID0282,TOTAL_COUNT,count,pct_of_particles,,100-500,,,,,,,,,,,,,,,,,,,confirmed,paper_text,
SID0283-R001,SID0283-G01,SID0283,TOTAL_COUNT,detection,pct_of_samples,,,,10,6,60,,,,,,,,,,,,,,no,confirmed,paper_text,
SID0283-R002,SID0283-G02,SID0283,TOTAL_COUNT,detection,pct_of_samples,,,,10,9,90,,,,,,,,,,,,,,no,confirmed,paper_text,
SID0283-R003,SID0283-G03,SID0283,TOTAL_COUNT,detection,pct_of_samples,,,,10,10,100,,,,,,,,,,,,,,no,confirmed,paper_text,
SID0283-R004,SID0283-G01,SID0283,TOTAL_COUNT,count,other,,,,10,,,4.1,,,,,,,,,,,,,no,confirmed,paper_text,
SID0283-R005,SID0283-G02,SID0283,TOTAL_COUNT,count,other,,,,10,,,7.1,,,,,,,,,,,,,no,confirmed,paper_text,
SID0283-R006,SID0283-G03,SID0283,TOTAL_COUNT,count,other,,,,10,,,15.5,,,,,,,,,,,,,no,confirmed,paper_text,
SID0283-R007,SID0283-G01,SID0283,PP,count,pct_of_particles,,,,,,,,,,,,,,,,,,,,no,confirmed,paper_text,
SID0283-R008,SID0283-G01,SID0283,PEST,count,pct_of_particles,,,,,,,,,,,,,,,,,,,,no,confirmed,paper_text,
SID0283-R009,SID0283-G01,SID0283,PVC,count,pct_of_particles,,,,,,,,,,,,,,,,,,,,no,confirmed,paper_text,
SID0283-R010,SID0283-G01,SID0283,PU,count,pct_of_particles,,,,,,,,,,,,,,,,,,,,no,confirmed,paper_text,
SID0283-R011,SID0283-G01,SID0283,EVA,count,pct_of_particles,,,,,,,,,,,,,,,,,,,,no,confirmed,paper_text,
SID0283-R012,SID0283-G01,SID0283,PET,count,pct_of_particles,,,,,,,,,,,,,,,,,,,,no,confirmed,paper_text,
SID0283-R013,SID0283-G01,SID0283,PE,count,pct_of_particles,,,,,,,,,,,,,,,,,,,,no,confirmed,paper_text,
SID0283-R014,SID0283-G01,SID0283,PA,count,pct_of_particles,,,,,,,,,,,,,,,,,,,,no,confirmed,paper_text,
SID0283-R015,SID0283-G02,SID0283,PP,count,pct_of_particles,,,,,,,,,,,,,,,,,,,,no,confirmed,paper_text,
SID0283-R016,SID0283-G02,SID0283,PET,count,pct_of_particles,,,,,,,,,,,,,,,,,,,,no,confirmed,paper_text,
SID0283-R017,SID0283-G02,SID0283,EVA,count,pct_of_particles,,,,,,,,,,,,,,,,,,,,no,confirmed,paper_text,
SID0283-R018,SID0283-G02,SID0283,PEST,count,pct_of_particles,,,,,,,,,,,,,,,,,,,,no,confirmed,paper_text,
SID0283-R019,SID0283-G02,SID0283,ABS,count,pct_of_particles,,,,,,,,,,,,,,,,,,,,no,confirmed,paper_text,
SID0283-R020,SID0283-G02,SID0283,PE,count,pct_of_particles,,,,,,,,,,,,,,,,,,,,no,confirmed,paper_text,
SID0283-R021,SID0283-G02,SID0283,PU,count,pct_of_particles,,,,,,,,,,,,,,,,,,,,no,confirmed,paper_text,
SID0283-R022,SID0283-G02,SID0283,PC,count,pct_of_particles,,,,,,,,,,,,,,,,,,,,no,confirmed,paper_text,
SID0283-R023,SID0283-G02,SID0283,PA,count,pct_of_particles,,,,,,,,,,,,,,,,,,,,no,confirmed,paper_text,
SID0283-R024,SID0283-G02,SID0283,PVC,count,pct_of_particles,,,,,,,,,,,,,,,,,,,,no,confirmed,paper_text,
SID0283-R025,SID0283-G02,SID0283,PVOH,count,pct_of_particles,,,,,,,,,,,,,,,,,,,,no,confirmed,paper_text,
SID0283-R026,SID0283-G02,SID0283,PAN,count,pct_of_particles,,,,,,,,,,,,,,,,,,,,no,confirmed,paper_text,
SID0283-R027,SID0283-G02,SID0283,UNSPEC,count,pct_of_particles,,,,,,,,,,,,,,,,,,,,no,identity_unresolved,paper_text,
SID0283-R028,SID0283-G03,SID0283,PEST,count,pct_of_particles,,,,,,,,,,,,,,,,,,,,no,confirmed,paper_text,
SID0283-R029,SID0283-G03,SID0283,PET,count,pct_of_particles,,,,,,,,,,,,,,,,,,,,no,confirmed,paper_text,
SID0283-R030,SID0283-G03,SID0283,EVA,count,pct_of_particles,,,,,,,,,,,,,,,,,,,,no,confirmed,paper_text,
SID0283-R031,SID0283-G03,SID0283,PP,count,pct_of_particles,,,,,,,,,,,,,,,,,,,,no,confirmed,paper_text,
SID0283-R032,SID0283-G03,SID0283,PE,count,pct_of_particles,,,,,,,,,,,,,,,,,,,,no,confirmed,paper_text,
SID0283-R033,SID0283-G03,SID0283,PVC,count,pct_of_particles,,,,,,,,,,,,,,,,,,,,no,confirmed,paper_text,
SID0283-R034,SID0283-G03,SID0283,PU,count,pct_of_particles,,,,,,,,,,,,,,,,,,,,no,confirmed,paper_text,
SID0283-R035,SID0283-G03,SID0283,PC,count,pct_of_particles,,,,,,,,,,,,,,,,,,,,no,confirmed,paper_text,
SID0283-R036,SID0283-G03,SID0283,PS,count,pct_of_particles,,,,,,,,,,,,,,,,,,,,no,confirmed,paper_text,
SID0283-R037,SID0283-G03,SID0283,PA,count,pct_of_particles,,,,,,,,,,,,,,,,,,,,no,confirmed,paper_text,
SID0283-R038,SID0283-G03,SID0283,ABS,count,pct_of_particles,,,,,,,,,,,,,,,,,,,,no,confirmed,paper_text,
SID0283-R039,SID0283-G03,SID0283,PAN,count,pct_of_particles,,,,,,,,,,,,,,,,,,,,no,confirmed,paper_text,
SID0283-R040,SID0283-G03,SID0283,OTHER,count,pct_of_particles,,,,,,,,,,,,,,,,,,,,no,confirmed,paper_text,
SID0283-R041,SID0283-G03,SID0283,PMMA,count,pct_of_particles,,,,,,,,,,,,,,,,,,,,no,confirmed,paper_text,
SID0283-R042,SID0283-G03,SID0283,OTHER,count,pct_of_particles,,,,,,,,,,,,,,,,,,,,no,confirmed,paper_text,
SID0283-R043,SID0283-G03,SID0283,UNSPEC,count,pct_of_particles,,,,,,,,,,,,,,,,,,,,no,identity_unresolved,paper_text,
SID0284-R001,SID0284-G01,SID0284,TOTAL_MASS,detection,pct_of_samples,,,,12,12,100,,,,,,,,,,,,,,no,confirmed,paper_text,
SID0284-R002,SID0284-G01,SID0284,PS,detection,pct_of_samples,,,,12,5,41.7,,,,,,,,,,,,,,no,confirmed,paper_text,
SID0284-R003,SID0284-G01,SID0284,PE,detection,pct_of_samples,,,,12,12,100,,,,,,,,,,,,,,no,confirmed,paper_text,
SID0284-R004,SID0284-G01,SID0284,PP,detection,pct_of_samples,,,,12,6,50,,,,,,,,,,,,,,no,confirmed,paper_text,
SID0284-R005,SID0284-G01,SID0284,PVC,detection,pct_of_samples,,,,12,12,100,,,,,,,,,,,,,,no,confirmed,paper_text,
SID0284-R006,SID0284-G01,SID0284,PA66,detection,pct_of_samples,,,,12,1,8.3,,,,,,,,,,,,,,no,confirmed,paper_text,
SID0284-R007,SID0284-G02,SID0284,TOTAL_MASS,detection,pct_of_samples,,,,21,21,100,,,,,,,,,,,,,,no,confirmed,paper_text,
SID0284-R008,SID0284-G02,SID0284,PS,detection,pct_of_samples,,,,21,14,66.7,,,,,,,,,,,,,,no,confirmed,paper_text,
SID0284-R009,SID0284-G02,SID0284,PE,detection,pct_of_samples,,,,21,21,100,,,,,,,,,,,,,,no,confirmed,paper_text,
SID0284-R010,SID0284-G02,SID0284,PP,detection,pct_of_samples,,,,21,18,85.7,,,,,,,,,,,,,,no,confirmed,paper_text,
SID0284-R011,SID0284-G02,SID0284,PVC,detection,pct_of_samples,,,,21,21,100,,,,,,,,,,,,,,no,confirmed,paper_text,
SID0284-R012,SID0284-G02,SID0284,PA66,detection,pct_of_samples,,,,21,10,47.6,,,,,,,,,,,,,,no,confirmed,paper_text,
SID0284-R013,SID0284-G02,SID0284,TOTAL_MASS,mass,ug_per_g,,,,21,,,21.36,8.42,,,,,,,,,,,,no,confirmed,paper_text,
SID0284-R014,SID0284-G01,SID0284,TOTAL_MASS,mass,ug_per_g,,,,12,,,13.56,5.92,,,,,,,,,,,,no,confirmed,paper_text,
SID0285-R001,SID0285-G01,SID0285,TOTAL_MASS,mass,ug_per_g,wet,,,19,,,100.13,,,,,,,,,,,,,,confirmed,paper_text,
SID0285-R002,SID0285-G02,SID0285,TOTAL_MASS,mass,ug_per_g,wet,,,82,,,161.65,,,,,,,,,,,,,,confirmed,paper_text,
SID0285-R003,SID0285-G01,SID0285,PE,mass,other,,,,,,,74.4,,,,,,,,,,,,,,confirmed,paper_text,
SID0285-R004,SID0285-G01,SID0285,PVC,mass,other,,,,,,,18.13,,,,,,,,,,,,,,confirmed,paper_text,
SID0285-R005,SID0285-G02,SID0285,PE,mass,other,,,,,,,56.23,,,,,,,,,,,,,,confirmed,paper_text,
SID0285-R006,SID0285-G02,SID0285,PVC,mass,other,,,,,,,29.98,,,,,,,,,,,,,,confirmed,paper_text,
SID0285-R007,SID0285-G01,SID0285,PET,detection,pct_of_samples,,,,101,0,,,,,,,,,,,,,,,,not_detected,paper_text,
SID0285-R008,SID0285-G02,SID0285,PET,detection,pct_of_samples,,,,101,0,,,,,,,,,,,,,,,,not_detected,paper_text,
SID0285-R009,SID0285-G03,SID0285,PS,mass,ug_per_g,wet,,,1,,,2.951,,,,,,,,,,,,,,confirmed,paper_table,
SID0285-R010,SID0285-G03,SID0285,PE,mass,ug_per_g,wet,,,1,,,200.2428,,,,,,,,,,,,,,confirmed,paper_table,
SID0285-R011,SID0285-G03,SID0285,PP,mass,ug_per_g,wet,,,1,,,29.7244,,,,,,,,,,,,,,confirmed,paper_table,
SID0285-R012,SID0285-G03,SID0285,PVC,mass,ug_per_g,wet,,,1,,,142.4334,,,,,,,,,,,,,,confirmed,paper_table,
SID0285-R013,SID0285-G03,SID0285,PMMA,mass,ug_per_g,wet,,,1,0,,,,,,,,,,,,,,,,not_detected,paper_table,
SID0285-R014,SID0285-G03,SID0285,PC,mass,ug_per_g,wet,,,1,0,,,,,,,,,,,,,,,,not_detected,paper_table,
SID0285-R015,SID0285-G03,SID0285,PET,mass,ug_per_g,wet,,,1,0,,,,,,,,,,,,,,,,not_detected,paper_table,
SID0285-R016,SID0285-G03,SID0285,PA6,mass,ug_per_g,wet,,,1,0,,,,,,,,,,,,,,,,not_detected,paper_table,
SID0285-R017,SID0285-G03,SID0285,PA66,mass,ug_per_g,wet,,,1,0,,,,,,,,,,,,,,,,not_detected,paper_table,
SID0286-R001,SID0286-G01,SID0286,TOTAL_MASS,mass,ug_per_g,wet,,,10,10,,15.78,14.53,12.89,3.2,23.92,0.58,59.79,,,,,,,,confirmed,paper_text,
SID0286-R002,SID0286-G01,SID0286,PE,mass,ug_per_g,wet,,,10,10,,36.56,12.52,35,27.46,39.7,19.42,59.79,,,,,,,,confirmed,paper_text,
SID0286-R003,SID0286-G01,SID0286,PE,detection,pct_of_samples,,,,10,10,100,,,,,,,,,,,,,,,confirmed,paper_text,
SID0286-R004,SID0286-G01,SID0286,PVC,mass,ug_per_g,wet,,,10,10,,18.63,7.38,19.11,14.46,22.71,4.75,31.86,,,,,,,,confirmed,paper_text,
SID0286-R005,SID0286-G01,SID0286,PVC,detection,pct_of_samples,,,,10,10,100,,,,,,,,,,,,,,,confirmed,paper_text,
SID0286-R006,SID0286-G01,SID0286,PMMA,mass,ug_per_g,wet,,,10,10,,15.12,11.67,12.19,8.64,16.6,2.48,40.41,,,,,,,,confirmed,paper_text,
SID0286-R007,SID0286-G01,SID0286,PMMA,detection,pct_of_samples,,,,10,10,100,,,,,,,,,,,,,,,confirmed,paper_text,
SID0286-R008,SID0286-G01,SID0286,PP,mass,ug_per_g,wet,,,10,10,,7.67,5.48,6.51,3.6,9.98,1.76,19.91,,,,,,,,confirmed,paper_text,
SID0286-R009,SID0286-G01,SID0286,PP,detection,pct_of_samples,,,,10,10,100,,,,,,,,,,,,,,,confirmed,paper_text,
SID0286-R010,SID0286-G01,SID0286,PS,mass,ug_per_g,wet,,,10,9,,2.56,4.05,1.15,0.96,1.53,0.62,13.29,,,,,,,,confirmed,paper_text,
SID0286-R011,SID0286-G01,SID0286,PS,detection,pct_of_samples,,,,10,9,90,,,,,,,,,,,,,,,confirmed,paper_text,
SID0286-R012,SID0286-G01,SID0286,PA66,mass,ug_per_g,wet,,,10,2,,1.18,0.85,1.18,0.88,1.48,0.58,1.78,,,,,,,,confirmed,paper_text,
SID0286-R013,SID0286-G01,SID0286,PA66,detection,pct_of_samples,,,,10,2,20,,,,,,,,,,,,,,,confirmed,paper_text,
SID0286-R014,SID0286-G01,SID0286,PC,detection,pct_of_samples,,,,10,0,0,,,,,,,,,,,,,,,not_detected,paper_text,
SID0286-R015,SID0286-G01,SID0286,PET,detection,pct_of_samples,,,,10,0,0,,,,,,,,,,,,,,,not_detected,paper_text,
SID0286-R016,SID0286-G01,SID0286,PA6,detection,pct_of_samples,,,,10,0,0,,,,,,,,,,,,,,,not_detected,paper_text,
SID0286-R017,SID0286-G01,SID0286,PLA,detection,pct_of_samples,,,,10,0,0,,,,,,,,,,,,,,,not_detected,paper_text,
SID0286-R018,SID0286-G01,SID0286,PBAT,detection,pct_of_samples,,,,10,0,0,,,,,,,,,,,,,,,not_detected,paper_text,
SID0286-R019,SID0286-G01,SID0286,PE,mass,other,,,,,,,45.41,,,,,,,,,,,,,,confirmed,paper_text,
SID0286-R020,SID0286-G01,SID0286,PVC,mass,other,,,,,,,23.14,,,,,,,,,,,,,,confirmed,paper_text,
SID0286-R021,SID0286-G01,SID0286,PMMA,mass,other,,,,,,,18.78,,,,,,,,,,,,,,confirmed,paper_text,
SID0286-R022,SID0286-G01,SID0286,PP,mass,other,,,,,,,9.52,,,,,,,,,,,,,,confirmed,paper_text,
SID0286-R023,SID0286-G01,SID0286,PS,mass,other,,,,,,,2.86,,,,,,,,,,,,,,confirmed,paper_text,
SID0286-R024,SID0286-G01,SID0286,PA66,mass,other,,,,,,,0.29,,,,,,,,,,,,,,confirmed,paper_text,
SID0286-R025,SID0286-G02,SID0286,PE,mass,other,,,,,,,40.49,,,,,,,,,,,,,,confirmed,paper_text,
SID0286-R026,SID0286-G02,SID0286,PVC,mass,other,,,,,,,24.3,,,,,,,,,,,,,,confirmed,paper_text,
SID0286-R027,SID0286-G02,SID0286,PMMA,mass,other,,,,,,,21.32,,,,,,,,,,,,,,confirmed,paper_text,
SID0286-R028,SID0286-G02,SID0286,PP,mass,other,,,,,,,9.83,,,,,,,,,,,,,,confirmed,paper_text,
SID0286-R029,SID0286-G02,SID0286,PS,mass,other,,,,,,,3.58,,,,,,,,,,,,,,confirmed,paper_text,
SID0286-R030,SID0286-G02,SID0286,PA66,mass,other,,,,,,,0.48,,,,,,,,,,,,,,confirmed,paper_text,
SID0286-R031,SID0286-G03,SID0286,PE,mass,other,,,,,,,53.32,,,,,,,,,,,,,,confirmed,paper_text,
SID0286-R032,SID0286-G03,SID0286,PVC,mass,other,,,,,,,21.27,,,,,,,,,,,,,,confirmed,paper_text,
SID0286-R033,SID0286-G03,SID0286,PMMA,mass,other,,,,,,,14.69,,,,,,,,,,,,,,confirmed,paper_text,
SID0286-R034,SID0286-G03,SID0286,PP,mass,other,,,,,,,9.03,,,,,,,,,,,,,,confirmed,paper_text,
SID0286-R035,SID0286-G03,SID0286,PS,mass,other,,,,,,,1.69,,,,,,,,,,,,,,confirmed,paper_text,
SID0286-R036,SID0286-G03,SID0286,PA66,mass,other,,,,,0,,0,,,,,,,,,,,,,,not_detected,paper_text,
SID0286-R037,SID0286-G04,SID0286,PE,mass,other,,,,,,,45.65,,,,,,,,,,,,,,confirmed,paper_text,
SID0286-R038,SID0286-G04,SID0286,PVC,mass,other,,,,,,,23.54,,,,,,,,,,,,,,confirmed,paper_text,
SID0286-R039,SID0286-G04,SID0286,PMMA,mass,other,,,,,,,19.12,,,,,,,,,,,,,,confirmed,paper_text,
SID0286-R040,SID0286-G04,SID0286,PP,mass,other,,,,,,,7.7,,,,,,,,,,,,,,confirmed,paper_text,
SID0286-R041,SID0286-G04,SID0286,PS,mass,other,,,,,,,3.64,,,,,,,,,,,,,,confirmed,paper_text,
SID0286-R042,SID0286-G04,SID0286,PA66,mass,other,,,,,,,0.35,,,,,,,,,,,,,,confirmed,paper_text,
SID0286-R043,SID0286-G05,SID0286,PE,mass,other,,,,,,,44.99,,,,,,,,,,,,,,confirmed,paper_text,
SID0286-R044,SID0286-G05,SID0286,PVC,mass,other,,,,,,,22.45,,,,,,,,,,,,,,confirmed,paper_text,
SID0286-R045,SID0286-G05,SID0286,PMMA,mass,other,,,,,,,18.19,,,,,,,,,,,,,,confirmed,paper_text,
SID0286-R046,SID0286-G05,SID0286,PP,mass,other,,,,,,,12.65,,,,,,,,,,,,,,confirmed,paper_text,
SID0286-R047,SID0286-G05,SID0286,PS,mass,other,,,,,,,1.52,,,,,,,,,,,,,,confirmed,paper_text,
SID0286-R048,SID0286-G05,SID0286,PA66,mass,other,,,,,,,0.2,,,,,,,,,,,,,,confirmed,paper_text,
SID0286-R049,SID0286-G06,SID0286,PE,mass,other,,,,,,,49.51,,,,,,,,,,,,,,confirmed,paper_text,
SID0286-R050,SID0286-G06,SID0286,PVC,mass,other,,,,,,,24.1,,,,,,,,,,,,,,confirmed,paper_text,
SID0286-R051,SID0286-G06,SID0286,PMMA,mass,other,,,,,,,18.64,,,,,,,,,,,,,,confirmed,paper_text,
SID0286-R052,SID0286-G06,SID0286,PP,mass,other,,,,,,,6.22,,,,,,,,,,,,,,confirmed,paper_text,
SID0286-R053,SID0286-G06,SID0286,PS,mass,other,,,,,,,1.53,,,,,,,,,,,,,,confirmed,paper_text,
SID0286-R054,SID0286-G06,SID0286,PA66,mass,other,,,,,0,,0,,,,,,,,,,,,,,not_detected,paper_text,
SID0286-R055,SID0286-G07,SID0286,PE,mass,other,,,,,,,42.93,,,,,,,,,,,,,,confirmed,paper_text,
SID0286-R056,SID0286-G07,SID0286,PVC,mass,other,,,,,,,22.55,,,,,,,,,,,,,,confirmed,paper_text,
SID0286-R057,SID0286-G07,SID0286,PMMA,mass,other,,,,,,,18.86,,,,,,,,,,,,,,confirmed,paper_text,
SID0286-R058,SID0286-G07,SID0286,PP,mass,other,,,,,,,11.53,,,,,,,,,,,,,,confirmed,paper_text,
SID0286-R059,SID0286-G07,SID0286,PS,mass,other,,,,,,,3.66,,,,,,,,,,,,,,confirmed,paper_text,
SID0286-R060,SID0286-G07,SID0286,PA66,mass,other,,,,,,,0.47,,,,,,,,,,,,,,confirmed,paper_text,
SID0286-R061,SID0286-G01,SID0286,PE,count,pct_of_particles,,,,,,,31.09,,,,,,,,,,,,,,confirmed,paper_text,
SID0286-R062,SID0286-G01,SID0286,PVC,count,pct_of_particles,,,,,,,28.15,,,,,,,,,,,,,,confirmed,paper_text,
SID0286-R063,SID0286-G01,SID0286,FKM,count,pct_of_particles,,,,,,,9.66,,,,,,,,,,,,,,tentative,paper_text,
SID0286-R064,SID0286-G01,SID0286,PU,count,pct_of_particles,,,,,,,7.14,,,,,,,,,,,,,,tentative,paper_text,
SID0286-R065,SID0286-G01,SID0286,ACR,count,pct_of_particles,,,,,,,6.72,,,,,,,,,,,,,,tentative,paper_text,
SID0286-R066,SID0286-G01,SID0286,PET,count,pct_of_particles,,,,,,,4.2,,,,,,,,,,,,,,tentative,paper_text,
SID0286-R067,SID0286-G01,SID0286,PB,count,pct_of_particles,,,,,,,3.36,,,,,,,,,,,,,,tentative,paper_text,
SID0286-R068,SID0286-G01,SID0286,PF,count,pct_of_particles,,,,,,,2.1,,,,,,,,,,,,,,tentative,paper_text,
SID0286-R069,SID0286-G01,SID0286,EVA,count,pct_of_particles,,,,,,,1.26,,,,,,,,,,,,,,tentative,paper_text,
SID0287-R001,SID0287-G01,SID0287,TOTAL_MASS,mass,ug_per_g,,,,30,30,,1461,1345,1176,339.6,2090,68.44,5369,,,,,,,,confirmed,computed,
SID0287-R002,SID0287-G01,SID0287,PE,mass,ug_per_g,,,,30,30,,1345,1249,1054,309.5,1913,68.44,4986,,,,,,,,confirmed,computed,
SID0287-R003,SID0287-G01,SID0287,PVC,mass,ug_per_g,,,,30,25,,92.05,89.09,62.71,27.14,144.5,0,383.7,,,,,,,,confirmed,computed,
SID0287-R004,SID0287-G01,SID0287,PP,mass,ug_per_g,,,,30,4,,15.31,51.89,0,0,0,0,254.4,,,,,,,,confirmed,computed,
SID0287-R005,SID0287-G01,SID0287,PS,mass,ug_per_g,,,,30,4,,8.081,38.13,0,0,0,0,208.9,,,,,,,,confirmed,computed,
SID0287-R006,SID0287-G02,SID0287,TOTAL_MASS,mass,ug_per_g,,,,1,1,,228.5,,228.5,228.5,228.5,228.5,228.5,,,,,,,,confirmed,computed,
SID0287-R007,SID0287-G02,SID0287,PE,mass,ug_per_g,,,,1,1,,217,,217,217,217,217,217,,,,,,,,confirmed,computed,
SID0287-R008,SID0287-G02,SID0287,PVC,mass,ug_per_g,,,,1,0,,0,,0,0,0,0,0,,,,,,,,confirmed,computed,
SID0287-R009,SID0287-G02,SID0287,PP,mass,ug_per_g,,,,1,0,,0,,0,0,0,0,0,,,,,,,,confirmed,computed,
SID0287-R010,SID0287-G02,SID0287,PS,mass,ug_per_g,,,,1,1,,11.51,,11.51,11.51,11.51,11.51,11.51,,,,,,,,confirmed,computed,
SID0287-R011,SID0287-G03,SID0287,TOTAL_MASS,mass,ug_per_g,,,,8,8,,219.4,120,175.3,131.6,270.1,107.5,455.1,,,,,,,,confirmed,computed,
SID0287-R012,SID0287-G03,SID0287,PE,mass,ug_per_g,,,,8,8,,216.9,119.5,175.3,131.6,254.9,107.5,455.1,,,,,,,,confirmed,computed,
SID0287-R013,SID0287-G03,SID0287,PVC,mass,ug_per_g,,,,8,0,,0,0,0,0,0,0,0,,,,,,,,confirmed,computed,
SID0287-R014,SID0287-G03,SID0287,PP,mass,ug_per_g,,,,8,1,,2.535,7.17,0,0,0,0,20.28,,,,,,,,confirmed,computed,
SID0287-R015,SID0287-G03,SID0287,PS,mass,ug_per_g,,,,8,0,,0,0,0,0,0,0,0,,,,,,,,confirmed,computed,
SID0287-R016,SID0287-G01,SID0287,PE,detection,pct_of_samples,,,,30,30,100,,,,,,,,,,,,,,,confirmed,paper_text,
SID0287-R017,SID0287-G03,SID0287,PE,detection,pct_of_samples,,,,8,8,100,,,,,,,,,,,,,,,confirmed,paper_text,
SID0287-R018,SID0287-G01,SID0287,PVC,detection,pct_of_samples,,,,30,25,83.33,,,,,,,,,,,,,,,confirmed,paper_text,
SID0287-R019,SID0287-G03,SID0287,PVC,detection,pct_of_samples,,,,8,0,0,,,,,,,,,,,,,,,not_detected,paper_text,
SID0287-R020,SID0287-G01,SID0287,PP,detection,pct_of_samples,,,,30,4,13.33,,,,,,,,,,,,,,,confirmed,paper_text,
SID0287-R021,SID0287-G03,SID0287,PP,detection,pct_of_samples,,,,8,1,12.5,,,,,,,,,,,,,,,confirmed,paper_text,
SID0287-R022,SID0287-G01,SID0287,PS,detection,pct_of_samples,,,,30,4,13.33,,,,,,,,,,,,,,,confirmed,paper_text,
SID0287-R023,SID0287-G03,SID0287,PS,detection,pct_of_samples,,,,8,0,0,,,,,,,,,,,,,,,not_detected,paper_text,
SID0287-R024,SID0287-G01,SID0287,PC,detection,pct_of_samples,,,,30,0,0,,,,,,,,,,,,,,,not_detected,paper_text,
SID0287-R025,SID0287-G01,SID0287,PET,detection,pct_of_samples,,,,30,0,0,,,,,,,,,,,,,,,not_detected,paper_text,
SID0287-R026,SID0287-G01,SID0287,PA6,detection,pct_of_samples,,,,30,0,0,,,,,,,,,,,,,,,not_detected,paper_text,
SID0287-R027,SID0287-G01,SID0287,PA66,detection,pct_of_samples,,,,30,0,0,,,,,,,,,,,,,,,not_detected,paper_text,
SID0287-R028,SID0287-G01,SID0287,PMMA,detection,pct_of_samples,,,,30,0,0,,,,,,,,,,,,,,,not_detected,paper_text,
SID0287-R029,SID0287-G01,SID0287,ABS,detection,pct_of_samples,,,,30,0,0,,,,,,,,,,,,,,,not_detected,paper_text,
SID0287-R030,SID0287-G01,SID0287,SBR,detection,pct_of_samples,,,,30,0,0,,,,,,,,,,,,,,,not_detected,paper_text,
SID0287-R031,SID0287-G03,SID0287,PC,detection,pct_of_samples,,,,8,0,0,,,,,,,,,,,,,,,not_detected,paper_text,
SID0287-R032,SID0287-G03,SID0287,PET,detection,pct_of_samples,,,,8,0,0,,,,,,,,,,,,,,,not_detected,paper_text,
SID0287-R033,SID0287-G03,SID0287,PA6,detection,pct_of_samples,,,,8,0,0,,,,,,,,,,,,,,,not_detected,paper_text,
SID0287-R034,SID0287-G03,SID0287,PA66,detection,pct_of_samples,,,,8,0,0,,,,,,,,,,,,,,,not_detected,paper_text,
SID0287-R035,SID0287-G03,SID0287,PMMA,detection,pct_of_samples,,,,8,0,0,,,,,,,,,,,,,,,not_detected,paper_text,
SID0287-R036,SID0287-G03,SID0287,ABS,detection,pct_of_samples,,,,8,0,0,,,,,,,,,,,,,,,not_detected,paper_text,
SID0287-R037,SID0287-G03,SID0287,SBR,detection,pct_of_samples,,,,8,0,0,,,,,,,,,,,,,,,not_detected,paper_text,
SID0287-R038,SID0287-G04,SID0287,TOTAL_MASS,mass,ug_per_g,,,,22,,,,,1610.68,428.29,2672.89,,,,,,,,,,confirmed,si_table,
SID0287-R039,SID0287-G05,SID0287,TOTAL_MASS,mass,ug_per_g,,,,8,,,,,414.85,238.25,987.53,,,,,,,,,,confirmed,si_table,
SID0287-R040,SID0287-G06,SID0287,TOTAL_MASS,mass,ug_per_g,,,,14,,,,,978.42,266.55,2159.72,,,,,,,,,,confirmed,si_table,
SID0287-R041,SID0287-G07,SID0287,TOTAL_MASS,mass,ug_per_g,,,,16,,,,,1400.49,351.59,2392.37,,,,,,,,,,confirmed,si_table,
SID0287-R042,SID0287-G08,SID0287,TOTAL_MASS,mass,ug_per_g,,,,15,,,,,1076.34,283.22,2475.37,,,,,,,,,,confirmed,si_table,
SID0287-R043,SID0287-G09,SID0287,TOTAL_MASS,mass,ug_per_g,,,,15,,,,,1398.82,322.49,1928.32,,,,,,,,,,confirmed,si_table,
SID0287-R044,SID0287-G10,SID0287,TOTAL_MASS,mass,ug_per_g,,,,15,,,,,683.45,216.57,1928.32,,,,,,,,,,confirmed,si_table,
SID0287-R045,SID0287-G11,SID0287,TOTAL_MASS,mass,ug_per_g,,,,15,,,,,1274.92,470.63,2481.07,,,,,,,,,,confirmed,si_table,
SID0287-R046,SID0287-G12,SID0287,TOTAL_MASS,mass,ug_per_g,,,,23,,,,,880.51,322.49,1695.31,,,,,,,,,,confirmed,si_table,
SID0287-R047,SID0287-G13,SID0287,TOTAL_MASS,mass,ug_per_g,,,,7,,,,,2143.38,210.17,3248.35,,,,,,,,,,confirmed,si_table,
SID0287-R048,SID0287-G14,SID0287,TOTAL_MASS,mass,ug_per_g,,,,16,,,,,1547.06,523.83,3056.53,,,,,,,,,,confirmed,si_table,
SID0287-R049,SID0287-G15,SID0287,TOTAL_MASS,mass,ug_per_g,,,,14,,,,,580.01,266.55,1626.62,,,,,,,,,,confirmed,si_table,
SID0287-R050,SID0287-G16,SID0287,TOTAL_MASS,mass,ug_per_g,,,,5,,,,,1695.31,788.09,3145.72,,,,,,,,,,confirmed,si_table,
SID0287-R051,SID0287-G17,SID0287,TOTAL_MASS,mass,ug_per_g,,,,25,,,,,880.51,302.85,2035.85,,,,,,,,,,confirmed,si_table,
SID0287-R052,SID0287-G18,SID0287,TOTAL_MASS,mass,ug_per_g,,,,17,,,,,1076.34,430.71,2861.86,,,,,,,,,,confirmed,si_table,
SID0287-R053,SID0287-G19,SID0287,TOTAL_MASS,mass,ug_per_g,,,,13,,,,,1398.7,213.37,1763.99,,,,,,,,,,confirmed,si_table,
SID0287-R054,SID0287-G20,SID0287,TOTAL_MASS,mass,ug_per_g,,,,8,,,,,1175.63,533.25,1989.05,,,,,,,,,,confirmed,si_table,
SID0287-R055,SID0287-G21,SID0287,TOTAL_MASS,mass,ug_per_g,,,,22,,,,,1139.6,296.75,2476.79,,,,,,,,,,confirmed,si_table,
SID0287-R056,SID0287-G22,SID0287,TOTAL_MASS,mass,ug_per_g,,,,19,,,,,1076.34,216.57,2143.38,,,,,,,,,,confirmed,si_table,
SID0287-R057,SID0287-G23,SID0287,TOTAL_MASS,mass,ug_per_g,,,,11,,,,,1398.7,438.9,2475.37,,,,,,,,,,confirmed,si_table,
SID0287-R058,SID0287-G24,SID0287,TOTAL_MASS,mass,ug_per_g,,,,,,,,,1988.02,1010.05,3334.54,,,,,,,,,,confirmed,si_table,
SID0287-R059,SID0287-G25,SID0287,TOTAL_MASS,mass,ug_per_g,,,,,,,,,430.71,214.97,1125.985,,,,,,,,,,confirmed,si_table,
SID0287-R060,SID0287-G26,SID0287,TOTAL_MASS,mass,ug_per_g,,,,15,,,,,390.8,210.17,1398.82,,,,,,,,,,confirmed,si_table,
SID0287-R061,SID0287-G27,SID0287,TOTAL_MASS,mass,ug_per_g,,,,15,,,,,2143.38,683.45,3363.27,,,,,,,,,,confirmed,si_table,
SID0287-R062,SID0287-G28,SID0287,TOTAL_MASS,mass,ug_per_g,,,,29,,,,,1274.92,311.88,2309.37,,,,,,,,,,confirmed,si_table,
SID0287-R063,SID0287-G29,SID0287,TOTAL_MASS,mass,ug_per_g,,,,25,,,,,1076.34,302.85,2035.85,,,,,,,,,,confirmed,si_table,
SID0287-R064,SID0287-G30,SID0287,TOTAL_MASS,mass,ug_per_g,,,,5,,,,,1398.7,346.03,3148.57,,,,,,,,,,confirmed,si_table,
SID0287-R065,SID0287-G31,SID0287,TOTAL_MASS,mass,ug_per_g,,,,27,,,,,880.51,301.27,1928.32,,,,,,,,,,confirmed,si_table,
SID0287-R066,SID0287-G32,SID0287,TOTAL_MASS,mass,ug_per_g,,,,28,,,,,1175.63,306.57,2392.37,,,,,,,,,,confirmed,si_table,
SID0287-R067,SID0287-G33,SID0287,TOTAL_MASS,mass,ug_per_g,,,,23,,,,,1076.34,301.27,2143.38,,,,,,,,,,confirmed,si_table,
SID0287-R068,SID0287-G34,SID0287,TOTAL_MASS,mass,ug_per_g,,,,7,,,,,1695.31,683.45,3552.95,,,,,,,,,,confirmed,si_table,
SID0287-R069,SID0287-G35,SID0287,TOTAL_MASS,mass,ug_per_g,,,,5,,,,,880.51,258.92,2003.56,,,,,,,,,,confirmed,si_table,
SID0287-R070,SID0287-G36,SID0287,TOTAL_MASS,mass,ug_per_g,,,,7,,,,,1928.32,1398.82,3248.35,,,,,,,,,,confirmed,si_table,
SID0287-R071,SID0287-G37,SID0287,TOTAL_MASS,mass,ug_per_g,,,,18,,,,,595.88,264.95,1993.34,,,,,,,,,,confirmed,si_table,
SID0287-R072,SID0287-G38,SID0287,TOTAL_MASS,mass,ug_per_g,,,,30,,,,,1175.63,317.18,2226.37,,,,,,,,,,confirmed,si_table,
SID0287-R073,SID0287-G39,SID0287,TOTAL_MASS,mass,ug_per_g,,,,20,,,,,702.29,287.73,2065.7,,,,,,,,,,confirmed,si_table,
SID0287-R074,SID0287-G40,SID0287,TOTAL_MASS,mass,ug_per_g,,,,10,,,,,1462.38,741,3410.69,,,,,,,,,,confirmed,si_table,
SID0287-R075,SID0287-G41,SID0287,TOTAL_MASS,mass,ug_per_g,,,,4,,,,,370.08,189.93,1555.96,,,,,,,,,,confirmed,si_table,
SID0287-R076,SID0287-G42,SID0287,TOTAL_MASS,mass,ug_per_g,,,,26,,,,,1336.81,373.72,2476.79,,,,,,,,,,confirmed,si_table,
SID0287-R077,SID0287-G43,SID0287,TOTAL_MASS,mass,ug_per_g,,,,20,,,,,898.73,293.03,1904.4,,,,,,,,,,confirmed,si_table,
SID0287-R078,SID0287-G44,SID0287,TOTAL_MASS,mass,ug_per_g,,,,10,,,,,1547.06,404.49,2744.76,,,,,,,,,,confirmed,si_table,
SID0287-R079,SID0287-G45,SID0287,TOTAL_MASS,mass,ug_per_g,,,,24,,,,,800.82,287.73,1652.99,,,,,,,,,,confirmed,si_table,
SID0287-R080,SID0287-G46,SID0287,TOTAL_MASS,mass,ug_per_g,,,,6,,,,,2864.71,1966.25,3476.47,,,,,,,,,,confirmed,si_table,
SID0287-R081,SID0287-G47,SID0287,TOTAL_MASS,mass,ug_per_g,,,,14,,,,,702.29,214.97,1807.32,,,,,,,,,,confirmed,si_table,
SID0287-R082,SID0287-G48,SID0287,TOTAL_MASS,mass,ug_per_g,,,,16,,,,,1462.44,446.83,2479.64,,,,,,,,,,confirmed,si_table,
SID0287-R083,SID0287-G49,SID0287,TOTAL_MASS,mass,ug_per_g,,,,12,,,,,1139.66,446.83,2089.61,,,,,,,,,,confirmed,si_table,
SID0287-R084,SID0287-G50,SID0287,TOTAL_MASS,mass,ug_per_g,,,,18,,,,,1175.63,214.97,2476.79,,,,,,,,,,confirmed,si_table,
SID0288-R001,SID0288-G01,SID0288,PS,mass,ug_per_g,,,,20,17,85,0.78,0.8,,,,,3.29,,,,,,,yes,confirmed,paper_table,
SID0288-R002,SID0288-G02,SID0288,PS,mass,ug_per_g,,,,25,21,84,0.94,1.15,,,,,5.806,,,,,,,yes,confirmed,paper_table,
SID0288-R003,SID0288-G01,SID0288,PE,mass,ug_per_g,,,,20,15,75,2.05,1.54,,,,,4.76,,,,,,,yes,confirmed,paper_table,
SID0288-R004,SID0288-G02,SID0288,PE,mass,ug_per_g,,,,25,22,88,4.85,4.05,,,,,12.85,,,,,,,yes,confirmed,paper_table,
SID0288-R005,SID0288-G01,SID0288,PP,mass,ug_per_g,,,,20,8,40,0.3,0.57,,,,,2.32,,,,,,,yes,confirmed,paper_table,
SID0288-R006,SID0288-G02,SID0288,PP,mass,ug_per_g,,,,25,20,80,1.2,1.79,,,,,8.72,,,,,,,yes,confirmed,paper_table,
SID0288-R007,SID0288-G01,SID0288,PMMA,mass,ug_per_g,,,,20,3,15,0.01,0.04,,,,,0.17,,,,,,,yes,confirmed,paper_table,
SID0288-R008,SID0288-G02,SID0288,PMMA,mass,ug_per_g,,,,25,5,20,0.05,0.13,,,,,0.62,,,,,,,yes,confirmed,paper_table,
SID0288-R009,SID0288-G01,SID0288,PVC,mass,ug_per_g,,,,20,20,100,10.6,6.64,,,,0.04,23.82,,,,,,,yes,confirmed,paper_table,
SID0288-R010,SID0288-G02,SID0288,PVC,mass,ug_per_g,,,,25,24,96,18.27,12.06,,,,,39.84,,,,,,,yes,confirmed,paper_table,
SID0288-R011,SID0288-G01,SID0288,PET,mass,ug_per_g,,,,20,1,5,0.36,1.59,,,,,7.11,,,,,,,yes,confirmed,paper_table,
SID0288-R012,SID0288-G02,SID0288,PET,mass,ug_per_g,,,,25,0,0,,,,,,,,,,,,,,yes,not_detected,paper_table,
SID0288-R013,SID0288-G01,SID0288,PA6,mass,ug_per_g,,,,20,0,0,,,,,,,,,,,,,,yes,not_detected,paper_table,
SID0288-R014,SID0288-G02,SID0288,PA6,mass,ug_per_g,,,,25,3,12,0.27,0.79,,,,,3.07,,,,,,,yes,confirmed,paper_table,
SID0288-R015,SID0288-G01,SID0288,PA66,mass,ug_per_g,,,,20,18,90,4.37,3.71,,,,,13.5,,,,,,,yes,confirmed,paper_table,
SID0288-R016,SID0288-G02,SID0288,PA66,mass,ug_per_g,,,,25,20,80,5.06,4.81,,,,,19.67,,,,,,,yes,confirmed,paper_table,
SID0288-R017,SID0288-G01,SID0288,TOTAL_MASS,mass,ug_per_g,,,,20,20,100,18.48,9.61,,,,1.86,37.17,,,,,,,yes,confirmed,paper_table,
SID0288-R018,SID0288-G02,SID0288,TOTAL_MASS,mass,ug_per_g,,,,25,25,100,30.63,15.63,,,,8.34,67.02,,,,,,,yes,confirmed,paper_table,
SID0288-R019,SID0288-G01,SID0288,PC,detection,pct_of_samples,,,,20,0,0,,,,,,,,,,,,,,,not_detected,paper_text,
SID0288-R020,SID0288-G02,SID0288,PC,detection,pct_of_samples,,,,25,0,0,,,,,,,,,,,,,,,not_detected,paper_text,
SID0288-R021,SID0288-G01,SID0288,PLA,detection,pct_of_samples,,,,20,0,0,,,,,,,,,,,,,,,not_detected,paper_text,
SID0288-R022,SID0288-G02,SID0288,PLA,detection,pct_of_samples,,,,25,0,0,,,,,,,,,,,,,,,not_detected,paper_text,
SID0288-R023,SID0288-G01,SID0288,PBAT,detection,pct_of_samples,,,,20,0,0,,,,,,,,,,,,,,,not_detected,paper_text,
SID0288-R024,SID0288-G02,SID0288,PBAT,detection,pct_of_samples,,,,25,0,0,,,,,,,,,,,,,,,not_detected,paper_text,
SID0288-R025,SID0288-G01,SID0288,TOTAL_MASS,mass,ug_per_g,,,,20,20,,18.48,9.613,16.05,13.48,23.97,1.855,37.17,,,,,,,yes,confirmed,computed,
SID0288-R026,SID0288-G01,SID0288,PS,mass,ug_per_g,,,,20,17,,0.781,0.8003,0.5235,0.3768,0.9413,0,3.287,,,,,,,yes,confirmed,computed,
SID0288-R027,SID0288-G01,SID0288,PE,mass,ug_per_g,,,,20,15,,2.052,1.536,2.325,0.531,2.943,0,4.756,,,,,,,yes,confirmed,computed,
SID0288-R028,SID0288-G01,SID0288,PP,mass,ug_per_g,,,,20,8,,0.3034,0.5719,0,0,0.4642,0,2.317,,,,,,,yes,confirmed,computed,
SID0288-R029,SID0288-G01,SID0288,PMMA,mass,ug_per_g,,,,20,3,,0.0131,0.04175,0,0,0,0,0.173,,,,,,,yes,confirmed,computed,
SID0288-R030,SID0288-G01,SID0288,PVC,mass,ug_per_g,,,,20,20,,10.6,6.635,9.196,7.31,15.6,0.037,23.82,,,,,,,yes,confirmed,computed,
SID0288-R031,SID0288-G01,SID0288,PA6,mass,ug_per_g,,,,20,0,,0,0,0,0,0,0,0,,,,,,,yes,confirmed,computed,
SID0288-R032,SID0288-G01,SID0288,PA66,mass,ug_per_g,,,,20,18,,4.367,3.709,3.388,2.145,5.415,0,13.5,,,,,,,yes,confirmed,computed,
SID0288-R033,SID0288-G02,SID0288,TOTAL_MASS,mass,ug_per_g,,,,25,25,,30.63,15.63,30.55,16.99,41.19,8.342,67.02,,,,,,,yes,confirmed,computed,
SID0288-R034,SID0288-G02,SID0288,PS,mass,ug_per_g,,,,25,21,,0.94,1.152,0.652,0.386,1.058,0,5.806,,,,,,,yes,confirmed,computed,
SID0288-R035,SID0288-G02,SID0288,PE,mass,ug_per_g,,,,25,21,,4.845,4.048,3.597,1.93,7.45,0,12.85,,,,,,,yes,confirmed,computed,
SID0288-R036,SID0288-G02,SID0288,PP,mass,ug_per_g,,,,25,20,,1.198,1.79,0.698,0.396,1.188,0,8.719,,,,,,,yes,confirmed,computed,
SID0288-R037,SID0288-G02,SID0288,PMMA,mass,ug_per_g,,,,25,5,,0.048,0.1338,0,0,0,0,0.621,,,,,,,yes,confirmed,computed,
SID0288-R038,SID0288-G02,SID0288,PVC,mass,ug_per_g,,,,25,24,,18.27,12.06,18.25,7.92,25.51,0,39.84,,,,,,,yes,confirmed,computed,
SID0288-R039,SID0288-G02,SID0288,PA6,mass,ug_per_g,,,,25,3,,0.2571,0.7751,0,0,0,0,3.075,,,,,,,yes,confirmed,computed,
SID0288-R040,SID0288-G02,SID0288,PA66,mass,ug_per_g,,,,25,20,,5.065,4.814,4.238,2.453,5.56,0,19.67,,,,,,,yes,confirmed,computed,
SID0288-R041,SID0288-G03,SID0288,ACR,count,particles_per_sample,,,,1,,,1,,,,,,,,,,,,,,tentative,si_table,
SID0288-R042,SID0288-G03,SID0288,PE,count,particles_per_sample,,,,1,,,1,,,,,,,,,,,,,,tentative,si_table,
SID0288-R043,SID0288-G03,SID0288,PU,count,particles_per_sample,,,,1,,,1,,,,,,,,,,,,,,tentative,si_table,
SID0288-R044,SID0288-G03,SID0288,PVC,count,particles_per_sample,,,,1,,,2,,,,,,,,,,,,,,tentative,si_table,
SID0288-R045,SID0288-G03,SID0288,ABS,count,particles_per_sample,,,,1,,,1,,,,,,,,,,,,,,tentative,si_table,
SID0288-R046,SID0288-G03,SID0288,PB,count,particles_per_sample,,,,1,,,1,,,,,,,,,,,,,,tentative,si_table,
SID0288-R047,SID0288-G03,SID0288,FKM,count,particles_per_sample,,,,1,,,2,,,,,,,,,,,,,,tentative,si_table,
SID0288-R048,SID0288-G03,SID0288,PF,count,particles_per_sample,,,,1,,,1,,,,,,,,,,,,,,tentative,si_table,
SID0288-R049,SID0288-G04,SID0288,ACR,count,particles_per_sample,,,,1,,,6,,,,,,,,,,,,,,tentative,si_table,
SID0288-R050,SID0288-G04,SID0288,PB,count,particles_per_sample,,,,1,,,3,,,,,,,,,,,,,,tentative,si_table,
SID0288-R051,SID0288-G04,SID0288,PE,count,particles_per_sample,,,,1,,,2,,,,,,,,,,,,,,tentative,si_table,
SID0288-R052,SID0288-G04,SID0288,PET,count,particles_per_sample,,,,1,,,3,,,,,,,,,,,,,,tentative,si_table,
SID0288-R053,SID0288-G04,SID0288,PU,count,particles_per_sample,,,,1,,,2,,,,,,,,,,,,,,tentative,si_table,
SID0288-R054,SID0288-G04,SID0288,PVC,count,particles_per_sample,,,,1,,,37,,,,,,,,,,,,,,tentative,si_table,
SID0288-R055,SID0288-G04,SID0288,FKM,count,particles_per_sample,,,,1,,,1,,,,,,,,,,,,,,tentative,si_table,
SID0288-R056,SID0288-G04,SID0288,PBAT,count,particles_per_sample,,,,1,,,2,,,,,,,,,,,,,,tentative,si_table,
SID0288-R057,SID0288-G05,SID0288,ACR,count,particles_per_sample,,,,1,,,2,,,,,,,,,,,,,,tentative,si_table,
SID0288-R058,SID0288-G05,SID0288,EVA,count,particles_per_sample,,,,1,,,3,,,,,,,,,,,,,,tentative,si_table,
SID0288-R059,SID0288-G05,SID0288,PB,count,particles_per_sample,,,,1,,,4,,,,,,,,,,,,,,tentative,si_table,
SID0288-R060,SID0288-G05,SID0288,PET,count,particles_per_sample,,,,1,,,6,,,,,,,,,,,,,,tentative,si_table,
SID0288-R061,SID0288-G05,SID0288,PMMA,count,particles_per_sample,,,,1,,,1,,,,,,,,,,,,,,tentative,si_table,
SID0288-R062,SID0288-G05,SID0288,PP,count,particles_per_sample,,,,1,,,2,,,,,,,,,,,,,,tentative,si_table,
SID0288-R063,SID0288-G05,SID0288,PU,count,particles_per_sample,,,,1,,,1,,,,,,,,,,,,,,tentative,si_table,
SID0288-R064,SID0288-G05,SID0288,PVC,count,particles_per_sample,,,,1,,,6,,,,,,,,,,,,,,tentative,si_table,
SID0288-R065,SID0288-G05,SID0288,EAA,count,particles_per_sample,,,,1,,,1,,,,,,,,,,,,,,tentative,si_table,
SID0288-R066,SID0288-G05,SID0288,FKM,count,particles_per_sample,,,,1,,,1,,,,,,,,,,,,,,tentative,si_table,
SID0288-R067,SID0288-G05,SID0288,PIB,count,particles_per_sample,,,,1,,,1,,,,,,,,,,,,,,tentative,si_table,
SID0288-R068,SID0288-G05,SID0288,POM,count,particles_per_sample,,,,1,,,1,,,,,,,,,,,,,,tentative,si_table,
SID0288-R069,SID0288-G06,SID0288,PCL,count,particles_per_sample,,,,1,,,1,,,,,,,,,,,,,,tentative,si_table,
SID0288-R070,SID0288-G06,SID0288,PET,count,particles_per_sample,,,,1,,,4,,,,,,,,,,,,,,tentative,si_table,
SID0288-R071,SID0288-G06,SID0288,PMMA,count,particles_per_sample,,,,1,,,1,,,,,,,,,,,,,,tentative,si_table,
SID0288-R072,SID0288-G06,SID0288,PB,count,particles_per_sample,,,,1,,,2,,,,,,,,,,,,,,tentative,si_table,
SID0288-R073,SID0288-G06,SID0288,PU,count,particles_per_sample,,,,1,,,1,,,,,,,,,,,,,,tentative,si_table,
SID0288-R074,SID0288-G06,SID0288,PVC,count,particles_per_sample,,,,1,,,2,,,,,,,,,,,,,,tentative,si_table,
SID0288-R075,SID0288-G06,SID0288,FKM,count,particles_per_sample,,,,1,,,5,,,,,,,,,,,,,,tentative,si_table,
SID0288-R076,SID0288-G06,SID0288,OTHER,count,particles_per_sample,,,,1,,,1,,,,,,,,,,,,,,tentative,si_table,
SID0288-R077,SID0288-G06,SID0288,PF,count,particles_per_sample,,,,1,,,1,,,,,,,,,,,,,,tentative,si_table,
SID0289-R001,SID0289-G01,SID0289,TOTAL_COUNT,count,particles_per_sample,wet,,,,,,654,103.8,,,,,,,,,,,,no,confirmed,paper_table,
SID0289-R002,SID0289-G01,SID0289,ACR,count,particles_per_sample,wet,,,,,,4,3.7,,,,,,,,,,,,no,confirmed,paper_table,
SID0289-R003,SID0289-G01,SID0289,ACR,count,pct_of_particles,wet,,,,,,1,0.5,,,,,,,,,,,,no,confirmed,paper_table,
SID0289-R004,SID0289-G01,SID0289,CELL,count,particles_per_sample,wet,,,,,,81,28.1,,,,,,,,,,,,no,confirmed,paper_table,
SID0289-R005,SID0289-G01,SID0289,CELL,count,pct_of_particles,wet,,,,,,12,3.3,,,,,,,,,,,,no,confirmed,paper_table,
SID0289-R006,SID0289-G01,SID0289,EP,count,particles_per_sample,wet,,,,,,23,5.6,,,,,,,,,,,,no,confirmed,paper_table,
SID0289-R007,SID0289-G01,SID0289,EP,count,pct_of_particles,wet,,,,,,4,0.8,,,,,,,,,,,,no,confirmed,paper_table,
SID0289-R008,SID0289-G01,SID0289,PAN,count,particles_per_sample,wet,,,,,,5,4.4,,,,,,,,,,,,no,confirmed,paper_table,
SID0289-R009,SID0289-G01,SID0289,PAN,count,pct_of_particles,wet,,,,,,1,0.7,,,,,,,,,,,,no,confirmed,paper_table,
SID0289-R010,SID0289-G01,SID0289,PA,count,particles_per_sample,wet,,,,,,33,7.7,,,,,,,,,,,,no,confirmed,paper_table,
SID0289-R011,SID0289-G01,SID0289,PA,count,pct_of_particles,wet,,,,,,5,0.8,,,,,,,,,,,,no,confirmed,paper_table,
SID0289-R012,SID0289-G01,SID0289,PTFE,count,particles_per_sample,wet,,,,,,3,3.5,,,,,,,,,,,,no,confirmed,paper_table,
SID0289-R013,SID0289-G01,SID0289,PTFE,count,pct_of_particles,wet,,,,,,1,0.5,,,,,,,,,,,,no,confirmed,paper_table,
SID0289-R014,SID0289-G01,SID0289,PF,count,particles_per_sample,wet,,,,,,26,18.6,,,,,,,,,,,,no,confirmed,paper_table,
SID0289-R015,SID0289-G01,SID0289,PF,count,pct_of_particles,wet,,,,,,4,2.9,,,,,,,,,,,,no,confirmed,paper_table,
SID0289-R016,SID0289-G01,SID0289,PE,count,particles_per_sample,wet,,,,,,88,36.7,,,,,,,,,,,,no,confirmed,paper_table,
SID0289-R017,SID0289-G01,SID0289,PE,count,pct_of_particles,wet,,,,,,13,5.1,,,,,,,,,,,,no,confirmed,paper_table,
SID0289-R018,SID0289-G01,SID0289,OTHER,count,particles_per_sample,wet,,,,,,24,5.7,,,,,,,,,,,,no,confirmed,paper_table,
SID0289-R019,SID0289-G01,SID0289,OTHER,count,pct_of_particles,wet,,,,,,4,0.8,,,,,,,,,,,,no,confirmed,paper_table,
SID0289-R020,SID0289-G01,SID0289,PP,count,particles_per_sample,wet,,,,,,49,14.3,,,,,,,,,,,,no,confirmed,paper_table,
SID0289-R021,SID0289-G01,SID0289,PP,count,pct_of_particles,wet,,,,,,8,2.3,,,,,,,,,,,,no,confirmed,paper_table,
SID0289-R022,SID0289-G01,SID0289,PEST,count,particles_per_sample,wet,,,,,,94,28.3,,,,,,,,,,,,no,confirmed,paper_table,
SID0289-R023,SID0289-G01,SID0289,PEST,count,pct_of_particles,wet,,,,,,14,3.4,,,,,,,,,,,,no,confirmed,paper_table,
SID0289-R024,SID0289-G01,SID0289,PET,count,particles_per_sample,wet,,,,,,48,24.3,,,,,,,,,,,,no,confirmed,paper_table,
SID0289-R025,SID0289-G01,SID0289,PET,count,pct_of_particles,wet,,,,,,7,3.5,,,,,,,,,,,,no,confirmed,paper_table,
SID0289-R026,SID0289-G01,SID0289,PU,count,particles_per_sample,wet,,,,,,4,3.4,,,,,,,,,,,,no,confirmed,paper_table,
SID0289-R027,SID0289-G01,SID0289,PU,count,pct_of_particles,wet,,,,,,1,0.5,,,,,,,,,,,,no,confirmed,paper_table,
SID0289-R028,SID0289-G01,SID0289,RAYON,count,particles_per_sample,wet,,,,,,167,39.8,,,,,,,,,,,,no,confirmed,paper_table,
SID0289-R029,SID0289-G01,SID0289,RAYON,count,pct_of_particles,wet,,,,,,25,4.1,,,,,,,,,,,,no,confirmed,paper_table,
SID0289-R030,SID0289-G01,SID0289,PAM,count,particles_per_sample,wet,,,,,,2,5.1,,,,,,,,,,,,no,confirmed,paper_table,
SID0289-R031,SID0289-G01,SID0289,PS,count,particles_per_sample,wet,,,,,,2,3.7,,,,,,,,,,,,no,confirmed,paper_table,
SID0290-R001,SID0290-G01,SID0290,TOTAL_COUNT,count,particles_per_g,,,,16,,,702.68,504.26,,,,,,,,,,,,,tentative,paper_table,
SID0290-R002,SID0290-G02,SID0290,TOTAL_COUNT,count,particles_per_g,,,,16,,,207.78,154.12,,,,,,,,,,,,,tentative,paper_table,
SID0290-R003,SID0290-G03,SID0290,TOTAL_COUNT,count,particles_per_g,,,,15,,,218.28,213.05,,,,,,,,,,,,,tentative,paper_table,
SID0291-R001,SID0291-G01,SID0291,TOTAL_MASS,mass,ug_per_g,,,,24,24,,92.57,44.81,80.03,66.06,113,32.66,219.2,,,,,,,,confirmed,computed,
SID0291-R002,SID0291-G01,SID0291,PS,mass,ug_per_g,,,,24,18,,3.894,9.041,0.735,0.1125,2.752,0,33.75,,,,,,,,confirmed,computed,
SID0291-R003,SID0291-G01,SID0291,PE,mass,ug_per_g,,,,24,24,,35.34,20.18,34.33,14.78,43.27,7.38,79.2,,,,,,,,confirmed,computed,
SID0291-R004,SID0291-G01,SID0291,PP,mass,ug_per_g,,,,24,24,,3.3,2.399,2.44,1.552,4.588,0.75,8.49,,,,,,,,confirmed,computed,
SID0291-R005,SID0291-G01,SID0291,PMMA,mass,ug_per_g,,,,24,2,,0.09083,0.3084,0,0,0,0,1.16,,,,,,,,confirmed,computed,
SID0291-R006,SID0291-G01,SID0291,PVC,mass,ug_per_g,,,,24,22,,29.29,22.24,27.63,9.46,42.03,0,84.71,,,,,,,,confirmed,computed,
SID0291-R007,SID0291-G01,SID0291,PA66,mass,ug_per_g,,,,24,21,,20.66,14.65,19.23,11.27,25.22,0,59.82,,,,,,,,confirmed,computed,
SID0291-R008,SID0291-G02,SID0291,TOTAL_MASS,mass,ug_per_g,,,,24,24,,76.34,34.8,76.33,52.86,94.78,24.27,155.8,,,,,,,,confirmed,computed,
SID0291-R009,SID0291-G02,SID0291,PS,mass,ug_per_g,,,,24,16,,1.18,2.122,0.71,0,1.055,0,10.2,,,,,,,,confirmed,computed,
SID0291-R010,SID0291-G02,SID0291,PE,mass,ug_per_g,,,,24,24,,32.44,15.43,30.64,23.07,42.78,10.79,70.09,,,,,,,,confirmed,computed,
SID0291-R011,SID0291-G02,SID0291,PP,mass,ug_per_g,,,,24,21,,1.6,1.37,1.235,0.8,2.262,0,6.32,,,,,,,,confirmed,computed,
SID0291-R012,SID0291-G02,SID0291,PMMA,mass,ug_per_g,,,,24,3,,0.5638,2.045,0,0,0,0,9.73,,,,,,,,confirmed,computed,
SID0291-R013,SID0291-G02,SID0291,PVC,mass,ug_per_g,,,,24,23,,24.93,18.12,22.05,10.47,37.45,0,63.63,,,,,,,,confirmed,computed,
SID0291-R014,SID0291-G02,SID0291,PA66,mass,ug_per_g,,,,24,21,,15.63,9.69,14.57,11.65,19.29,0,43.66,,,,,,,,confirmed,computed,
SID0291-R015,SID0291-G03,SID0291,TOTAL_MASS,mass,ug_per_g,,,,4,4,,23.01,7.321,20.44,18.36,25.09,17.59,33.57,,,,,,,,confirmed,computed,
SID0291-R016,SID0291-G03,SID0291,PS,mass,ug_per_g,,,,4,0,,0,0,0,0,0,0,0,,,,,,,,confirmed,computed,
SID0291-R017,SID0291-G03,SID0291,PE,mass,ug_per_g,,,,4,4,,13.84,5.005,16.02,13.27,16.59,6.38,16.93,,,,,,,,confirmed,computed,
SID0291-R018,SID0291-G03,SID0291,PP,mass,ug_per_g,,,,4,2,,0.8275,0.965,0.745,0,1.573,0,1.82,,,,,,,,confirmed,computed,
SID0291-R019,SID0291-G03,SID0291,PMMA,mass,ug_per_g,,,,4,0,,0,0,0,0,0,0,0,,,,,,,,confirmed,computed,
SID0291-R020,SID0291-G03,SID0291,PVC,mass,ug_per_g,,,,4,4,,3.86,2.986,2.565,2.103,4.322,2.02,8.29,,,,,,,,confirmed,computed,
SID0291-R021,SID0291-G03,SID0291,PA66,mass,ug_per_g,,,,4,2,,4.482,5.793,2.89,0,7.373,0,12.15,,,,,,,,confirmed,computed,
SID0291-R022,SID0291-G04,SID0291,PE,count,particles_per_sample,,,,3,3,,5.667,2.887,4,4,6.5,4,9,,,,,,,,tentative,computed,
SID0291-R023,SID0291-G04,SID0291,PP,count,particles_per_sample,,,,3,3,,3.667,2.082,3,2.5,4.5,2,6,,,,,,,,tentative,computed,
SID0291-R024,SID0291-G04,SID0291,PVC,count,particles_per_sample,,,,3,3,,47.33,57.74,15,14,64.5,13,114,,,,,,,,tentative,computed,
SID0291-R025,SID0291-G04,SID0291,PET,count,particles_per_sample,,,,3,2,,3.667,4.726,2,1,5.5,0,9,,,,,,,,tentative,computed,
SID0291-R026,SID0291-G04,SID0291,PA,count,particles_per_sample,,,,3,3,,375,121.4,392,319,439.5,246,487,,,,,,,,tentative,computed,
SID0291-R027,SID0291-G04,SID0291,PU,count,particles_per_sample,,,,3,3,,5.333,4.509,5,3,7.5,1,10,,,,,,,,tentative,computed,
SID0291-R028,SID0291-G04,SID0291,PMMA,count,particles_per_sample,,,,3,0,,0,0,0,0,0,0,0,,,,,,,,tentative,computed,
SID0291-R029,SID0291-G04,SID0291,PLA,count,particles_per_sample,,,,3,1,,0.3333,0.5774,0,0,0.5,0,1,,,,,,,,tentative,computed,
SID0291-R030,SID0291-G04,SID0291,EVA,count,particles_per_sample,,,,3,2,,1,1,1,0.5,1.5,0,2,,,,,,,,tentative,computed,
SID0291-R031,SID0291-G04,SID0291,ACR,count,particles_per_sample,,,,3,3,,7,2,7,6,8,5,9,,,,,,,,tentative,computed,
SID0291-R032,SID0291-G04,SID0291,PTFE,count,particles_per_sample,,,,3,0,,0,0,0,0,0,0,0,,,,,,,,tentative,computed,
SID0291-R033,SID0291-G05,SID0291,PE,count,particles_per_sample,,,,3,1,,0.6667,1.155,0,0,1,0,2,,,,,,,,tentative,computed,
SID0291-R034,SID0291-G05,SID0291,PP,count,particles_per_sample,,,,3,2,,1.333,1.528,1,0.5,2,0,3,,,,,,,,tentative,computed,
SID0291-R035,SID0291-G05,SID0291,PVC,count,particles_per_sample,,,,3,3,,54,78.35,17,9,80.5,1,144,,,,,,,,tentative,computed,
SID0291-R036,SID0291-G05,SID0291,PET,count,particles_per_sample,,,,3,3,,7.667,6.658,6,4,10.5,2,15,,,,,,,,tentative,computed,
SID0291-R037,SID0291-G05,SID0291,PA,count,particles_per_sample,,,,3,3,,78.67,79.46,56,34.5,111.5,13,167,,,,,,,,tentative,computed,
SID0291-R038,SID0291-G05,SID0291,PU,count,particles_per_sample,,,,3,1,,0.3333,0.5774,0,0,0.5,0,1,,,,,,,,tentative,computed,
SID0291-R039,SID0291-G05,SID0291,PMMA,count,particles_per_sample,,,,3,1,,0.3333,0.5774,0,0,0.5,0,1,,,,,,,,tentative,computed,
SID0291-R040,SID0291-G05,SID0291,PLA,count,particles_per_sample,,,,3,1,,1,1.732,0,0,1.5,0,3,,,,,,,,tentative,computed,
SID0291-R041,SID0291-G05,SID0291,EVA,count,particles_per_sample,,,,3,2,,0.6667,0.5774,1,0.5,1,0,1,,,,,,,,tentative,computed,
SID0291-R042,SID0291-G05,SID0291,ACR,count,particles_per_sample,,,,3,2,,2,2,2,1,3,0,4,,,,,,,,tentative,computed,
SID0291-R043,SID0291-G05,SID0291,PTFE,count,particles_per_sample,,,,3,1,,0.6667,1.155,0,0,1,0,2,,,,,,,,tentative,computed,
SID0292-R001,SID0292-G01,SID0292,TOTAL_COUNT,count,particles_per_mL,,,,420,384,91.4,10.7,8.9,8.6,4.1,16.9,,,,,,,,,yes,confirmed,paper_text,
SID0292-R002,SID0292-G01,SID0292,TOTAL_COUNT,count,other,,,,420,384,91.4,15.8,12.4,12.3,6.2,24.8,,,,,,,,,yes,confirmed,paper_text,
SID0292-R003,SID0292-G01,SID0292,TOTAL_COUNT,detection,pct_of_samples,,,,420,384,91.4,,,,,,,,,,,,,,yes,confirmed,paper_text,
SID0292-R004,SID0292-G01,SID0292,PP,count,particles_per_mL,,,,420,,,2.64,2.19,,,,,,,,,,,,yes,confirmed,paper_text,
SID0292-R005,SID0292-G01,SID0292,PE,count,pct_of_particles,,,,,,,32.4,,,,,,,,,,,,,yes,confirmed,paper_text,
SID0292-R006,SID0292-G01,SID0292,PP,count,pct_of_particles,,,,,,,24.7,,,,,,,,,,,,,yes,confirmed,paper_text,
SID0292-R007,SID0292-G01,SID0292,PS,count,pct_of_particles,,,,,,,11.5,,,,,,,,,,,,,yes,confirmed,paper_text,
SID0292-R008,SID0292-G01,SID0292,PET,count,pct_of_particles,,,,,,,9.4,,,,,,,,,,,,,yes,confirmed,paper_text,
SID0292-R009,SID0292-G01,SID0292,PVC,count,pct_of_particles,,,,,,,4.2,,,,,,,,,,,,,yes,confirmed,paper_text,
SID0292-R010,SID0292-G01,SID0292,OTHER,count,pct_of_particles,,,,,,,17.8,,,,,,,,,,,,,yes,identity_unresolved,paper_text,
SID0292-R011,SID0292-G01,SID0292,TOTAL_COUNT,count,pct_of_particles,,10-20,,,,,38.2,,,,,,,,,,,,,yes,confirmed,paper_text,
SID0292-R012,SID0292-G01,SID0292,TOTAL_COUNT,count,pct_of_particles,,21-50,,,,,34.7,,,,,,,,,,,,,yes,confirmed,paper_text,
SID0292-R013,SID0292-G01,SID0292,TOTAL_COUNT,count,pct_of_particles,,51-100,,,,,18.5,,,,,,,,,,,,,yes,confirmed,paper_text,
SID0292-R014,SID0292-G01,SID0292,TOTAL_COUNT,count,pct_of_particles,,>100,,,,,8.6,,,,,,,,,,,,,yes,confirmed,paper_text,
SID0292-R015,SID0292-G01,SID0292,TOTAL_COUNT,count,pct_of_particles,,,fiber,,,,45.7,,,,,,,,,,,,,yes,confirmed,paper_text,
SID0292-R016,SID0292-G01,SID0292,TOTAL_COUNT,count,pct_of_particles,,,fragment,,,,39.2,,,,,,,,,,,,,yes,confirmed,paper_text,
SID0292-R017,SID0292-G01,SID0292,TOTAL_COUNT,count,pct_of_particles,,,film,,,,9.3,,,,,,,,,,,,,yes,confirmed,paper_text,
SID0292-R018,SID0292-G01,SID0292,TOTAL_COUNT,count,pct_of_particles,,,sphere,,,,5.8,,,,,,,,,,,,,yes,confirmed,paper_text,
SID0294-R001,SID0294-G01,SID0294,PE,mass,other,,,,6,6,,,,460.28,,,,,,,,,,,,confirmed,paper_text,
SID0294-R002,SID0294-G01,SID0294,PVC,mass,other,,,,6,6,,,,47.21,,,,,,,,,,,,confirmed,paper_text,
SID0294-R003,SID0294-G01,SID0294,PS,mass,other,,,,6,2,,,,0,,,,,,,,,,,,confirmed,paper_text,
SID0294-R004,SID0294-G01,SID0294,TOTAL_MASS,mass,other,,,,6,,,,,611.49,,,,,,,,,,,,confirmed,paper_text,
SID0294-R005,SID0294-G02,SID0294,PE,mass,other,,,,6,6,,,,1000.78,,,,,,,,,,,,confirmed,paper_text,
SID0294-R006,SID0294-G02,SID0294,PVC,mass,other,,,,6,6,,,,759.51,,,,,,,,,,,,confirmed,paper_text,
SID0294-R007,SID0294-G02,SID0294,PS,mass,other,,,,6,0,,,,0,,,,,,,,,,,,not_detected,paper_text,
SID0294-R008,SID0294-G02,SID0294,TOTAL_MASS,mass,other,,,,6,,,,,1758.15,,,,,,,,,,,,confirmed,paper_text,
SID0294-R009,SID0294-G01,SID0294,PE,mass,other,,,,6,6,,405.2,266.6,460.3,193.4,606.3,51.72,699.5,,,,,,,,confirmed,computed,
SID0294-R010,SID0294-G01,SID0294,PVC,mass,other,,,,6,6,,93.8,118.2,47.21,28.6,91.33,13.53,326.4,,,,,,,,confirmed,computed,
SID0294-R011,SID0294-G01,SID0294,PS,mass,other,,,,6,2,,6.813,11.81,0,0,9.06,0,28.8,,,,,,,,confirmed,computed,
SID0294-R012,SID0294-G01,SID0294,TOTAL_MASS,mass,other,,,,6,6,,505.8,250.1,611.5,304.4,691.5,168,723.8,,,,,,,,confirmed,computed,
SID0294-R013,SID0294-G02,SID0294,PE,mass,other,,,,6,6,,1020,201.1,1001,947.4,1185,705.7,1239,,,,,,,,confirmed,computed,
SID0294-R014,SID0294-G02,SID0294,PVC,mass,other,,,,6,6,,655.4,467.1,759.5,265.1,953,68.07,1227,,,,,,,,confirmed,computed,
SID0294-R015,SID0294-G02,SID0294,TOTAL_MASS,mass,other,,,,6,6,,1676,427.5,1758,1458,1852,1029,2268,,,,,,,,confirmed,computed,
SID0295-R001,SID0295-G01,SID0295,TOTAL_MASS,detection,pct_of_samples,,,,5,5,100,,,,,,,,,,,,,,,confirmed,paper_text,
SID0295-R002,SID0295-G02,SID0295,TOTAL_MASS,detection,pct_of_samples,,,,5,5,100,,,,,,,,,,,,,,,confirmed,paper_text,
SID0295-R003,SID0295-G03,SID0295,TOTAL_MASS,detection,pct_of_samples,,,,5,5,100,,,,,,,,,,,,,,,confirmed,paper_text,
SID0296-R001,SID0296-G01,SID0296,PE,mass,ug_per_g,,,,48,,88,2.46,,2.59,1.39,3.64,,9.98,,,,,,,yes,confirmed,paper_table,
SID0296-R002,SID0296-G01,SID0296,PP,mass,ug_per_g,,,,48,,92,2.06,,2.19,0.4,4.34,,8.69,,,,,,,yes,confirmed,paper_table,
SID0296-R003,SID0296-G01,SID0296,PVC,mass,ug_per_g,,,,48,,81,1.03,,1.17,0.42,4.61,,7.36,,,,,,,yes,confirmed,paper_table,
SID0296-R004,SID0296-G01,SID0296,PS,mass,ug_per_g,,,,48,,85,0.3,,0.28,0.19,1.29,,3.96,,,,,,,yes,confirmed,paper_table,
SID0296-R005,SID0296-G02,SID0296,PE,mass,ug_per_g,,,,108,,86,2.24,,2.54,1.27,4.36,,9.68,,,,,,,yes,confirmed,paper_table,
SID0296-R006,SID0296-G02,SID0296,PP,mass,ug_per_g,,,,108,,93,1.62,,1.43,0.54,3.25,,7.32,,,,,,,yes,confirmed,paper_table,
SID0296-R007,SID0296-G02,SID0296,PVC,mass,ug_per_g,,,,108,,86,0.77,,0.94,0.38,3.79,,6.15,,,,,,,yes,confirmed,paper_table,
SID0296-R008,SID0296-G02,SID0296,PS,mass,ug_per_g,,,,108,,85,0.3,,0.26,0.18,1.27,,2.81,,,,,,,yes,confirmed,paper_table,
SID0296-R009,SID0296-G01,SID0296,PC,mass,ug_per_g,,,,48,,40,,,,,0.82,,2.18,,,,,,,yes,confirmed,paper_table,
SID0296-R010,SID0296-G01,SID0296,PA6,mass,ug_per_g,,,,48,,31,,,,,0.28,,1.17,,,,,,,yes,confirmed,paper_table,
SID0296-R011,SID0296-G01,SID0296,PA66,mass,ug_per_g,,,,48,,17,,,,,,,0.36,,,,,,,yes,confirmed,paper_table,
SID0296-R012,SID0296-G02,SID0296,PC,mass,ug_per_g,,,,108,,39,,,,,0.58,,1.12,,,,,,,yes,confirmed,paper_table,
SID0296-R013,SID0296-G02,SID0296,PA6,mass,ug_per_g,,,,108,,33,,,,,0.52,,2.56,,,,,,,yes,confirmed,paper_table,
SID0296-R014,SID0296-G02,SID0296,PA66,mass,ug_per_g,,,,108,,14,,,,,,,0.68,,,,,,,yes,confirmed,paper_table,
SID0296-R015,SID0296-G01,SID0296,PET,mass,ug_per_g,,,,48,0,0,,,,,,,,,,,,,,yes,not_detected,paper_table,
SID0296-R016,SID0296-G02,SID0296,PET,mass,ug_per_g,,,,108,0,0,,,,,,,,,,,,,,yes,not_detected,paper_table,
SID0296-R017,SID0296-G01,SID0296,PMMA,mass,ug_per_g,,,,48,0,0,,,,,,,,,,,,,,yes,not_detected,paper_table,
SID0296-R018,SID0296-G02,SID0296,PMMA,mass,ug_per_g,,,,108,0,0,,,,,,,,,,,,,,yes,not_detected,paper_table,
SID0296-R019,SID0296-G01,SID0296,PLA,mass,ug_per_g,,,,48,0,0,,,,,,,,,,,,,,yes,not_detected,paper_table,
SID0296-R020,SID0296-G02,SID0296,PLA,mass,ug_per_g,,,,108,0,0,,,,,,,,,,,,,,yes,not_detected,paper_table,
SID0296-R021,SID0296-G01,SID0296,PBAT,mass,ug_per_g,,,,48,0,0,,,,,,,,,,,,,,yes,not_detected,paper_table,
SID0296-R022,SID0296-G02,SID0296,PBAT,mass,ug_per_g,,,,108,0,0,,,,,,,,,,,,,,yes,not_detected,paper_table,
SID0296-R023,SID0296-G01,SID0296,TOTAL_MASS,mass,ug_per_g,,,,48,,,6.1,,6.7,,,,20.9,,,,,,,yes,confirmed,paper_text,
SID0297-R001,SID0297-G01,SID0297,TOTAL_MASS,mass,ug_per_g,,,,16,16,100,51.29,,,,,15.37,92.05,,,,,,,,confirmed,paper_text,
SID0297-R002,SID0297-G01,SID0297,PS,mass,ug_per_g,,,,16,16,100,5.27,,,,,0.33,17.26,,,,,,,,confirmed,paper_text,
SID0297-R003,SID0297-G01,SID0297,PE,mass,ug_per_g,,,,16,15,93.75,30.02,,,,,14.77,52.57,,,,,,,,confirmed,paper_text,
SID0297-R004,SID0297-G01,SID0297,PVC,mass,ug_per_g,,,,16,12,75,17.01,,,,,,,,,,,,,,confirmed,paper_text,
SID0297-R005,SID0297-G01,SID0297,PA66,mass,ug_per_g,,,,16,12,75,6.81,,,,,,,,,,,,,,confirmed,paper_text,
SID0297-R006,SID0297-G01,SID0297,PP,mass,ug_per_g,,,,16,1,6.25,1.75,,,,,1.75,1.75,,,,,,,,confirmed,paper_text,
SID0297-R007,SID0297-G01,SID0297,PMMA,mass,ug_per_g,,,,16,0,0,,,,,,,,,,,,,,,not_detected,paper_text,
SID0297-R008,SID0297-G01,SID0297,PET,mass,ug_per_g,,,,16,0,0,,,,,,,,,,,,,,,not_detected,paper_text,
SID0297-R009,SID0297-G01,SID0297,PC,mass,ug_per_g,,,,16,0,0,,,,,,,,,,,,,,,not_detected,paper_text,
SID0297-R010,SID0297-G01,SID0297,PA6,mass,ug_per_g,,,,16,0,0,,,,,,,,,,,,,,,not_detected,paper_text,
SID0297-R011,SID0297-G01,SID0297,PLA,mass,ug_per_g,,,,16,0,0,,,,,,,,,,,,,,,not_detected,paper_text,
SID0297-R012,SID0297-G01,SID0297,PBAT,mass,ug_per_g,,,,16,0,0,,,,,,,,,,,,,,,not_detected,paper_text,
SID0297-R013,SID0297-G02,SID0297,TOTAL_COUNT,count,particles_per_g,,,,5,5,,19.72,,,,,12.27,28.44,,,,,,,,confirmed,paper_text,
SID0297-R014,SID0297-G02,SID0297,TOTAL_COUNT,count,particles_per_g,,,,5,5,,19.72,6.605,19.16,14.76,23.96,12.27,28.44,,,,,,,,confirmed,computed,
SID0297-R015,SID0297-G02,SID0297,FKM,count,pct_of_particles,,,,5,,,,,,,,,,,,,,,,,confirmed,paper_text,
SID0297-R016,SID0297-G02,SID0297,PU,count,pct_of_particles,,,,5,,,,,,,,,,,,,,,,,confirmed,paper_text,
SID0297-R017,SID0297-G02,SID0297,PE-CL,count,pct_of_particles,,,,5,,,,,,,,,,,,,,,,,confirmed,paper_text,
SID0297-R018,SID0297-G02,SID0297,PET,count,pct_of_particles,,,,5,,,,,,,,,,,,,,,,,confirmed,paper_text,
SID0297-R019,SID0297-G02,SID0297,PIB,count,pct_of_particles,,,,5,,,,,,,,,,,,,,,,,confirmed,paper_text,
SID0297-R020,SID0297-G02,SID0297,ACR,count,pct_of_particles,,,,5,,,,,,,,,,,,,,,,,confirmed,paper_text,
SID0297-R021,SID0297-G02,SID0297,EVA,count,pct_of_particles,,,,5,,,,,,,,,,,,,,,,,confirmed,paper_text,
SID0297-R022,SID0297-G02,SID0297,PP,count,pct_of_particles,,,,5,,,,,,,,,,,,,,,,,confirmed,paper_text,
SID0297-R023,SID0297-G02,SID0297,TOTAL_COUNT,count,pct_of_particles,,20-50,,5,5,,71.27,,,,,57.41,91.3,,,,,,,,confirmed,computed,
SID0297-R024,SID0297-G02,SID0297,TOTAL_COUNT,count,pct_of_particles,,50-100,,5,5,,18.55,,,,,8.7,29.63,,,,,,,,confirmed,computed,
SID0297-R025,SID0297-G02,SID0297,TOTAL_COUNT,count,pct_of_particles,,>100,,5,4,,10.18,,,,,0,20,,,,,,,,confirmed,computed,
SID0297-R026,SID0297-G02,SID0297,TOTAL_COUNT,count,pct_of_particles,,20-100,,5,,,89.82,,,,,,,,,,,,,,confirmed,paper_text,
SID0298-R001,SID0298-G01,SID0298,TOTAL_COUNT,count,particles_per_g,,,,170,,,3.01,,,,,,,,,,,,,,tentative,si_table,
SID0298-R002,SID0298-G02,SID0298,TOTAL_COUNT,count,particles_per_g,,,,2,,,2.5,,,,,,,,,,,,,,tentative,si_table,
SID0298-R003,SID0298-G03,SID0298,TOTAL_COUNT,count,particles_per_g,,,,10,,,24.8,,,,,,,,,,,,,,tentative,si_table,
SID0298-R004,SID0298-G04,SID0298,TOTAL_COUNT,count,particles_per_g,,,,23,,,22.3,,,,,,,,,,,,,,tentative,si_table,
SID0298-R005,SID0298-G05,SID0298,TOTAL_COUNT,detection,pct_of_samples,,,,5,5,100,,,,,,,,,,,,,,,tentative,paper_text,
SID0298-R006,SID0298-G06,SID0298,TOTAL_COUNT,detection,pct_of_samples,,,,5,5,100,,,,,,,,,,,,,,,tentative,paper_text,
SID0298-R007,SID0298-G07,SID0298,TOTAL_COUNT,detection,pct_of_samples,,,,5,5,100,,,,,,,,,,,,,,,tentative,paper_text,
SID0298-R008,SID0298-G01,SID0298,PET,detection,pct_of_samples,,,,,,,,,,,,,,,,,,,,,confirmed,si_table,
SID0298-R009,SID0298-G01,SID0298,PP,detection,pct_of_samples,,,,,,,,,,,,,,,,,,,,,confirmed,si_table,
SID0298-R010,SID0298-G03,SID0298,PET,detection,pct_of_samples,,,,,,,,,,,,,,,,,,,,,confirmed,si_table,
SID0298-R011,SID0298-G03,SID0298,PP,detection,pct_of_samples,,,,,,,,,,,,,,,,,,,,,confirmed,si_table,
SID0298-R012,SID0298-G04,SID0298,PP,detection,pct_of_samples,,,,,,,,,,,,,,,,,,,,,confirmed,si_table,
SID0298-R013,SID0298-G04,SID0298,PET,detection,pct_of_samples,,,,,,,,,,,,,,,,,,,,,confirmed,si_table,
SID0298-R014,SID0298-G01,SID0298,TOTAL_COUNT,count,pct_of_particles,,,sphere,,,,,,,,,,,,,,,,,,tentative,paper_text,
SID0298-R015,SID0298-G01,SID0298,TOTAL_COUNT,count,pct_of_particles,,,fiber,,,,,,,,,,,,,,,,,,tentative,paper_text,
SID0298-R016,SID0298-G01,SID0298,TOTAL_COUNT,count,pct_of_particles,,,fragment,,,,,,,,,,,,,,,,,,tentative,paper_text,
SID0298-R017,SID0298-G01,SID0298,TOTAL_COUNT,count,pct_of_particles,,,aggregate,,,,,,,,,,,,,,,,,,tentative,paper_text,
SID0298-R018,SID0298-G01,SID0298,TOTAL_COUNT,count,pct_of_particles,,,film,,,,,,,,,,,,,,,,,,tentative,paper_text,
SID0298-R019,SID0298-G03,SID0298,TOTAL_COUNT,count,pct_of_particles,,,sphere,,,,,,,,,,,,,,,,,,tentative,paper_text,
SID0298-R020,SID0298-G03,SID0298,TOTAL_COUNT,count,pct_of_particles,,,fiber,,,,,,,,,,,,,,,,,,tentative,paper_text,
SID0298-R021,SID0298-G03,SID0298,TOTAL_COUNT,count,pct_of_particles,,,fragment,,,,,,,,,,,,,,,,,,tentative,paper_text,
SID0298-R022,SID0298-G03,SID0298,TOTAL_COUNT,count,pct_of_particles,,,aggregate,,,,,,,,,,,,,,,,,,tentative,paper_text,
SID0298-R023,SID0298-G03,SID0298,TOTAL_COUNT,count,pct_of_particles,,,film,,,,,,,,,,,,,,,,,,tentative,paper_text,
SID0298-R024,SID0298-G04,SID0298,TOTAL_COUNT,count,pct_of_particles,,,fiber,,,,,,,,,,,,,,,,,,tentative,paper_text,
SID0298-R025,SID0298-G04,SID0298,TOTAL_COUNT,count,pct_of_particles,,,sphere,,,,,,,,,,,,,,,,,,tentative,paper_text,
SID0298-R026,SID0298-G04,SID0298,TOTAL_COUNT,count,pct_of_particles,,,film,,,,,,,,,,,,,,,,,,tentative,paper_text,
SID0298-R027,SID0298-G04,SID0298,TOTAL_COUNT,count,pct_of_particles,,,aggregate,,,,,,,,,,,,,,,,,,tentative,paper_text,
SID0298-R028,SID0298-G04,SID0298,TOTAL_COUNT,count,pct_of_particles,,,fragment,,,,,,,,,,,,,,,,,,tentative,paper_text,
SID0298-R029,SID0298-G05,SID0298,TOTAL_COUNT,count,pct_of_particles,,,film,,,,,,,,,,,,,,,,,,tentative,paper_text,
SID0298-R030,SID0298-G05,SID0298,TOTAL_COUNT,count,pct_of_particles,,,fiber,,,,,,,,,,,,,,,,,,tentative,paper_text,
SID0298-R031,SID0298-G05,SID0298,TOTAL_COUNT,count,pct_of_particles,,,fragment,,,,,,,,,,,,,,,,,,tentative,paper_text,
SID0298-R032,SID0298-G06,SID0298,TOTAL_COUNT,count,pct_of_particles,,,film,,,,,,,,,,,,,,,,,,tentative,paper_text,
SID0298-R033,SID0298-G06,SID0298,TOTAL_COUNT,count,pct_of_particles,,,fiber,,,,,,,,,,,,,,,,,,tentative,paper_text,
SID0298-R034,SID0298-G06,SID0298,TOTAL_COUNT,count,pct_of_particles,,,fragment,,,,,,,,,,,,,,,,,,tentative,paper_text,
SID0298-R035,SID0298-G07,SID0298,TOTAL_COUNT,count,pct_of_particles,,,film,,,,,,,,,,,,,,,,,,tentative,paper_text,
SID0298-R036,SID0298-G07,SID0298,TOTAL_COUNT,count,pct_of_particles,,,fiber,,,,,,,,,,,,,,,,,,tentative,paper_text,
SID0298-R037,SID0298-G07,SID0298,TOTAL_COUNT,count,pct_of_particles,,,fragment,,,,,,,,,,,,,,,,,,tentative,paper_text,
SID0299-R001,SID0299-G01,SID0299,PE,mass,ug_per_g,,,,92,9,,0.35,,,,,,0.74,,,,,,,yes,confirmed,paper_table,
SID0299-R002,SID0299-G01,SID0299,PP,mass,ug_per_g,,,,92,14,,1.73,,,,,,8.8,,,,,,,yes,confirmed,paper_table,
SID0299-R003,SID0299-G01,SID0299,PS,mass,ug_per_g,,,,92,7,,2.41,,,,,,3.53,,,,,,,yes,confirmed,paper_table,
SID0299-R004,SID0299-G01,SID0299,TOTAL_MASS,mass,ug_per_g,,,,,,,0.5,,,,,,,,,,,,,yes,confirmed,paper_text,
SID0299-R005,SID0299-G01,SID0299,TOTAL_MASS,detection,pct_of_samples,,,,92,24,26,,,,,,,,,,,,,,yes,confirmed,paper_text,
SID0299-R006,SID0299-G01,SID0299,PS,mass,ug_per_g,,,,,,,,,,,,,,,,,,,,yes,confirmed,computed,
SID0299-R007,SID0299-G01,SID0299,PE,mass,ug_per_g,,,,,,,,,,,,,,,,,,,,yes,confirmed,computed,
SID0299-R008,SID0299-G01,SID0299,PP,mass,ug_per_g,,,,,,,,,,,,,,,,,,,,yes,confirmed,computed,
SID0299-R009,SID0299-G01,SID0299,TOTAL_MASS,mass,ug_per_g,,,,,,,,,,,,,,,,,,,,yes,confirmed,computed,
SID0300-R001,SID0300-G01,SID0300,TOTAL_MASS,mass,ug_per_g,,,,32,32,,2.91,1.12,,,,,,,,,,,,,confirmed,paper_text,
SID0300-R002,SID0300-G01,SID0300,PE,mass,ug_per_g,,,,32,32,,1.47,0.76,,,,,,,,,,,,,confirmed,paper_text,
SID0300-R003,SID0300-G01,SID0300,PVC,mass,ug_per_g,,,,32,32,,0.83,0.45,,,,,,,,,,,,,confirmed,paper_text,
SID0300-R004,SID0300-G02,SID0300,PS,mass,ug_per_g,,,,17,,,0.12,0.15,,,,,,,,,,,,,confirmed,paper_table,
SID0300-R005,SID0300-G02,SID0300,PE,mass,ug_per_g,,,,17,,,1.82,0.9,,,,,,,,,,,,,confirmed,paper_table,
SID0300-R006,SID0300-G02,SID0300,PP,mass,ug_per_g,,,,17,,,0.46,0.35,,,,,,,,,,,,,confirmed,paper_table,
SID0300-R007,SID0300-G02,SID0300,PVC,mass,ug_per_g,,,,17,,,1.07,0.47,,,,,,,,,,,,,confirmed,paper_table,
SID0300-R008,SID0300-G03,SID0300,PS,mass,ug_per_g,,,,15,,,0.13,0.16,,,,,,,,,,,,,confirmed,paper_table,
SID0300-R009,SID0300-G03,SID0300,PE,mass,ug_per_g,,,,15,,,1.11,0.23,,,,,,,,,,,,,confirmed,paper_table,
SID0300-R010,SID0300-G03,SID0300,PP,mass,ug_per_g,,,,15,,,0.48,0.5,,,,,,,,,,,,,confirmed,paper_table,
SID0300-R011,SID0300-G03,SID0300,PVC,mass,ug_per_g,,,,15,,,0.55,0.2,,,,,,,,,,,,,confirmed,paper_table,
SID0300-R012,SID0300-G01,SID0300,PMMA,mass,ug_per_g,,,,32,0,,,,,,,,,,,,,,,,not_detected,si_table,
SID0300-R013,SID0300-G01,SID0300,PC,mass,ug_per_g,,,,32,0,,,,,,,,,,,,,,,,not_detected,si_table,
SID0300-R014,SID0300-G01,SID0300,PET,mass,ug_per_g,,,,32,0,,,,,,,,,,,,,,,,not_detected,si_table,
SID0300-R015,SID0300-G01,SID0300,PA6,mass,ug_per_g,,,,32,0,,,,,,,,,,,,,,,,not_detected,si_table,
SID0300-R016,SID0300-G01,SID0300,PA66,mass,ug_per_g,,,,32,0,,,,,,,,,,,,,,,,not_detected,si_table,
SID0300-R017,SID0300-G01,SID0300,PLA,mass,ug_per_g,,,,32,0,,,,,,,,,,,,,,,,not_detected,si_table,
SID0300-R018,SID0300-G01,SID0300,PBAT,mass,ug_per_g,,,,32,0,,,,,,,,,,,,,,,,not_detected,si_table,
SID0300-R019,SID0300-G04,SID0300,PMMA,mass,ug_per_g,,,,11,0,,,,,,,,,,,,,,,,not_detected,si_table,
SID0300-R020,SID0300-G04,SID0300,PC,mass,ug_per_g,,,,11,0,,,,,,,,,,,,,,,,not_detected,si_table,
SID0300-R021,SID0300-G04,SID0300,PET,mass,ug_per_g,,,,11,0,,,,,,,,,,,,,,,,not_detected,si_table,
SID0300-R022,SID0300-G04,SID0300,PA6,mass,ug_per_g,,,,11,0,,,,,,,,,,,,,,,,not_detected,si_table,
SID0300-R023,SID0300-G04,SID0300,PA66,mass,ug_per_g,,,,11,0,,,,,,,,,,,,,,,,not_detected,si_table,
SID0300-R024,SID0300-G04,SID0300,PLA,mass,ug_per_g,,,,11,0,,,,,,,,,,,,,,,,not_detected,si_table,
SID0300-R025,SID0300-G04,SID0300,PBAT,mass,ug_per_g,,,,11,0,,,,,,,,,,,,,,,,not_detected,si_table,
SID0300-R026,SID0300-G01,SID0300,PS,mass,ug_per_g,,,,,,,,,,,,,,,,,,,,,confirmed,computed,
SID0300-R027,SID0300-G01,SID0300,PE,mass,ug_per_g,,,,,,,,,,,,,,,,,,,,,confirmed,computed,
SID0300-R028,SID0300-G01,SID0300,PP,mass,ug_per_g,,,,,,,,,,,,,,,,,,,,,confirmed,computed,
SID0300-R029,SID0300-G01,SID0300,PVC,mass,ug_per_g,,,,,,,,,,,,,,,,,,,,,confirmed,computed,
SID0300-R030,SID0300-G01,SID0300,TOTAL_MASS,mass,ug_per_g,,,,,,,,,,,,,,,,,,,,,confirmed,computed,
SID0300-R031,SID0300-G04,SID0300,PS,mass,ug_per_g,,,,,,,,,,,,,,,,,,,,,confirmed,computed,
SID0300-R032,SID0300-G04,SID0300,PE,mass,ug_per_g,,,,,,,,,,,,,,,,,,,,,confirmed,computed,
SID0300-R033,SID0300-G04,SID0300,PP,mass,ug_per_g,,,,,,,,,,,,,,,,,,,,,confirmed,computed,
SID0300-R034,SID0300-G04,SID0300,PVC,mass,ug_per_g,,,,,,,,,,,,,,,,,,,,,confirmed,computed,
SID0300-R035,SID0300-G04,SID0300,TOTAL_MASS,mass,ug_per_g,,,,,,,,,,,,,,,,,,,,,confirmed,computed,
SID0301-R001,SID0301-G01,SID0301,TOTAL_COUNT,count,particles_per_mL,,,,20,20,,13.95,8.73,13.5,6,23,1,28,,,,,,,,confirmed,paper_table,
SID0301-R002,SID0301-G02,SID0301,TOTAL_COUNT,count,particles_per_mL,,,,15,13,,10.8,10.98,7,2,18,0,35,,,,,,,,confirmed,paper_table,
SID0301-R003,SID0301-G01,SID0301,PE,count,particles_per_mL,,,,20,20,100,,,11,4,18,,,,,,,,,,confirmed,si_table,
SID0301-R004,SID0301-G02,SID0301,PE,count,particles_per_mL,,,,15,13,87,,,5,1,13,,,,,,,,,,confirmed,si_table,
SID0301-R005,SID0301-G01,SID0301,PP,count,particles_per_mL,,,,20,15,75,,,2,1,2,,,,,,,,,,confirmed,si_table,
SID0301-R006,SID0301-G02,SID0301,PP,count,particles_per_mL,,,,15,8,53,,,1,0,1,,,,,,,,,,confirmed,si_table,
SID0301-R007,SID0301-G01,SID0301,PVC,count,particles_per_mL,,,,20,1,5,,,0,0,0,,,,,,,,,,confirmed,si_table,
SID0301-R008,SID0301-G02,SID0301,PVC,count,particles_per_mL,,,,15,0,0,,,,,,,,,,,,,,,not_detected,si_table,
SID0301-R009,SID0301-G01,SID0301,PA,count,particles_per_mL,,,,20,1,5,,,0,0,0,,,,,,,,,,confirmed,si_table,
SID0301-R010,SID0301-G02,SID0301,PA,count,particles_per_mL,,,,15,2,13,,,0,0,0,,,,,,,,,,confirmed,si_table,
SID0301-R011,SID0301-G01,SID0301,PS,count,particles_per_mL,,,,20,1,5,,,0,0,0,,,,,,,,,,confirmed,si_table,
SID0301-R012,SID0301-G02,SID0301,PS,count,particles_per_mL,,,,15,1,7,,,0,0,0,,,,,,,,,,confirmed,si_table,
SID0301-R013,SID0301-G01,SID0301,PET,count,particles_per_mL,,,,20,5,25,,,0,0,1,,,,,,,,,,confirmed,si_table,
SID0301-R014,SID0301-G02,SID0301,PET,count,particles_per_mL,,,,15,5,33,,,0,0,2,,,,,,,,,,confirmed,si_table,
SID0301-R015,SID0301-G01,SID0301,OTHER,count,particles_per_mL,,,,20,3,15,,,0,0,0,,,,,,,,,,confirmed,si_table,
SID0301-R016,SID0301-G02,SID0301,OTHER,count,particles_per_mL,,,,15,0,0,,,,,,,,,,,,,,,not_detected,si_table,
SID0301-R017,SID0301-G01,SID0301,EVA,count,particles_per_mL,,,,20,0,0,,,,,,,,,,,,,,,not_detected,paper_text,
SID0301-R018,SID0301-G02,SID0301,EVA,count,particles_per_mL,,,,15,0,0,,,,,,,,,,,,,,,not_detected,paper_text,
SID0301-R019,SID0301-G01,SID0301,PVOH,count,particles_per_mL,,,,20,0,0,,,,,,,,,,,,,,,not_detected,paper_text,
SID0301-R020,SID0301-G02,SID0301,PVOH,count,particles_per_mL,,,,15,0,0,,,,,,,,,,,,,,,not_detected,paper_text,
SID0301-R021,SID0301-G01,SID0301,POM,count,particles_per_mL,,,,20,0,0,,,,,,,,,,,,,,,not_detected,paper_text,
SID0301-R022,SID0301-G02,SID0301,POM,count,particles_per_mL,,,,15,0,0,,,,,,,,,,,,,,,not_detected,paper_text,
SID0301-R023,SID0301-G01,SID0301,TOTAL_COUNT,count,particles_per_mL,,20-50,,20,19,95,,,4.5,2,8,,,,,,,,,,confirmed,si_table,
SID0301-R024,SID0301-G02,SID0301,TOTAL_COUNT,count,particles_per_mL,,20-50,,15,12,80,,,3,1,6,,,,,,,,,,confirmed,si_table,
SID0301-R025,SID0301-G01,SID0301,TOTAL_COUNT,count,particles_per_mL,,50-100,,20,20,100,,,4.5,3,11,,,,,,,,,,confirmed,si_table,
SID0301-R026,SID0301-G02,SID0301,TOTAL_COUNT,count,particles_per_mL,,50-100,,15,12,80,,,8.5,3.25,10,,,,,,,,,,confirmed,si_table,
SID0301-R027,SID0301-G01,SID0301,TOTAL_COUNT,count,particles_per_mL,,100-500,,20,12,60,,,1,0,2,,,,,,,,,,confirmed,si_table,
SID0301-R028,SID0301-G02,SID0301,TOTAL_COUNT,count,particles_per_mL,,100-500,,15,8,53,,,1,0,2,,,,,,,,,,confirmed,si_table,
SID0302-R001,SID0302-G01,SID0302,TOTAL_MASS,mass,mg_per_g,wet,,,47,47,,122.63,,,,,2.36,485.77,,,,,,,,confirmed,paper_text,
SID0302-R002,SID0302-G02,SID0302,TOTAL_MASS,mass,mg_per_g,wet,,,23,23,,328.44,,,,,161.22,695.94,,,,,,,,confirmed,paper_text,
SID0302-R003,SID0302-G01,SID0302,PE,mass,other,wet,,,,,,36.4,,,,,,,,,,,,,,confirmed,paper_text,
SID0302-R004,SID0302-G02,SID0302,PE,mass,other,wet,,,,,,35.2,,,,,,,,,,,,,,confirmed,paper_text,
SID0303-R001,SID0303-G01,SID0303,TOTAL_MASS,mass,ng_per_mL,,,,36,30,83,5000,,3900,,,,38000,,,,,,,yes,confirmed,paper_text,
SID0303-R002,SID0303-G01,SID0303,PS,mass,ng_per_mL,,,,36,18,50,3900,,8.7,,,,33000,,,,,,,yes,confirmed,paper_text,
SID0303-R003,SID0303-G01,SID0303,PE,mass,ng_per_mL,,,,36,26,72,1100,,850,,,,3600,,,,,,,yes,confirmed,paper_text,
SID0303-R004,SID0303-G01,SID0303,PVC,mass,ng_per_mL,,,,36,10,28,,,,,,,4100,,,,,,,yes,confirmed,paper_text,
SID0303-R005,SID0303-G01,SID0303,PP,mass,ng_per_mL,,,,36,10,28,,,,,,,2600,,,,,,,yes,confirmed,paper_text,
SID0303-R006,SID0303-G01,SID0303,PET,mass,ng_per_mL,,,,36,0,0,,,,,,,,,,,,,,yes,not_detected,si_table,
SID0303-R007,SID0303-G01,SID0303,PMMA,mass,ng_per_mL,,,,36,0,0,,,,,,,,,,,,,,yes,not_detected,si_table,
SID0303-R008,SID0303-G01,SID0303,PC,mass,ng_per_mL,,,,36,0,0,,,,,,,,,,,,,,yes,not_detected,si_table,
SID0304-R001,SID0304-G01,SID0304,TOTAL_COUNT,count,particles_per_g,,,,7,,,1522,1127,,,,,,,,,,,,yes,confirmed,paper_text,
SID0304-R002,SID0304-G02,SID0304,TOTAL_COUNT,count,particles_per_g,,,,7,,,540.3,321.1,,,,,,,,,,,,yes,confirmed,paper_text,
SID0304-R003,SID0304-G01,SID0304,PE-CL,count,pct_of_particles,,,,,,,19.2,,,,,,,,,,,,,,confirmed,paper_text,
SID0304-R004,SID0304-G02,SID0304,PE-CL,count,pct_of_particles,,,,,,,41.6,,,,,,,,,,,,,,confirmed,paper_text,
SID0304-R005,SID0304-G01,SID0304,PU,count,pct_of_particles,,,,,,,16.5,,,,,,,,,,,,,,confirmed,paper_text,
SID0304-R006,SID0304-G01,SID0304,FKM,count,pct_of_particles,,,,,,,14.7,,,,,,,,,,,,,,confirmed,paper_text,
SID0304-R007,SID0304-G01,SID0304,OTHER,count,pct_of_particles,,,,,,,9.55,,,,,,,,,,,,,,confirmed,paper_text,
SID0304-R008,SID0304-G02,SID0304,FKM,count,pct_of_particles,,,,,,,10.5,,,,,,,,,,,,,,confirmed,paper_text,
SID0304-R009,SID0304-G02,SID0304,EVA,count,pct_of_particles,,,,,,,7.9,,,,,,,,,,,,,,confirmed,paper_text,
SID0304-R010,SID0304-G02,SID0304,PU,count,pct_of_particles,,,,,,,6.8,,,,,,,,,,,,,,confirmed,paper_text,
SID0305-R001,SID0305-G01,SID0305,TOTAL_COUNT,count,other,,,,,,,,,,,,,,,,,,,,,confirmed,paper_text,
SID0305-R002,SID0305-G01,SID0305,PVC,count,pct_of_particles,,,,,,,57.1,,,,,,,,,,,,,,confirmed,paper_text,
SID0305-R003,SID0305-G01,SID0305,ACR,count,pct_of_particles,,,,,,,15,,,,,,,,,,,,,,confirmed,paper_text,
SID0305-R004,SID0305-G01,SID0305,PU,count,pct_of_particles,,,,,,,9.1,,,,,,,,,,,,,,confirmed,paper_text,
SID0305-R005,SID0305-G01,SID0305,PE,count,pct_of_particles,,,,,,,5.2,,,,,,,,,,,,,,confirmed,paper_text,
SID0305-R006,SID0305-G01,SID0305,PET,count,pct_of_particles,,,,,,,4.5,,,,,,,,,,,,,,confirmed,paper_text,
SID0305-R007,SID0305-G02,SID0305,TOTAL_COUNT,count,other,,,,,,,,,,,,,,,,,,,,,confirmed,paper_text,
SID0305-R008,SID0305-G02,SID0305,PVC,count,pct_of_particles,,,,,,,28.3,,,,,,,,,,,,,,confirmed,paper_text,
SID0305-R009,SID0305-G02,SID0305,ACR,count,pct_of_particles,,,,,,,24.4,,,,,,,,,,,,,,confirmed,paper_text,
SID0305-R010,SID0305-G02,SID0305,PET,count,pct_of_particles,,,,,,,15,,,,,,,,,,,,,,confirmed,paper_text,
SID0305-R011,SID0305-G02,SID0305,PU,count,pct_of_particles,,,,,,,9.4,,,,,,,,,,,,,,confirmed,paper_text,
SID0305-R012,SID0305-G02,SID0305,EVA,count,pct_of_particles,,,,,,,8.3,,,,,,,,,,,,,,confirmed,paper_text,
SID0305-R013,SID0305-G02,SID0305,PE,count,pct_of_particles,,,,,,,6.3,,,,,,,,,,,,,,confirmed,paper_text,
SID0305-R014,SID0305-G03,SID0305,PS,mass,ug_per_g,,,,2,2,,,,,,,2.0874,11.4089,,,,,,,,confirmed,paper_text,
SID0305-R015,SID0305-G03,SID0305,PE,mass,ug_per_g,,,,2,2,,,,,,,12.2,34.8797,,,,,,,,confirmed,paper_text,
SID0305-R016,SID0305-G03,SID0305,PVC,mass,ug_per_g,,,,2,2,,,,,,,6.7499,13.8598,,,,,,,,confirmed,paper_text,
SID0305-R017,SID0305-G03,SID0305,TOTAL_MASS,mass,ug_per_g,,,,2,2,,,,,,,30.35,50.83,,,,,,,,confirmed,paper_text,
SID0305-R018,SID0305-G03,SID0305,PP,mass,ug_per_g,,,,2,0,,,,,,,,,,,,,,,,not_detected,paper_text,
SID0305-R019,SID0305-G03,SID0305,PMMA,mass,ug_per_g,,,,2,0,,,,,,,,,,,,,,,,not_detected,paper_text,
SID0305-R020,SID0305-G03,SID0305,PET,mass,ug_per_g,,,,2,0,,,,,,,,,,,,,,,,not_detected,paper_text,
SID0305-R021,SID0305-G03,SID0305,PC,mass,ug_per_g,,,,2,0,,,,,,,,,,,,,,,,not_detected,paper_text,
SID0305-R022,SID0305-G03,SID0305,PA6,mass,ug_per_g,,,,2,0,,,,,,,,,,,,,,,,not_detected,paper_text,
SID0305-R023,SID0305-G03,SID0305,PA66,mass,ug_per_g,,,,2,0,,,,,,,,,,,,,,,,not_detected,paper_text,
SID0305-R024,SID0305-G03,SID0305,PLA,mass,ug_per_g,,,,2,0,,,,,,,,,,,,,,,,not_detected,paper_text,
SID0305-R025,SID0305-G03,SID0305,PBAT,mass,ug_per_g,,,,2,0,,,,,,,,,,,,,,,,not_detected,paper_text,
SID0306-R001,SID0306-G01,SID0306,PE,mass,ug_per_g,,,,51,51,100,,,1.36,0.76,1.86,,,,,,,,,no,confirmed,paper_text,
SID0306-R002,SID0306-G01,SID0306,PVC,mass,ug_per_g,,,,51,51,100,,,2.4,1.1,2.98,,,,,,,,,no,confirmed,paper_text,
SID0306-R003,SID0306-G01,SID0306,PS,mass,ug_per_g,,,,51,1,1.96,,,,,,,1.45,,,,,,,no,confirmed,paper_text,
SID0306-R004,SID0306-G02,SID0306,PE,mass,ug_per_g,,,,51,51,100,,,3.28,2.3,4.63,,,,,,,,,no,confirmed,paper_text,
SID0306-R005,SID0306-G02,SID0306,PVC,mass,ug_per_g,,,,51,50,98,,,3.08,1.74,4.62,,,,,,,,,no,confirmed,paper_text,
SID0306-R006,SID0306-G02,SID0306,PP,mass,ug_per_g,,,,51,9,17.6,,,,,,,,,,,,,,no,confirmed,paper_text,
SID0307-R001,SID0307-G01,SID0307,TOTAL_COUNT,count,particles_per_mL,,,,21,21,100,6.74,4.4,,,,,,,,,,,,yes,confirmed,paper_text,
SID0307-R002,SID0307-G02,SID0307,TOTAL_COUNT,count,particles_per_g,,,,21,20,95.2,13.26,5.49,,,,,,,,,,,,yes,confirmed,paper_text,
SID0307-R003,SID0307-G03,SID0307,TOTAL_COUNT,count,particles_per_g,,,,21,21,100,13.55,4.48,,,,,,,,,,,,yes,confirmed,paper_text,
SID0307-R004,SID0307-G01,SID0307,TOTAL_COUNT,detection,pct_of_samples,,,,21,21,100,,,,,,,,,,,,,,,confirmed,paper_text,
SID0307-R005,SID0307-G02,SID0307,TOTAL_COUNT,detection,pct_of_samples,,,,21,20,95.2,,,,,,,,,,,,,,,confirmed,paper_text,
SID0307-R006,SID0307-G03,SID0307,TOTAL_COUNT,detection,pct_of_samples,,,,21,21,100,,,,,,,,,,,,,,,confirmed,paper_text,
SID0307-R007,SID0307-G04,SID0307,PVC,mass,ug_per_g,,,,5,,,2.39,,,,,,,,,,,,,,confirmed,paper_text,
SID0307-R008,SID0307-G05,SID0307,PVC,mass,ug_per_g,,,,5,,,7.74,,,,,,20.28,,,,,,,,confirmed,paper_text,
SID0307-R009,SID0307-G06,SID0307,PA66,mass,ug_per_g,,,,5,,,6.28,,,,,,,,,,,,,,confirmed,paper_text,
SID0307-R010,SID0307-G06,SID0307,PMMA,mass,ug_per_g,,,,5,1,20,,,,,,0.56,0.56,,,,,,,,confirmed,paper_text,
SID0308-R001,SID0308-G01,SID0308,PA,count,particles_per_g,,,,18,18,,,,4.5,2.2,18.2,,,,,,,,,no,confirmed,paper_table,
SID0308-R002,SID0308-G01,SID0308,PA,count,particles_per_g,,,,18,18,,15.16,23.23,4.55,2.275,16.45,0.3,91.6,,,,,,,no,confirmed,computed,
SID0308-R003,SID0308-G02,SID0308,PA,count,particles_per_g,,,,12,12,,,,24.9,15.3,59.5,,,,,,,,,no,confirmed,paper_table,
SID0308-R004,SID0308-G02,SID0308,PA,count,particles_per_g,,,,12,12,,35.03,26.54,24.95,15.88,58.8,4.2,83.3,,,,,,,no,confirmed,computed,
SID0308-R005,SID0308-G03,SID0308,PA,count,particles_per_g,,,,12,12,,,,9.7,4,40.3,,,,,,,,,no,confirmed,paper_table,
SID0308-R006,SID0308-G03,SID0308,PA,count,particles_per_g,,,,12,12,,129.8,326.3,9.75,4.175,29.7,3.1,1134,,,,,,,no,confirmed,computed,
SID0308-R007,SID0308-G04,SID0308,PA,count,particles_per_g,,,,7,6,,,,3.1,0.4,9.7,,,,,,,,,no,confirmed,paper_table,
SID0308-R008,SID0308-G04,SID0308,PA,count,particles_per_g,,,,7,6,,4.243,5.335,0.8,0.3,7.6,0,13.1,,,,,,,no,confirmed,computed,
SID0308-R009,SID0308-G01,SID0308,PU,count,particles_per_g,,,,18,18,,,,5.5,3,9.7,,,,,,,,,no,confirmed,paper_table,
SID0308-R010,SID0308-G01,SID0308,PU,count,particles_per_g,,,,18,18,,8.372,8.812,5.55,3.35,9.15,1,33.1,,,,,,,no,confirmed,computed,
SID0308-R011,SID0308-G02,SID0308,PU,count,particles_per_g,,,,12,12,,,,10.7,3.6,18.7,,,,,,,,,no,confirmed,paper_table,
SID0308-R012,SID0308-G02,SID0308,PU,count,particles_per_g,,,,12,12,,16.23,19.22,10.7,4.125,18.32,1.3,67.2,,,,,,,no,confirmed,computed,
SID0308-R013,SID0308-G03,SID0308,PU,count,particles_per_g,,,,12,12,,,,10.1,3.6,29.4,,,,,,,,,no,confirmed,paper_table,
SID0308-R014,SID0308-G03,SID0308,PU,count,particles_per_g,,,,12,12,,45.39,81.17,10.05,3.85,28.78,1.3,241.1,,,,,,,no,confirmed,computed,
SID0308-R015,SID0308-G04,SID0308,PU,count,particles_per_g,,,,7,7,,,,9.9,2.2,18.3,,,,,,,,,no,confirmed,paper_table,
SID0308-R016,SID0308-G04,SID0308,PU,count,particles_per_g,,,,7,7,,10.66,9.539,9.9,4,14.6,0.1,27.4,,,,,,,no,confirmed,computed,
SID0308-R017,SID0308-G01,SID0308,PE,count,particles_per_g,,,,18,15,,,,2,0.9,3.1,,,,,,,,,no,confirmed,paper_table,
SID0308-R018,SID0308-G01,SID0308,PE,count,particles_per_g,,,,18,15,,3.183,5.046,1.9,0.6,2.8,0,20.4,,,,,,,no,confirmed,computed,
SID0308-R019,SID0308-G02,SID0308,PE,count,particles_per_g,,,,12,7,,,,1.1,0.5,2.2,,,,,,,,,no,confirmed,paper_table,
SID0308-R020,SID0308-G02,SID0308,PE,count,particles_per_g,,,,12,7,,0.9833,1.3,0.55,0,1.475,0,4.1,,,,,,,no,confirmed,computed,
SID0308-R021,SID0308-G03,SID0308,PE,count,particles_per_g,,,,12,12,,,,1.2,0.7,4.3,,,,,,,,,no,confirmed,paper_table,
SID0308-R022,SID0308-G03,SID0308,PE,count,particles_per_g,,,,12,12,,4.533,7.658,1.15,0.725,3.9,0.3,26.8,,,,,,,no,confirmed,computed,
SID0308-R023,SID0308-G04,SID0308,PE,count,particles_per_g,,,,7,5,,,,0.3,0.3,0.8,,,,,,,,,no,confirmed,paper_table,
SID0308-R024,SID0308-G04,SID0308,PE,count,particles_per_g,,,,7,5,,2.043,4.707,0.3,0.1,0.55,0,12.7,,,,,,,no,confirmed,computed,
SID0308-R025,SID0308-G01,SID0308,PET,count,particles_per_g,,,,18,14,,,,1.1,0.3,1.4,,,,,,,,,no,confirmed,paper_table,
SID0308-R026,SID0308-G01,SID0308,PET,count,particles_per_g,,,,18,14,,0.7889,0.702,0.65,0.3,1.3,0,2.3,,,,,,,no,confirmed,computed,
SID0308-R027,SID0308-G02,SID0308,PET,count,particles_per_g,,,,12,8,,,,1.3,0.8,3.4,,,,,,,,,no,confirmed,paper_table,
SID0308-R028,SID0308-G02,SID0308,PET,count,particles_per_g,,,,12,8,,1.85,3.13,0.75,0,1.575,0,10.8,,,,,,,no,confirmed,computed,
SID0308-R029,SID0308-G03,SID0308,PET,count,particles_per_g,,,,12,10,,,,3,0.6,15.4,,,,,,,,,no,confirmed,paper_table,
SID0308-R030,SID0308-G03,SID0308,PET,count,particles_per_g,,,,12,10,,8.383,13.94,0.8,0.45,8.35,0,44.3,,,,,,,no,confirmed,computed,
SID0308-R031,SID0308-G04,SID0308,PET,count,particles_per_g,,,,7,4,,,,0.9,0.3,2,,,,,,,,,no,confirmed,paper_table,
SID0308-R032,SID0308-G04,SID0308,PET,count,particles_per_g,,,,7,4,,0.6429,0.9414,0.2,0,0.95,0,2.4,,,,,,,no,confirmed,computed,
SID0308-R033,SID0308-G01,SID0308,PP,count,particles_per_g,,,,18,7,,,,0.3,0.3,0.7,,,,,,,,,no,confirmed,paper_table,
SID0308-R034,SID0308-G01,SID0308,PP,count,particles_per_g,,,,18,7,,0.4667,1.444,0,0,0.3,0,6.2,,,,,,,no,confirmed,computed,
SID0308-R035,SID0308-G02,SID0308,PP,count,particles_per_g,,,,12,7,,,,0.9,0.6,1.3,,,,,,,,,no,confirmed,paper_table,
SID0308-R036,SID0308-G02,SID0308,PP,count,particles_per_g,,,,12,7,,0.5667,0.602,0.5,0,0.975,0,1.7,,,,,,,no,confirmed,computed,
SID0308-R037,SID0308-G03,SID0308,PP,count,particles_per_g,,,,12,5,,,,4.5,0.9,7.4,,,,,,,,,no,confirmed,paper_table,
SID0308-R038,SID0308-G03,SID0308,PP,count,particles_per_g,,,,12,5,,1.95,3.521,0,0,1.8,0,10.3,,,,,,,no,confirmed,computed,
SID0308-R039,SID0308-G04,SID0308,PP,count,particles_per_g,,,,7,2,,,,0.1,0.1,0.1,,,,,,,,,no,confirmed,paper_table,
SID0308-R040,SID0308-G04,SID0308,PP,count,particles_per_g,,,,7,2,,0.02857,0.0488,0,0,0.05,0,0.1,,,,,,,no,confirmed,computed,
SID0308-R041,SID0308-G01,SID0308,PVC,count,particles_per_g,,,,18,10,,,,0.6,0.3,1.1,,,,,,,,,no,confirmed,paper_table,
SID0308-R042,SID0308-G01,SID0308,PVC,count,particles_per_g,,,,18,10,,0.3778,0.457,0.3,0,0.75,0,1.2,,,,,,,no,confirmed,computed,
SID0308-R043,SID0308-G02,SID0308,PVC,count,particles_per_g,,,,12,9,,,,2.2,0.7,2.8,,,,,,,,,no,confirmed,paper_table,
SID0308-R044,SID0308-G02,SID0308,PVC,count,particles_per_g,,,,12,9,,2.225,3.703,0.95,0.225,2.65,0,13.4,,,,,,,no,confirmed,computed,
SID0308-R045,SID0308-G03,SID0308,PVC,count,particles_per_g,,,,12,9,,,,2.1,0.4,4.5,,,,,,,,,no,confirmed,paper_table,
SID0308-R046,SID0308-G03,SID0308,PVC,count,particles_per_g,,,,12,9,,2.575,4.26,0.4,0.225,3.375,0,14.8,,,,,,,no,confirmed,computed,
SID0308-R047,SID0308-G04,SID0308,PVC,count,particles_per_g,,,,7,4,,,,0.2,0.1,0.3,,,,,,,,,no,confirmed,paper_table,
SID0308-R048,SID0308-G04,SID0308,PVC,count,particles_per_g,,,,7,4,,0.1143,0.1464,0.1,0,0.15,0,0.4,,,,,,,no,confirmed,computed,
SID0308-R049,SID0308-G01,SID0308,POM,count,particles_per_g,,,,18,7,,,,0.3,0.3,0.6,,,,,,,,,no,confirmed,paper_table,
SID0308-R050,SID0308-G01,SID0308,POM,count,particles_per_g,,,,18,7,,0.2389,0.5215,0,0,0.3,0,2.2,,,,,,,no,confirmed,computed,
SID0308-R051,SID0308-G02,SID0308,POM,count,particles_per_g,,,,12,3,,,,0.6,0.6,0.7,,,,,,,,,no,confirmed,paper_table,
SID0308-R052,SID0308-G02,SID0308,POM,count,particles_per_g,,,,12,3,,0.1583,0.2875,0,0,0.15,0,0.7,,,,,,,no,confirmed,computed,
SID0308-R053,SID0308-G03,SID0308,POM,count,particles_per_g,,,,12,8,,,,2.5,0.6,4.3,,,,,,,,,no,confirmed,paper_table,
SID0308-R054,SID0308-G03,SID0308,POM,count,particles_per_g,,,,12,8,,2.125,3.094,0.6,0,3.8,0,10.3,,,,,,,no,confirmed,computed,
SID0308-R055,SID0308-G04,SID0308,POM,count,particles_per_g,,,,7,4,,,,0.2,0.1,0.3,,,,,,,,,no,confirmed,paper_table,
SID0308-R056,SID0308-G04,SID0308,POM,count,particles_per_g,,,,7,4,,0.1143,0.1345,0.1,0,0.2,0,0.3,,,,,,,no,confirmed,computed,
SID0308-R057,SID0308-G01,SID0308,EVA,count,particles_per_g,,,,18,7,,,,0.3,0.3,0.7,,,,,,,,,no,confirmed,paper_table,
SID0308-R058,SID0308-G01,SID0308,EVA,count,particles_per_g,,,,18,7,,0.2667,0.5541,0,0,0.3,0,2.3,,,,,,,no,confirmed,computed,
SID0308-R059,SID0308-G02,SID0308,EVA,count,particles_per_g,,,,12,3,,,,0.9,0.6,2.6,,,,,,,,,no,confirmed,paper_table,
SID0308-R060,SID0308-G02,SID0308,EVA,count,particles_per_g,,,,12,3,,0.3417,0.7704,0,0,0.15,0,2.6,,,,,,,no,confirmed,computed,
SID0308-R061,SID0308-G03,SID0308,EVA,count,particles_per_g,,,,12,2,,,,5.6,1,10.3,,,,,,,,,no,confirmed,paper_table,
SID0308-R062,SID0308-G03,SID0308,EVA,count,particles_per_g,,,,12,2,,0.9417,2.961,0,0,0,0,10.3,,,,,,,no,confirmed,computed,
SID0308-R063,SID0308-G04,SID0308,EVA,count,particles_per_g,,,,7,2,,,,0.2,0.1,0.3,,,,,,,,,no,confirmed,paper_table,
SID0308-R064,SID0308-G04,SID0308,EVA,count,particles_per_g,,,,7,2,,0.05714,0.1134,0,0,0.05,0,0.3,,,,,,,no,confirmed,computed,
SID0308-R065,SID0308-G01,SID0308,PTFE,count,particles_per_g,,,,18,8,,,,0.6,0.3,0.6,,,,,,,,,no,confirmed,paper_table,
SID0308-R066,SID0308-G01,SID0308,PTFE,count,particles_per_g,,,,18,8,,0.2167,0.2684,0,0,0.525,0,0.6,,,,,,,no,confirmed,computed,
SID0308-R067,SID0308-G02,SID0308,PTFE,count,particles_per_g,,,,12,5,,,,2.1,1.3,4.7,,,,,,,,,no,confirmed,paper_table,
SID0308-R068,SID0308-G02,SID0308,PTFE,count,particles_per_g,,,,12,5,,2.867,7.326,0,0,1.5,0,25.7,,,,,,,no,confirmed,computed,
SID0308-R069,SID0308-G03,SID0308,PTFE,count,particles_per_g,,,,12,9,,,,1.1,0.4,8.2,,,,,,,,,no,confirmed,paper_table,
SID0308-R070,SID0308-G03,SID0308,PTFE,count,particles_per_g,,,,12,9,,6.592,13.13,0.5,0.225,3.025,0,41,,,,,,,no,confirmed,computed,
SID0308-R071,SID0308-G04,SID0308,PTFE,count,particles_per_g,,,,7,2,,,,0.2,0.1,0.3,,,,,,,,,no,confirmed,paper_table,
SID0308-R072,SID0308-G04,SID0308,PTFE,count,particles_per_g,,,,7,2,,0.05714,0.1134,0,0,0.05,0,0.3,,,,,,,no,confirmed,computed,
SID0308-R073,SID0308-G01,SID0308,PE-CL,count,particles_per_g,,,,18,6,,,,0.5,0.3,0.7,,,,,,,,,no,confirmed,paper_table,
SID0308-R074,SID0308-G01,SID0308,PE-CL,count,particles_per_g,,,,18,6,,0.1722,0.2866,0,0,0.3,0,0.9,,,,,,,no,confirmed,computed,
SID0308-R075,SID0308-G02,SID0308,PE-CL,count,particles_per_g,,,,12,6,,,,1.2,0.6,1.3,,,,,,,,,no,confirmed,paper_table,
SID0308-R076,SID0308-G02,SID0308,PE-CL,count,particles_per_g,,,,12,6,,1.083,2.273,0.3,0,1.2,0,8.1,,,,,,,no,confirmed,computed,
SID0308-R077,SID0308-G03,SID0308,PE-CL,count,particles_per_g,,,,12,5,,,,1,0.4,10.3,,,,,,,,,no,confirmed,paper_table,
SID0308-R078,SID0308-G03,SID0308,PE-CL,count,particles_per_g,,,,12,5,,1.933,4.109,0,0,0.55,0,11.1,,,,,,,no,confirmed,computed,
SID0308-R079,SID0308-G04,SID0308,PE-CL,count,particles_per_g,,,,7,3,,,,0.1,0.1,0.1,,,,,,,,,no,confirmed,paper_table,
SID0308-R080,SID0308-G04,SID0308,PE-CL,count,particles_per_g,,,,7,3,,0.04286,0.05345,0,0,0.1,0,0.1,,,,,,,no,confirmed,computed,
SID0308-R081,SID0308-G01,SID0308,PB,count,particles_per_g,,,,18,4,,,,0.5,0.3,0.8,,,,,,,,,no,confirmed,paper_table,
SID0308-R082,SID0308-G01,SID0308,PB,count,particles_per_g,,,,18,4,,0.1278,0.2718,0,0,0,0,0.9,,,,,,,no,confirmed,computed,
SID0308-R083,SID0308-G03,SID0308,PB,count,particles_per_g,,,,12,3,,,,0.9,0.3,1,,,,,,,,,no,confirmed,paper_table,
SID0308-R084,SID0308-G03,SID0308,PB,count,particles_per_g,,,,12,3,,0.1833,0.3689,0,0,0.075,0,1,,,,,,,no,confirmed,computed,
SID0308-R085,SID0308-G04,SID0308,PB,count,particles_per_g,,,,7,1,,,,0.3,,,,,,,,,,,no,confirmed,paper_table,
SID0308-R086,SID0308-G04,SID0308,PB,count,particles_per_g,,,,7,1,,0.04286,0.1134,0,0,0,0,0.3,,,,,,,no,confirmed,computed,
SID0308-R087,SID0308-G01,SID0308,PC,count,particles_per_g,,,,18,3,,,,0.7,0.3,1.3,,,,,,,,,no,confirmed,paper_table,
SID0308-R088,SID0308-G01,SID0308,PC,count,particles_per_g,,,,18,3,,0.1278,0.3409,0,0,0,0,1.3,,,,,,,no,confirmed,computed,
SID0308-R089,SID0308-G01,SID0308,PS,count,particles_per_g,,,,18,2,,,,0.7,0.3,1.1,,,,,,,,,no,confirmed,paper_table,
SID0308-R090,SID0308-G01,SID0308,PS,count,particles_per_g,,,,18,2,,0.07778,0.2647,0,0,0,0,1.1,,,,,,,no,confirmed,computed,
SID0308-R091,SID0308-G02,SID0308,PS,count,particles_per_g,,,,12,4,,,,0.4,0.4,0.5,,,,,,,,,no,confirmed,paper_table,
SID0308-R092,SID0308-G02,SID0308,PS,count,particles_per_g,,,,12,4,,0.15,0.2316,0,0,0.325,0,0.6,,,,,,,no,confirmed,computed,
SID0308-R093,SID0308-G03,SID0308,PS,count,particles_per_g,,,,12,3,,,,8.9,1,25.8,,,,,,,,,no,confirmed,paper_table,
SID0308-R094,SID0308-G03,SID0308,PS,count,particles_per_g,,,,12,3,,2.975,7.626,0,0,0.25,0,25.8,,,,,,,no,confirmed,computed,
SID0308-R095,SID0308-G04,SID0308,PS,count,particles_per_g,,,,7,1,,,,0.1,0,0.1,,,,,,,,,no,confirmed,paper_table,
SID0308-R096,SID0308-G04,SID0308,PS,count,particles_per_g,,,,7,1,,0.01429,0.0378,0,0,0,0,0.1,,,,,,,no,confirmed,computed,
SID0308-R097,SID0308-G01,SID0308,PMMA,count,particles_per_g,,,,18,2,,,,0.3,0.3,0.3,,,,,,,,,no,confirmed,paper_table,
SID0308-R098,SID0308-G01,SID0308,PMMA,count,particles_per_g,,,,18,2,,0.03333,0.09701,0,0,0,0,0.3,,,,,,,no,confirmed,computed,
SID0308-R099,SID0308-G02,SID0308,PMMA,count,particles_per_g,,,,12,2,,,,0.6,0.3,0.9,,,,,,,,,no,confirmed,paper_table,
SID0308-R100,SID0308-G02,SID0308,PMMA,count,particles_per_g,,,,12,2,,0.1,0.2663,0,0,0,0,0.9,,,,,,,no,confirmed,computed,
SID0308-R101,SID0308-G03,SID0308,PMMA,count,particles_per_g,,,,12,4,,,,0.7,0.4,2.7,,,,,,,,,no,confirmed,paper_table,
SID0308-R102,SID0308-G03,SID0308,PMMA,count,particles_per_g,,,,12,4,,0.525,1.288,0,0,0.4,0,4.5,,,,,,,no,confirmed,computed,
SID0308-R103,SID0308-G04,SID0308,PMMA,count,particles_per_g,,,,7,4,,,,2.1,0.9,4.3,,,,,,,,,no,confirmed,paper_table,
SID0308-R104,SID0308-G04,SID0308,PMMA,count,particles_per_g,,,,7,4,,1.5,2.272,0.1,0,2.15,0,6.1,,,,,,,no,confirmed,computed,
SID0308-R105,SID0308-G01,SID0308,PLA,count,particles_per_g,,,,18,1,,,,0.3,,,,,,,,,,,no,confirmed,paper_table,
SID0308-R106,SID0308-G01,SID0308,PLA,count,particles_per_g,,,,18,1,,0.01667,0.07071,0,0,0,0,0.3,,,,,,,no,confirmed,computed,
SID0308-R107,SID0308-G02,SID0308,PLA,count,particles_per_g,,,,12,1,,,,3,,,,,,,,,,,no,confirmed,paper_table,
SID0308-R108,SID0308-G02,SID0308,PLA,count,particles_per_g,,,,12,1,,0.25,0.866,0,0,0,0,3,,,,,,,no,confirmed,computed,
SID0308-R109,SID0308-G03,SID0308,PLA,count,particles_per_g,,,,12,3,,,,11.1,4.5,24.7,,,,,,,,,no,confirmed,paper_table,
SID0308-R110,SID0308-G03,SID0308,PLA,count,particles_per_g,,,,12,3,,3.358,7.497,0,0,1.125,0,24.7,,,,,,,no,confirmed,computed,
SID0308-R111,SID0308-G04,SID0308,PLA,count,particles_per_g,,,,7,3,,,,0.2,0.1,0.3,,,,,,,,,no,confirmed,paper_table,
SID0308-R112,SID0308-G04,SID0308,PLA,count,particles_per_g,,,,7,3,,0.1,0.1414,0,0,0.2,0,0.3,,,,,,,no,confirmed,computed,
SID0308-R113,SID0308-G01,SID0308,PSU,count,particles_per_g,,,,18,1,,,,0.3,,,,,,,,,,,no,confirmed,paper_table,
SID0308-R114,SID0308-G01,SID0308,PSU,count,particles_per_g,,,,18,1,,0.01667,0.07071,0,0,0,0,0.3,,,,,,,no,confirmed,computed,
SID0308-R115,SID0308-G02,SID0308,PSU,count,particles_per_g,,,,12,3,,,,0.7,0.6,1.2,,,,,,,,,no,confirmed,paper_table,
SID0308-R116,SID0308-G02,SID0308,PSU,count,particles_per_g,,,,12,3,,0.2083,0.401,0,0,0.15,0,1.2,,,,,,,no,confirmed,computed,
SID0308-R117,SID0308-G03,SID0308,PSU,count,particles_per_g,,,,12,2,,,,3.8,0.3,7.4,,,,,,,,,no,confirmed,paper_table,
SID0308-R118,SID0308-G03,SID0308,PSU,count,particles_per_g,,,,12,2,,0.6417,2.13,0,0,0,0,7.4,,,,,,,no,confirmed,computed,
SID0308-R119,SID0308-G04,SID0308,PSU,count,particles_per_g,,,,7,1,,,,0.1,,,,,,,,,,,no,confirmed,paper_table,
SID0308-R120,SID0308-G04,SID0308,PSU,count,particles_per_g,,,,7,1,,0.01429,0.0378,0,0,0,0,0.1,,,,,,,no,confirmed,computed,
SID0308-R121,SID0308-G01,SID0308,TOTAL_COUNT,count,particles_per_g,,,,18,18,,,,18,12.2,33.5,,,,,,,,,no,confirmed,paper_table,
SID0308-R122,SID0308-G01,SID0308,TOTAL_COUNT,count,particles_per_g,,,,18,18,,29.63,27.01,18,12.62,32.92,6.9,100.6,,,,,,,no,confirmed,computed,
SID0308-R123,SID0308-G02,SID0308,TOTAL_COUNT,count,particles_per_g,,,,12,12,,,,51.4,28.1,77.8,,,,,,,,,no,confirmed,paper_table,
SID0308-R124,SID0308-G02,SID0308,TOTAL_COUNT,count,particles_per_g,,,,12,12,,62.03,48.46,51.35,29.1,73.92,12.2,185.5,,,,,,,no,confirmed,computed,
SID0308-R125,SID0308-G03,SID0308,TOTAL_COUNT,count,particles_per_g,,,,12,12,,,,26.6,14.3,131.1,,,,,,,,,no,confirmed,paper_table,
SID0308-R126,SID0308-G03,SID0308,TOTAL_COUNT,count,particles_per_g,,,,12,12,,211.9,432.1,26.6,15.18,96.65,8.2,1460,,,,,,,no,confirmed,computed,
SID0308-R127,SID0308-G04,SID0308,TOTAL_COUNT,count,particles_per_g,,,,7,7,,,,20.2,3.8,37.1,,,,,,,,,no,confirmed,paper_table,
SID0308-R128,SID0308-G04,SID0308,TOTAL_COUNT,count,particles_per_g,,,,7,7,,19.69,14.61,20.2,10.65,28.9,0.3,38.2,,,,,,,no,confirmed,computed,
SID0309-R001,SID0309-G01,SID0309,TOTAL_COUNT,count,other,,,,23,22,95.7,4.96,3.4,,,,,,,,,,,,no,confirmed,paper_text,
SID0309-R002,SID0309-G01,SID0309,PA,count,other,,,,23,,,1.22,0.95,,,,,,,,,,,,no,confirmed,paper_text,
SID0309-R003,SID0309-G01,SID0309,PE,count,other,,,,23,,,0.43,0.51,,,,,,,,,,,,no,confirmed,paper_text,
SID0309-R004,SID0309-G01,SID0309,PU,count,other,,,,23,,,0.61,1.2,,,,,,,,,,,,no,confirmed,paper_text,
SID0309-R005,SID0309-G01,SID0309,PET,count,other,,,,23,,,1.04,1.11,,,,,,,,,,,,no,confirmed,paper_text,
SID0309-R006,SID0309-G01,SID0309,TOTAL_COUNT,detection,pct_of_samples,,,,23,22,95.7,,,,,,,,,,,,,,,confirmed,paper_text,
SID0309-R007,SID0309-G01,SID0309,OTHER,count,other,,,,,,,26.63,6.12,24.91,22.21,29.11,20.13,50.3,,,,,,,,confirmed,paper_table,
SID0310-R001,SID0310-G01,SID0310,TOTAL_MASS,mass,ug_per_mL,,,,195,,,,,3.89,2.8,6.22,,,,,,,,,yes,confirmed,paper_text,
SID0310-R002,SID0310-G01,SID0310,PA66,mass,ug_per_mL,,,,195,,,,,2.32,1.57,3.85,,,,,,,,,yes,confirmed,paper_text,
SID0310-R003,SID0310-G01,SID0310,PE,mass,ug_per_mL,,,,195,,,,,0.8,0.45,1.77,,,,,,,,,yes,confirmed,paper_text,
SID0310-R004,SID0310-G01,SID0310,PVC,mass,ug_per_mL,,,,195,,,,,0.4,0.09,0.62,,,,,,,,,yes,confirmed,paper_text,
SID0310-R005,SID0310-G01,SID0310,PS,mass,ug_per_mL,,,,195,,,,,0.08,0.05,0.13,,,,,,,,,yes,confirmed,paper_text,
SID0310-R006,SID0310-G02,SID0310,TOTAL_MASS,mass,ug_per_mL,,,,,,,,,3.91,2.86,6.12,,,,,,,,,yes,confirmed,paper_table,
SID0310-R007,SID0310-G02,SID0310,PA66,mass,ug_per_mL,,,,,,,,,2.36,1.56,3.63,,,,,,,,,yes,confirmed,paper_table,
SID0310-R008,SID0310-G02,SID0310,PE,mass,ug_per_mL,,,,,,,,,0.45,0.45,1.81,,,,,,,,,yes,confirmed,paper_table,
SID0310-R009,SID0310-G02,SID0310,PVC,mass,ug_per_mL,,,,,,,,,0.41,0.16,0.73,,,,,,,,,yes,confirmed,paper_table,
SID0310-R010,SID0310-G02,SID0310,PS,mass,ug_per_mL,,,,,,,,,0.08,0.05,0.12,,,,,,,,,yes,confirmed,paper_table,
SID0310-R011,SID0310-G03,SID0310,TOTAL_MASS,mass,ug_per_mL,,,,,,,,,3.86,2.65,6.86,,,,,,,,,yes,confirmed,paper_table,
SID0310-R012,SID0310-G03,SID0310,PA66,mass,ug_per_mL,,,,,,,,,2.27,1.59,4.16,,,,,,,,,yes,confirmed,paper_table,
SID0310-R013,SID0310-G03,SID0310,PE,mass,ug_per_mL,,,,,,,,,1.05,0.45,1.64,,,,,,,,,yes,confirmed,paper_table,
SID0310-R014,SID0310-G03,SID0310,PVC,mass,ug_per_mL,,,,,,,,,0.35,0.03,0.53,,,,,,,,,yes,confirmed,paper_table,
SID0310-R015,SID0310-G03,SID0310,PS,mass,ug_per_mL,,,,,,,,,0.08,0.03,0.13,,,,,,,,,yes,confirmed,paper_table,
SID0310-R016,SID0310-G01,SID0310,TOTAL_MASS,detection,pct_of_samples,,,,195,194,99.48,,,,,,,,,,,,,,,confirmed,paper_text,
SID0310-R017,SID0310-G01,SID0310,PA66,detection,pct_of_samples,,,,195,180,92.31,,,,,,,,,,,,,,,confirmed,paper_text,
SID0310-R018,SID0310-G01,SID0310,PVC,detection,pct_of_samples,,,,195,159,81.54,,,,,,,,,,,,,,,confirmed,paper_text,
SID0310-R019,SID0310-G01,SID0310,PS,detection,pct_of_samples,,,,195,154,78.97,,,,,,,,,,,,,,,confirmed,paper_text,
SID0310-R020,SID0310-G01,SID0310,PE,detection,pct_of_samples,,,,195,100,51.28,,,,,,,,,,,,,,,confirmed,paper_text,
SID0310-R021,SID0310-G01,SID0310,PMMA,detection,pct_of_samples,,,,195,,21.02,,,,,,,,,,,,,,,confirmed,paper_text,
SID0310-R022,SID0310-G01,SID0310,PP,detection,pct_of_samples,,,,195,,11.28,,,,,,,,,,,,,,,confirmed,paper_text,
SID0311-R001,SID0311-G01,SID0311,TOTAL_COUNT,detection,pct_of_samples,,,,42,8,19,,,,,,,,,,,,,,,confirmed,paper_text,
SID0311-R002,SID0311-G02,SID0311,TOTAL_COUNT,detection,pct_of_samples,,,,57,44,77,,,,,,,,,,,,,,,confirmed,paper_text,
SID0311-R003,SID0311-G01,SID0311,TOTAL_COUNT,count,particles_per_g,,,,8,8,,12.45,,12.9,11.3,13.7,,,,,,,,,no,confirmed,paper_text,
SID0311-R004,SID0311-G02,SID0311,TOTAL_COUNT,count,particles_per_g,,,,44,44,,32.65,,19.9,15.5,28.2,,,,,,,,,no,confirmed,paper_text,
SID0311-R005,SID0311-G01,SID0311,TOTAL_COUNT,count,particles_per_g,,,,42,,,2.37,,,,,,,,,,,,,no,confirmed,paper_text,
SID0311-R006,SID0311-G02,SID0311,TOTAL_COUNT,count,particles_per_g,,,,57,,,25.2,,,,,,,,,,,,,no,confirmed,paper_text,
SID0311-R007,SID0311-G01,SID0311,PE,count,pct_of_particles,,,,8,,,51.7,2,,,,,,,,,,,,no,confirmed,paper_text,
SID0311-R008,SID0311-G01,SID0311,PP,count,pct_of_particles,,,,8,,,27.8,2.7,,,,,,,,,,,,no,confirmed,paper_text,
SID0311-R009,SID0311-G02,SID0311,PET,count,pct_of_particles,,,,44,,,28.4,3.1,,,,,,,,,,,,no,confirmed,paper_text,
SID0311-R010,SID0311-G02,SID0311,PVC,count,pct_of_particles,,,,44,,,14.3,2.4,,,,,,,,,,,,no,confirmed,paper_text,
SID0311-R011,SID0311-G02,SID0311,PS,count,pct_of_particles,,,,44,,,14.2,2.6,,,,,,,,,,,,no,confirmed,paper_text,
SID0311-R012,SID0311-G02,SID0311,PE,count,pct_of_particles,,,,44,,,27.5,2.9,,,,,,,,,,,,no,confirmed,paper_text,
SID0311-R013,SID0311-G02,SID0311,PP,count,pct_of_particles,,,,44,,,13.5,3.1,,,,,,,,,,,,no,confirmed,paper_text,
SID0312-R001,SID0312-G01,SID0312,TOTAL_MASS,mass,ug_per_g,,,,10,,,3234,,,,,,,,,,,,,,confirmed,paper_text,
SID0312-R002,SID0312-G01,SID0312,PE,mass,ug_per_g,,,,10,,,2145,,,,,,,,,,,,,,confirmed,paper_text,
SID0312-R003,SID0312-G01,SID0312,PVC,mass,ug_per_g,,,,10,,,406.4,,,,,,,,,,,,,,confirmed,paper_text,
SID0312-R004,SID0312-G01,SID0312,PA66,mass,ug_per_g,,,,10,,,176.7,,,,,,,,,,,,,,confirmed,paper_text,
SID0312-R005,SID0312-G02,SID0312,TOTAL_MASS,mass,ug_per_g,,,,7,,,40.68,,,,,,,,,,,,,,confirmed,paper_text,
SID0312-R006,SID0312-G02,SID0312,PE,mass,ug_per_g,,,,7,,,24.7,,,,,,,,,,,,,,confirmed,paper_text,
SID0312-R007,SID0312-G02,SID0312,PC,mass,ug_per_g,,,,7,,,3.9,,,,,,,,,,,,,,confirmed,paper_text,
SID0312-R008,SID0312-G02,SID0312,SBR,mass,ug_per_g,,,,7,,,3.4,,,,,,,,,,,,,,confirmed,paper_text,
SID0312-R009,SID0312-G03,SID0312,TOTAL_MASS,mass,ug_per_g,,,,30,,,34.65,,,,,,,,,,,,,,confirmed,paper_text,
SID0312-R010,SID0312-G03,SID0312,PE,mass,ug_per_g,,,,30,,,21.4,,,,,,,,,,,,,,confirmed,paper_text,
SID0312-R011,SID0312-G03,SID0312,SBR,mass,ug_per_g,,,,30,,,2.211,,,,,,,,,,,,,,confirmed,paper_text,
SID0312-R012,SID0312-G03,SID0312,PC,mass,ug_per_g,,,,30,,,2.029,,,,,,,,,,,,,,confirmed,paper_text,
SID0313-R001,SID0313-G01,SID0313,TOTAL_COUNT,count,other,,,,13,13,,,,281.82,,,156,468,,,,,,,no,confirmed,paper_text,
SID0313-R002,SID0313-G02,SID0313,TOTAL_COUNT,count,other,,,,11,11,,,,72.92,,,28,133,,,,,,,no,confirmed,paper_text,
SID0313-R003,SID0313-G03,SID0313,TOTAL_COUNT,count,other,,,,10,10,,,,83.11,,,21,210,,,,,,,no,confirmed,paper_text,
SID0313-R004,SID0313-G01,SID0313,TOTAL_COUNT,detection,pct_of_samples,,,,13,13,100,,,,,,,,,,,,,,,confirmed,paper_text,
SID0313-R005,SID0313-G02,SID0313,TOTAL_COUNT,detection,pct_of_samples,,,,11,11,100,,,,,,,,,,,,,,,confirmed,paper_text,
SID0313-R006,SID0313-G03,SID0313,TOTAL_COUNT,detection,pct_of_samples,,,,10,10,100,,,,,,,,,,,,,,,confirmed,paper_text,
SID0313-R007,SID0313-G01,SID0313,TOTAL_COUNT,count,pct_of_particles,,,fiber,,,,77,,,,,,,,,,,,,,confirmed,paper_text,
SID0313-R008,SID0313-G01,SID0313,TOTAL_COUNT,count,pct_of_particles,,,fragment,,,,22,,,,,,,,,,,,,,confirmed,paper_text,
SID0313-R009,SID0313-G01,SID0313,TOTAL_COUNT,count,pct_of_particles,,,film,,,,1,,,,,,,,,,,,,,confirmed,paper_text,
SID0313-R010,SID0313-G02,SID0313,TOTAL_COUNT,count,pct_of_particles,,,fiber,,,,70,,,,,,,,,,,,,,confirmed,paper_text,
SID0313-R011,SID0313-G02,SID0313,TOTAL_COUNT,count,pct_of_particles,,,fragment,,,,30,,,,,,,,,,,,,,confirmed,paper_text,
SID0313-R012,SID0313-G03,SID0313,TOTAL_COUNT,count,pct_of_particles,,,fiber,,,,37,,,,,,,,,,,,,,confirmed,paper_text,
SID0313-R013,SID0313-G03,SID0313,TOTAL_COUNT,count,pct_of_particles,,,fragment,,,,63,,,,,,,,,,,,,,confirmed,paper_text,
SID0313-R014,SID0313-G01,SID0313,TOTAL_COUNT,count,pct_of_particles,,<100,,,,,75.9,,,,,,,,,,,,,,confirmed,paper_text,
SID0313-R015,SID0313-G02,SID0313,TOTAL_COUNT,count,pct_of_particles,,<100,,,,,50,,,,,,,,,,,,,,confirmed,paper_text,
SID0313-R016,SID0313-G03,SID0313,TOTAL_COUNT,count,pct_of_particles,,<100,,,,,94.4,,,,,,,,,,,,,,confirmed,paper_text,
SID0315-R001,SID0315-G01,SID0315,PVC,detection,pct_of_samples,,,,102,101,99,,,,,,,,,,,,,,yes,confirmed,paper_text,
SID0315-R002,SID0315-G01,SID0315,PVC,mass,ng_per_mL,,,,14,,,494,109,,,,413,827,,,,,,,yes,confirmed,paper_text,
SID0315-R003,SID0315-G01,SID0315,PET,detection,pct_of_samples,,,,102,32,31.4,,,,,,,,,,,,,,yes,below_quantification,paper_text,
SID0315-R004,SID0315-G01,SID0315,PP,detection,pct_of_samples,,,,102,14,13.7,,,,,,,,,,,,,,yes,confirmed,paper_text,
SID0315-R005,SID0315-G01,SID0315,PP,mass,ng_per_mL,,,,5,,,,,,,,51,133,,,,,,,yes,confirmed,paper_text,
SID0315-R006,SID0315-G01,SID0315,PS,detection,pct_of_samples,,,,102,9,8.8,,,,,,,,,,,,,,yes,below_quantification,paper_text,
SID0315-R007,SID0315-G01,SID0315,PMMA,detection,pct_of_samples,,,,102,3,2.9,,,,,,,,,,,,,,yes,confirmed,paper_text,
SID0315-R008,SID0315-G01,SID0315,PE,detection,pct_of_samples,,,,102,0,0,,,,,,,,,,,,,,yes,not_detected,paper_text,
SID0315-R009,SID0315-G01,SID0315,TOTAL_MASS,mass,ng_per_mL,,,,20,,,386,,,,,,,,,,,,,yes,confirmed,paper_text,
SID0315-R010,SID0315-G01,SID0315,PMMA,mass,ng_per_mL,,,,102,3,,5.735,39.53,0,0,0,0,368,,,,,,,yes,confirmed,computed,
SID0315-R011,SID0315-G01,SID0315,PP,mass,ng_per_mL,,,,102,14,,6.324,20.66,0,0,0,0,133,,,,,,,yes,confirmed,computed,
SID0315-R012,SID0315-G01,SID0315,PS,mass,ng_per_mL,,,,102,9,,7.941,27.75,0,0,0,0,161,,,,,,,yes,below_quantification,computed,
SID0315-R013,SID0315-G01,SID0315,PVC,mass,ng_per_mL,,,,102,101,,284.1,109.4,259,217.2,318.2,0,827,,,,,,,yes,confirmed,computed,
SID0315-R014,SID0315-G01,SID0315,PET,mass,ng_per_mL,,,,102,32,,36.41,56.81,0,0,87,0,184,,,,,,,yes,below_quantification,computed,
SID0315-R015,SID0315-G01,SID0315,TOTAL_MASS,mass,ng_per_mL,,,,102,102,,340.5,124.5,305,259.5,406.8,96,827,,,,,,,yes,confirmed,computed,
SID0316-R001,SID0316-G01,SID0316,TOTAL_COUNT,detection,pct_of_samples,,,,22,22,100,,,,,,,,,,,,,,,confirmed,paper_text,
SID0316-R002,SID0316-G01,SID0316,TOTAL_COUNT,count,pct_of_particles,,50-150,,,,,30.5,,,,,,,,,,,,,,confirmed,paper_text,
SID0316-R003,SID0316-G01,SID0316,TOTAL_COUNT,count,pct_of_particles,,20-50,,,,,68,,,,,,,,,,,,,,confirmed,paper_text,
SID0316-R004,SID0316-G01,SID0316,PA,detection,pct_of_samples,,,,,,,,,,,,,,,,,,,,,confirmed,paper_text,
SID0316-R005,SID0316-G01,SID0316,PP,detection,pct_of_samples,,,,,,,,,,,,,,,,,,,,,confirmed,paper_text,
SID0316-R006,SID0316-G01,SID0316,PS,detection,pct_of_samples,,,,,,,,,,,,,,,,,,,,,confirmed,paper_text,
SID0316-R007,SID0316-G01,SID0316,PE,detection,pct_of_samples,,,,,,,,,,,,,,,,,,,,,confirmed,paper_text,
SID0316-R008,SID0316-G01,SID0316,PU,detection,pct_of_samples,,,,,,,,,,,,,,,,,,,,,confirmed,paper_text,
SID0316-R009,SID0316-G01,SID0316,PET,detection,pct_of_samples,,,,,,,,,,,,,,,,,,,,,confirmed,paper_text,
SID0317-R001,SID0317-G01,SID0317,TOTAL_COUNT,count,particles_per_g,,,,18,,,,,0.91,,,0.2,140.9,,,,,,,no,confirmed,paper_text,
SID0317-R002,SID0317-G01,SID0317,PE,count,particles_per_g,,,,18,,,,,0.38,,,,,,,,,,,no,confirmed,paper_table,
SID0317-R003,SID0317-G01,SID0317,PET,count,particles_per_g,,,,18,,,,,0.26,,,,,,,,,,,no,confirmed,paper_table,
SID0317-R004,SID0317-G01,SID0317,PU,count,particles_per_g,,,,18,,,,,0.16,,,,,,,,,,,no,confirmed,paper_table,
SID0317-R005,SID0317-G01,SID0317,PP,count,particles_per_g,,,,18,,,,,0.16,,,,,,,,,,,no,confirmed,paper_table,
SID0317-R006,SID0317-G01,SID0317,PS,count,particles_per_g,,,,18,,,,,0.21,,,,,,,,,,,no,confirmed,paper_table,
SID0317-R007,SID0317-G01,SID0317,PC,count,particles_per_g,,,,18,,,,,0.11,,,,,,,,,,,no,confirmed,paper_table,
SID0317-R008,SID0317-G01,SID0317,PVC,count,particles_per_g,,,,18,,,,,0.11,,,,,,,,,,,no,confirmed,paper_table,
SID0317-R009,SID0317-G01,SID0317,PSU,count,particles_per_g,,,,18,,,,,0.11,,,,,,,,,,,no,confirmed,paper_table,
SID0317-R010,SID0317-G01,SID0317,ACR,count,particles_per_g,,,,18,,,,,0.11,,,,,,,,,,,no,confirmed,paper_table,
SID0317-R011,SID0317-G01,SID0317,PI,count,particles_per_g,,,,18,,,,,0.11,,,,,,,,,,,no,confirmed,paper_table,
SID0317-R012,SID0317-G01,SID0317,PTFE,count,particles_per_g,,,,18,,,,,0.11,,,,,,,,,,,no,confirmed,paper_table,
SID0317-R013,SID0317-G01,SID0317,PMMA,count,particles_per_g,,,,18,,,,,0.11,,,,,,,,,,,no,confirmed,paper_table,
SID0317-R014,SID0317-G01,SID0317,OTHER,count,particles_per_g,,,,18,,,,,0.11,,,,,,,,,,,no,confirmed,paper_table,
SID0317-R015,SID0317-G01,SID0317,PE,count,pct_of_particles,,,,,,,86.1,,,,,,,,,,,,,no,confirmed,paper_text,
SID0317-R016,SID0317-G01,SID0317,PET,count,pct_of_particles,,,,,,,7.5,,,,,,,,,,,,,no,confirmed,paper_text,
SID0317-R017,SID0317-G01,SID0317,PP,count,pct_of_particles,,,,,,,1.9,,,,,,,,,,,,,no,confirmed,paper_text,
SID0317-R018,SID0317-G01,SID0317,PC,count,pct_of_particles,,,,,,,1.6,,,,,,,,,,,,,no,confirmed,paper_text,
SID0317-R019,SID0317-G01,SID0317,PU,count,pct_of_particles,,,,,,,1.4,,,,,,,,,,,,,no,confirmed,paper_text,
SID0317-R020,SID0317-G01,SID0317,PE,detection,pct_of_samples,,,,18,14,77.8,,,,,,,,,,,,,,,confirmed,paper_text,
SID0317-R021,SID0317-G01,SID0317,PET,detection,pct_of_samples,,,,18,16,88.9,,,,,,,,,,,,,,,confirmed,paper_text,
SID0319-R001,SID0319-G01,SID0319,PMMA,mass,ug_per_mL,,,,78,52,66.7,0.41,0.8,,,,0,5.21,,,,,,,yes,confirmed,paper_table,
SID0319-R002,SID0319-G01,SID0319,PA66,mass,ug_per_mL,,,,78,39,50,3.36,5.97,,,,0,39.4,,,,,,,yes,confirmed,paper_table,
SID0319-R003,SID0319-G01,SID0319,PP,mass,ug_per_mL,,,,78,5,6.4,3.47,12.56,,,,0,87.07,,,,,,,yes,contamination_qualified,paper_table,
SID0319-R004,SID0319-G01,SID0319,NBR,mass,ug_per_mL,,,,78,25,32.1,0.55,1.22,,,,0,7.75,,,,,,,yes,confirmed,paper_table,
SID0319-R005,SID0319-G01,SID0319,PVC,mass,ug_per_mL,,,,78,19,24.4,1.33,3.26,,,,0,19.27,,,,,,,yes,contamination_qualified,paper_table,
SID0319-R006,SID0319-G01,SID0319,ABS,mass,ug_per_mL,,,,78,27,34.6,0.08,0.25,,,,0,2.05,,,,,,,yes,confirmed,paper_table,
SID0319-R007,SID0319-G01,SID0319,PET,mass,ug_per_mL,,,,78,4,5.1,0.52,1.92,,,,0,9.39,,,,,,,yes,contamination_qualified,paper_table,
SID0319-R008,SID0319-G01,SID0319,PE,mass,ug_per_mL,,,,78,27,34.6,1.92,5.93,,,,0,39.82,,,,,,,yes,confirmed,paper_table,
SID0319-R009,SID0319-G01,SID0319,PC,mass,ug_per_mL,,,,78,0,0,,,,,,,,,,,,,,yes,not_detected,paper_table,
SID0319-R010,SID0319-G01,SID0319,PS,mass,ug_per_mL,,,,78,24,30.8,0.6,1.61,,,,0,12.25,,,,,,,yes,confirmed,paper_table,
SID0319-R011,SID0319-G01,SID0319,TOTAL_MASS,mass,ug_per_mL,,,,78,69,88.5,11.81,18.61,,,,0,118.32,,,,,,,yes,confirmed,paper_table,
SID0319-R012,SID0319-G02,SID0319,PMMA,mass,ug_per_mL,,,,91,64,70.3,0.23,0.59,,,,0,4.07,,,,,,,yes,confirmed,paper_table,
SID0319-R013,SID0319-G02,SID0319,PA66,mass,ug_per_mL,,,,91,21,23.1,0.62,1.51,,,,0,8.21,,,,,,,yes,confirmed,paper_table,
SID0319-R014,SID0319-G02,SID0319,PP,mass,ug_per_mL,,,,91,44,48.4,12.17,27.86,,,,0,143.57,,,,,,,yes,contamination_qualified,paper_table,
SID0319-R015,SID0319-G02,SID0319,NBR,mass,ug_per_mL,,,,91,33,36.3,1.8,4.49,,,,0,26.06,,,,,,,yes,confirmed,paper_table,
SID0319-R016,SID0319-G02,SID0319,PVC,mass,ug_per_mL,,,,91,48,52.7,2.2,4.68,,,,0,32.06,,,,,,,yes,confirmed,paper_table,
SID0319-R017,SID0319-G02,SID0319,ABS,mass,ug_per_mL,,,,91,50,54.9,0.06,0.1,,,,0,0.6,,,,,,,yes,confirmed,paper_table,
SID0319-R018,SID0319-G02,SID0319,PET,mass,ug_per_mL,,,,91,44,48.4,3.77,5.91,,,,0,27.29,,,,,,,yes,contamination_qualified,paper_table,
SID0319-R019,SID0319-G02,SID0319,PE,mass,ug_per_mL,,,,91,45,49.5,2.38,6.03,,,,0,28.25,,,,,,,yes,confirmed,paper_table,
SID0319-R020,SID0319-G02,SID0319,PC,mass,ug_per_mL,,,,91,4,4.4,0.01,0.05,,,,0,0.45,,,,,,,yes,confirmed,paper_table,
SID0319-R021,SID0319-G02,SID0319,PS,mass,ug_per_mL,,,,91,25,27.5,0.86,2,,,,0,11.19,,,,,,,yes,confirmed,paper_table,
SID0319-R022,SID0319-G02,SID0319,TOTAL_MASS,mass,ug_per_mL,,,,91,89,97.8,24.06,36.26,,,,0,175.11,,,,,,,yes,confirmed,paper_table,
SID0319-R023,SID0319-G01,SID0319,PMMA,mass,ug_per_mL,,,,52,52,,,,0.33,0.16,0.56,0.01,5.21,,,,,,,yes,confirmed,si_table,
SID0319-R024,SID0319-G02,SID0319,PMMA,mass,ug_per_mL,,,,64,64,,,,0.19,0.12,0.25,0.04,4.07,,,,,,,yes,confirmed,si_table,
SID0319-R025,SID0319-G01,SID0319,PA66,mass,ug_per_mL,,,,39,39,,,,6.39,2.02,8.2,0.35,39.4,,,,,,,yes,confirmed,si_table,
SID0319-R026,SID0319-G02,SID0319,PA66,mass,ug_per_mL,,,,21,21,,,,1.79,1.09,3.94,0.66,8.21,,,,,,,yes,confirmed,si_table,
SID0319-R027,SID0319-G01,SID0319,PP,mass,ug_per_mL,,,,5,5,,,,21.01,7.38,27.82,2.21,87.07,,,,,,,yes,confirmed,si_table,
SID0319-R028,SID0319-G02,SID0319,PP,mass,ug_per_mL,,,,44,44,,,,5.6,2.21,21.43,0.01,143.57,,,,,,,yes,confirmed,si_table,
SID0319-R029,SID0319-G01,SID0319,NBR,mass,ug_per_mL,,,,25,25,,,,1.32,0.86,1.81,0.08,7.75,,,,,,,yes,confirmed,si_table,
SID0319-R030,SID0319-G02,SID0319,NBR,mass,ug_per_mL,,,,33,33,,,,2.37,1.59,4.73,0.1,26.06,,,,,,,yes,confirmed,si_table,
SID0319-R031,SID0319-G01,SID0319,PVC,mass,ug_per_mL,,,,19,19,,,,3.44,1.32,6.47,0.03,19.28,,,,,,,yes,confirmed,si_table,
SID0319-R032,SID0319-G02,SID0319,PVC,mass,ug_per_mL,,,,48,48,,,,2.13,1.22,4.12,0.2,32.06,,,,,,,yes,confirmed,si_table,
SID0319-R033,SID0319-G01,SID0319,ABS,mass,ug_per_mL,,,,27,27,,,,0.15,0.1,0.19,0.046,2.05,,,,,,,yes,confirmed,si_table,
SID0319-R034,SID0319-G02,SID0319,ABS,mass,ug_per_mL,,,,50,50,,,,0.07,0.05,0.12,0.02,0.6,,,,,,,yes,confirmed,si_table,
SID0319-R035,SID0319-G01,SID0319,PET,mass,ug_per_mL,,,,4,4,,,,7.62,2.24,8.56,0.1,9.39,,,,,,,yes,confirmed,si_table,
SID0319-R036,SID0319-G02,SID0319,PET,mass,ug_per_mL,,,,44,44,,,,6.01,1.98,11.15,0.2,27.3,,,,,,,yes,confirmed,si_table,
SID0319-R037,SID0319-G01,SID0319,PE,mass,ug_per_mL,,,,27,27,,,,2.57,1.01,5.87,0.46,39.82,,,,,,,yes,confirmed,si_table,
SID0319-R038,SID0319-G02,SID0319,PE,mass,ug_per_mL,,,,45,45,,,,1.12,0.67,2.78,0.14,28.25,,,,,,,yes,confirmed,si_table,
SID0319-R039,SID0319-G02,SID0319,PC,mass,ug_per_mL,,,,4,4,,,,0,0,0.12,0,0.45,,,,,,,yes,confirmed,si_table,
SID0319-R040,SID0319-G01,SID0319,PS,mass,ug_per_mL,,,,24,24,,,,1.32,0.71,2.28,0.35,12.25,,,,,,,yes,confirmed,si_table,
SID0319-R041,SID0319-G02,SID0319,PS,mass,ug_per_mL,,,,25,25,,,,2.24,1.13,3.95,0.73,11.19,,,,,,,yes,confirmed,si_table,
SID0319-R042,SID0319-G01,SID0319,TOTAL_MASS,mass,ug_per_mL,,,,69,69,,,,7.62,1.27,16.03,0,118.32,,,,,,,yes,confirmed,si_table,
SID0319-R043,SID0319-G02,SID0319,TOTAL_MASS,mass,ug_per_mL,,,,89,89,,,,9.97,5.65,30.19,0.25,175.11,,,,,,,yes,confirmed,si_table,
SID0319-R044,SID0319-G01,SID0319,TOTAL_MASS,mass,ug_per_mL,,,,78,,,11.81,,5.25,,,,,,,,,,,yes,confirmed,paper_text,
SID0319-R045,SID0319-G02,SID0319,TOTAL_MASS,mass,ug_per_mL,,,,91,,,24.06,,9.85,,,,,,,,,,,yes,confirmed,paper_text,
SID0319-R046,SID0319-G01,SID0319,TOTAL_COUNT,detection,pct_of_samples,,,,78,69,88.5,,,,,,,,,,,,,,,confirmed,paper_text,
SID0319-R047,SID0319-G02,SID0319,TOTAL_COUNT,detection,pct_of_samples,,,,91,89,97.8,,,,,,,,,,,,,,,confirmed,paper_text,
SID0319-R048,SID0319-G01,SID0319,TOTAL_COUNT,count,pct_of_particles,,,fiber,,,,70,,,,,,,,,,,,,yes,tentative,paper_text,
SID0319-R049,SID0319-G02,SID0319,TOTAL_COUNT,count,pct_of_particles,,,fiber,,,,52,,,,,,,,,,,,,yes,tentative,paper_text,
SID0319-R050,SID0319-G02,SID0319,TOTAL_COUNT,count,pct_of_particles,,,fragment,,,,48,,,,,,,,,,,,,yes,tentative,paper_text,
SID0320-R001,SID0320-G01,SID0320,TOTAL_COUNT,count,particles_per_L,,,,19,17,,2589,2931,,,,0,9600,,,,,,,no,confirmed,paper_text,
SID0320-R002,SID0320-G01,SID0320,TOTAL_COUNT,count,particles_per_L,,,,19,,,2575,2914,,,,,,,,,,,,yes,confirmed,paper_text,
SID0320-R003,SID0320-G01,SID0320,TOTAL_COUNT,count,particles_per_L,,,,19,,,533,1365,,,,,,,,,,,,yes,confirmed,paper_text,
SID0320-R004,SID0320-G02,SID0320,TOTAL_COUNT,count,particles_per_L,,,,19,12,,4724,9710,,,,0,36000,,,,,,,no,confirmed,paper_text,
SID0320-R005,SID0320-G02,SID0320,TOTAL_COUNT,count,particles_per_L,,,,19,,,4710,9696,,,,,,,,,,,,yes,confirmed,paper_text,
SID0320-R006,SID0320-G02,SID0320,TOTAL_COUNT,count,particles_per_L,,,,19,,,3416,8635,,,,,,,,,,,,yes,confirmed,paper_text,
SID0320-R007,SID0320-G01,SID0320,PE,count,pct_of_particles,,,,,,,27,,,,,,,,,,,,,,confirmed,paper_text,
SID0320-R008,SID0320-G01,SID0320,PS,count,pct_of_particles,,,,,,,16,,,,,,,,,,,,,,confirmed,paper_text,
SID0320-R009,SID0320-G01,SID0320,EP,count,pct_of_particles,,,,,,,12,,,,,,,,,,,,,,confirmed,paper_text,
SID0320-R010,SID0320-G01,SID0320,PP,count,pct_of_particles,,,,,,,12,,,,,,,,,,,,,,confirmed,paper_text,
SID0320-R011,SID0320-G02,SID0320,PTFE,count,pct_of_particles,,,,,,,59,,,,,,,,,,,,,,confirmed,paper_text,
SID0320-R012,SID0320-G02,SID0320,PE,count,pct_of_particles,,,,,,,16,,,,,,,,,,,,,,confirmed,paper_text,
SID0321-R001,SID0321-G01,SID0321,TOTAL_COUNT,count,other,,,,23,23,100,20.46,7.32,,,,,,,,,,,,,confirmed,paper_text,
SID0321-R002,SID0321-G01,SID0321,TOTAL_COUNT,count,other,,,,23,23,,20.46,7.188,19.67,13.83,26.17,11.33,36.33,,,,,,,,confirmed,computed,
SID0321-R003,SID0321-G02,SID0321,TOTAL_COUNT,count,other,,,,23,23,100,28.45,12.91,,,,,,,,,,,,,confirmed,paper_text,
SID0321-R004,SID0321-G02,SID0321,TOTAL_COUNT,count,other,,,,23,23,,28.45,13.2,24.33,18.5,37.67,12.67,60.67,,,,,,,,confirmed,computed,
SID0321-R005,SID0321-G03,SID0321,TOTAL_COUNT,count,other,,,,23,23,100,12.14,4.64,,,,,,,,,,,,,confirmed,paper_text,
SID0321-R006,SID0321-G03,SID0321,TOTAL_COUNT,count,other,,,,23,23,,12.14,4.867,10,8.167,15.67,6.333,22.33,,,,,,,,confirmed,computed,
SID0321-R007,SID0321-G04,SID0321,TOTAL_COUNT,count,other,,,,23,23,100,19.4,9.25,,,,,,,,,,,,,confirmed,paper_text,
SID0321-R008,SID0321-G04,SID0321,TOTAL_COUNT,count,other,,,,23,23,,19.41,9.207,15,11.17,27.17,8,36.33,,,,,,,,confirmed,computed,
SID0321-R009,SID0321-G05,SID0321,TOTAL_COUNT,count,other,,,,7,,,17.19,5.45,,,,,,,,,,,,,confirmed,paper_table,
SID0321-R010,SID0321-G06,SID0321,TOTAL_COUNT,count,other,,,,7,,,20.77,7.38,,,,,,,,,,,,,confirmed,paper_table,
SID0321-R011,SID0321-G07,SID0321,TOTAL_COUNT,count,other,,,,7,,,10,4.5,,,,,,,,,,,,,confirmed,paper_table,
SID0321-R012,SID0321-G08,SID0321,TOTAL_COUNT,count,other,,,,7,,,13.63,7.14,,,,,,,,,,,,,confirmed,paper_table,
SID0321-R013,SID0321-G09,SID0321,TOTAL_COUNT,count,other,,,,12,,,19.51,6.26,,,,,,,,,,,,,confirmed,paper_table,
SID0321-R014,SID0321-G10,SID0321,TOTAL_COUNT,count,other,,,,12,,,26.88,10.24,,,,,,,,,,,,,confirmed,paper_table,
SID0321-R015,SID0321-G11,SID0321,TOTAL_COUNT,count,other,,,,12,,,11.28,3.43,,,,,,,,,,,,,confirmed,paper_table,
SID0321-R016,SID0321-G12,SID0321,TOTAL_COUNT,count,other,,,,12,,,18.48,7.4,,,,,,,,,,,,,confirmed,paper_table,
SID0321-R017,SID0321-G13,SID0321,TOTAL_COUNT,count,other,,,,4,,,29.98,7.12,,,,,,,,,,,,,confirmed,paper_table,
SID0321-R018,SID0321-G14,SID0321,TOTAL_COUNT,count,other,,,,4,,,46.6,14.08,,,,,,,,,,,,,confirmed,paper_table,
SID0321-R019,SID0321-G15,SID0321,TOTAL_COUNT,count,other,,,,4,,,18.5,4.73,,,,,,,,,,,,,confirmed,paper_table,
SID0321-R020,SID0321-G16,SID0321,TOTAL_COUNT,count,other,,,,4,,,32.33,3.84,,,,,,,,,,,,,confirmed,paper_table,
SID0321-R021,SID0321-G01,SID0321,TOTAL_COUNT,count,pct_of_particles,,,fiber,,,,71,,,,,,,,,,,,,,confirmed,paper_text,
SID0321-R022,SID0321-G03,SID0321,TOTAL_COUNT,count,pct_of_particles,,,fiber,,,,81,,,,,,,,,,,,,,confirmed,paper_text,
SID0321-R023,SID0321-G01,SID0321,TOTAL_COUNT,count,pct_of_particles,,,fragment,,,,21,,,,,,,,,,,,,,confirmed,paper_text,
SID0321-R024,SID0321-G02,SID0321,TOTAL_COUNT,count,pct_of_particles,,,fragment,,,,25,,,,,,,,,,,,,,confirmed,paper_text,
SID0321-R025,SID0321-G03,SID0321,TOTAL_COUNT,count,pct_of_particles,,,fragment,,,,15,,,,,,,,,,,,,,confirmed,paper_text,
SID0321-R026,SID0321-G04,SID0321,TOTAL_COUNT,count,pct_of_particles,,,fragment,,,,18,,,,,,,,,,,,,,confirmed,paper_text,
SID0321-R027,SID0321-G01,SID0321,TOTAL_COUNT,count,pct_of_particles,,>250,,,,,39,,,,,,,,,,,,,,confirmed,paper_text,
SID0321-R028,SID0321-G02,SID0321,TOTAL_COUNT,count,pct_of_particles,,>250,,,,,69.7,,,,,,,,,,,,,,confirmed,paper_text,
SID0321-R029,SID0321-G03,SID0321,TOTAL_COUNT,count,pct_of_particles,,>250,,,,,11.7,,,,,,,,,,,,,,confirmed,paper_text,
SID0321-R030,SID0321-G04,SID0321,TOTAL_COUNT,count,pct_of_particles,,>250,,,,,39,,,,,,,,,,,,,,confirmed,paper_text,
SID0321-R031,SID0321-G01,SID0321,PE-LD,count,other,,,,,,,,,,,,,,,,,,,,,confirmed,paper_table,
SID0321-R032,SID0321-G01,SID0321,PE-HD,count,other,,,,,,,,,,,,,,,,,,,,,confirmed,paper_table,
SID0321-R033,SID0321-G01,SID0321,PP,count,other,,,,,,,,,,,,,,,,,,,,,confirmed,paper_table,
SID0321-R034,SID0321-G01,SID0321,PET,count,other,,,,,,,,,,,,,,,,,,,,,confirmed,paper_table,
SID0321-R035,SID0321-G01,SID0321,PEST,count,other,,,,,,,,,,,,,,,,,,,,,confirmed,paper_table,
SID0321-R036,SID0321-G01,SID0321,PU,count,other,,,,,,,,,,,,,,,,,,,,,confirmed,paper_table,
SID0321-R037,SID0321-G01,SID0321,PA,count,other,,,,,,,,,,,,,,,,,,,,,confirmed,paper_table,
SID0321-R038,SID0321-G02,SID0321,PE-LD,count,other,,,,,,,,,,,,,,,,,,,,,confirmed,paper_table,
SID0321-R039,SID0321-G02,SID0321,PE-HD,count,other,,,,,,,,,,,,,,,,,,,,,confirmed,paper_table,
SID0321-R040,SID0321-G02,SID0321,PP,count,other,,,,,,,,,,,,,,,,,,,,,confirmed,paper_table,
SID0321-R041,SID0321-G02,SID0321,PS,count,other,,,,,,,,,,,,,,,,,,,,,confirmed,paper_table,
SID0321-R042,SID0321-G02,SID0321,PET,count,other,,,,,,,,,,,,,,,,,,,,,confirmed,paper_table,
SID0321-R043,SID0321-G02,SID0321,PVC,count,other,,,,,,,,,,,,,,,,,,,,,confirmed,paper_table,
SID0321-R044,SID0321-G02,SID0321,PU,count,other,,,,,,,,,,,,,,,,,,,,,confirmed,paper_table,
SID0321-R045,SID0321-G02,SID0321,PA,count,other,,,,,,,,,,,,,,,,,,,,,confirmed,paper_table,
SID0321-R046,SID0321-G03,SID0321,PE-LD,count,other,,,,,,,,,,,,,,,,,,,,,confirmed,paper_table,
SID0321-R047,SID0321-G03,SID0321,PET,count,other,,,,,,,,,,,,,,,,,,,,,confirmed,paper_table,
SID0321-R048,SID0321-G03,SID0321,PEST,count,other,,,,,,,,,,,,,,,,,,,,,confirmed,paper_table,
SID0321-R049,SID0321-G03,SID0321,PU,count,other,,,,,,,,,,,,,,,,,,,,,confirmed,paper_table,
SID0321-R050,SID0321-G03,SID0321,PA,count,other,,,,,,,,,,,,,,,,,,,,,confirmed,paper_table,
SID0321-R051,SID0321-G04,SID0321,PE-LD,count,other,,,,,,,,,,,,,,,,,,,,,confirmed,paper_table,
SID0321-R052,SID0321-G04,SID0321,PE-HD,count,other,,,,,,,,,,,,,,,,,,,,,confirmed,paper_table,
SID0321-R053,SID0321-G04,SID0321,PP,count,other,,,,,,,,,,,,,,,,,,,,,confirmed,paper_table,
SID0321-R054,SID0321-G04,SID0321,PS,count,other,,,,,,,,,,,,,,,,,,,,,confirmed,paper_table,
SID0321-R055,SID0321-G04,SID0321,PET,count,other,,,,,,,,,,,,,,,,,,,,,confirmed,paper_table,
SID0321-R056,SID0321-G04,SID0321,PVC,count,other,,,,,,,,,,,,,,,,,,,,,confirmed,paper_table,
SID0321-R057,SID0321-G04,SID0321,PU,count,other,,,,,,,,,,,,,,,,,,,,,confirmed,paper_table,
SID0322-R001,SID0322-G01,SID0322,TOTAL_COUNT,count,other,wet,,,,,,,,20,,,,,,,,,,,yes,confirmed,paper_text,
SID0322-R002,SID0322-G01,SID0322,PVC,count,other,wet,,,,,,,,7,,,,,,,,,,,yes,confirmed,paper_text,
SID0322-R003,SID0322-G01,SID0322,PP,count,other,wet,,,,,,,,5,,,,,,,,,,,yes,confirmed,paper_text,
SID0322-R004,SID0322-G01,SID0322,PBS,count,other,wet,,,,,,,,4,,,,,,,,,,,yes,confirmed,paper_text,
SID0322-R005,SID0322-G01,SID0322,PET,count,other,wet,,,,,,,,3,,,,,,,,,,,yes,confirmed,paper_text,
SID0322-R006,SID0322-G01,SID0322,PVC,detection,pct_of_samples,,,,1750,,88.7,,,,,,,,,,,,,,,confirmed,paper_text,
SID0322-R007,SID0322-G01,SID0322,PP,detection,pct_of_samples,,,,1750,,93.2,,,,,,,,,,,,,,,confirmed,paper_text,
SID0322-R008,SID0322-G01,SID0322,PBS,detection,pct_of_samples,,,,1750,,91.7,,,,,,,,,,,,,,,confirmed,paper_text,
SID0322-R009,SID0322-G01,SID0322,PET,detection,pct_of_samples,,,,1750,,87.3,,,,,,,,,,,,,,,confirmed,paper_text,
SID0322-R010,SID0322-G02,SID0322,PVC,count,other,wet,,,,,,5.7,3.67,,,,0,11,,,,,,,yes,confirmed,paper_text,
SID0322-R011,SID0322-G02,SID0322,PP,count,other,wet,,,,,,5.61,3.75,,,,0,11,,,,,,,yes,confirmed,paper_text,
SID0322-R012,SID0322-G02,SID0322,PBS,count,other,wet,,,,,,4.8,3.14,,,,0,9,,,,,,,yes,confirmed,paper_text,
SID0322-R013,SID0322-G02,SID0322,PET,count,other,wet,,,,,,4.03,3.01,,,,0,8,,,,,,,yes,confirmed,paper_text,
SID0322-R014,SID0322-G02,SID0322,TOTAL_COUNT,count,other,wet,,,,,,20.15,7.93,,,,1,39,,,,,,,yes,confirmed,paper_text,
SID0322-R015,SID0322-G03,SID0322,PVC,count,other,wet,,,,,,5.77,3.73,,,,0,11,,,,,,,yes,confirmed,paper_text,
SID0322-R016,SID0322-G03,SID0322,PP,count,other,wet,,,,,,5.86,3.74,,,,0,11,,,,,,,yes,confirmed,paper_text,
SID0322-R017,SID0322-G03,SID0322,PBS,count,other,wet,,,,,,4.77,3.08,,,,0,9,,,,,,,yes,confirmed,paper_text,
SID0322-R018,SID0322-G03,SID0322,PET,count,other,wet,,,,,,4.07,2.97,,,,0,8,,,,,,,yes,confirmed,paper_text,
SID0322-R019,SID0322-G03,SID0322,TOTAL_COUNT,count,other,wet,,,,,,20.47,8.2,,,,2,39,,,,,,,yes,confirmed,paper_text,
SID0322-R020,SID0322-G01,SID0322,PVC,count,pct_of_particles,,10-100,,,,,57,,,,,,,,,,,,,,confirmed,paper_text,
SID0322-R021,SID0322-G01,SID0322,PVC,count,pct_of_particles,,100-200,,,,,18,,,,,,,,,,,,,,confirmed,paper_text,
SID0322-R022,SID0322-G01,SID0322,PVC,count,pct_of_particles,,>200,,,,,25,,,,,,,,,,,,,,confirmed,paper_text,
SID0322-R023,SID0322-G01,SID0322,PP,count,pct_of_particles,,10-100,,,,,40,,,,,,,,,,,,,,confirmed,paper_text,
SID0322-R024,SID0322-G01,SID0322,PP,count,pct_of_particles,,100-200,,,,,27,,,,,,,,,,,,,,confirmed,paper_text,
SID0322-R025,SID0322-G01,SID0322,PP,count,pct_of_particles,,>200,,,,,13,,,,,,,,,,,,,,confirmed,paper_text,
SID0322-R026,SID0322-G01,SID0322,PBS,count,pct_of_particles,,10-100,,,,,30,,,,,,,,,,,,,,confirmed,paper_text,
SID0322-R027,SID0322-G01,SID0322,PBS,count,pct_of_particles,,100-200,,,,,16,,,,,,,,,,,,,,confirmed,paper_text,
SID0322-R028,SID0322-G01,SID0322,PBS,count,pct_of_particles,,>200,,,,,14,,,,,,,,,,,,,,confirmed,paper_text,
SID0322-R029,SID0322-G01,SID0322,PET,count,pct_of_particles,,10-100,,,,,35,,,,,,,,,,,,,,confirmed,paper_text,
SID0322-R030,SID0322-G01,SID0322,PET,count,pct_of_particles,,100-200,,,,,25,,,,,,,,,,,,,,confirmed,paper_text,
SID0322-R031,SID0322-G01,SID0322,PET,count,pct_of_particles,,>200,,,,,10,,,,,,,,,,,,,,confirmed,paper_text,
SID0323-R001,SID0323-G01,SID0323,PA,count,particles_per_g,,,,,,,,,1.343,0.805,5.216,,,,,,,,,,confirmed,paper_table,
SID0323-R002,SID0323-G02,SID0323,PA,count,particles_per_g,,,,,,,,,2.996,1.713,40.789,,,,,,,,,,confirmed,paper_table,
SID0323-R003,SID0323-G03,SID0323,PA,count,particles_per_g,,,,,,,,,4.923,1.485,7.417,,,,,,,,,,confirmed,paper_table,
SID0323-R004,SID0323-G04,SID0323,PA,count,particles_per_g,,,,,,,,,7.135,1.631,19.47,,,,,,,,,,confirmed,paper_table,
SID0323-R005,SID0323-G05,SID0323,PA,count,particles_per_g,,,,,,,,,3.955,0.971,16.836,,,,,,,,,,confirmed,paper_table,
SID0323-R006,SID0323-G06,SID0323,PA,count,particles_per_g,,,,,,,,,4.574,4.366,12.426,,,,,,,,,,confirmed,paper_table,
SID0323-R007,SID0323-G01,SID0323,PU,count,particles_per_g,,,,,,,,,1.302,0.448,1.766,,,,,,,,,,confirmed,paper_table,
SID0323-R008,SID0323-G02,SID0323,PU,count,particles_per_g,,,,,,,,,13.823,12.215,15.431,,,,,,,,,,confirmed,paper_table,
SID0323-R009,SID0323-G03,SID0323,PU,count,particles_per_g,,,,,,,,,2.969,1.469,8.38,,,,,,,,,,confirmed,paper_table,
SID0323-R010,SID0323-G04,SID0323,PU,count,particles_per_g,,,,,,,,,8.532,1.011,39.319,,,,,,,,,,confirmed,paper_table,
SID0323-R011,SID0323-G05,SID0323,PU,count,particles_per_g,,,,,,,,,6.162,2.649,45.385,,,,,,,,,,confirmed,paper_table,
SID0323-R012,SID0323-G06,SID0323,PU,count,particles_per_g,,,,,,,,,5.028,1.079,7.711,,,,,,,,,,confirmed,paper_table,
SID0323-R013,SID0323-G01,SID0323,PET,count,particles_per_g,,,,,,,,,1.413,0.589,2.238,,,,,,,,,,confirmed,paper_table,
SID0323-R014,SID0323-G02,SID0323,PET,count,particles_per_g,,,,,,,,,1.28,0.823,2.055,,,,,,,,,,confirmed,paper_table,
SID0323-R015,SID0323-G03,SID0323,PET,count,particles_per_g,,,,,,,,,1.375,1.065,4.454,,,,,,,,,,confirmed,paper_table,
SID0323-R016,SID0323-G04,SID0323,PET,count,particles_per_g,,,,,,,,,1.266,0.804,1.734,,,,,,,,,,confirmed,paper_table,
SID0323-R017,SID0323-G05,SID0323,PET,count,particles_per_g,,,,,,,,,1.297,0.767,2.138,,,,,,,,,,confirmed,paper_table,
SID0323-R018,SID0323-G06,SID0323,PET,count,particles_per_g,,,,,,,,,1.41,0.883,1.957,,,,,,,,,,confirmed,paper_table,
SID0323-R019,SID0323-G01,SID0323,PE-CL,count,particles_per_g,,,,,,,,,0.616,0.501,0.738,,,,,,,,,,confirmed,paper_table,
SID0323-R020,SID0323-G02,SID0323,PE-CL,count,particles_per_g,,,,,,,,,1.929,0.903,2.372,,,,,,,,,,confirmed,paper_table,
SID0323-R021,SID0323-G03,SID0323,PE-CL,count,particles_per_g,,,,,,,,,1.035,0.884,1.187,,,,,,,,,,confirmed,paper_table,
SID0323-R022,SID0323-G04,SID0323,PE-CL,count,particles_per_g,,,,,,,,,2.04,1.272,2.223,,,,,,,,,,confirmed,paper_table,
SID0323-R023,SID0323-G05,SID0323,PE-CL,count,particles_per_g,,,,,,,,,4.15,1.541,6.76,,,,,,,,,,confirmed,paper_table,
SID0323-R024,SID0323-G06,SID0323,PE-CL,count,particles_per_g,,,,,,,,,2.831,1.087,4.574,,,,,,,,,,confirmed,paper_table,
SID0323-R025,SID0323-G01,SID0323,PE,count,particles_per_g,,,,,,,,,0.458,0.443,0.474,,,,,,,,,,confirmed,paper_table,
SID0323-R026,SID0323-G02,SID0323,PE,count,particles_per_g,,,,,,,,,1.52,1.11,1.929,,,,,,,,,,confirmed,paper_table,
SID0323-R027,SID0323-G03,SID0323,PE,count,particles_per_g,,,,,,,,,0.965,0.687,1.862,,,,,,,,,,confirmed,paper_table,
SID0323-R028,SID0323-G04,SID0323,PE,count,particles_per_g,,,,,,,,,1.011,0.873,4.266,,,,,,,,,,confirmed,paper_table,
SID0323-R029,SID0323-G05,SID0323,PE,count,particles_per_g,,,,,,,,,0.635,0.304,0.966,,,,,,,,,,confirmed,paper_table,
SID0323-R030,SID0323-G06,SID0323,PE,count,particles_per_g,,,,,,,,,0.861,0.838,0.884,,,,,,,,,,confirmed,paper_table,
SID0323-R031,SID0323-G01,SID0323,PMMA,count,particles_per_g,,,,,,,,,2.415,0.672,2.66,,,,,,,,,,confirmed,paper_table,
SID0323-R032,SID0323-G02,SID0323,PMMA,count,particles_per_g,,,,,,,,,2.113,1.111,3.37,,,,,,,,,,confirmed,paper_table,
SID0323-R033,SID0323-G03,SID0323,PMMA,count,particles_per_g,,,,,,,,,1.227,0.687,2.286,,,,,,,,,,confirmed,paper_table,
SID0323-R034,SID0323-G05,SID0323,PMMA,count,particles_per_g,,,,,,,,,1.541,1.043,3.863,,,,,,,,,,confirmed,paper_table,
SID0323-R035,SID0323-G01,SID0323,ACR,count,particles_per_g,,,,,,,,,0.887,0.793,1.178,,,,,,,,,,confirmed,paper_table,
SID0323-R036,SID0323-G02,SID0323,ACR,count,particles_per_g,,,,,,,,,2.075,1.558,2.725,,,,,,,,,,confirmed,paper_table,
SID0323-R037,SID0323-G03,SID0323,ACR,count,particles_per_g,,,,,,,,,3.993,2.311,7.239,,,,,,,,,,confirmed,paper_table,
SID0323-R038,SID0323-G04,SID0323,ACR,count,particles_per_g,,,,,,,,,4.509,2.079,6.939,,,,,,,,,,confirmed,paper_table,
SID0323-R039,SID0323-G05,SID0323,ACR,count,particles_per_g,,,,,,,,,2.138,1.117,3.739,,,,,,,,,,confirmed,paper_table,
SID0323-R040,SID0323-G06,SID0323,ACR,count,particles_per_g,,,,,,,,,2.238,1.869,3.107,,,,,,,,,,confirmed,paper_table,
SID0323-R041,SID0323-G01,SID0323,PP,count,particles_per_g,,,,,,,,,0.651,0.559,2.235,,,,,,,,,,confirmed,paper_table,
SID0323-R042,SID0323-G02,SID0323,PP,count,particles_per_g,,,,,,,,,1.289,0.852,1.92,,,,,,,,,,confirmed,paper_table,
SID0323-R043,SID0323-G03,SID0323,PP,count,particles_per_g,,,,,,,,,1.469,1.065,1.969,,,,,,,,,,confirmed,paper_table,
SID0323-R044,SID0323-G04,SID0323,PP,count,particles_per_g,,,,,,,,,1.219,0.693,1.745,,,,,,,,,,confirmed,paper_table,
SID0323-R045,SID0323-G05,SID0323,PP,count,particles_per_g,,,,,,,,,1.418,1.349,1.541,,,,,,,,,,confirmed,paper_table,
SID0323-R046,SID0323-G06,SID0323,PP,count,particles_per_g,,,,,,,,,1.662,0.962,2.737,,,,,,,,,,confirmed,paper_table,
SID0323-R047,SID0323-G01,SID0323,FKM,count,particles_per_g,,,,,,,,,1.302,0.559,1.766,,,,,,,,,,confirmed,paper_table,
SID0323-R048,SID0323-G02,SID0323,FKM,count,particles_per_g,,,,,,,,,0.863,0.558,1.638,,,,,,,,,,confirmed,paper_table,
SID0323-R049,SID0323-G03,SID0323,FKM,count,particles_per_g,,,,,,,,,2.608,0.762,4.454,,,,,,,,,,confirmed,paper_table,
SID0323-R050,SID0323-G04,SID0323,FKM,count,particles_per_g,,,,,,,,,0.693,0.507,2.175,,,,,,,,,,confirmed,paper_table,
SID0323-R051,SID0323-G05,SID0323,FKM,count,particles_per_g,,,,,,,,,1.089,0.569,1.609,,,,,,,,,,confirmed,paper_table,
SID0323-R052,SID0323-G06,SID0323,FKM,count,particles_per_g,,,,,,,,,1.659,1.144,2.174,,,,,,,,,,confirmed,paper_table,
SID0323-R053,SID0323-G01,SID0323,PS,count,particles_per_g,,,,,,,,,0.573,0.474,0.672,,,,,,,,,,confirmed,paper_table,
SID0323-R054,SID0323-G03,SID0323,PS,count,particles_per_g,,,,,,,,,1.187,,,,,,,,,,,,confirmed,paper_table,
SID0323-R055,SID0323-G01,SID0323,PVC,count,particles_per_g,,,,,,,,,0.574,0.559,0.589,,,,,,,,,,confirmed,paper_table,
SID0323-R056,SID0323-G04,SID0323,PVC,count,particles_per_g,,,,,,,,,0.597,,,,,,,,,,,,confirmed,paper_table,
SID0323-R057,SID0323-G06,SID0323,PVC,count,particles_per_g,,,,,,,,,0.883,0.623,1.144,,,,,,,,,,confirmed,paper_table,
SID0323-R058,SID0323-G01,SID0323,PB,count,particles_per_g,,,,,,,,,0.443,,,,,,,,,,,,confirmed,paper_table,
SID0323-R059,SID0323-G03,SID0323,PB,count,particles_per_g,,,,,,,,,0.884,,,,,,,,,,,,confirmed,paper_table,
SID0323-R060,SID0323-G04,SID0323,PB,count,particles_per_g,,,,,,,,,5.599,1.947,9.252,,,,,,,,,,confirmed,paper_table,
SID0323-R061,SID0323-G06,SID0323,PB,count,particles_per_g,,,,,,,,,0.991,0.838,1.144,,,,,,,,,,confirmed,paper_table,
SID0323-R062,SID0323-G01,SID0323,TOTAL_COUNT,count,particles_per_g,,,,,,,,,4.795,2.869,6.35,,,,,,,,,,confirmed,paper_table,
SID0323-R063,SID0323-G02,SID0323,TOTAL_COUNT,count,particles_per_g,,,,,,,,,6.561,2.911,25.482,,,,,,,,,,confirmed,paper_table,
SID0323-R064,SID0323-G03,SID0323,TOTAL_COUNT,count,particles_per_g,,,,,,,,,8.176,3.991,19.573,,,,,,,,,,confirmed,paper_table,
SID0323-R065,SID0323-G04,SID0323,TOTAL_COUNT,count,particles_per_g,,,,,,,,,4.675,2.53,35.235,,,,,,,,,,confirmed,paper_table,
SID0323-R066,SID0323-G05,SID0323,TOTAL_COUNT,count,particles_per_g,,,,,,,,,2.726,1.62,18.463,,,,,,,,,,confirmed,paper_table,
SID0323-R067,SID0323-G06,SID0323,TOTAL_COUNT,count,particles_per_g,,,,,,,,,10.397,4.987,20.085,,,,,,,,,,confirmed,paper_table,
SID0323-R068,SID0323-G01,SID0323,PA,count,pct_of_particles,,,,,,,61,,,,,,,,,,,,,,confirmed,paper_text,
SID0323-R069,SID0323-G02,SID0323,PA,count,pct_of_particles,,,,,,,68,,,,,,,,,,,,,,confirmed,paper_text,
SID0323-R070,SID0323-G03,SID0323,PA,count,pct_of_particles,,,,,,,32,,,,,,,,,,,,,,confirmed,paper_text,
SID0323-R071,SID0323-G04,SID0323,PA,count,pct_of_particles,,,,,,,45,,,,,,,,,,,,,,confirmed,paper_text,
SID0323-R072,SID0323-G05,SID0323,PA,count,pct_of_particles,,,,,,,63,,,,,,,,,,,,,,confirmed,paper_text,
SID0323-R073,SID0323-G06,SID0323,PA,count,pct_of_particles,,,,,,,56,,,,,,,,,,,,,,confirmed,paper_text,
SID0323-R074,SID0323-G04,SID0323,PU,count,pct_of_particles,,,,,,,27,,,,,,,,,,,,,,confirmed,paper_text,
SID0323-R075,SID0323-G03,SID0323,PU,count,pct_of_particles,,,,,,,25,,,,,,,,,,,,,,confirmed,paper_text,
SID0323-R076,SID0323-G05,SID0323,PU,count,pct_of_particles,,,,,,,21,,,,,,,,,,,,,,confirmed,paper_text,
SID0323-R077,SID0323-G06,SID0323,PU,count,pct_of_particles,,,,,,,21,,,,,,,,,,,,,,confirmed,paper_text,
SID0324-R001,SID0324-G01,SID0324,TOTAL_COUNT,count,other,,,,,,,,,22,,,,,,,,,,,yes,confirmed,paper_text,
SID0324-R002,SID0324-G01,SID0324,PVC,count,other,,,,,,,,,7,,,,,,,,,,,yes,confirmed,paper_text,
SID0324-R003,SID0324-G01,SID0324,PET,count,other,,,,,,,,,6,,,,,,,,,,,yes,confirmed,paper_text,
SID0324-R004,SID0324-G01,SID0324,PP,count,other,,,,,,,,,5,,,,,,,,,,,yes,confirmed,paper_text,
SID0324-R005,SID0324-G01,SID0324,PBS,count,other,,,,,,,,,4,,,,,,,,,,,yes,confirmed,paper_text,
SID0324-R006,SID0324-G01,SID0324,PVC,detection,pct_of_samples,,,,2738,,92.99,,,,,,,,,,,,,,,confirmed,paper_text,
SID0324-R007,SID0324-G01,SID0324,PP,detection,pct_of_samples,,,,2738,,89.44,,,,,,,,,,,,,,,confirmed,paper_text,
SID0324-R008,SID0324-G01,SID0324,PET,detection,pct_of_samples,,,,2738,,86.23,,,,,,,,,,,,,,,confirmed,paper_text,
SID0324-R009,SID0324-G01,SID0324,PBS,detection,pct_of_samples,,,,2738,,84.24,,,,,,,,,,,,,,,confirmed,paper_text,
SID0324-R010,SID0324-G01,SID0324,PVC,count,pct_of_particles,,10-100,,,,,56.76,,,,,,,,,,,,,,confirmed,paper_text,
SID0324-R011,SID0324-G01,SID0324,PET,count,pct_of_particles,,10-100,,,,,52.38,,,,,,,,,,,,,,confirmed,paper_text,
SID0324-R012,SID0324-G01,SID0324,PP,count,pct_of_particles,,100-200,,,,,26.73,,,,,,,,,,,,,,confirmed,paper_text,
SID0324-R013,SID0324-G01,SID0324,PET,count,pct_of_particles,,100-200,,,,,28.57,,,,,,,,,,,,,,confirmed,paper_text,
SID0324-R014,SID0324-G01,SID0324,PBS,count,pct_of_particles,,>200,,,,,13.56,,,,,,,,,,,,,,confirmed,paper_text,
SID0324-R015,SID0324-G01,SID0324,PP,count,pct_of_particles,,>200,,,,,8.64,,,,,,,,,,,,,,confirmed,paper_text,
SID0325-R001,SID0325-G01,SID0325,PS,mass,ug_per_mL,,,,229,,95.63,1.97,,1.128,,,0,17.582,,,,,,,no,confirmed,si_table,
SID0325-R002,SID0325-G01,SID0325,PE,mass,ug_per_mL,,,,229,,99.56,18.565,,15.549,,,0,96.168,,,,,,,no,confirmed,si_table,
SID0325-R003,SID0325-G01,SID0325,PP,mass,ug_per_mL,,,,229,,59.82,1.229,,0.931,,,0,12.726,,,,,,,no,confirmed,si_table,
SID0325-R004,SID0325-G01,SID0325,PMMA,mass,ug_per_mL,,,,229,,12.66,0.052,,0.009,,,0,1.274,,,,,,,no,confirmed,si_table,
SID0325-R005,SID0325-G01,SID0325,PVC,mass,ug_per_mL,,,,229,,98.69,13.448,,12.095,,,0,62.42,,,,,,,no,confirmed,si_table,
SID0325-R006,SID0325-G01,SID0325,PET,mass,ug_per_mL,,,,229,,0.87,0.122,,0.086,,,0,4.234,,,,,,,no,confirmed,si_table,
SID0325-R007,SID0325-G01,SID0325,PA66,mass,ug_per_mL,,,,229,,19.65,1.794,,0.086,,,0,39.364,,,,,,,no,confirmed,si_table,
SID0325-R008,SID0325-G01,SID0325,TOTAL_MASS,mass,ug_per_mL,,,,229,,,37.18,,32.059,,,0,185.084,,,,,,,no,confirmed,si_table,
SID0326-R001,SID0326-G01,SID0326,TOTAL_COUNT,count,particles_per_g,,,,12,11,,4.31,5.11,2.19,,,,,,,,,,,no,confirmed,paper_text,
SID0326-R002,SID0326-G02,SID0326,TOTAL_COUNT,count,particles_per_g,,,,7,,,,,1.2,,,,,,,,,,,no,confirmed,paper_text,
SID0326-R003,SID0326-G03,SID0326,TOTAL_COUNT,count,particles_per_g,,,,5,,,,,7.77,,,,,,,,,,,no,confirmed,paper_text,
SID0326-R004,SID0326-G01,SID0326,PP,count,pct_of_particles,,,,,,,,,,,,,,,,,,,,no,confirmed,paper_text,
SID0326-R005,SID0326-G01,SID0326,PET,count,pct_of_particles,,,,,,,,,,,,,,,,,,,,no,confirmed,paper_text,
SID0326-R006,SID0326-G01,SID0326,PS,count,pct_of_particles,,,,,,,,,,,,,,,,,,,,no,confirmed,paper_text,
SID0326-R007,SID0326-G01,SID0326,PVC,count,pct_of_particles,,,,,,,,,,,,,,,,,,,,no,confirmed,paper_text,
SID0326-R008,SID0326-G01,SID0326,PTFE,count,pct_of_particles,,,,,,,,,,,,,,,,,,,,no,confirmed,paper_text,
SID0326-R009,SID0326-G01,SID0326,OTHER,count,pct_of_particles,,,,,,,,,,,,,,,,,,,,no,confirmed,paper_text,
SID0326-R010,SID0326-G01,SID0326,PE,count,pct_of_particles,,,,,,,,,,,,,,,,,,,,no,confirmed,paper_text,
SID0326-R011,SID0326-G01,SID0326,ACR,count,pct_of_particles,,,,,,,,,,,,,,,,,,,,no,confirmed,paper_text,
SID0326-R012,SID0326-G01,SID0326,EVA,count,pct_of_particles,,,,,,,,,,,,,,,,,,,,no,confirmed,paper_text,
SID0326-R013,SID0326-G01,SID0326,OTHER,count,pct_of_particles,,,,,,,,,,,,,,,,,,,,no,confirmed,paper_text,
SID0326-R014,SID0326-G01,SID0326,PU,count,pct_of_particles,,,,,,,,,,,,,,,,,,,,no,confirmed,paper_text,
SID0326-R015,SID0326-G01,SID0326,OTHER,count,pct_of_particles,,,,,,,,,,,,,,,,,,,,no,confirmed,paper_text,
SID0327-R001,SID0327-G01,SID0327,PE,mass,ug_per_g,dry,,,,,,13.2,,,,,,,,,,,,,,confirmed,paper_text,
SID0327-R002,SID0327-G02,SID0327,PE,mass,ug_per_g,dry,,,,,,12.9,,,,,,,,,,,,,,confirmed,paper_text,
SID0327-R003,SID0327-G01,SID0327,PA66,mass,ug_per_g,dry,,,23,12,,2.377,2.354,3.772,0,4.531,0,5.37,,,,,,,,confirmed,computed,
SID0327-R004,SID0327-G01,SID0327,PE,mass,ug_per_g,dry,,,23,11,,7.178,7.721,0,0,15.06,0,17.59,,,,,,,,confirmed,computed,
SID0327-R005,SID0327-G01,SID0327,PVC,mass,ug_per_g,dry,,,23,11,,0.4433,0.4758,0,0,0.9015,0,1.058,,,,,,,,confirmed,computed,
SID0327-R006,SID0327-G02,SID0327,PA66,mass,ug_per_g,dry,,,23,15,,0.582,0.4396,0.8181,0,0.8971,0,1.049,,,,,,,,confirmed,computed,
SID0327-R007,SID0327-G02,SID0327,PE,mass,ug_per_g,dry,,,23,16,,8.916,6.13,12.06,0,13.21,0,15.55,,,,,,,,confirmed,computed,
SID0327-R008,SID0327-G02,SID0327,PVC,mass,ug_per_g,dry,,,23,20,,1.856,0.7641,2.063,1.9,2.297,0,2.502,,,,,,,,confirmed,computed,
SID0327-R009,SID0327-G02,SID0327,PP,mass,ug_per_g,dry,,,23,23,,0.267,0.02248,0.2636,0.2522,0.2831,0.2303,0.3137,,,,,,,,confirmed,computed,
SID0327-R010,SID0327-G01,SID0327,TOTAL_COUNT,count,particles_per_sample,,,,23,,,51.8,,,,,41,62,,,,,,,,confirmed,paper_text,
SID0327-R011,SID0327-G02,SID0327,TOTAL_COUNT,count,particles_per_sample,,,,23,,,118,,,,,100,135,,,,,,,,confirmed,paper_text,
SID0327-R012,SID0327-G01,SID0327,PE,count,pct_of_particles,,,,,,,,,,,,,,,,,,,,,tentative,paper_text,
SID0327-R013,SID0327-G01,SID0327,ABS,count,pct_of_particles,,,,,,,,,,,,,,,,,,,,,tentative,paper_text,
SID0327-R014,SID0327-G01,SID0327,EVA,count,pct_of_particles,,,,,,,,,,,,,,,,,,,,,tentative,paper_text,
SID0327-R015,SID0327-G01,SID0327,PET,count,pct_of_particles,,,,,,,,,,,,,,,,,,,,,tentative,paper_text,
SID0327-R016,SID0327-G01,SID0327,PP,count,pct_of_particles,,,,,,,,,,,,,,,,,,,,,tentative,paper_text,
SID0327-R017,SID0327-G01,SID0327,OTHER,count,pct_of_particles,,,,,,,,,,,,,,,,,,,,,tentative,paper_text,
SID0327-R018,SID0327-G02,SID0327,OTHER,count,pct_of_particles,,,,,,,,,,,,,,,,,,,,,tentative,paper_text,
SID0327-R019,SID0327-G02,SID0327,SBS,count,pct_of_particles,,,,,,,,,,,,,,,,,,,,,tentative,paper_text,
SID0327-R020,SID0327-G02,SID0327,PE,count,pct_of_particles,,,,,,,,,,,,,,,,,,,,,tentative,paper_text,
SID0327-R021,SID0327-G02,SID0327,OTHER,count,pct_of_particles,,,,,,,,,,,,,,,,,,,,,tentative,paper_text,
SID0327-R022,SID0327-G02,SID0327,PP,count,pct_of_particles,,,,,,,,,,,,,,,,,,,,,tentative,paper_text,
SID0327-R023,SID0327-G02,SID0327,PIB,count,pct_of_particles,,,,,,,,,,,,,,,,,,,,,tentative,paper_text,
SID0328-R001,SID0328-G01,SID0328,TOTAL_COUNT,count,particles_per_sample,,,,1057,,,,,12,,,,,,,,,,,yes,confirmed,paper_text,
SID0328-R002,SID0328-G01,SID0328,PVC,count,particles_per_sample,,,,1057,,,,,4,,,,,,,,,,,yes,confirmed,paper_text,
SID0328-R003,SID0328-G01,SID0328,PP,count,particles_per_sample,,,,1057,,,,,4,,,,,,,,,,,yes,confirmed,paper_text,
SID0328-R004,SID0328-G01,SID0328,PBS,count,particles_per_sample,,,,1057,,,,,4,,,,,,,,,,,yes,confirmed,paper_text,
SID0328-R005,SID0328-G01,SID0328,PVC,detection,pct_of_samples,,,,1057,,88.4,,,,,,,,,,,,,,yes,confirmed,paper_text,
SID0328-R006,SID0328-G01,SID0328,PP,detection,pct_of_samples,,,,1057,,88.8,,,,,,,,,,,,,,yes,confirmed,paper_text,
SID0328-R007,SID0328-G01,SID0328,PBS,detection,pct_of_samples,,,,1057,,89.1,,,,,,,,,,,,,,yes,confirmed,paper_text,
SID0328-R008,SID0328-G01,SID0328,PVC,count,pct_of_particles,,10-100,,,,,,,,,,,,,,,,,,yes,confirmed,paper_text,
SID0328-R009,SID0328-G01,SID0328,PP,count,pct_of_particles,,10-100,,,,,,,,,,,,,,,,,,yes,confirmed,paper_text,
SID0328-R010,SID0328-G01,SID0328,PBS,count,pct_of_particles,,10-100,,,,,,,,,,,,,,,,,,yes,confirmed,paper_text,
SID0329-R001,SID0329-G01,SID0329,PE,mass,other,,,,,,,,,,,,,,,,,,,,,confirmed,paper_text,
SID0329-R002,SID0329-G02,SID0329,PE,mass,other,,,,,,,,,,,,,,,,,,,,,confirmed,paper_text,
SID0329-R003,SID0329-G01,SID0329,PE,detection,other,,,,9,,,,,,,,,,,,,,,,,confirmed,paper_text,
SID0329-R004,SID0329-G01,SID0329,PVC,detection,other,,,,9,,,,,,,,,,,,,,,,,confirmed,paper_text,
SID0329-R005,SID0329-G01,SID0329,PS,detection,other,,,,9,,,,,,,,,,,,,,,,,confirmed,paper_text,
SID0329-R006,SID0329-G01,SID0329,PP,detection,other,,,,9,,,,,,,,,,,,,,,,,confirmed,paper_text,
SID0329-R007,SID0329-G01,SID0329,PC,detection,other,,,,9,,,,,,,,,,,,,,,,,confirmed,paper_text,
SID0329-R008,SID0329-G02,SID0329,PE,detection,other,,,,9,,,,,,,,,,,,,,,,,confirmed,paper_text,
SID0329-R009,SID0329-G02,SID0329,PVC,detection,other,,,,9,,,,,,,,,,,,,,,,,confirmed,paper_text,
SID0329-R010,SID0329-G01,SID0329,PMMA,detection,pct_of_samples,,,,9,0,0,,,,,,,,,,,,,,,not_detected,paper_text,
SID0329-R011,SID0329-G02,SID0329,PMMA,detection,pct_of_samples,,,,9,0,0,,,,,,,,,,,,,,,not_detected,paper_text,
SID0329-R012,SID0329-G01,SID0329,PET,detection,pct_of_samples,,,,9,0,0,,,,,,,,,,,,,,,not_detected,paper_text,
SID0329-R013,SID0329-G02,SID0329,PET,detection,pct_of_samples,,,,9,0,0,,,,,,,,,,,,,,,not_detected,paper_text,
SID0329-R014,SID0329-G01,SID0329,PA6,detection,pct_of_samples,,,,9,0,0,,,,,,,,,,,,,,,not_detected,paper_text,
SID0329-R015,SID0329-G02,SID0329,PA6,detection,pct_of_samples,,,,9,0,0,,,,,,,,,,,,,,,not_detected,paper_text,
SID0329-R016,SID0329-G01,SID0329,PA66,detection,pct_of_samples,,,,9,0,0,,,,,,,,,,,,,,,not_detected,paper_text,
SID0329-R017,SID0329-G02,SID0329,PA66,detection,pct_of_samples,,,,9,0,0,,,,,,,,,,,,,,,not_detected,paper_text,
SID0329-R018,SID0329-G01,SID0329,PLA,detection,pct_of_samples,,,,9,0,0,,,,,,,,,,,,,,,not_detected,paper_text,
SID0329-R019,SID0329-G02,SID0329,PLA,detection,pct_of_samples,,,,9,0,0,,,,,,,,,,,,,,,not_detected,paper_text,
SID0329-R020,SID0329-G01,SID0329,PBAT,detection,pct_of_samples,,,,9,0,0,,,,,,,,,,,,,,,not_detected,paper_text,
SID0329-R021,SID0329-G02,SID0329,PBAT,detection,pct_of_samples,,,,9,0,0,,,,,,,,,,,,,,,not_detected,paper_text,
SID0329-R022,SID0329-G02,SID0329,PS,detection,pct_of_samples,,,,9,0,0,,,,,,,,,,,,,,,not_detected,paper_text,
SID0329-R023,SID0329-G02,SID0329,PP,detection,pct_of_samples,,,,9,0,0,,,,,,,,,,,,,,,not_detected,paper_text,
SID0329-R024,SID0329-G02,SID0329,PC,detection,pct_of_samples,,,,9,0,0,,,,,,,,,,,,,,,not_detected,paper_text,
SID0330-R001,SID0330-G01,SID0330,TOTAL_MASS,mass,ug_per_mL,,,,,,,7.59,2.31,,,,,,,,,,,,no,confirmed,paper_text,
SID0330-R002,SID0330-G02,SID0330,TOTAL_MASS,mass,ug_per_mL,,,,,,,13.49,6.01,,,,,,,,,,,,no,confirmed,paper_text,
SID0330-R003,SID0330-G03,SID0330,TOTAL_MASS,mass,ug_per_mL,,,,,,,16.07,7.59,,,,,,,,,,,,no,confirmed,paper_text,
SID0330-R004,SID0330-G04,SID0330,TOTAL_MASS,mass,ug_per_mL,,,,,,,121.43,42.16,,,,,,,,,,,,no,confirmed,paper_text,
SID0330-R005,SID0330-G05,SID0330,TOTAL_MASS,mass,ug_per_mL,,,,,,,139.09,27.95,,,,,,,,,,,,no,confirmed,paper_text,
SID0330-R006,SID0330-G06,SID0330,TOTAL_MASS,mass,ug_per_mL,,,,,,,151.52,45.77,,,,,,,,,,,,no,confirmed,paper_text,
SID0330-R007,SID0330-G01,SID0330,PVC,mass,ug_per_mL,,,,,,,2.08,2.67,,,,,,,,,,,,no,confirmed,paper_text,
SID0330-R008,SID0330-G02,SID0330,PVC,mass,ug_per_mL,,,,,,,5.96,2.8,,,,,,,,,,,,no,confirmed,paper_text,
SID0330-R009,SID0330-G03,SID0330,PVC,mass,ug_per_mL,,,,,,,6.07,2.22,,,,,,,,,,,,no,confirmed,paper_text,
SID0330-R010,SID0330-G04,SID0330,PVC,mass,ug_per_mL,,,,,,,61.06,18.47,,,,,,,,,,,,no,confirmed,si_table,
SID0330-R011,SID0330-G05,SID0330,PVC,mass,ug_per_mL,,,,,,,69.65,18.16,,,,,,,,,,,,no,confirmed,si_table,
SID0330-R012,SID0330-G06,SID0330,PVC,mass,ug_per_mL,,,,,,,68.93,16.68,,,,,,,,,,,,no,confirmed,si_table,
SID0330-R013,SID0330-G01,SID0330,PA66,mass,ug_per_mL,,,,,,,0.81,0.92,,,,,,,,,,,,no,confirmed,paper_text,
SID0330-R014,SID0330-G02,SID0330,PA66,mass,ug_per_mL,,,,,,,3.85,2,,,,,,,,,,,,no,confirmed,paper_text,
SID0330-R015,SID0330-G03,SID0330,PA66,mass,ug_per_mL,,,,,,,4.24,2.6,,,,,,,,,,,,no,confirmed,paper_text,
SID0330-R016,SID0330-G04,SID0330,PA66,mass,ug_per_mL,,,,,,,27.22,7.99,,,,,,,,,,,,no,confirmed,si_table,
SID0330-R017,SID0330-G05,SID0330,PA66,mass,ug_per_mL,,,,,,,25.93,6.47,,,,,,,,,,,,no,confirmed,si_table,
SID0330-R018,SID0330-G06,SID0330,PA66,mass,ug_per_mL,,,,,,,31.06,10.36,,,,,,,,,,,,no,confirmed,si_table,
SID0330-R019,SID0330-G01,SID0330,PE,mass,ug_per_mL,,,,,,,2.25,2.67,,,,,,,,,,,,no,confirmed,si_table,
SID0330-R020,SID0330-G02,SID0330,PE,mass,ug_per_mL,,,,,,,1.47,1.11,,,,,,,,,,,,no,confirmed,si_table,
SID0330-R021,SID0330-G03,SID0330,PE,mass,ug_per_mL,,,,,,,1.99,1.91,,,,,,,,,,,,no,confirmed,si_table,
SID0330-R022,SID0330-G04,SID0330,PE,mass,ug_per_mL,,,,,,,21.29,13.19,,,,,,,,,,,,no,confirmed,si_table,
SID0330-R023,SID0330-G05,SID0330,PE,mass,ug_per_mL,,,,,,,30.59,13.51,,,,,,,,,,,,no,confirmed,si_table,
SID0330-R024,SID0330-G06,SID0330,PE,mass,ug_per_mL,,,,,,,35.22,16.1,,,,,,,,,,,,no,confirmed,si_table,
SID0330-R025,SID0330-G01,SID0330,PP,mass,ug_per_mL,,,,,,,1.52,1.07,,,,,,,,,,,,no,confirmed,si_table,
SID0330-R026,SID0330-G02,SID0330,PP,mass,ug_per_mL,,,,,,,1.25,1.07,,,,,,,,,,,,no,confirmed,si_table,
SID0330-R027,SID0330-G03,SID0330,PP,mass,ug_per_mL,,,,,,,1.83,1.24,,,,,,,,,,,,no,confirmed,si_table,
SID0330-R028,SID0330-G04,SID0330,PP,mass,ug_per_mL,,,,,,,7.36,3.9,,,,,,,,,,,,no,confirmed,si_table,
SID0330-R029,SID0330-G05,SID0330,PP,mass,ug_per_mL,,,,,,,7.03,2.92,,,,,,,,,,,,no,confirmed,si_table,
SID0330-R030,SID0330-G06,SID0330,PP,mass,ug_per_mL,,,,,,,10.98,6.33,,,,,,,,,,,,no,confirmed,si_table,
SID0330-R031,SID0330-G01,SID0330,PS,mass,ug_per_mL,,,,,,,0.94,0.52,,,,,,,,,,,,no,confirmed,si_table,
SID0330-R032,SID0330-G02,SID0330,PS,mass,ug_per_mL,,,,,,,0.96,1.01,,,,,,,,,,,,no,confirmed,si_table,
SID0330-R033,SID0330-G03,SID0330,PS,mass,ug_per_mL,,,,,,,1.33,1.08,,,,,,,,,,,,no,confirmed,si_table,
SID0330-R034,SID0330-G04,SID0330,PS,mass,ug_per_mL,,,,,,,4.5,1.13,,,,,,,,,,,,no,confirmed,si_table,
SID0330-R035,SID0330-G05,SID0330,PS,mass,ug_per_mL,,,,,,,5.89,3.62,,,,,,,,,,,,no,confirmed,si_table,
SID0330-R036,SID0330-G06,SID0330,PS,mass,ug_per_mL,,,,,,,5.32,0.88,,,,,,,,,,,,no,confirmed,si_table,
SID0330-R037,SID0330-G01,SID0330,TOTAL_MASS,mass,ug_per_mL,,,,6,6,,7.589,2.309,8.379,6.447,9.315,3.751,9.595,,,,,,,no,confirmed,computed,
SID0330-R038,SID0330-G01,SID0330,PVC,mass,ug_per_mL,,,,6,3,,2.078,2.673,1.077,0,3.376,0,6.533,,,,,,,no,confirmed,computed,
SID0330-R039,SID0330-G01,SID0330,PA66,mass,ug_per_mL,,,,6,3,,0.8051,0.918,0.5915,0,1.545,0,1.982,,,,,,,no,confirmed,computed,
SID0330-R040,SID0330-G01,SID0330,PE,mass,ug_per_mL,,,,6,4,,2.249,2.668,1.119,0.2298,4.551,0,5.629,,,,,,,no,confirmed,computed,
SID0330-R041,SID0330-G01,SID0330,PP,mass,ug_per_mL,,,,6,5,,1.517,1.073,1.644,0.837,2.425,0,2.561,,,,,,,no,confirmed,computed,
SID0330-R042,SID0330-G01,SID0330,PS,mass,ug_per_mL,,,,6,6,,0.9396,0.5181,1.168,0.6078,1.19,0.1738,1.51,,,,,,,no,confirmed,computed,
SID0330-R043,SID0330-G01,SID0330,PET,mass,ug_per_mL,,,,6,0,,,,,,,,,,,,,,,no,not_detected,paper_text,
SID0330-R044,SID0330-G01,SID0330,PMMA,mass,ug_per_mL,,,,6,0,,,,,,,,,,,,,,,no,not_detected,paper_text,
SID0330-R045,SID0330-G01,SID0330,PC,mass,ug_per_mL,,,,6,0,,,,,,,,,,,,,,,no,not_detected,paper_text,
SID0330-R046,SID0330-G01,SID0330,PA6,mass,ug_per_mL,,,,6,0,,,,,,,,,,,,,,,no,not_detected,paper_text,
SID0330-R047,SID0330-G01,SID0330,PLA,mass,ug_per_mL,,,,6,0,,,,,,,,,,,,,,,no,not_detected,paper_text,
SID0330-R048,SID0330-G01,SID0330,PBAT,mass,ug_per_mL,,,,6,0,,,,,,,,,,,,,,,no,not_detected,paper_text,
SID0330-R049,SID0330-G02,SID0330,TOTAL_MASS,mass,ug_per_mL,,,,7,7,,13.49,6.078,14.65,8.83,16.52,5.711,23.35,,,,,,,no,confirmed,computed,
SID0330-R050,SID0330-G02,SID0330,PVC,mass,ug_per_mL,,,,7,7,,5.96,2.801,5.694,4.144,8.035,1.983,9.683,,,,,,,no,confirmed,computed,
SID0330-R051,SID0330-G02,SID0330,PA66,mass,ug_per_mL,,,,7,7,,3.847,2.001,2.837,2.146,5.793,1.934,6.28,,,,,,,no,confirmed,computed,
SID0330-R052,SID0330-G02,SID0330,PE,mass,ug_per_mL,,,,7,6,,1.473,1.109,1.295,0.7275,2.165,0,3.23,,,,,,,no,confirmed,computed,
SID0330-R053,SID0330-G02,SID0330,PP,mass,ug_per_mL,,,,7,5,,1.254,1.068,1.146,0.3703,2.189,0,2.513,,,,,,,no,confirmed,computed,
SID0330-R054,SID0330-G02,SID0330,PS,mass,ug_per_mL,,,,7,7,,0.9559,1.012,0.5577,0.4907,0.7553,0.4111,3.231,,,,,,,no,confirmed,computed,
SID0330-R055,SID0330-G02,SID0330,PET,mass,ug_per_mL,,,,7,0,,,,,,,,,,,,,,,no,not_detected,paper_text,
SID0330-R056,SID0330-G02,SID0330,PMMA,mass,ug_per_mL,,,,7,0,,,,,,,,,,,,,,,no,not_detected,paper_text,
SID0330-R057,SID0330-G02,SID0330,PC,mass,ug_per_mL,,,,7,0,,,,,,,,,,,,,,,no,not_detected,paper_text,
SID0330-R058,SID0330-G02,SID0330,PA6,mass,ug_per_mL,,,,7,0,,,,,,,,,,,,,,,no,not_detected,paper_text,
SID0330-R059,SID0330-G02,SID0330,PLA,mass,ug_per_mL,,,,7,0,,,,,,,,,,,,,,,no,not_detected,paper_text,
SID0330-R060,SID0330-G02,SID0330,PBAT,mass,ug_per_mL,,,,7,0,,,,,,,,,,,,,,,no,not_detected,paper_text,
SID0330-R061,SID0330-G03,SID0330,TOTAL_MASS,mass,ug_per_mL,,,,7,7,,16.09,7.589,18.34,9.41,20.77,7.122,26.84,,,,,,,no,confirmed,computed,
SID0330-R062,SID0330-G03,SID0330,PVC,mass,ug_per_mL,,,,7,7,,6.7,2.218,7.649,4.925,8.312,3.668,9.107,,,,,,,no,confirmed,computed,
SID0330-R063,SID0330-G03,SID0330,PA66,mass,ug_per_mL,,,,7,7,,4.238,2.6,5.289,1.918,6.131,0.971,7.311,,,,,,,no,confirmed,computed,
SID0330-R064,SID0330-G03,SID0330,PE,mass,ug_per_mL,,,,7,5,,1.994,1.909,1.784,0.5476,2.988,0,5.1,,,,,,,no,confirmed,computed,
SID0330-R065,SID0330-G03,SID0330,PP,mass,ug_per_mL,,,,7,6,,1.831,1.242,1.668,1.204,2.469,0,3.801,,,,,,,no,confirmed,computed,
SID0330-R066,SID0330-G03,SID0330,PS,mass,ug_per_mL,,,,7,7,,1.332,1.079,1.099,0.5476,1.813,0.1917,3.311,,,,,,,no,confirmed,computed,
SID0330-R067,SID0330-G03,SID0330,PET,mass,ug_per_mL,,,,7,0,,,,,,,,,,,,,,,no,not_detected,paper_text,
SID0330-R068,SID0330-G03,SID0330,PMMA,mass,ug_per_mL,,,,7,0,,,,,,,,,,,,,,,no,not_detected,paper_text,
SID0330-R069,SID0330-G03,SID0330,PC,mass,ug_per_mL,,,,7,0,,,,,,,,,,,,,,,no,not_detected,paper_text,
SID0330-R070,SID0330-G03,SID0330,PA6,mass,ug_per_mL,,,,7,0,,,,,,,,,,,,,,,no,not_detected,paper_text,
SID0330-R071,SID0330-G03,SID0330,PLA,mass,ug_per_mL,,,,7,0,,,,,,,,,,,,,,,no,not_detected,paper_text,
SID0330-R072,SID0330-G03,SID0330,PBAT,mass,ug_per_mL,,,,7,0,,,,,,,,,,,,,,,no,not_detected,paper_text,
SID0330-R073,SID0330-G04,SID0330,TOTAL_MASS,mass,ug_per_mL,,,,6,6,,121.4,42.16,132.5,88.4,156.5,64.28,161,,,,,,,no,confirmed,computed,
SID0330-R074,SID0330-G04,SID0330,PVC,mass,ug_per_mL,,,,6,6,,61.06,18.47,63.48,47.97,73.91,36.06,83.13,,,,,,,no,confirmed,computed,
SID0330-R075,SID0330-G04,SID0330,PA66,mass,ug_per_mL,,,,6,6,,27.22,7.989,31,20.59,31.59,17,35.42,,,,,,,no,confirmed,computed,
SID0330-R076,SID0330-G04,SID0330,PE,mass,ug_per_mL,,,,6,6,,21.28,13.19,22.9,10.85,29.43,4.714,38.74,,,,,,,no,confirmed,computed,
SID0330-R077,SID0330-G04,SID0330,PP,mass,ug_per_mL,,,,6,6,,7.362,3.903,6.03,4.68,9.251,3.696,13.86,,,,,,,no,confirmed,computed,
SID0330-R078,SID0330-G04,SID0330,PS,mass,ug_per_mL,,,,6,6,,4.505,1.134,4.591,3.853,5.446,2.807,5.7,,,,,,,no,confirmed,computed,
SID0330-R079,SID0330-G04,SID0330,PET,mass,ug_per_mL,,,,6,0,,,,,,,,,,,,,,,no,not_detected,paper_text,
SID0330-R080,SID0330-G04,SID0330,PMMA,mass,ug_per_mL,,,,6,0,,,,,,,,,,,,,,,no,not_detected,paper_text,
SID0330-R081,SID0330-G04,SID0330,PC,mass,ug_per_mL,,,,6,0,,,,,,,,,,,,,,,no,not_detected,paper_text,
SID0330-R082,SID0330-G04,SID0330,PA6,mass,ug_per_mL,,,,6,0,,,,,,,,,,,,,,,no,not_detected,paper_text,
SID0330-R083,SID0330-G04,SID0330,PLA,mass,ug_per_mL,,,,6,0,,,,,,,,,,,,,,,no,not_detected,paper_text,
SID0330-R084,SID0330-G04,SID0330,PBAT,mass,ug_per_mL,,,,6,0,,,,,,,,,,,,,,,no,not_detected,paper_text,
SID0330-R085,SID0330-G05,SID0330,TOTAL_MASS,mass,ug_per_mL,,,,7,7,,139.1,27.95,135.4,133.8,153.6,87.04,176.4,,,,,,,no,confirmed,computed,
SID0330-R086,SID0330-G05,SID0330,PVC,mass,ug_per_mL,,,,7,7,,69.65,18.16,74.77,61.95,78.01,39.83,93.05,,,,,,,no,confirmed,computed,
SID0330-R087,SID0330-G05,SID0330,PA66,mass,ug_per_mL,,,,7,7,,25.93,6.464,26.03,21.72,29.74,17.22,35.31,,,,,,,no,confirmed,computed,
SID0330-R088,SID0330-G05,SID0330,PE,mass,ug_per_mL,,,,7,7,,30.59,13.5,30.83,23.27,38.74,9.093,50.19,,,,,,,no,confirmed,computed,
SID0330-R089,SID0330-G05,SID0330,PP,mass,ug_per_mL,,,,7,7,,7.03,2.919,6.733,4.314,9.849,3.903,10.25,,,,,,,no,confirmed,computed,
SID0330-R090,SID0330-G05,SID0330,PS,mass,ug_per_mL,,,,7,7,,5.887,3.623,4.745,4.454,5.121,3.336,13.98,,,,,,,no,confirmed,computed,
SID0330-R091,SID0330-G05,SID0330,PET,mass,ug_per_mL,,,,7,0,,,,,,,,,,,,,,,no,not_detected,paper_text,
SID0330-R092,SID0330-G05,SID0330,PMMA,mass,ug_per_mL,,,,7,0,,,,,,,,,,,,,,,no,not_detected,paper_text,
SID0330-R093,SID0330-G05,SID0330,PC,mass,ug_per_mL,,,,7,0,,,,,,,,,,,,,,,no,not_detected,paper_text,
SID0330-R094,SID0330-G05,SID0330,PA6,mass,ug_per_mL,,,,7,0,,,,,,,,,,,,,,,no,not_detected,paper_text,
SID0330-R095,SID0330-G05,SID0330,PLA,mass,ug_per_mL,,,,7,0,,,,,,,,,,,,,,,no,not_detected,paper_text,
SID0330-R096,SID0330-G05,SID0330,PBAT,mass,ug_per_mL,,,,7,0,,,,,,,,,,,,,,,no,not_detected,paper_text,
SID0330-R097,SID0330-G06,SID0330,TOTAL_MASS,mass,ug_per_mL,,,,7,7,,151.5,45.77,158.2,117.8,173.5,94.46,225.4,,,,,,,no,confirmed,computed,
SID0330-R098,SID0330-G06,SID0330,PVC,mass,ug_per_mL,,,,7,7,,68.93,16.68,73.41,58.6,78.3,44.35,90.99,,,,,,,no,confirmed,computed,
SID0330-R099,SID0330-G06,SID0330,PA66,mass,ug_per_mL,,,,7,7,,31.06,10.36,29.31,24.04,34.45,20.6,50.5,,,,,,,no,confirmed,computed,
SID0330-R100,SID0330-G06,SID0330,PE,mass,ug_per_mL,,,,7,7,,35.22,16.1,28.56,22.89,45.06,19.39,62.7,,,,,,,no,confirmed,computed,
SID0330-R101,SID0330-G06,SID0330,PP,mass,ug_per_mL,,,,7,7,,10.98,6.332,7.578,6.179,14.25,5.872,22.57,,,,,,,no,confirmed,computed,
SID0330-R102,SID0330-G06,SID0330,PS,mass,ug_per_mL,,,,7,7,,5.322,0.8834,5,4.844,6.051,4.007,6.456,,,,,,,no,confirmed,computed,
SID0330-R103,SID0330-G06,SID0330,PET,mass,ug_per_mL,,,,7,0,,,,,,,,,,,,,,,no,not_detected,paper_text,
SID0330-R104,SID0330-G06,SID0330,PMMA,mass,ug_per_mL,,,,7,0,,,,,,,,,,,,,,,no,not_detected,paper_text,
SID0330-R105,SID0330-G06,SID0330,PC,mass,ug_per_mL,,,,7,0,,,,,,,,,,,,,,,no,not_detected,paper_text,
SID0330-R106,SID0330-G06,SID0330,PA6,mass,ug_per_mL,,,,7,0,,,,,,,,,,,,,,,no,not_detected,paper_text,
SID0330-R107,SID0330-G06,SID0330,PLA,mass,ug_per_mL,,,,7,0,,,,,,,,,,,,,,,no,not_detected,paper_text,
SID0330-R108,SID0330-G06,SID0330,PBAT,mass,ug_per_mL,,,,7,0,,,,,,,,,,,,,,,no,not_detected,paper_text,
SID0332-R001,SID0332-G01,SID0332,PS,mass,ug_per_g,,,,28,28,,0.1807,0.09888,0.1562,0.122,0.1942,0.087,0.5493,,,,,,,no,confirmed,computed,
SID0332-R002,SID0332-G01,SID0332,PE,mass,ug_per_g,,,,26,26,,1.904,1.397,1.092,0.9719,2.232,0.9074,5.543,,,,,,,no,confirmed,computed,
SID0332-R003,SID0332-G01,SID0332,PP,mass,ug_per_g,,,,28,28,,0.6161,0.7361,0.3438,0.2385,0.6613,0.1319,3.799,,,,,,,no,confirmed,computed,
SID0332-R004,SID0332-G01,SID0332,PVC,mass,ug_per_g,,,,17,17,,1.555,1.226,1.527,0.3187,1.906,0.1221,5.024,,,,,,,no,confirmed,computed,
SID0332-R005,SID0332-G01,SID0332,TOTAL_MASS,mass,ug_per_g,,,,28,28,,3.509,2.052,3.297,2.197,4.199,0.3653,10.07,,,,,,,no,confirmed,computed,
SID0332-R006,SID0332-G01,SID0332,PS,detection,pct_of_samples,,,,28,28,100,,,,,,,,,,,,,,,confirmed,paper_text,
SID0332-R007,SID0332-G01,SID0332,PP,detection,pct_of_samples,,,,28,28,100,,,,,,,,,,,,,,,confirmed,paper_text,
SID0332-R008,SID0332-G01,SID0332,PE,detection,pct_of_samples,,,,28,26,92.9,,,,,,,,,,,,,,,confirmed,paper_text,
SID0332-R009,SID0332-G01,SID0332,PVC,detection,pct_of_samples,,,,28,17,60.7,,,,,,,,,,,,,,,confirmed,paper_text,
SID0332-R010,SID0332-G01,SID0332,PMMA,detection,pct_of_samples,,,,28,0,0,,,,,,,,,,,,,,,not_detected,paper_text,
SID0332-R011,SID0332-G01,SID0332,PC,detection,pct_of_samples,,,,28,0,0,,,,,,,,,,,,,,,not_detected,paper_text,
SID0332-R012,SID0332-G01,SID0332,PET,detection,pct_of_samples,,,,28,0,0,,,,,,,,,,,,,,,not_detected,paper_text,
SID0332-R013,SID0332-G01,SID0332,PA6,detection,pct_of_samples,,,,28,0,0,,,,,,,,,,,,,,,not_detected,paper_text,
SID0332-R014,SID0332-G01,SID0332,PA66,detection,pct_of_samples,,,,28,0,0,,,,,,,,,,,,,,,not_detected,paper_text,
SID0332-R015,SID0332-G01,SID0332,PLA,detection,pct_of_samples,,,,28,0,0,,,,,,,,,,,,,,,not_detected,paper_text,
SID0332-R016,SID0332-G01,SID0332,PBAT,detection,pct_of_samples,,,,28,0,0,,,,,,,,,,,,,,,not_detected,paper_text,
SID0333-R001,SID0333-G01,SID0333,TOTAL_COUNT,count,particles_per_g,,,,8,7,,2.13,1.17,2,,,,,,,,,,,no,confirmed,paper_text,
SID0333-R002,SID0333-G01,SID0333,TOTAL_COUNT,count,particles_per_g,,,,8,,,2.13,1.17,,,,,,,,,,,,yes,confirmed,paper_text,
SID0333-R003,SID0333-G02,SID0333,TOTAL_COUNT,count,particles_per_g,,,,8,5,,0.88,0.78,1,,,,,,,,,,,no,confirmed,paper_text,
SID0333-R004,SID0333-G02,SID0333,TOTAL_COUNT,count,particles_per_g,,,,8,,,0.75,0.83,,,,,,,,,,,,yes,confirmed,paper_text,
SID0333-R005,SID0333-G03,SID0333,TOTAL_COUNT,count,particles_per_g,,,,40,30,75,2.63,1.77,,,,,,,,,,,,no,confirmed,paper_text,
SID0333-R006,SID0333-G03,SID0333,TOTAL_COUNT,count,particles_per_g,,,,40,,,2.5,1.66,,,,,,,,,,,,yes,confirmed,paper_text,
SID0333-R007,SID0333-G04,SID0333,TOTAL_COUNT,count,particles_per_g,,,,40,26,65,1.08,0.93,,,,,,,,,,,,no,confirmed,paper_text,
SID0333-R008,SID0333-G04,SID0333,TOTAL_COUNT,count,particles_per_g,,,,40,,,1.05,0.92,,,,,,,,,,,,yes,confirmed,paper_text,
SID0333-R009,SID0333-G03,SID0333,TOTAL_COUNT,detection,pct_of_samples,,,,40,30,75,,,,,,,,,,,,,,,confirmed,paper_text,
SID0333-R010,SID0333-G04,SID0333,TOTAL_COUNT,detection,pct_of_samples,,,,40,26,65,,,,,,,,,,,,,,,confirmed,paper_text,
SID0333-R011,SID0333-G03,SID0333,PE,count,pct_of_particles,,,,,,,31.4,,,,,,,,,,,,,,confirmed,paper_text,
SID0333-R012,SID0333-G03,SID0333,PP,count,pct_of_particles,,,,,,,18.1,,,,,,,,,,,,,,confirmed,paper_text,
SID0333-R013,SID0333-G03,SID0333,EPM,count,pct_of_particles,,,,,,,15.2,,,,,,,,,,,,,,confirmed,paper_text,
SID0333-R014,SID0333-G04,SID0333,PE,count,pct_of_particles,,,,,,,30.2,,,,,,,,,,,,,,confirmed,paper_text,
SID0333-R015,SID0333-G04,SID0333,PP,count,pct_of_particles,,,,,,,20.9,,,,,,,,,,,,,,confirmed,paper_text,
SID0333-R016,SID0333-G04,SID0333,EPM,count,pct_of_particles,,,,,,,18.6,,,,,,,,,,,,,,confirmed,paper_text,
SID0333-R017,SID0333-G01,SID0333,TOTAL_COUNT,count,particles_per_g,,,,8,7,,2.052,1.397,1.961,0.9663,3.137,0,3.846,,,,,,,no,confirmed,computed,
SID0333-R018,SID0333-G01,SID0333,PE,count,particles_per_g,,,,8,6,,1.091,0.8106,0.9757,0.7143,1.928,0,1.961,,,,,,,no,confirmed,computed,
SID0333-R019,SID0333-G01,SID0333,PP,count,particles_per_g,,,,8,3,,0.3618,0.4994,0,0,0.9547,0,0.9804,,,,,,,no,confirmed,computed,
SID0333-R020,SID0333-G01,SID0333,EPM,count,particles_per_g,,,,8,3,,0.3606,0.4977,0,0,0.9547,0,0.9709,,,,,,,no,confirmed,computed,
SID0333-R021,SID0333-G01,SID0333,EVA,count,particles_per_g,,,,8,1,,0.1191,0.3367,0,0,0,0,0.9524,,,,,,,no,confirmed,computed,
SID0333-R022,SID0333-G01,SID0333,PA,count,particles_per_g,,,,8,1,,0.1191,0.3367,0,0,0,0,0.9524,,,,,,,no,confirmed,computed,
SID0333-R023,SID0333-G02,SID0333,TOTAL_COUNT,count,particles_per_g,,,,8,5,,0.8359,0.7925,0.9571,0,1.203,0,1.923,,,,,,,no,confirmed,computed,
SID0333-R024,SID0333-G02,SID0333,PE,count,particles_per_g,,,,8,3,,0.3595,0.4962,0,0,0.9479,0,0.9709,,,,,,,no,confirmed,computed,
SID0333-R025,SID0333-G02,SID0333,PP,count,particles_per_g,,,,8,2,,0.237,0.4389,0,0,0.2336,0,0.9615,,,,,,,no,confirmed,computed,
SID0333-R026,SID0333-G02,SID0333,EPM,count,particles_per_g,,,,8,1,,0.1168,0.3304,0,0,0,0,0.9346,,,,,,,no,confirmed,computed,
SID0333-R027,SID0333-G02,SID0333,ABS,count,particles_per_g,,,,8,1,,0.1226,0.3466,0,0,0,0,0.9804,,,,,,,no,confirmed,computed,
SID0334-R001,SID0334-G01,SID0334,TOTAL_COUNT,count,particles_per_g,,,,40,30,75,2.63,1.77,,,,,,,,,,,,no,confirmed,paper_text,
SID0334-R002,SID0334-G01,SID0334,TOTAL_COUNT,count,particles_per_g,,,,40,,,2.52,1.67,,,,,,,,,,,,yes,confirmed,si_text,
SID0334-R003,SID0334-G01,SID0334,TOTAL_COUNT,detection,pct_of_samples,,,,40,30,75,,,,,,,,,,,,,,,confirmed,paper_text,
SID0334-R004,SID0334-G02,SID0334,TOTAL_COUNT,count,particles_per_g,,,,40,26,65,1.08,0.93,,,,,,,,,,,,no,confirmed,paper_text,
SID0334-R005,SID0334-G02,SID0334,TOTAL_COUNT,count,particles_per_g,,,,40,,,1.05,0.92,,,,,,,,,,,,yes,confirmed,si_text,
SID0334-R006,SID0334-G02,SID0334,TOTAL_COUNT,detection,pct_of_samples,,,,40,26,65,,,,,,,,,,,,,,,confirmed,paper_text,
SID0334-R007,SID0334-G03,SID0334,TOTAL_COUNT,count,particles_per_g,,,,40,33,82.5,3.25,1.98,,,,,,,,,,,,no,confirmed,paper_text,
SID0334-R008,SID0334-G03,SID0334,TOTAL_COUNT,count,particles_per_g,,,,40,,,3.15,1.93,,,,,,,,,,,,yes,confirmed,si_text,
SID0334-R009,SID0334-G03,SID0334,TOTAL_COUNT,detection,pct_of_samples,,,,40,33,82.5,,,,,,,,,,,,,,,confirmed,paper_text,
SID0334-R010,SID0334-G04,SID0334,TOTAL_COUNT,count,particles_per_g,,,,40,27,67.5,1.4,1.18,,,,,,,,,,,,no,confirmed,paper_text,
SID0334-R011,SID0334-G04,SID0334,TOTAL_COUNT,count,particles_per_g,,,,40,,,1.38,1.16,,,,,,,,,,,,yes,confirmed,si_text,
SID0334-R012,SID0334-G04,SID0334,TOTAL_COUNT,detection,pct_of_samples,,,,40,27,67.5,,,,,,,,,,,,,,,confirmed,paper_text,
SID0334-R013,SID0334-G01,SID0334,PE,count,particles_per_g,,,,40,,,0.83,0.74,,,,,,,,,,,,no,confirmed,si_table,
SID0334-R014,SID0334-G02,SID0334,PE,count,particles_per_g,,,,40,,,0.33,0.52,,,,,,,,,,,,no,confirmed,si_table,
SID0334-R015,SID0334-G03,SID0334,PE,count,particles_per_g,,,,40,,,0.88,0.68,,,,,,,,,,,,no,confirmed,si_table,
SID0334-R016,SID0334-G04,SID0334,PE,count,particles_per_g,,,,40,,,0.33,0.47,,,,,,,,,,,,no,confirmed,si_table,
SID0334-R017,SID0334-G01,SID0334,PP,count,particles_per_g,,,,40,,,0.48,0.55,,,,,,,,,,,,no,confirmed,si_table,
SID0334-R018,SID0334-G02,SID0334,PP,count,particles_per_g,,,,40,,,0.23,0.42,,,,,,,,,,,,no,confirmed,si_table,
SID0334-R019,SID0334-G03,SID0334,PP,count,particles_per_g,,,,40,,,0.58,0.63,,,,,,,,,,,,no,confirmed,si_table,
SID0334-R020,SID0334-G04,SID0334,PP,count,particles_per_g,,,,40,,,0.28,0.45,,,,,,,,,,,,no,confirmed,si_table,
SID0334-R021,SID0334-G01,SID0334,EPM,count,particles_per_g,,,,40,,,0.4,0.58,,,,,,,,,,,,no,confirmed,si_table,
SID0334-R022,SID0334-G02,SID0334,EPM,count,particles_per_g,,,,40,,,0.2,0.4,,,,,,,,,,,,no,confirmed,si_table,
SID0334-R023,SID0334-G03,SID0334,EPM,count,particles_per_g,,,,40,,,0.43,0.59,,,,,,,,,,,,no,confirmed,si_table,
SID0334-R024,SID0334-G04,SID0334,EPM,count,particles_per_g,,,,40,,,0.13,0.33,,,,,,,,,,,,no,confirmed,si_table,
SID0334-R025,SID0334-G01,SID0334,PS,count,particles_per_g,,,,40,,,0.2,0.4,,,,,,,,,,,,no,confirmed,si_table,
SID0334-R026,SID0334-G02,SID0334,PS,count,particles_per_g,,,,40,,,0.08,0.26,,,,,,,,,,,,no,confirmed,si_table,
SID0334-R027,SID0334-G03,SID0334,PS,count,particles_per_g,,,,40,,,0.35,0.48,,,,,,,,,,,,no,confirmed,si_table,
SID0334-R028,SID0334-G04,SID0334,PS,count,particles_per_g,,,,40,,,0.18,0.38,,,,,,,,,,,,no,confirmed,si_table,
SID0334-R029,SID0334-G01,SID0334,PA,count,particles_per_g,,,,40,,,0.13,0.33,,,,,,,,,,,,no,confirmed,si_table,
SID0334-R030,SID0334-G02,SID0334,PA,count,particles_per_g,,,,40,,,0.1,0.3,,,,,,,,,,,,no,confirmed,si_table,
SID0334-R031,SID0334-G03,SID0334,PA,count,particles_per_g,,,,40,,,0.23,0.42,,,,,,,,,,,,no,confirmed,si_table,
SID0334-R032,SID0334-G04,SID0334,PA,count,particles_per_g,,,,40,,,0.13,0.33,,,,,,,,,,,,no,confirmed,si_table,
SID0334-R033,SID0334-G01,SID0334,PE,detection,pct_of_samples,,,,40,25,62.5,,,,,,,,,,,,,,,confirmed,si_table,
SID0334-R034,SID0334-G02,SID0334,PE,detection,pct_of_samples,,,,40,12,30,,,,,,,,,,,,,,,confirmed,si_table,
SID0334-R035,SID0334-G04,SID0334,PE,detection,pct_of_samples,,,,40,13,32.5,,,,,,,,,,,,,,,confirmed,si_table,
SID0334-R036,SID0334-G01,SID0334,PP,detection,pct_of_samples,,,,40,18,45,,,,,,,,,,,,,,,confirmed,si_table,
SID0334-R037,SID0334-G02,SID0334,PP,detection,pct_of_samples,,,,40,9,22.5,,,,,,,,,,,,,,,confirmed,si_table,
SID0334-R038,SID0334-G04,SID0334,PP,detection,pct_of_samples,,,,40,11,27.5,,,,,,,,,,,,,,,confirmed,si_table,
SID0334-R039,SID0334-G01,SID0334,EPM,detection,pct_of_samples,,,,40,14,35,,,,,,,,,,,,,,,confirmed,si_table,
SID0334-R040,SID0334-G02,SID0334,EPM,detection,pct_of_samples,,,,40,8,20,,,,,,,,,,,,,,,confirmed,si_table,
SID0334-R041,SID0334-G04,SID0334,EPM,detection,pct_of_samples,,,,40,5,12.5,,,,,,,,,,,,,,,confirmed,si_table,
SID0334-R042,SID0334-G01,SID0334,PS,detection,pct_of_samples,,,,40,8,20,,,,,,,,,,,,,,,confirmed,si_table,
SID0334-R043,SID0334-G02,SID0334,PS,detection,pct_of_samples,,,,40,3,7.5,,,,,,,,,,,,,,,confirmed,si_table,
SID0334-R044,SID0334-G04,SID0334,PS,detection,pct_of_samples,,,,40,7,17.5,,,,,,,,,,,,,,,confirmed,si_table,
SID0334-R045,SID0334-G01,SID0334,PA,detection,pct_of_samples,,,,40,5,12.5,,,,,,,,,,,,,,,confirmed,si_table,
SID0334-R046,SID0334-G02,SID0334,PA,detection,pct_of_samples,,,,40,4,10,,,,,,,,,,,,,,,confirmed,si_table,
SID0334-R047,SID0334-G04,SID0334,PA,detection,pct_of_samples,,,,40,5,12.5,,,,,,,,,,,,,,,confirmed,si_table,
SID0334-R048,SID0334-G01,SID0334,PE,count,pct_of_particles,,,,,,,31.43,,,,,,,,,,,,,,confirmed,paper_text,
SID0334-R049,SID0334-G01,SID0334,PP,count,pct_of_particles,,,,,,,18.1,,,,,,,,,,,,,,confirmed,paper_text,
SID0334-R050,SID0334-G01,SID0334,EPM,count,pct_of_particles,,,,,,,15.24,,,,,,,,,,,,,,confirmed,paper_text,
SID0334-R051,SID0334-G01,SID0334,PS,count,pct_of_particles,,,,,,,7.62,,,,,,,,,,,,,,confirmed,paper_text,
SID0334-R052,SID0334-G01,SID0334,PA,count,pct_of_particles,,,,,,,4.76,,,,,,,,,,,,,,confirmed,paper_text,
SID0334-R053,SID0334-G02,SID0334,PE,count,pct_of_particles,,,,,,,30.23,,,,,,,,,,,,,,confirmed,paper_text,
SID0334-R054,SID0334-G02,SID0334,PP,count,pct_of_particles,,,,,,,20.93,,,,,,,,,,,,,,confirmed,paper_text,
SID0334-R055,SID0334-G02,SID0334,EPM,count,pct_of_particles,,,,,,,18.6,,,,,,,,,,,,,,confirmed,paper_text,
SID0334-R056,SID0334-G02,SID0334,PS,count,pct_of_particles,,,,,,,6.98,,,,,,,,,,,,,,confirmed,paper_text,
SID0334-R057,SID0334-G02,SID0334,PA,count,pct_of_particles,,,,,,,9.3,,,,,,,,,,,,,,confirmed,paper_text,
SID0334-R058,SID0334-G03,SID0334,PE,count,pct_of_particles,,,,,,,26.92,,,,,,,,,,,,,,confirmed,paper_text,
SID0334-R059,SID0334-G03,SID0334,PP,count,pct_of_particles,,,,,,,17.69,,,,,,,,,,,,,,confirmed,paper_text,
SID0334-R060,SID0334-G03,SID0334,EPM,count,pct_of_particles,,,,,,,13.08,,,,,,,,,,,,,,confirmed,paper_text,
SID0334-R061,SID0334-G03,SID0334,PS,count,pct_of_particles,,,,,,,10.77,,,,,,,,,,,,,,confirmed,paper_text,
SID0334-R062,SID0334-G03,SID0334,PA,count,pct_of_particles,,,,,,,6.92,,,,,,,,,,,,,,confirmed,paper_text,
SID0334-R063,SID0334-G04,SID0334,PE,count,pct_of_particles,,,,,,,23.21,,,,,,,,,,,,,,confirmed,paper_text,
SID0334-R064,SID0334-G04,SID0334,PP,count,pct_of_particles,,,,,,,19.64,,,,,,,,,,,,,,confirmed,paper_text,
SID0334-R065,SID0334-G04,SID0334,PS,count,pct_of_particles,,,,,,,12.5,,,,,,,,,,,,,,confirmed,paper_text,
SID0334-R066,SID0334-G04,SID0334,EPM,count,pct_of_particles,,,,,,,8.93,,,,,,,,,,,,,,confirmed,paper_text,
SID0334-R067,SID0334-G04,SID0334,PA,count,pct_of_particles,,,,,,,8.93,,,,,,,,,,,,,,confirmed,paper_text,
SID0334-R068,SID0334-G04,SID0334,PVC,count,pct_of_particles,,,,,,,8.93,,,,,,,,,,,,,,confirmed,paper_text,
SID0334-R069,SID0334-G04,SID0334,PU,count,pct_of_particles,,,,,,,7.14,,,,,,,,,,,,,,confirmed,paper_text,
SID0334-R070,SID0334-G04,SID0334,EVA,count,pct_of_particles,,,,,,,5.36,,,,,,,,,,,,,,confirmed,paper_text,
SID0334-R071,SID0334-G04,SID0334,PET,count,pct_of_particles,,,,,,,5.36,,,,,,,,,,,,,,confirmed,paper_text,
SID0335-R001,SID0335-G01,SID0335,TOTAL_COUNT,count,particles_per_g,,,,40,32,80,2.01,4.19,,,,0,15.63,,,,,,,no,confirmed,paper_table,
SID0335-R002,SID0335-G01,SID0335,TOTAL_COUNT,count,particles_per_g,,,,40,32,,2.012,4.193,0.265,0.065,0.9675,0,15.63,,,,,,,no,confirmed,computed,
SID0335-R003,SID0335-G01,SID0335,TOTAL_COUNT,detection,pct_of_samples,,,,40,32,80,,,,,,,,,,,,,,,confirmed,paper_text,
SID0335-R004,SID0335-G01,SID0335,PE,count,particles_per_g,,,,40,,,0.78,2.61,,,,0,14.55,,,,,,,no,confirmed,paper_table,
SID0335-R005,SID0335-G01,SID0335,PE,count,particles_per_g,,,,,,,,,,,,,,,,,,,,no,confirmed,computed,
SID0335-R006,SID0335-G01,SID0335,PE,count,pct_of_particles,,,,,,,38.8,,,,,,,,,,,,,,confirmed,paper_table,
SID0335-R007,SID0335-G01,SID0335,PE-CL,count,particles_per_g,,,,40,,,0.54,1.53,,,,0,6.76,,,,,,,no,confirmed,paper_table,
SID0335-R008,SID0335-G01,SID0335,PE-CL,count,particles_per_g,,,,,,,,,,,,,,,,,,,,no,confirmed,computed,
SID0335-R009,SID0335-G01,SID0335,PE-CL,count,pct_of_particles,,,,,,,26.98,,,,,,,,,,,,,,confirmed,paper_table,
SID0335-R010,SID0335-G01,SID0335,PA,count,particles_per_g,,,,40,,,0.44,1.67,,,,0,10.39,,,,,,,no,confirmed,paper_table,
SID0335-R011,SID0335-G01,SID0335,PA,count,particles_per_g,,,,,,,,,,,,,,,,,,,,no,confirmed,computed,
SID0335-R012,SID0335-G01,SID0335,PA,count,pct_of_particles,,,,,,,22.09,,,,,,,,,,,,,,confirmed,paper_table,
SID0335-R013,SID0335-G01,SID0335,PU,count,particles_per_g,,,,40,,,0.08,0.24,,,,0,1.04,,,,,,,no,confirmed,paper_table,
SID0335-R014,SID0335-G01,SID0335,PU,count,particles_per_g,,,,,,,,,,,,,,,,,,,,no,confirmed,computed,
SID0335-R015,SID0335-G01,SID0335,PU,count,pct_of_particles,,,,,,,4.15,,,,,,,,,,,,,,confirmed,paper_table,
SID0335-R016,SID0335-G01,SID0335,PP,count,particles_per_g,,,,40,,,0.08,0.19,,,,0,0.78,,,,,,,no,confirmed,paper_table,
SID0335-R017,SID0335-G01,SID0335,PP,count,particles_per_g,,,,,,,,,,,,,,,,,,,,no,confirmed,computed,
SID0335-R018,SID0335-G01,SID0335,PP,count,pct_of_particles,,,,,,,3.74,,,,,,,,,,,,,,confirmed,paper_table,
SID0335-R019,SID0335-G01,SID0335,EVA,count,particles_per_g,,,,40,,,0.04,0.14,,,,0,0.66,,,,,,,no,confirmed,paper_table,
SID0335-R020,SID0335-G01,SID0335,EVA,count,particles_per_g,,,,,,,,,,,,,,,,,,,,no,confirmed,computed,
SID0335-R021,SID0335-G01,SID0335,EVA,count,pct_of_particles,,,,,,,2.11,,,,,,,,,,,,,,confirmed,paper_table,
SID0335-R022,SID0335-G01,SID0335,SBS,count,particles_per_g,,,,40,,,0.02,0.11,,,,0,0.66,,,,,,,no,confirmed,paper_table,
SID0335-R023,SID0335-G01,SID0335,SBS,count,particles_per_g,,,,,,,,,,,,,,,,,,,,no,confirmed,computed,
SID0335-R024,SID0335-G01,SID0335,SBS,count,pct_of_particles,,,,,,,1.22,,,,,,,,,,,,,,confirmed,paper_table,
SID0335-R025,SID0335-G01,SID0335,PET,count,particles_per_g,,,,40,,,0.01,0.05,,,,0,0.27,,,,,,,no,confirmed,paper_table,
SID0335-R026,SID0335-G01,SID0335,PET,count,particles_per_g,,,,,,,,,,,,,,,,,,,,no,confirmed,computed,
SID0335-R027,SID0335-G01,SID0335,PET,count,pct_of_particles,,,,,,,0.55,,,,,,,,,,,,,,confirmed,paper_table,
SID0335-R028,SID0335-G01,SID0335,PVC,count,particles_per_g,,,,40,,,0.01,0.03,,,,0,0.15,,,,,,,no,confirmed,paper_table,
SID0335-R029,SID0335-G01,SID0335,PVC,count,particles_per_g,,,,,,,,,,,,,,,,,,,,no,confirmed,computed,
SID0335-R030,SID0335-G01,SID0335,PVC,count,pct_of_particles,,,,,,,0.36,,,,,,,,,,,,,,confirmed,paper_table,
SID0335-R031,SID0335-G01,SID0335,TOTAL_COUNT,count,pct_of_particles,,20-100,,,,,87.56,,,,,,,,,,,,,,confirmed,paper_text,
SID0335-R032,SID0335-G01,SID0335,TOTAL_COUNT,count,pct_of_particles,,100-200,,,,,9.73,,,,,,,,,,,,,,confirmed,paper_text,
SID0335-R033,SID0335-G01,SID0335,TOTAL_COUNT,count,pct_of_particles,,>200,,,,,2.7,,,,,,,,,,,,,,confirmed,paper_text,
SID0335-R034,SID0335-G01,SID0335,TOTAL_COUNT,count,pct_of_particles,,,fragment,,,,71.23,,,,,,,,,,,,,,confirmed,paper_text,
SID0335-R035,SID0335-G01,SID0335,TOTAL_COUNT,count,pct_of_particles,,,fiber,,,,16.57,,,,,,,,,,,,,,confirmed,paper_text,
SID0335-R036,SID0335-G01,SID0335,TOTAL_COUNT,count,pct_of_particles,,,sphere,,,,9.71,,,,,,,,,,,,,,confirmed,paper_text,
SID0335-R037,SID0335-G01,SID0335,TOTAL_COUNT,count,pct_of_particles,,,film,,,,2.49,,,,,,,,,,,,,,confirmed,paper_text,
SID0336-R001,SID0336-G01,SID0336,TOTAL_COUNT,count,particles_per_g,wet,,,6,4,,13100,30580,695,155.5,1475,0,75500,,,,,,,,confirmed,computed,
SID0336-R002,SID0336-G01,SID0336,PP,count,particles_per_g,wet,,,6,0,,0,0,0,0,0,0,0,,,,,,,,not_detected,computed,
SID0336-R003,SID0336-G01,SID0336,PET,count,particles_per_g,wet,,,6,4,,12580,30150,231.5,51.75,748.8,0,74120,,,,,,,,confirmed,computed,
SID0336-R004,SID0336-G01,SID0336,PS,count,particles_per_g,wet,,,6,1,,38,93.08,0,0,0,0,228,,,,,,,,confirmed,computed,
SID0336-R005,SID0336-G01,SID0336,PE,count,particles_per_g,wet,,,6,2,,78,138.8,0,0,94.5,0,342,,,,,,,,confirmed,computed,
SID0336-R006,SID0336-G01,SID0336,PA,count,particles_per_g,wet,,,6,2,,111.8,180.4,0,0,192,0,415,,,,,,,,confirmed,computed,
SID0336-R007,SID0336-G01,SID0336,PC,count,particles_per_g,wet,,,6,1,,21,51.44,0,0,0,0,126,,,,,,,,confirmed,computed,
SID0336-R008,SID0336-G01,SID0336,PVC,count,particles_per_g,wet,,,6,1,,42.67,104.5,0,0,0,0,256,,,,,,,,confirmed,computed,
SID0336-R009,SID0336-G01,SID0336,PU,count,particles_per_g,wet,,,6,2,,227.3,454.4,0,0,171,0,1136,,,,,,,,confirmed,computed,
SID0336-R010,SID0336-G01,SID0336,PMMA,count,particles_per_g,wet,,,6,0,,0,0,0,0,0,0,0,,,,,,,,not_detected,computed,
SID0336-R011,SID0336-G02,SID0336,TOTAL_COUNT,count,particles_per_g,wet,,,6,4,,1911,3810,298.5,20,1061,0,9628,,,,,,,,confirmed,computed,
SID0336-R012,SID0336-G02,SID0336,PP,count,particles_per_g,wet,,,6,2,,47.5,75.92,0,0,84.75,0,172,,,,,,,,confirmed,computed,
SID0336-R013,SID0336-G02,SID0336,PET,count,particles_per_g,wet,,,6,3,,1586,3788,43,0,106.2,0,9317,,,,,,,,confirmed,computed,
SID0336-R014,SID0336-G02,SID0336,PS,count,particles_per_g,wet,,,6,0,,0,0,0,0,0,0,0,,,,,,,,not_detected,computed,
SID0336-R015,SID0336-G02,SID0336,PE,count,particles_per_g,wet,,,6,2,,80.83,125.7,0,0,169.5,0,259,,,,,,,,confirmed,computed,
SID0336-R016,SID0336-G02,SID0336,PA,count,particles_per_g,wet,,,6,3,,159.2,232,40,0,253.2,0,564,,,,,,,,confirmed,computed,
SID0336-R017,SID0336-G02,SID0336,PC,count,particles_per_g,wet,,,6,0,,0,0,0,0,0,0,0,,,,,,,,not_detected,computed,
SID0336-R018,SID0336-G02,SID0336,PVC,count,particles_per_g,wet,,,6,0,,0,0,0,0,0,0,0,,,,,,,,not_detected,computed,
SID0336-R019,SID0336-G02,SID0336,PU,count,particles_per_g,wet,,,6,1,,18.83,46.13,0,0,0,0,113,,,,,,,,confirmed,computed,
SID0336-R020,SID0336-G02,SID0336,PMMA,count,particles_per_g,wet,,,6,1,,18.83,46.13,0,0,0,0,113,,,,,,,,confirmed,computed,
SID0336-R021,SID0336-G03,SID0336,TOTAL_COUNT,count,particles_per_g,wet,,,11,6,,2425,4446,3,0,2726,0,13930,,,,,,,,confirmed,computed,
SID0336-R022,SID0336-G03,SID0336,PP,count,particles_per_g,wet,,,11,0,,0,0,0,0,0,0,0,,,,,,,,not_detected,computed,
SID0336-R023,SID0336-G03,SID0336,PET,count,particles_per_g,wet,,,11,2,,1189,3932,0,0,0,0,13040,,,,,,,,confirmed,computed,
SID0336-R024,SID0336-G03,SID0336,PS,count,particles_per_g,wet,,,11,1,,3.455,11.46,0,0,0,0,38,,,,,,,,confirmed,computed,
SID0336-R025,SID0336-G03,SID0336,PE,count,particles_per_g,wet,,,11,2,,8.545,19.43,0,0,0,0,56,,,,,,,,confirmed,computed,
SID0336-R026,SID0336-G03,SID0336,PA,count,particles_per_g,wet,,,11,4,,43.73,103.7,0,0,8.5,0,334,,,,,,,,confirmed,computed,
SID0336-R027,SID0336-G03,SID0336,PC,count,particles_per_g,wet,,,11,0,,0,0,0,0,0,0,0,,,,,,,,not_detected,computed,
SID0336-R028,SID0336-G03,SID0336,PVC,count,particles_per_g,wet,,,11,1,,10.09,33.47,0,0,0,0,111,,,,,,,,confirmed,computed,
SID0336-R029,SID0336-G03,SID0336,PU,count,particles_per_g,wet,,,11,4,,845.4,1786,0,0,857.5,0,5923,,,,,,,,confirmed,computed,
SID0336-R030,SID0336-G03,SID0336,PMMA,count,particles_per_g,wet,,,11,3,,324.5,567.7,0,0,450,0,1400,,,,,,,,confirmed,computed,
SID0336-R031,SID0336-G04,SID0336,TOTAL_COUNT,count,particles_per_g,wet,,,3,2,,23.33,32.15,10,5,35,0,60,,,,,,,,confirmed,computed,
SID0336-R032,SID0336-G04,SID0336,PP,count,particles_per_g,wet,,,3,0,,0,0,0,0,0,0,0,,,,,,,,not_detected,computed,
SID0336-R033,SID0336-G04,SID0336,PET,count,particles_per_g,wet,,,3,1,,10,17.32,0,0,15,0,30,,,,,,,,confirmed,computed,
SID0336-R034,SID0336-G04,SID0336,PS,count,particles_per_g,wet,,,3,0,,0,0,0,0,0,0,0,,,,,,,,not_detected,computed,
SID0336-R035,SID0336-G04,SID0336,PE,count,particles_per_g,wet,,,3,1,,3.333,5.774,0,0,5,0,10,,,,,,,,confirmed,computed,
SID0336-R036,SID0336-G04,SID0336,PA,count,particles_per_g,wet,,,3,1,,10,17.32,0,0,15,0,30,,,,,,,,confirmed,computed,
SID0336-R037,SID0336-G04,SID0336,PC,count,particles_per_g,wet,,,3,0,,0,0,0,0,0,0,0,,,,,,,,not_detected,computed,
SID0336-R038,SID0336-G04,SID0336,PVC,count,particles_per_g,wet,,,3,0,,0,0,0,0,0,0,0,,,,,,,,not_detected,computed,
SID0336-R039,SID0336-G04,SID0336,PU,count,particles_per_g,wet,,,3,0,,0,0,0,0,0,0,0,,,,,,,,not_detected,computed,
SID0336-R040,SID0336-G04,SID0336,PMMA,count,particles_per_g,wet,,,3,0,,0,0,0,0,0,0,0,,,,,,,,not_detected,computed,
SID0336-R041,SID0336-G05,SID0336,TOTAL_COUNT,count,particles_per_g,wet,,,5,5,,2307,2197,2875,131,3172,107,5250,,,,,,,,confirmed,computed,
SID0336-R042,SID0336-G05,SID0336,PP,count,particles_per_g,wet,,,5,2,,28,54.61,0,0,15,0,125,,,,,,,,confirmed,computed,
SID0336-R043,SID0336-G05,SID0336,PET,count,particles_per_g,wet,,,5,4,,84.8,104.3,34,15,125,0,250,,,,,,,,confirmed,computed,
SID0336-R044,SID0336-G05,SID0336,PS,count,particles_per_g,wet,,,5,0,,0,0,0,0,0,0,0,,,,,,,,not_detected,computed,
SID0336-R045,SID0336-G05,SID0336,PE,count,particles_per_g,wet,,,5,4,,88.8,59.17,125,56,125,0,138,,,,,,,,confirmed,computed,
SID0336-R046,SID0336-G05,SID0336,PA,count,particles_per_g,wet,,,5,5,,144.2,98.26,103,62,250,56,250,,,,,,,,confirmed,computed,
SID0336-R047,SID0336-G05,SID0336,PC,count,particles_per_g,wet,,,5,0,,0,0,0,0,0,0,0,,,,,,,,not_detected,computed,
SID0336-R048,SID0336-G05,SID0336,PVC,count,particles_per_g,wet,,,5,2,,28,54.61,0,0,15,0,125,,,,,,,,confirmed,computed,
SID0336-R049,SID0336-G05,SID0336,PU,count,particles_per_g,wet,,,5,3,,999.2,1270,250,0,2125,0,2621,,,,,,,,confirmed,computed,
SID0336-R050,SID0336-G05,SID0336,PMMA,count,particles_per_g,wet,,,5,3,,934,1927,19,0,276,0,4375,,,,,,,,confirmed,computed,
SID0336-R051,SID0336-G06,SID0336,TOTAL_COUNT,count,particles_per_mL,,,,7,7,,5.143,4.451,4,2,6,2,14,,,,,,,,confirmed,computed,
SID0336-R052,SID0336-G06,SID0336,PP,count,particles_per_mL,,,,7,2,,0.5714,0.9759,0,0,1,0,2,,,,,,,,confirmed,computed,
SID0336-R053,SID0336-G06,SID0336,PET,count,particles_per_mL,,,,7,4,,3.429,4.995,2,0,4,0,14,,,,,,,,confirmed,computed,
SID0336-R054,SID0336-G06,SID0336,PS,count,particles_per_mL,,,,7,0,,0,0,0,0,0,0,0,,,,,,,,not_detected,computed,
SID0336-R055,SID0336-G06,SID0336,PE,count,particles_per_mL,,,,7,1,,0.2857,0.7559,0,0,0,0,2,,,,,,,,confirmed,computed,
SID0336-R056,SID0336-G06,SID0336,PA,count,particles_per_mL,,,,7,1,,0.2857,0.7559,0,0,0,0,2,,,,,,,,confirmed,computed,
SID0336-R057,SID0336-G06,SID0336,PC,count,particles_per_mL,,,,7,0,,0,0,0,0,0,0,0,,,,,,,,not_detected,computed,
SID0336-R058,SID0336-G06,SID0336,PVC,count,particles_per_mL,,,,7,1,,0.2857,0.7559,0,0,0,0,2,,,,,,,,confirmed,computed,
SID0336-R059,SID0336-G06,SID0336,PU,count,particles_per_mL,,,,7,0,,0,0,0,0,0,0,0,,,,,,,,not_detected,computed,
SID0336-R060,SID0336-G06,SID0336,PMMA,count,particles_per_mL,,,,7,1,,0.2857,0.7559,0,0,0,0,2,,,,,,,,confirmed,computed,
SID0336-R061,SID0336-G01,SID0336,PET,count,pct_of_particles,,,,,,,96,,,,,,,,,,,,,,confirmed,paper_text,
SID0336-R062,SID0336-G02,SID0336,PET,count,pct_of_particles,,,,,,,83,,,,,,,,,,,,,,confirmed,paper_text,
SID0336-R063,SID0336-G03,SID0336,PET,count,pct_of_particles,,,,,,,49,,,,,,,,,,,,,,confirmed,paper_text,
SID0336-R064,SID0336-G04,SID0336,PET,count,pct_of_particles,,,,,,,43,,,,,,,,,,,,,,confirmed,paper_text,
SID0336-R065,SID0336-G04,SID0336,PA,count,pct_of_particles,,,,,,,43,,,,,,,,,,,,,,confirmed,paper_text,
SID0336-R066,SID0336-G05,SID0336,PU,count,pct_of_particles,,,,,,,43,,,,,,,,,,,,,,confirmed,paper_text,
SID0336-R067,SID0336-G06,SID0336,PET,count,pct_of_particles,,,,,,,67,,,,,,,,,,,,,,confirmed,paper_text,
SID0337-R001,SID0337-G01,SID0337,TOTAL_MASS,count,other,,,,18,18,,2845,1915,2207,1817,3837,892.6,9033,,,,,,,,confirmed,computed,
SID0337-R002,SID0337-G01,SID0337,PS,count,other,,,,18,0,,0,0,0,0,0,0,0,,,,,,,,not_detected,computed,
SID0337-R003,SID0337-G01,SID0337,PE,count,other,,,,18,9,,710.1,1348,2.36,0,1172,0,5510,,,,,,,,confirmed,computed,
SID0337-R004,SID0337-G01,SID0337,PVC,count,other,,,,18,18,,1040,613.8,819.3,632,1235,408.8,2794,,,,,,,,confirmed,computed,
SID0337-R005,SID0337-G01,SID0337,PA66,count,other,,,,18,18,,1095,418.3,1300,783.9,1409,273.6,1622,,,,,,,,confirmed,computed,
SID0337-R006,SID0337-G01,SID0337,PMMA,count,other,,,,18,0,,0,0,0,0,0,0,0,,,,,,,,not_detected,computed,
SID0337-R007,SID0337-G02,SID0337,TOTAL_MASS,mass,ug_per_mL,,,,15,12,,37.99,39.45,25.98,4.205,62.77,0,106.3,,,,,,,,confirmed,computed,
SID0337-R008,SID0337-G02,SID0337,PS,mass,ug_per_mL,,,,15,6,,0.1307,0.1721,0,0,0.285,0,0.43,,,,,,,,confirmed,computed,
SID0337-R009,SID0337-G02,SID0337,PE,mass,ug_per_mL,,,,15,0,,0,0,0,0,0,0,0,,,,,,,,not_detected,computed,
SID0337-R010,SID0337-G02,SID0337,PVC,mass,ug_per_mL,,,,15,7,,12.93,19.65,0,0,20.29,0,56.31,,,,,,,,confirmed,computed,
SID0337-R011,SID0337-G02,SID0337,PA66,mass,ug_per_mL,,,,15,10,,24.9,28.38,9.58,0,44.12,0,96.44,,,,,,,,confirmed,computed,
SID0337-R012,SID0337-G02,SID0337,PMMA,mass,ug_per_mL,,,,15,2,,0.03067,0.08128,0,0,0,0,0.25,,,,,,,,confirmed,computed,
SID0337-R013,SID0337-G03,SID0337,PVC,mass,ug_per_mL,,,,1,1,,8.15,,8.15,8.15,8.15,8.15,8.15,,,,,,,,confirmed,computed,
SID0337-R014,SID0337-G01,SID0337,TOTAL_MASS,mass,other,,,,18,,,,,2207,1792,3954,,,,,,,,,no,confirmed,paper_text,
SID0337-R015,SID0337-G01,SID0337,PA66,mass,other,,,,,,,,,1300,740.7,1419,,,,,,,,,no,confirmed,paper_text,
SID0337-R016,SID0337-G01,SID0337,PVC,mass,other,,,,,,,,,819.3,623.6,1312,,,,,,,,,no,confirmed,paper_text,
SID0337-R017,SID0337-G01,SID0337,PE,mass,other,,,,,,,,,2.36,0,1260,,,,,,,,,no,confirmed,paper_text,
SID0337-R018,SID0337-G01,SID0337,PE,detection,pct_of_samples,,,,18,18,100,,,,,,,,,,,,,,no,confirmed,paper_text,
SID0337-R019,SID0337-G01,SID0337,PA66,count,pct_of_particles,,,,,,,38.48,,,,,,,,,,,,,no,confirmed,paper_text,
SID0337-R020,SID0337-G01,SID0337,PVC,count,pct_of_particles,,,,,,,36.56,,,,,,,,,,,,,no,confirmed,paper_text,
SID0337-R021,SID0337-G02,SID0337,TOTAL_MASS,mass,ug_per_mL,,,,15,,,,,25.98,0.3,75,,,,,,,,,no,confirmed,paper_text,
SID0337-R022,SID0337-G02,SID0337,PA66,mass,ug_per_mL,,,,,,,,,9.58,0,46.61,,,,,,,,,no,confirmed,paper_text,
SID0337-R023,SID0337-G02,SID0337,PVC,mass,ug_per_mL,,,,,,,,,0,0,24.17,,,,,,,,,no,confirmed,paper_text,
SID0337-R024,SID0337-G02,SID0337,PA66,count,pct_of_particles,,,,,,,65.54,,,,,,,,,,,,,no,confirmed,paper_text,
SID0337-R025,SID0337-G02,SID0337,PVC,count,pct_of_particles,,,,,,,34.04,,,,,,,,,,,,,no,confirmed,paper_text,
SID0337-R026,SID0337-G01,SID0337,PLA,detection,pct_of_samples,,,,,0,,,,,,,,,,,,,,,,not_detected,paper_text,
SID0337-R027,SID0337-G02,SID0337,PLA,detection,pct_of_samples,,,,,0,,,,,,,,,,,,,,,,not_detected,paper_text,
SID0337-R028,SID0337-G03,SID0337,PLA,detection,pct_of_samples,,,,,0,,,,,,,,,,,,,,,,not_detected,paper_text,
SID0337-R029,SID0337-G01,SID0337,PBAT,detection,pct_of_samples,,,,,0,,,,,,,,,,,,,,,,not_detected,paper_text,
SID0337-R030,SID0337-G02,SID0337,PBAT,detection,pct_of_samples,,,,,0,,,,,,,,,,,,,,,,not_detected,paper_text,
SID0337-R031,SID0337-G03,SID0337,PBAT,detection,pct_of_samples,,,,,0,,,,,,,,,,,,,,,,not_detected,paper_text,
SID0337-R032,SID0337-G04,SID0337,TOTAL_MASS,mass,other,,,,4,,,,,139.9,49.74,205.7,,,,,,,,,no,confirmed,paper_text,
SID0337-R033,SID0337-G04,SID0337,PVC,mass,other,,,,4,,,,,98.25,23.42,141.8,,,,,,,,,no,confirmed,paper_text,
SID0337-R034,SID0337-G04,SID0337,PE,mass,other,,,,4,,,,,25.94,4.35,78.52,,,,,,,,,no,confirmed,paper_text,
SID0337-R035,SID0337-G04,SID0337,PA66,mass,other,,,,4,,,,,0.19,0,21.96,,,,,,,,,no,confirmed,paper_text,
SID0337-R036,SID0337-G04,SID0337,PS,mass,other,,,,4,,,,,0,0,0.81,,,,,,,,,no,confirmed,paper_text,
SID0337-R037,SID0337-G05,SID0337,TOTAL_MASS,mass,other,,,,4,,,,,226.2,43.82,371.7,,,,,,,,,no,confirmed,paper_text,
SID0337-R038,SID0337-G05,SID0337,PA66,mass,other,,,,4,,,,,38.91,0,198.2,,,,,,,,,no,confirmed,paper_text,
SID0337-R039,SID0337-G05,SID0337,PVC,mass,other,,,,4,,,,,52.15,16.63,132.5,,,,,,,,,no,confirmed,paper_text,
SID0337-R040,SID0337-G05,SID0337,PE,mass,other,,,,4,,,,,2.41,0,166.1,,,,,,,,,no,confirmed,paper_text,
SID0337-R041,SID0337-G05,SID0337,PS,mass,other,,,,4,,,,,3.18,0.02,31.72,,,,,,,,,no,confirmed,paper_text,
SID0337-R042,SID0337-G06,SID0337,TOTAL_MASS,mass,other,,,,4,,,,,232.4,98.22,236.2,,,,,,,,,no,confirmed,paper_text,
SID0337-R043,SID0337-G06,SID0337,PVC,mass,other,,,,4,,,,,181.5,44.31,193.8,,,,,,,,,no,confirmed,paper_text,
SID0337-R044,SID0337-G06,SID0337,PE,mass,other,,,,4,,,,,42.87,37.31,51.12,,,,,,,,,no,confirmed,paper_text,
SID0337-R045,SID0337-G06,SID0337,PMMA,mass,other,,,,4,,,,,0,0,10.55,,,,,,,,,no,confirmed,paper_text,
SID0337-R046,SID0337-G06,SID0337,PS,mass,other,,,,4,,,,,1.43,0.89,3.02,,,,,,,,,no,confirmed,paper_text,
SID0337-R047,SID0337-G07,SID0337,TOTAL_MASS,mass,other,,,,4,,,,,207.4,199.9,406.6,,,,,,,,,no,confirmed,paper_text,
SID0337-R048,SID0337-G07,SID0337,PVC,mass,other,,,,4,,,,,106.7,99.61,269.3,,,,,,,,,no,confirmed,paper_text,
SID0337-R049,SID0337-G07,SID0337,PE,mass,other,,,,4,,,,,101.1,91.24,133.4,,,,,,,,,no,confirmed,paper_text,
SID0337-R050,SID0337-G07,SID0337,PS,mass,other,,,,4,,,,,4.04,1.08,7.13,,,,,,,,,no,confirmed,paper_text,
SID0337-R051,SID0337-G07,SID0337,PMMA,mass,other,,,,4,,,,,0,0,0.2,,,,,,,,,no,confirmed,paper_text,
SID0338-R001,SID0338-G01,SID0338,TOTAL_COUNT,count,other,,,,1350,,,,,7,,,,,,,,,,,yes,confirmed,paper_text,
SID0338-R002,SID0338-G01,SID0338,PVC,count,other,,,,,,,,,3,,,,,,,,,,,yes,confirmed,paper_text,
SID0338-R003,SID0338-G01,SID0338,PP,count,other,,,,,,,,,2,,,,,,,,,,,yes,confirmed,paper_text,
SID0338-R004,SID0338-G01,SID0338,PBS,count,other,,,,,,,,,2,,,,,,,,,,,yes,confirmed,paper_text,
SID0338-R005,SID0338-G01,SID0338,TOTAL_COUNT,detection,pct_of_samples,,,,,,100,,,,,,,,,,,,,,yes,confirmed,paper_text,
SID0338-R006,SID0338-G01,SID0338,PVC,detection,pct_of_samples,,,,,,82.6,,,,,,,,,,,,,,yes,confirmed,paper_text,
SID0338-R007,SID0338-G01,SID0338,PP,detection,pct_of_samples,,,,,,85.8,,,,,,,,,,,,,,yes,confirmed,paper_text,
SID0338-R008,SID0338-G01,SID0338,PBS,detection,pct_of_samples,,,,,,83,,,,,,,,,,,,,,yes,confirmed,paper_text,
SID0338-R009,SID0338-G01,SID0338,PVC,count,pct_of_particles,,>200,,,,,60,,,,,,,,,,,,,yes,confirmed,paper_text,
SID0338-R010,SID0338-G01,SID0338,PVC,count,pct_of_particles,,100-200,,,,,30,,,,,,,,,,,,,yes,confirmed,paper_text,
SID0338-R011,SID0338-G01,SID0338,PVC,count,pct_of_particles,,10-100,,,,,10,,,,,,,,,,,,,yes,confirmed,paper_text,
SID0338-R012,SID0338-G01,SID0338,PP,count,pct_of_particles,,>200,,,,,50,,,,,,,,,,,,,yes,confirmed,paper_text,
SID0338-R013,SID0338-G01,SID0338,PP,count,pct_of_particles,,100-200,,,,,35,,,,,,,,,,,,,yes,confirmed,paper_text,
SID0338-R014,SID0338-G01,SID0338,PP,count,pct_of_particles,,10-100,,,,,30,,,,,,,,,,,,,yes,confirmed,paper_text,
SID0338-R015,SID0338-G01,SID0338,PBS,count,pct_of_particles,,>200,,,,,50,,,,,,,,,,,,,yes,confirmed,paper_text,
SID0338-R016,SID0338-G01,SID0338,PBS,count,pct_of_particles,,100-200,,,,,40,,,,,,,,,,,,,yes,confirmed,paper_text,
SID0338-R017,SID0338-G01,SID0338,PBS,count,pct_of_particles,,10-100,,,,,10,,,,,,,,,,,,,yes,confirmed,paper_text,
SID0339-R001,SID0339-G01,SID0339,TOTAL_MASS,mass,ug_per_g,wet,,,20,,,174.89,24.95,,,,,,,,,,,,,confirmed,paper_text,
SID0339-R002,SID0339-G02,SID0339,TOTAL_MASS,mass,ug_per_g,wet,,,10,,,79.82,31.73,,,,,,,,,,,,,confirmed,paper_text,
SID0339-R003,SID0339-G01,SID0339,PVC,mass,ug_per_g,wet,,,20,,,134.79,23.25,,,,,,,,,,,,,confirmed,paper_text,
SID0339-R004,SID0339-G02,SID0339,PVC,mass,ug_per_g,wet,,,10,,,60.8,19.83,,,,,,,,,,,,,confirmed,paper_text,
SID0339-R005,SID0339-G01,SID0339,PA66,mass,ug_per_g,wet,,,20,,,40.03,7.31,,,,,,,,,,,,,confirmed,paper_text,
SID0339-R006,SID0339-G02,SID0339,PA66,mass,ug_per_g,wet,,,10,,,19.03,13.54,,,,,,,,,,,,,confirmed,paper_text,
SID0339-R007,SID0339-G01,SID0339,PVC,detection,pct_of_samples,,,,20,20,100,,,,,,,,,,,,,,,confirmed,paper_text,
SID0339-R008,SID0339-G02,SID0339,PVC,detection,pct_of_samples,,,,10,10,100,,,,,,,,,,,,,,,confirmed,paper_text,
SID0339-R009,SID0339-G01,SID0339,PA66,detection,pct_of_samples,,,,20,20,100,,,,,,,,,,,,,,,confirmed,paper_text,
SID0339-R010,SID0339-G02,SID0339,PA66,detection,pct_of_samples,,,,10,8,80,,,,,,,,,,,,,,,confirmed,paper_text,
SID0339-R011,SID0339-G01,SID0339,PS,detection,pct_of_samples,,,,20,1,5,,,,,,,,,,,,,,,confirmed,paper_text,
SID0339-R012,SID0339-G01,SID0339,PP,detection,pct_of_samples,,,,20,1,5,,,,,,,,,,,,,,,confirmed,paper_text,
SID0339-R013,SID0339-G02,SID0339,PS,detection,pct_of_samples,,,,10,0,0,,,,,,,,,,,,,,,not_detected,paper_text,
SID0339-R014,SID0339-G02,SID0339,PP,detection,pct_of_samples,,,,10,0,0,,,,,,,,,,,,,,,not_detected,paper_text,
SID0339-R015,SID0339-G01,SID0339,PE,detection,pct_of_samples,,,,20,0,0,,,,,,,,,,,,,,,not_detected,paper_text,
SID0339-R016,SID0339-G01,SID0339,PMMA,detection,pct_of_samples,,,,20,0,0,,,,,,,,,,,,,,,not_detected,paper_text,
SID0339-R017,SID0339-G01,SID0339,PC,detection,pct_of_samples,,,,20,0,0,,,,,,,,,,,,,,,not_detected,paper_text,
SID0339-R018,SID0339-G01,SID0339,PET,detection,pct_of_samples,,,,20,0,0,,,,,,,,,,,,,,,not_detected,paper_text,
SID0339-R019,SID0339-G01,SID0339,PA6,detection,pct_of_samples,,,,20,0,0,,,,,,,,,,,,,,,not_detected,paper_text,
SID0339-R020,SID0339-G01,SID0339,PLA,detection,pct_of_samples,,,,20,0,0,,,,,,,,,,,,,,,not_detected,paper_text,
SID0339-R021,SID0339-G01,SID0339,PBAT,detection,pct_of_samples,,,,20,0,0,,,,,,,,,,,,,,,not_detected,paper_text,
SID0339-R022,SID0339-G02,SID0339,PE,detection,pct_of_samples,,,,10,0,0,,,,,,,,,,,,,,,not_detected,paper_text,
SID0339-R023,SID0339-G02,SID0339,PMMA,detection,pct_of_samples,,,,10,0,0,,,,,,,,,,,,,,,not_detected,paper_text,
SID0339-R024,SID0339-G02,SID0339,PC,detection,pct_of_samples,,,,10,0,0,,,,,,,,,,,,,,,not_detected,paper_text,
SID0339-R025,SID0339-G02,SID0339,PET,detection,pct_of_samples,,,,10,0,0,,,,,,,,,,,,,,,not_detected,paper_text,
SID0339-R026,SID0339-G02,SID0339,PA6,detection,pct_of_samples,,,,10,0,0,,,,,,,,,,,,,,,not_detected,paper_text,
SID0339-R027,SID0339-G02,SID0339,PLA,detection,pct_of_samples,,,,10,0,0,,,,,,,,,,,,,,,not_detected,paper_text,
SID0339-R028,SID0339-G02,SID0339,PBAT,detection,pct_of_samples,,,,10,0,0,,,,,,,,,,,,,,,not_detected,paper_text,
SID0339-R029,SID0339-G03,SID0339,TOTAL_COUNT,count,particles_per_sample,,,,5,,,,,,,,,,,,,,,,,confirmed,paper_text,
SID0339-R030,SID0339-G03,SID0339,PE,count,pct_of_particles,,,,,,,19.6,,,,,,,,,,,,,,tentative,paper_text,
SID0339-R031,SID0339-G03,SID0339,PU,count,pct_of_particles,,,,,,,13.7,,,,,,,,,,,,,,tentative,paper_text,
SID0339-R032,SID0339-G03,SID0339,PE-CL,count,pct_of_particles,,,,,,,12.7,,,,,,,,,,,,,,tentative,paper_text,
SID0339-R033,SID0339-G03,SID0339,PET,count,pct_of_particles,,,,,,,9.3,,,,,,,,,,,,,,tentative,paper_text,
SID0339-R034,SID0339-G03,SID0339,ACR,count,pct_of_particles,,,,,,,7.9,,,,,,,,,,,,,,tentative,paper_text,
SID0339-R035,SID0339-G03,SID0339,FKM,count,pct_of_particles,,,,,,,7.3,,,,,,,,,,,,,,tentative,paper_text,
SID0339-R036,SID0339-G03,SID0339,PVC,count,pct_of_particles,,,,,,,5.5,,,,,,,,,,,,,,tentative,paper_text,
SID0339-R037,SID0339-G03,SID0339,PMMA,count,pct_of_particles,,,,,,,3.7,,,,,,,,,,,,,,tentative,paper_text,
SID0339-R038,SID0339-G03,SID0339,PB,count,pct_of_particles,,,,,,,3.2,,,,,,,,,,,,,,tentative,paper_text,
SID0339-R039,SID0339-G03,SID0339,TOTAL_COUNT,count,pct_of_particles,,20-50,,,,,77.9,,,,,,,,,,,,,,confirmed,paper_text,
SID0339-R040,SID0339-G03,SID0339,TOTAL_COUNT,count,pct_of_particles,,50-100,,,,,17.1,,,,,,,,,,,,,,confirmed,paper_text,
SID0339-R041,SID0339-G03,SID0339,TOTAL_COUNT,count,pct_of_particles,,100-500,,,,,5,,,,,,,,,,,,,,confirmed,paper_text,
SID0340-R001,SID0340-G01,SID0340,TOTAL_MASS,mass,ug_per_g,wet,,,5,5,,6.98,4.56,4.82,3.25,11.86,3,11.95,,,,,,,no,confirmed,paper_table,
SID0340-R002,SID0340-G01,SID0340,PE,mass,ug_per_g,wet,,,5,5,,2.99,0.8,2.67,2.52,3.63,2.11,4.02,,,,,,,no,confirmed,paper_table,
SID0340-R003,SID0340-G01,SID0340,PP,mass,ug_per_g,wet,,,5,5,,0.23,0.08,0.23,0.22,0.24,0.1,0.34,,,,,,,no,confirmed,paper_table,
SID0340-R004,SID0340-G01,SID0340,PVC,mass,ug_per_g,wet,,,5,5,,0.24,0.1,0.25,0.23,0.3,0.08,0.35,,,,,,,no,confirmed,paper_table,
SID0340-R005,SID0340-G01,SID0340,PET,mass,ug_per_g,wet,,,5,3,,5.86,2.9,7.25,4.89,7.53,2.53,7.8,,,,,,,no,confirmed,paper_table,
SID0340-R006,SID0340-G02,SID0340,TOTAL_MASS,mass,ug_per_g,wet,,,9,9,,32.08,16.37,25.89,24.26,29.3,20.02,71.22,,,,,,,no,confirmed,paper_table,
SID0340-R007,SID0340-G02,SID0340,PS,mass,ug_per_g,wet,,,9,6,,0.47,0.27,0.38,0.27,0.57,0.25,0.93,,,,,,,no,confirmed,paper_table,
SID0340-R008,SID0340-G02,SID0340,PE,mass,ug_per_g,wet,,,9,9,,8.09,4.87,6.49,5.34,7.22,5.09,20.36,,,,,,,no,confirmed,paper_table,
SID0340-R009,SID0340-G02,SID0340,PP,mass,ug_per_g,wet,,,9,9,,0.39,0.21,0.3,0.27,0.47,0.22,0.85,,,,,,,no,confirmed,paper_table,
SID0340-R010,SID0340-G02,SID0340,PVC,mass,ug_per_g,wet,,,9,7,,0.37,0.18,0.31,0.25,0.41,0.21,0.72,,,,,,,no,confirmed,paper_table,
SID0340-R011,SID0340-G02,SID0340,PET,mass,ug_per_g,wet,,,9,9,,22.51,11.53,18.21,16.23,21.69,12.95,49.29,,,,,,,no,confirmed,paper_table,
SID0340-R012,SID0340-G02,SID0340,PA66,mass,ug_per_g,wet,,,9,2,,2.19,1.04,2.19,1.82,2.55,1.45,2.92,,,,,,,no,confirmed,paper_table,
SID0340-R013,SID0340-G01,SID0340,PS,detection,pct_of_samples,,,,5,0,0,,,,,,,,,,,,,,,not_detected,paper_text,
SID0340-R014,SID0340-G01,SID0340,PA66,detection,pct_of_samples,,,,5,0,0,,,,,,,,,,,,,,,not_detected,paper_text,
SID0340-R015,SID0340-G02,SID0340,PS,detection,pct_of_samples,,,,9,6,66.7,,,,,,,,,,,,,,,confirmed,paper_text,
SID0340-R016,SID0340-G01,SID0340,PVC,detection,pct_of_samples,,,,5,5,100,,,,,,,,,,,,,,,confirmed,paper_text,
SID0340-R017,SID0340-G02,SID0340,PVC,detection,pct_of_samples,,,,9,7,77.8,,,,,,,,,,,,,,,confirmed,paper_text,
SID0340-R018,SID0340-G01,SID0340,PET,detection,pct_of_samples,,,,5,3,60,,,,,,,,,,,,,,,confirmed,paper_text,
SID0340-R019,SID0340-G02,SID0340,PET,detection,pct_of_samples,,,,9,9,100,,,,,,,,,,,,,,,confirmed,paper_text,
SID0340-R020,SID0340-G02,SID0340,PA,detection,pct_of_samples,,,,9,2,22.2,,,,,,,,,,,,,,,confirmed,paper_text,
SID0340-R021,SID0340-G01,SID0340,PE,detection,pct_of_samples,,,,5,5,100,,,,,,,,,,,,,,,confirmed,paper_text,
SID0340-R022,SID0340-G01,SID0340,PP,detection,pct_of_samples,,,,5,5,100,,,,,,,,,,,,,,,confirmed,paper_text,
SID0340-R023,SID0340-G02,SID0340,PE,detection,pct_of_samples,,,,9,9,100,,,,,,,,,,,,,,,confirmed,paper_text,
SID0340-R024,SID0340-G02,SID0340,PP,detection,pct_of_samples,,,,9,9,100,,,,,,,,,,,,,,,confirmed,paper_text,
SID0340-R025,SID0340-G01,SID0340,TOTAL_MASS,detection,pct_of_samples,,,,5,5,100,,,,,,,,,,,,,,,confirmed,paper_text,
SID0340-R026,SID0340-G02,SID0340,TOTAL_MASS,detection,pct_of_samples,,,,9,9,100,,,,,,,,,,,,,,,confirmed,paper_text,
SID0340-R027,SID0340-G03,SID0340,PA,count,pct_of_particles,,,,,,,29.57,,,,,,,,,,,,,,tentative,paper_text,
SID0340-R028,SID0340-G03,SID0340,ACR,count,pct_of_particles,,,,,,,15.74,,,,,,,,,,,,,,tentative,paper_text,
SID0340-R029,SID0340-G03,SID0340,PE-CL,count,pct_of_particles,,,,,,,15.44,,,,,,,,,,,,,,tentative,paper_text,
SID0340-R030,SID0340-G03,SID0340,PU,count,pct_of_particles,,,,,,,8.07,,,,,,,,,,,,,,tentative,paper_text,
SID0340-R031,SID0340-G03,SID0340,PB,count,pct_of_particles,,,,,,,4.54,,,,,,,,,,,,,,tentative,paper_text,
SID0340-R032,SID0340-G03,SID0340,PET,count,pct_of_particles,,,,,,,3.63,,,,,,,,,,,,,,tentative,paper_text,
SID0340-R033,SID0340-G03,SID0340,PVC,count,pct_of_particles,,,,,,,3.33,,,,,,,,,,,,,,tentative,paper_text,
SID0340-R034,SID0340-G03,SID0340,FKM,count,pct_of_particles,,,,,,,2.52,,,,,,,,,,,,,,tentative,paper_text,
SID0340-R035,SID0340-G03,SID0340,PE,count,pct_of_particles,,,,,,,2.02,,,,,,,,,,,,,,tentative,paper_text,
SID0340-R036,SID0340-G03,SID0340,PLA,count,pct_of_particles,,,,,,,1.72,,,,,,,,,,,,,,tentative,paper_text,
SID0340-R037,SID0340-G03,SID0340,PMMA,count,pct_of_particles,,,,,,,1.72,,,,,,,,,,,,,,tentative,paper_text,
SID0340-R038,SID0340-G03,SID0340,PP,count,pct_of_particles,,,,,,,1.21,,,,,,,,,,,,,,tentative,paper_text,
SID0340-R039,SID0340-G03,SID0340,SBR,count,pct_of_particles,,,,,,,1.21,,,,,,,,,,,,,,tentative,paper_text,
SID0340-R040,SID0340-G03,SID0340,ABS,count,pct_of_particles,,,,,,,1.11,,,,,,,,,,,,,,tentative,paper_text,
SID0340-R041,SID0340-G03,SID0340,PSU,count,pct_of_particles,,,,,,,1.01,,,,,,,,,,,,,,tentative,paper_text,
SID0340-R042,SID0340-G03,SID0340,TOTAL_COUNT,count,pct_of_particles,,20-50,,,,,86.42,,,,,,,,,,,,,,confirmed,paper_text,
SID0340-R043,SID0340-G03,SID0340,TOTAL_COUNT,count,pct_of_particles,,50-100,,,,,9.15,,,,,,,,,,,,,,confirmed,paper_text,
SID0340-R044,SID0340-G03,SID0340,TOTAL_COUNT,count,pct_of_particles,,>100,,,,,4.43,,,,,,,,,,,,,,confirmed,paper_text,
SID0349-R001,SID0349-G01,SID0349,TOTAL_COUNT,count,other,,,,77,,89.6,4.31,2.77,,,,,,,,,,,,yes,confirmed,paper_text,
SID0349-R002,SID0349-G02,SID0349,TOTAL_COUNT,count,other,,,,66,,,4.29,8.21,,,,,,,,,,,,yes,confirmed,paper_text,
SID0349-R003,SID0349-G03,SID0349,TOTAL_COUNT,count,other,,,,11,,,4.45,5.07,,,,,,,,,,,,yes,confirmed,paper_text,
SID0349-R004,SID0349-G04,SID0349,TOTAL_COUNT,count,other,,,,43,,,5.09,2.85,,,,,,,,,,,,yes,confirmed,paper_text,
SID0349-R005,SID0349-G05,SID0349,TOTAL_COUNT,count,other,,,,23,,,2.78,2.26,,,,,,,,,,,,yes,confirmed,paper_text,
SID0349-R006,SID0349-G01,SID0349,PP,count,pct_of_particles,,,,,,,41.9,,,,,,,,,,,,,yes,confirmed,paper_text,
SID0349-R007,SID0349-G01,SID0349,PE,count,pct_of_particles,,,,,,,19.4,,,,,,,,,,,,,yes,confirmed,paper_text,
SID0349-R008,SID0349-G01,SID0349,PEST,count,pct_of_particles,,,,,,,13.6,,,,,,,,,,,,,yes,confirmed,paper_text,
SID0349-R009,SID0349-G01,SID0349,PET,count,pct_of_particles,,,,,,,8.38,,,,,,,,,,,,,yes,confirmed,paper_text,
SID0350-R001,SID0350-G01,SID0350,TOTAL_MASS,mass,ug_per_g,,,,20,,,181,,,,,,,,,,,,,,confirmed,paper_text,
SID0350-R002,SID0350-G02,SID0350,TOTAL_MASS,mass,ug_per_g,,,,20,,,290.3,,,,,,,,,,,,,,confirmed,paper_text,
SID0350-R003,SID0350-G01,SID0350,PS,detection,pct_of_samples,,,,20,,,,,,,,,,,,,,,,,confirmed,paper_text,
SID0350-R004,SID0350-G01,SID0350,PE,detection,pct_of_samples,,,,20,,,,,,,,,,,,,,,,,confirmed,paper_text,
SID0350-R005,SID0350-G01,SID0350,PVC,detection,pct_of_samples,,,,20,,,,,,,,,,,,,,,,,confirmed,paper_text,
SID0350-R006,SID0350-G01,SID0350,PP,detection,pct_of_samples,,,,20,,50,,,,,,,,,,,,,,,confirmed,paper_text,
SID0350-R007,SID0350-G02,SID0350,PS,detection,pct_of_samples,,,,20,,,,,,,,,,,,,,,,,confirmed,paper_text,
SID0350-R008,SID0350-G02,SID0350,PE,detection,pct_of_samples,,,,20,,,,,,,,,,,,,,,,,confirmed,paper_text,
SID0350-R009,SID0350-G02,SID0350,PVC,detection,pct_of_samples,,,,20,,,,,,,,,,,,,,,,,confirmed,paper_text,
SID0350-R010,SID0350-G02,SID0350,PP,detection,pct_of_samples,,,,20,,50,,,,,,,,,,,,,,,confirmed,paper_text,
SID0350-R011,SID0350-G03,SID0350,TOTAL_COUNT,count,particles_per_g,,,,2,,,,,,,,76.4,179.5,,,,,,,,confirmed,paper_text,
SID0350-R012,SID0350-G04,SID0350,TOTAL_COUNT,count,particles_per_g,,,,2,,,,,,,,39,100,,,,,,,,confirmed,paper_text,
SID0350-R013,SID0350-G03,SID0350,PS,detection,pct_of_samples,,,,2,0,,,,,,,,,,,,,,,,not_detected,paper_text,
SID0350-R014,SID0350-G04,SID0350,PS,detection,pct_of_samples,,,,2,,,,,,,,,,,,,,,,,confirmed,paper_text,
SID0351-R001,SID0351-G01,SID0351,TOTAL_COUNT,detection,pct_of_samples,,,,20,15,75,,,,,,,,,,,,,,no,tentative,paper_table,
SID0351-R002,SID0351-G01,SID0351,TOTAL_COUNT,count,particles_per_sample,,,,20,,,,,,,,,,,,,,,,no,tentative,paper_table,
SID0351-R003,SID0351-G02,SID0351,TOTAL_COUNT,detection,pct_of_samples,,,,17,8,47.1,,,,,,,,,,,,,,no,tentative,paper_table,
SID0351-R004,SID0351-G02,SID0351,TOTAL_COUNT,count,particles_per_sample,,,,17,,,,,,,,,,,,,,,,no,tentative,paper_table,
SID0351-R005,SID0351-G03,SID0351,TOTAL_COUNT,detection,pct_of_samples,,,,13,9,69.2,,,,,,,,,,,,,,no,tentative,paper_table,
SID0351-R006,SID0351-G03,SID0351,TOTAL_COUNT,count,particles_per_sample,,,,13,,,,,,,,,,,,,,,,no,tentative,paper_table,
SID0352-R001,SID0352-G01,SID0352,TOTAL_COUNT,count,particles_per_g,,,,30,30,100,6.22,3.3,,,,1.37,15.75,,,,,,,yes,confirmed,paper_text,
SID0352-R002,SID0352-G01,SID0352,TOTAL_COUNT,count,particles_per_g,,,,30,,,,,,,,,,,,,,,,yes,confirmed,computed,
SID0352-R003,SID0352-G01,SID0352,PP,count,pct_of_particles,,,,,,,36.36,,,,,,,,,,,,,,confirmed,paper_text,
SID0352-R004,SID0352-G01,SID0352,TOTAL_COUNT,count,pct_of_particles,,1000-5000,,,,,16.04,,,,,,,,,,,,,yes,confirmed,paper_text,
SID0352-R005,SID0352-G01,SID0352,TOTAL_COUNT,count,pct_of_particles,,500-1000,,,,,34.07,,,,,,,,,,,,,yes,confirmed,paper_text,
SID0352-R006,SID0352-G01,SID0352,TOTAL_COUNT,count,pct_of_particles,,250-500,,,,,28.32,,,,,,,,,,,,,yes,confirmed,paper_text,
SID0352-R007,SID0352-G01,SID0352,TOTAL_COUNT,count,pct_of_particles,,100-250,,,,,17.92,,,,,,,,,,,,,yes,confirmed,paper_text,
SID0352-R008,SID0352-G01,SID0352,TOTAL_COUNT,count,pct_of_particles,,50-100,,,,,2.65,,,,,,,,,,,,,yes,confirmed,paper_text,
SID0352-R009,SID0352-G01,SID0352,TOTAL_COUNT,count,pct_of_particles,,<50,,,,,1,,,,,,,,,,,,,yes,confirmed,paper_text,
SID0353-R001,SID0353-G04,SID0353,TOTAL_COUNT,count,other,,,,8,,,,,,,,,,,,,,,,yes,confirmed,paper_table,
SID0353-R002,SID0353-G06,SID0353,TOTAL_COUNT,count,other,,,,8,,,,,,,,,,,,,,,,yes,confirmed,paper_table,
SID0353-R003,SID0353-G07,SID0353,TOTAL_COUNT,count,other,,,,8,,,,,,,,,,,,,,,,yes,confirmed,paper_table,
SID0353-R004,SID0353-G08,SID0353,TOTAL_COUNT,count,other,,,,8,,,,,,,,,,,,,,,,yes,confirmed,paper_table,
SID0353-R005,SID0353-G11,SID0353,TOTAL_COUNT,count,other,,,,8,,,,,,,,,,,,,,,,yes,confirmed,paper_table,
SID0353-R006,SID0353-G01,SID0353,TOTAL_COUNT,count,other,,,,8,,,,,,,,,,,,,,,,yes,confirmed,paper_table,
SID0353-R007,SID0353-G04,SID0353,PP,count,other,,,,8,,,,,,,,,,,,,,,,yes,confirmed,paper_table,
SID0353-R008,SID0353-G06,SID0353,PP,count,other,,,,8,,,,,,,,,,,,,,,,yes,confirmed,paper_table,
SID0353-R009,SID0353-G07,SID0353,PP,count,other,,,,8,,,,,,,,,,,,,,,,yes,confirmed,paper_table,
SID0353-R010,SID0353-G04,SID0353,PS,count,other,,,,8,,,,,,,,,,,,,,,,yes,confirmed,paper_table,
SID0353-R011,SID0353-G06,SID0353,PS,count,other,,,,8,,,,,,,,,,,,,,,,yes,confirmed,paper_table,
SID0353-R012,SID0353-G08,SID0353,PS,count,other,,,,8,,,,,,,,,,,,,,,,yes,confirmed,paper_table,
SID0353-R013,SID0353-G07,SID0353,PS,count,other,,,,8,,,,,,,,,,,,,,,,yes,confirmed,paper_table,
SID0353-R014,SID0353-G11,SID0353,PS,count,other,,,,8,,,,,,,,,,,,,,,,yes,confirmed,paper_table,
SID0353-R015,SID0353-G04,SID0353,PTFE,count,other,,,,8,,,,,,,,,,,,,,,,yes,confirmed,paper_table,
SID0353-R016,SID0353-G04,SID0353,PVB,count,other,,,,8,,,,,,,,,,,,,,,,yes,confirmed,paper_table,
SID0353-R017,SID0353-G06,SID0353,PA6,count,other,,,,8,,,,,,,,,,,,,,,,yes,confirmed,paper_table,
SID0353-R018,SID0353-G01,SID0353,PA6,count,other,,,,8,,,,,,,,,,,,,,,,yes,confirmed,paper_table,
SID0353-R019,SID0353-G01,SID0353,PE-LD,count,other,,,,8,,,,,,,,,,,,,,,,yes,confirmed,paper_table,
SID0353-R020,SID0353-G01,SID0353,EAA,count,other,,,,8,,,,,,,,,,,,,,,,yes,confirmed,paper_table,
SID0353-R021,SID0353-G01,SID0353,SAN,count,other,,,,8,,,,,,,,,,,,,,,,yes,confirmed,paper_table,
SID0353-R022,SID0353-G01,SID0353,PVOH,count,other,,,,8,,,,,,,,,,,,,,,,yes,confirmed,paper_table,
SID0355-R001,SID0355-G01,SID0355,TOTAL_COUNT,count,other,,,,22,22,,120.136,173.379,39.5,18.75,91.75,1,565,,,,,,,yes,confirmed,paper_table,
SID0355-R002,SID0355-G01,SID0355,ACR,count,other,,,,22,,,4.591,7.676,1,0,6.75,0,30,,,,,,,yes,confirmed,paper_table,
SID0355-R003,SID0355-G01,SID0355,NBR,count,other,,,,22,,,0.409,1.182,0,0,0,0,5,,,,,,,yes,confirmed,paper_table,
SID0355-R004,SID0355-G01,SID0355,ALK,count,other,,,,22,,,12.364,23.145,2.5,0,15,0,89,,,,,,,yes,confirmed,paper_table,
SID0355-R005,SID0355-G01,SID0355,EVA,count,other,,,,22,,,0.409,1.333,0,0,0,0,6,,,,,,,yes,confirmed,paper_table,
SID0355-R006,SID0355-G01,SID0355,POM,count,other,,,,22,,,2.455,5.253,0,0,1.75,0,20,,,,,,,yes,confirmed,paper_table,
SID0355-R007,SID0355-G01,SID0355,PB,count,other,,,,22,,,0.136,0.468,0,0,0,0,2,,,,,,,yes,confirmed,paper_table,
SID0355-R008,SID0355-G01,SID0355,PEST,count,other,,,,22,,,24.591,55.196,5,0,19.25,0,249,,,,,,,yes,confirmed,paper_table,
SID0355-R009,SID0355-G01,SID0355,PE,count,other,,,,22,,,3.955,14.885,0,0,0,0,70,,,,,,,yes,confirmed,paper_table,
SID0355-R010,SID0355-G01,SID0355,PE-CL,count,other,,,,22,,,15.364,27.972,4.5,0,10.75,0,96,,,,,,,yes,confirmed,paper_table,
SID0355-R011,SID0355-G01,SID0355,PI,count,other,,,,22,,,0.364,1.093,0,0,0,0,5,,,,,,,yes,confirmed,paper_table,
SID0355-R012,SID0355-G01,SID0355,OTHER,count,other,,,,22,,,0.273,0.767,0,0,0,0,3,,,,,,,yes,confirmed,paper_table,
SID0355-R013,SID0355-G01,SID0355,PMMA,count,other,,,,22,,,1.818,6.645,0,0,0,0,30,,,,,,,yes,confirmed,paper_table,
SID0355-R014,SID0355-G01,SID0355,PP,count,other,,,,22,,,4.227,7.59,1.5,0,4.75,0,35,,,,,,,yes,confirmed,paper_table,
SID0355-R015,SID0355-G01,SID0355,PSU,count,other,,,,22,,,0.5,1.263,0,0,0,0,5,,,,,,,yes,confirmed,paper_table,
SID0355-R016,SID0355-G01,SID0355,PU,count,other,,,,22,,,41.682,98.838,8,3.25,10.75,0,377,,,,,,,yes,confirmed,paper_table,
SID0355-R017,SID0355-G01,SID0355,PVOH,count,other,,,,22,,,1.636,4.51,0,0,0,0,18,,,,,,,yes,confirmed,paper_table,
SID0355-R018,SID0355-G01,SID0355,PVC,count,other,,,,22,,,0.5,0.964,0,0,0.75,0,3,,,,,,,yes,confirmed,paper_table,
SID0355-R019,SID0355-G01,SID0355,OTHER,count,other,,,,22,,,4.364,6.644,1,0,7.5,0,23,,,,,,,yes,confirmed,paper_table,
SID0355-R020,SID0355-G01,SID0355,PDMS,count,other,,,,22,,,0.727,2.208,0,0,0,0,10,,,,,,,yes,confirmed,paper_table,
SID0355-R021,SID0355-G01,SID0355,PC,count,other,,,,22,,,0.091,0.426,0,0,0,0,2,,,,,,,yes,confirmed,paper_table,
SID0355-R022,SID0355-G01,SID0355,PTFE,count,other,,,,22,,,0.455,2.132,0,0,0,0,10,,,,,,,yes,confirmed,paper_table,
SID0355-R023,SID0355-G01,SID0355,PU,count,pct_of_particles,,,,,,,33.95,,,,,,,,,,,,,,confirmed,paper_text,
SID0355-R024,SID0355-G01,SID0355,PEST,count,pct_of_particles,,,,,,,21.63,,,,,,,,,,,,,,confirmed,paper_text,
SID0356-R001,SID0356-G01,SID0356,TOTAL_COUNT,detection,pct_of_samples,,,,27,22,81.5,,,,,,,,,,,,,,,confirmed,paper_text,
SID0356-R002,SID0356-G01,SID0356,TOTAL_COUNT,count,particles_per_sample,,,,22,,,,,,,,1,3,,,,,,,,confirmed,paper_text,
SID0356-R003,SID0356-G01,SID0356,PP,detection,pct_of_samples,,,,27,,,,,,,,,,,,,,,,,confirmed,paper_text,
SID0356-R004,SID0356-G01,SID0356,PE,detection,pct_of_samples,,,,27,,,,,,,,,,,,,,,,,confirmed,paper_text,
SID0356-R005,SID0356-G01,SID0356,PA,detection,pct_of_samples,,,,27,,,,,,,,,,,,,,,,,confirmed,paper_text,
SID0356-R006,SID0356-G01,SID0356,PS,detection,pct_of_samples,,,,27,,,,,,,,,,,,,,,,,confirmed,paper_text,
SID0356-R007,SID0356-G01,SID0356,PET,detection,pct_of_samples,,,,27,4,,,,,,,,,,,,,,,,confirmed,paper_text,
SID0357-R001,SID0357-G01,SID0357,TOTAL_COUNT,count,particles_per_g,wet,,,45,,,5.24,2.07,,,,1.16,10.77,,,,,,,,confirmed,paper_text,
SID0357-R002,SID0357-G02,SID0357,TOTAL_COUNT,count,particles_per_g,wet,,,13,,,6.35,1.95,,,,,,,,,,,,,confirmed,paper_text,
SID0357-R003,SID0357-G03,SID0357,TOTAL_COUNT,count,particles_per_g,wet,,,32,,,4.79,1.92,,,,,,,,,,,,,confirmed,paper_text,
SID0357-R004,SID0357-G04,SID0357,TOTAL_COUNT,count,particles_per_g,wet,,,28,,,4.81,2.04,,,,,,,,,,,,,confirmed,paper_text,
SID0357-R005,SID0357-G05,SID0357,TOTAL_COUNT,count,particles_per_g,wet,,,4,,,4.55,0.8,,,,,,,,,,,,,confirmed,paper_text,
SID0357-R006,SID0357-G06,SID0357,TOTAL_COUNT,count,particles_per_g,wet,,,8,,,7.17,1.8,,,,,,,,,,,,,confirmed,paper_text,
SID0357-R007,SID0357-G07,SID0357,TOTAL_COUNT,count,particles_per_g,wet,,,5,,,5.03,1.42,,,,,,,,,,,,,confirmed,paper_text,
SID0357-R008,SID0357-G01,SID0357,PET,count,pct_of_particles,,,,,,,27.1,,,,,,,,,,,,,,confirmed,paper_text,
SID0357-R009,SID0357-G01,SID0357,PE,count,pct_of_particles,,,,,,,21.9,,,,,,,,,,,,,,confirmed,paper_text,
SID0357-R010,SID0357-G01,SID0357,RAYON,count,pct_of_particles,,,,,,,12,,,,,,,,,,,,,,confirmed,paper_text,
SID0357-R011,SID0357-G01,SID0357,PEST,count,pct_of_particles,,,,,,,11.1,,,,,,,,,,,,,,confirmed,paper_text,
SID0357-R012,SID0357-G01,SID0357,PP,count,pct_of_particles,,,,,,,9.3,,,,,,,,,,,,,,confirmed,paper_text,
SID0357-R013,SID0357-G01,SID0357,PA,count,pct_of_particles,,,,,,,8.5,,,,,,,,,,,,,,confirmed,paper_text,
SID0357-R014,SID0357-G01,SID0357,PVC,count,pct_of_particles,,,,,,,4.7,,,,,,,,,,,,,,confirmed,paper_text,
SID0357-R015,SID0357-G01,SID0357,PS,count,pct_of_particles,,,,,,,4.4,,,,,,,,,,,,,,confirmed,paper_text,
SID0357-R016,SID0357-G01,SID0357,PC,count,pct_of_particles,,,,,,,2,,,,,,,,,,,,,,confirmed,paper_text,
SID0358-R001,SID0358-G01,SID0358,PA,count,particles_per_g,,,,,,,,,4.5,2.2,18.2,,,,,,,,,,confirmed,paper_table,
SID0358-R002,SID0358-G01,SID0358,PA,count,pct_of_particles,,,,,,,50.09,,,,,,,,,,,,,,confirmed,paper_table,
SID0358-R003,SID0358-G02,SID0358,PA,count,particles_per_g,,,,,,,,,24.9,15.3,59.5,,,,,,,,,,confirmed,paper_table,
SID0358-R004,SID0358-G02,SID0358,PA,count,pct_of_particles,,,,,,,60.22,,,,,,,,,,,,,,confirmed,paper_table,
SID0358-R005,SID0358-G01,SID0358,PU,count,particles_per_g,,,,,,,,,5.5,3,9.7,,,,,,,,,,confirmed,paper_table,
SID0358-R006,SID0358-G01,SID0358,PU,count,pct_of_particles,,,,,,,28.75,,,,,,,,,,,,,,confirmed,paper_table,
SID0358-R007,SID0358-G02,SID0358,PU,count,particles_per_g,,,,,,,,,10.7,3.6,18.7,,,,,,,,,,confirmed,paper_table,
SID0358-R008,SID0358-G02,SID0358,PU,count,pct_of_particles,,,,,,,22.58,,,,,,,,,,,,,,confirmed,paper_table,
SID0358-R009,SID0358-G01,SID0358,PE,count,particles_per_g,,,,,,,,,2,0.9,3.1,,,,,,,,,,confirmed,paper_table,
SID0358-R010,SID0358-G01,SID0358,PE,count,pct_of_particles,,,,,,,11.01,,,,,,,,,,,,,,confirmed,paper_table,
SID0358-R011,SID0358-G02,SID0358,PE,count,particles_per_g,,,,,,,,,1.1,0.5,2.2,,,,,,,,,,confirmed,paper_table,
SID0358-R012,SID0358-G02,SID0358,PE,count,pct_of_particles,,,,,,,1.91,,,,,,,,,,,,,,confirmed,paper_table,
SID0358-R013,SID0358-G01,SID0358,PET,count,particles_per_g,,,,,,,,,1.1,0.3,1.4,,,,,,,,,,confirmed,paper_table,
SID0358-R014,SID0358-G01,SID0358,PET,count,pct_of_particles,,,,,,,2.74,,,,,,,,,,,,,,confirmed,paper_table,
SID0358-R015,SID0358-G02,SID0358,PET,count,particles_per_g,,,,,,,,,1.3,0.8,3.4,,,,,,,,,,confirmed,paper_table,
SID0358-R016,SID0358-G02,SID0358,PET,count,pct_of_particles,,,,,,,2.87,,,,,,,,,,,,,,confirmed,paper_table,
SID0358-R017,SID0358-G01,SID0358,PP,count,particles_per_g,,,,,,,,,0.3,0.3,0.7,,,,,,,,,,confirmed,paper_table,
SID0358-R018,SID0358-G01,SID0358,PP,count,pct_of_particles,,,,,,,1.62,,,,,,,,,,,,,,confirmed,paper_table,
SID0358-R019,SID0358-G02,SID0358,PP,count,particles_per_g,,,,,,,,,0.9,0.6,1.3,,,,,,,,,,confirmed,paper_table,
SID0358-R020,SID0358-G02,SID0358,PP,count,pct_of_particles,,,,,,,1.19,,,,,,,,,,,,,,confirmed,paper_table,
SID0358-R021,SID0358-G01,SID0358,PVC,count,particles_per_g,,,,,,,,,0.6,0.3,1.1,,,,,,,,,,confirmed,paper_table,
SID0358-R022,SID0358-G01,SID0358,PVC,count,pct_of_particles,,,,,,,1.37,,,,,,,,,,,,,,confirmed,paper_table,
SID0358-R023,SID0358-G02,SID0358,PVC,count,particles_per_g,,,,,,,,,2.2,0.7,2.8,,,,,,,,,,confirmed,paper_table,
SID0358-R024,SID0358-G02,SID0358,PVC,count,pct_of_particles,,,,,,,2.99,,,,,,,,,,,,,,confirmed,paper_table,
SID0358-R025,SID0358-G01,SID0358,POM,count,particles_per_g,,,,,,,,,0.3,0.3,0.6,,,,,,,,,,confirmed,paper_table,
SID0358-R026,SID0358-G01,SID0358,POM,count,pct_of_particles,,,,,,,0.93,,,,,,,,,,,,,,confirmed,paper_table,
SID0358-R027,SID0358-G02,SID0358,POM,count,particles_per_g,,,,,,,,,0.6,0.6,0.7,,,,,,,,,,confirmed,paper_table,
SID0358-R028,SID0358-G02,SID0358,POM,count,pct_of_particles,,,,,,,0.48,,,,,,,,,,,,,,confirmed,paper_table,
SID0358-R029,SID0358-G01,SID0358,EVA,count,particles_per_g,,,,,,,,,0.3,0.3,0.7,,,,,,,,,,confirmed,paper_table,
SID0358-R030,SID0358-G01,SID0358,EVA,count,pct_of_particles,,,,,,,0.87,,,,,,,,,,,,,,confirmed,paper_table,
SID0358-R031,SID0358-G02,SID0358,EVA,count,particles_per_g,,,,,,,,,0.9,0.6,2.6,,,,,,,,,,confirmed,paper_table,
SID0358-R032,SID0358-G02,SID0358,EVA,count,pct_of_particles,,,,,,,0.72,,,,,,,,,,,,,,confirmed,paper_table,
SID0358-R033,SID0358-G01,SID0358,PTFE,count,particles_per_g,,,,,,,,,0.6,0.3,0.6,,,,,,,,,,confirmed,paper_table,
SID0358-R034,SID0358-G01,SID0358,PTFE,count,pct_of_particles,,,,,,,0.68,,,,,,,,,,,,,,confirmed,paper_table,
SID0358-R035,SID0358-G02,SID0358,PTFE,count,particles_per_g,,,,,,,,,2.1,1.3,4.7,,,,,,,,,,confirmed,paper_table,
SID0358-R036,SID0358-G02,SID0358,PTFE,count,pct_of_particles,,,,,,,4.06,,,,,,,,,,,,,,confirmed,paper_table,
SID0358-R037,SID0358-G01,SID0358,PE-CL,count,particles_per_g,,,,,,,,,0.5,0.3,0.7,,,,,,,,,,confirmed,paper_table,
SID0358-R038,SID0358-G01,SID0358,PE-CL,count,pct_of_particles,,,,,,,0.62,,,,,,,,,,,,,,confirmed,paper_table,
SID0358-R039,SID0358-G02,SID0358,PE-CL,count,particles_per_g,,,,,,,,,1.2,0.6,1.3,,,,,,,,,,confirmed,paper_table,
SID0358-R040,SID0358-G02,SID0358,PE-CL,count,pct_of_particles,,,,,,,1.19,,,,,,,,,,,,,,confirmed,paper_table,
SID0358-R041,SID0358-G01,SID0358,PB,count,particles_per_g,,,,,,,,,0.5,0.3,0.8,,,,,,,,,,confirmed,paper_table,
SID0358-R042,SID0358-G01,SID0358,PB,count,pct_of_particles,,,,,,,0.44,,,,,,,,,,,,,,confirmed,paper_table,
SID0358-R043,SID0358-G01,SID0358,PC,count,particles_per_g,,,,,,,,,0.7,0.3,1.3,,,,,,,,,,confirmed,paper_table,
SID0358-R044,SID0358-G01,SID0358,PC,count,pct_of_particles,,,,,,,0.44,,,,,,,,,,,,,,confirmed,paper_table,
SID0358-R045,SID0358-G01,SID0358,PS,count,particles_per_g,,,,,,,,,0.7,0.3,1.1,,,,,,,,,,confirmed,paper_table,
SID0358-R046,SID0358-G01,SID0358,PS,count,pct_of_particles,,,,,,,0.19,,,,,,,,,,,,,,confirmed,paper_table,
SID0358-R047,SID0358-G02,SID0358,PS,count,particles_per_g,,,,,,,,,0.4,0.4,0.5,,,,,,,,,,confirmed,paper_table,
SID0358-R048,SID0358-G02,SID0358,PS,count,pct_of_particles,,,,,,,0.48,,,,,,,,,,,,,,confirmed,paper_table,
SID0358-R049,SID0358-G01,SID0358,PMMA,count,particles_per_g,,,,,,,,,0.3,0.3,0.3,,,,,,,,,,confirmed,paper_table,
SID0358-R050,SID0358-G01,SID0358,PMMA,count,pct_of_particles,,,,,,,0.12,,,,,,,,,,,,,,confirmed,paper_table,
SID0358-R051,SID0358-G02,SID0358,PMMA,count,particles_per_g,,,,,,,,,0.6,0.3,0.9,,,,,,,,,,confirmed,paper_table,
SID0358-R052,SID0358-G02,SID0358,PMMA,count,pct_of_particles,,,,,,,0.36,,,,,,,,,,,,,,confirmed,paper_table,
SID0358-R053,SID0358-G01,SID0358,PLA,count,particles_per_g,,,,,,,,,0.3,,,,,,,,,,,,confirmed,paper_table,
SID0358-R054,SID0358-G01,SID0358,PLA,count,pct_of_particles,,,,,,,0.06,,,,,,,,,,,,,,confirmed,paper_table,
SID0358-R055,SID0358-G02,SID0358,PLA,count,particles_per_g,,,,,,,,,3,,,,,,,,,,,,confirmed,paper_table,
SID0358-R056,SID0358-G02,SID0358,PLA,count,pct_of_particles,,,,,,,0.6,,,,,,,,,,,,,,confirmed,paper_table,
SID0358-R057,SID0358-G01,SID0358,PSU,count,particles_per_g,,,,,,,,,0.3,,,,,,,,,,,,confirmed,paper_table,
SID0358-R058,SID0358-G01,SID0358,PSU,count,pct_of_particles,,,,,,,0.06,,,,,,,,,,,,,,confirmed,paper_table,
SID0358-R059,SID0358-G02,SID0358,PSU,count,particles_per_g,,,,,,,,,0.7,0.6,1.2,,,,,,,,,,confirmed,paper_table,
SID0358-R060,SID0358-G02,SID0358,PSU,count,pct_of_particles,,,,,,,0.36,,,,,,,,,,,,,,confirmed,paper_table,
SID0358-R061,SID0358-G01,SID0358,TOTAL_COUNT,count,particles_per_g,,,,,,,,,18,12.2,33.5,,,,,,,,,,confirmed,paper_table,
SID0358-R062,SID0358-G02,SID0358,TOTAL_COUNT,count,particles_per_g,,,,,,,,,51.4,28.1,77.8,,,,,,,,,,confirmed,paper_table,
SID0359-R001,SID0359-G01,SID0359,TOTAL_COUNT,count,other,,,,15,,,,,,,,,,,,,,,,,confirmed,paper_text,
SID0359-R002,SID0359-G02,SID0359,TOTAL_COUNT,count,other,,,,14,,,,,,,,,,,,,,,,,confirmed,paper_text,
SID0359-R003,SID0359-G01,SID0359,PVC,mass,other,,,,,,,,,,,,,,,,,,,,,confirmed,computed,
SID0359-R004,SID0359-G01,SID0359,PP,mass,other,,,,,,,,,,,,,,,,,,,,,confirmed,computed,
SID0359-R005,SID0359-G01,SID0359,PE,mass,other,,,,,,,,,,,,,,,,,,,,,confirmed,computed,
SID0359-R006,SID0359-G01,SID0359,PS,mass,other,,,,,,,,,,,,,,,,,,,,,confirmed,computed,
SID0359-R007,SID0359-G01,SID0359,PA66,mass,other,,,,,,,,,,,,,,,,,,,,,confirmed,computed,
SID0359-R008,SID0359-G01,SID0359,TOTAL_MASS,mass,other,,,,,,,,,,,,,,,,,,,,,confirmed,computed,
SID0359-R009,SID0359-G02,SID0359,PVC,mass,other,,,,,,,,,,,,,,,,,,,,,confirmed,computed,
SID0359-R010,SID0359-G02,SID0359,PP,mass,other,,,,,,,,,,,,,,,,,,,,,confirmed,computed,
SID0359-R011,SID0359-G02,SID0359,PE,mass,other,,,,,,,,,,,,,,,,,,,,,confirmed,computed,
SID0359-R012,SID0359-G02,SID0359,PS,mass,other,,,,,,,,,,,,,,,,,,,,,confirmed,computed,
SID0359-R013,SID0359-G02,SID0359,PA66,mass,other,,,,,,,,,,,,,,,,,,,,,confirmed,computed,
SID0359-R014,SID0359-G02,SID0359,TOTAL_MASS,mass,other,,,,,,,,,,,,,,,,,,,,,confirmed,computed,
SID0360-R001,SID0360-G01,SID0360,TOTAL_COUNT,count,particles_per_mL,,,,1308,,91.29,,,250,,,0,7050,,,,,,,yes,confirmed,paper_table,
SID0360-R002,SID0360-G01,SID0360,PA,count,particles_per_mL,,,,1308,,29.26,,,0,,,0,4950,,,,,,,yes,confirmed,paper_table,
SID0360-R003,SID0360-G01,SID0360,PTFE,count,particles_per_mL,,,,1308,,50.19,,,25,,,0,5900,,,,,,,yes,confirmed,paper_table,
SID0360-R004,SID0360-G01,SID0360,PMMA,count,particles_per_mL,,,,1308,,7.79,,,0,,,0,1800,,,,,,,yes,confirmed,paper_table,
SID0360-R005,SID0360-G01,SID0360,PP,count,particles_per_mL,,,,1308,,7.33,,,0,,,0,1000,,,,,,,yes,confirmed,paper_table,
SID0360-R006,SID0360-G01,SID0360,PET,count,particles_per_mL,,,,1308,,18.26,,,0,,,0,400,,,,,,,yes,confirmed,paper_table,
SID0360-R007,SID0360-G01,SID0360,PS,count,particles_per_mL,,,,1308,,5.5,,,0,,,0,150,,,,,,,yes,confirmed,paper_table,
SID0360-R008,SID0360-G01,SID0360,PU,count,particles_per_mL,,,,1308,,33.16,,,0,,,0,900,,,,,,,yes,confirmed,paper_table,
SID0360-R009,SID0360-G01,SID0360,PVC,count,particles_per_mL,,,,1308,,15.58,,,0,,,0,550,,,,,,,yes,confirmed,paper_table,
SID0360-R010,SID0360-G01,SID0360,PE,count,particles_per_mL,,,,1308,,33.38,,,0,,,0,3200,,,,,,,yes,confirmed,paper_table,
SID0360-R011,SID0360-G01,SID0360,PC,count,particles_per_mL,,,,1308,,14.82,,,0,,,0,300,,,,,,,yes,confirmed,paper_table,
SID0360-R012,SID0360-G01,SID0360,PLA,count,particles_per_mL,,,,1308,,8.02,,,0,,,0,800,,,,,,,yes,confirmed,paper_table,
SID0360-R013,SID0360-G01,SID0360,EVA,count,particles_per_mL,,,,1308,,9.01,,,0,,,0,200,,,,,,,yes,confirmed,paper_table,
SID0360-R014,SID0360-G01,SID0360,PE-HD,count,particles_per_mL,,,,1308,,5.96,,,0,,,0,350,,,,,,,yes,confirmed,paper_table,
SID0360-R015,SID0360-G01,SID0360,PE-CL,count,particles_per_mL,,,,1308,,10.31,,,0,,,0,4400,,,,,,,yes,confirmed,paper_table,
SID0360-R016,SID0360-G01,SID0360,PAM,count,particles_per_mL,,,,1308,,35.52,,,0,,,0,5000,,,,,,,yes,confirmed,paper_table,
SID0360-R017,SID0360-G01,SID0360,PVOH,count,particles_per_mL,,,,1308,,24.45,,,0,,,0,625,,,,,,,yes,confirmed,paper_table,
SID0360-R018,SID0360-G01,SID0360,PSU,count,particles_per_mL,,,,1308,,19.48,,,0,,,0,950,,,,,,,yes,confirmed,paper_table,
SID0360-R019,SID0360-G01,SID0360,PI,count,particles_per_mL,,,,1308,,5.88,,,0,,,0,150,,,,,,,yes,confirmed,paper_table,
SID0360-R020,SID0360-G01,SID0360,POM,count,particles_per_mL,,,,1308,,3.36,,,0,,,0,100,,,,,,,yes,confirmed,paper_table,
SID0360-R021,SID0360-G01,SID0360,TOTAL_COUNT,count,pct_of_particles,,20-100,,,,,,,,,,,,,,,,,,yes,confirmed,paper_text,
SID0361-R001,SID0361-G01,SID0361,TOTAL_COUNT,count,particles_per_g,wet,,,5,4,,29.28,34.88,,,,,,,,,,,,no,contamination_qualified,paper_table,
SID0361-R002,SID0361-G01,SID0361,TOTAL_COUNT,count,particles_per_g,wet,,,5,,,14.99,17.18,,,,,,,,,,,,yes,contamination_qualified,paper_table,
SID0361-R003,SID0361-G01,SID0361,ALK,count,pct_of_particles,,,,,,,45,,,,,,,,,,,,,,confirmed,paper_text,
SID0361-R004,SID0361-G01,SID0361,ALK,count,particles_per_g,wet,,,5,4,,,,,,,4.94,22.22,,,,,,,yes,confirmed,paper_text,
SID0361-R005,SID0361-G01,SID0361,PVAC,count,pct_of_particles,,,,,,,20,,,,,,,,,,,,,,confirmed,paper_text,
SID0361-R006,SID0361-G01,SID0361,PVAC,count,particles_per_g,wet,,,5,2,,,,,,,5.56,52.17,,,,,,,yes,confirmed,paper_text,
SID0361-R007,SID0361-G01,SID0361,OTHER,count,pct_of_particles,,,,,,,20,,,,,,,,,,,,,,confirmed,paper_text,
SID0361-R008,SID0361-G01,SID0361,OTHER,count,particles_per_g,wet,,,5,2,,,,,,,4.35,7.95,,,,,,,yes,confirmed,paper_text,
SID0361-R009,SID0361-G01,SID0361,OTHER,count,particles_per_g,wet,,,5,1,,,,,,,5.56,5.56,,,,,,,yes,confirmed,paper_text,
SID0361-R010,SID0361-G01,SID0361,PU,count,particles_per_g,wet,,,5,1,,,,,,,5.24,5.24,,,,,,,yes,confirmed,paper_text,
SID0362-R001,SID0362-G01,SID0362,TOTAL_COUNT,count,other,,,,5,,,,,,,,,,,,,,,,,tentative,paper_text,
SID0362-R002,SID0362-G01,SID0362,TOTAL_COUNT,count,particles_per_sample,,,,5,,,,,,,,,,,,,,,,,tentative,computed,
SID0362-R003,SID0362-G01,SID0362,TOTAL_COUNT,count,particles_per_mL,,,,5,,,,,,,,,,,,,,,,,tentative,computed,
SID0362-R004,SID0362-G02,SID0362,TOTAL_COUNT,count,other,,,,3,,,,,,,,,,,,,,,,,tentative,paper_text,
SID0362-R005,SID0362-G02,SID0362,TOTAL_COUNT,count,particles_per_sample,,,,3,,,,,,,,,,,,,,,,,tentative,computed,
SID0362-R006,SID0362-G02,SID0362,TOTAL_COUNT,count,particles_per_mL,,,,3,,,,,,,,,,,,,,,,,tentative,computed,
SID0363-R001,SID0363-G02,SID0363,PS,mass,ng_per_mL,,,,,,,,,1.32,0.9,2.09,,,,,,,,,,confirmed,si_table,
SID0363-R002,SID0363-G01,SID0363,PS,mass,ng_per_mL,,,,,,,,,1.54,1.09,2.33,,,,,,,,,,confirmed,si_table,
SID0363-R003,SID0363-G02,SID0363,PVC,mass,ng_per_mL,,,,,,,,,10.03,6.37,14.63,,,,,,,,,,confirmed,si_table,
SID0363-R004,SID0363-G01,SID0363,PVC,mass,ng_per_mL,,,,,,,,,13.76,9.63,20.55,,,,,,,,,,confirmed,si_table,
SID0363-R005,SID0363-G02,SID0363,PA66,mass,ng_per_mL,,,,,,,,,1.7,0.85,4.15,,,,,,,,,,confirmed,si_table,
SID0363-R006,SID0363-G01,SID0363,PA66,mass,ng_per_mL,,,,,,,,,3,1.43,5.73,,,,,,,,,,confirmed,si_table,
SID0363-R007,SID0363-G03,SID0363,PS,detection,pct_of_samples,,,,220,,98.6,,,,,,,,,,,,,,,confirmed,si_table,
SID0363-R008,SID0363-G03,SID0363,PVC,detection,pct_of_samples,,,,220,,90.9,,,,,,,,,,,,,,,confirmed,si_table,
SID0363-R009,SID0363-G03,SID0363,PA66,detection,pct_of_samples,,,,220,,85,,,,,,,,,,,,,,,confirmed,si_table,
SID0363-R010,SID0363-G03,SID0363,PMMA,detection,pct_of_samples,,,,220,,5.9,,,,,,,,,,,,,,,confirmed,si_table,
SID0363-R011,SID0363-G03,SID0363,PP,detection,pct_of_samples,,,,220,,1.8,,,,,,,,,,,,,,,confirmed,si_table,
SID0363-R012,SID0363-G03,SID0363,PA6,detection,pct_of_samples,,,,220,,0.9,,,,,,,,,,,,,,,confirmed,si_table,
SID0363-R013,SID0363-G03,SID0363,PC,detection,pct_of_samples,,,,220,,0,,,,,,,,,,,,,,,not_detected,si_table,
SID0363-R014,SID0363-G03,SID0363,PET,detection,pct_of_samples,,,,220,,0,,,,,,,,,,,,,,,not_detected,si_table,
SID0363-R015,SID0363-G03,SID0363,PLA,detection,pct_of_samples,,,,220,,0,,,,,,,,,,,,,,,not_detected,si_table,
SID0363-R016,SID0363-G03,SID0363,PE,detection,pct_of_samples,,,,220,,0,,,,,,,,,,,,,,,not_detected,si_table,
SID0363-R017,SID0363-G03,SID0363,PBAT,detection,pct_of_samples,,,,220,,0,,,,,,,,,,,,,,,not_detected,si_table,
SID0363-R018,SID0363-G04,SID0363,TOTAL_COUNT,detection,pct_of_samples,,,,10,10,100,,,,,,,,,,,,,,,confirmed,paper_text,
SID0363-R019,SID0363-G05,SID0363,PS,mass,ug_per_g,,,,1,1,,2.18,,,,,,,,,,,,,,confirmed,si_table,
SID0363-R020,SID0363-G05,SID0363,PVC,mass,ug_per_g,,,,1,1,,4.14,,,,,,,,,,,,,,confirmed,si_table,
SID0363-R021,SID0363-G05,SID0363,PA66,mass,ug_per_g,,,,1,0,,,,,,,,,,,,,,,,not_detected,si_table,
SID0364-R001,SID0364-G01,SID0364,FKM,detection,pct_of_samples,wet,,,8,,,,,,,,,,,,,,,,,confirmed,paper_text,
SID0364-R002,SID0364-G01,SID0364,PE,detection,pct_of_samples,wet,,,8,,,,,,,,,,,,,,,,,confirmed,paper_text,
SID0364-R003,SID0364-G01,SID0364,PET,detection,pct_of_samples,wet,,,8,,,,,,,,,,,,,,,,,confirmed,paper_text,
SID0364-R004,SID0364-G01,SID0364,PVC,detection,pct_of_samples,wet,,,8,,,,,,,,,,,,,,,,,confirmed,paper_text,
SID0364-R005,SID0364-G01,SID0364,PP,detection,pct_of_samples,wet,,,8,,,,,,,,,,,,,,,,,confirmed,paper_text,
SID0364-R006,SID0364-G02,SID0364,FKM,detection,pct_of_samples,wet,,,8,,,,,,,,,,,,,,,,,confirmed,paper_text,
SID0364-R007,SID0364-G02,SID0364,PE,detection,pct_of_samples,wet,,,8,,,,,,,,,,,,,,,,,confirmed,paper_text,
SID0364-R008,SID0364-G02,SID0364,PET,detection,pct_of_samples,wet,,,8,,,,,,,,,,,,,,,,,confirmed,paper_text,
SID0364-R009,SID0364-G02,SID0364,PVC,detection,pct_of_samples,wet,,,8,,,,,,,,,,,,,,,,,confirmed,paper_text,
SID0364-R010,SID0364-G02,SID0364,PP,detection,pct_of_samples,wet,,,8,,,,,,,,,,,,,,,,,confirmed,paper_text,
SID0365-R001,SID0365-G01,SID0365,PE-CL,count,particles_per_g,wet,,,,,,9.65,,,,,,,,,,,,,,confirmed,paper_table,
SID0365-R002,SID0365-G02,SID0365,PE-CL,count,particles_per_g,wet,,,,,,14.02,,,,,,,,,,,,,,confirmed,paper_table,
SID0365-R003,SID0365-G03,SID0365,PE-CL,count,particles_per_g,wet,,,,,,0.45,,,,,,,,,,,,,,confirmed,paper_table,
SID0365-R004,SID0365-G04,SID0365,PE-CL,count,particles_per_g,wet,,,,,,1.49,,,,,,,,,,,,,,confirmed,paper_table,
SID0365-R005,SID0365-G02,SID0365,ACR,count,particles_per_g,wet,,,,,,23.05,,,,,,,,,,,,,,confirmed,paper_table,
SID0365-R006,SID0365-G03,SID0365,ACR,count,particles_per_g,wet,,,,,,0.36,,,,,,,,,,,,,,confirmed,paper_table,
SID0365-R007,SID0365-G04,SID0365,ACR,count,particles_per_g,wet,,,,,,5.62,,,,,,,,,,,,,,confirmed,paper_table,
SID0365-R008,SID0365-G01,SID0365,FKM,count,particles_per_g,wet,,,,,,5.62,,,,,,,,,,,,,,confirmed,paper_table,
SID0365-R009,SID0365-G02,SID0365,FKM,count,particles_per_g,wet,,,,,,2.73,,,,,,,,,,,,,,confirmed,paper_table,
SID0365-R010,SID0365-G03,SID0365,FKM,count,particles_per_g,wet,,,,,,5.95,,,,,,,,,,,,,,confirmed,paper_table,
SID0365-R011,SID0365-G04,SID0365,FKM,count,particles_per_g,wet,,,,,,18.97,,,,,,,,,,,,,,confirmed,paper_table,
SID0365-R012,SID0365-G01,SID0365,PU,count,particles_per_g,wet,,,,,,1.85,,,,,,,,,,,,,,confirmed,paper_table,
SID0365-R013,SID0365-G02,SID0365,PU,count,particles_per_g,wet,,,,,,20.34,,,,,,,,,,,,,,confirmed,paper_table,
SID0365-R014,SID0365-G03,SID0365,PU,count,particles_per_g,wet,,,,,,0.36,,,,,,,,,,,,,,confirmed,paper_table,
SID0365-R015,SID0365-G04,SID0365,PU,count,particles_per_g,wet,,,,,,15.79,,,,,,,,,,,,,,confirmed,paper_table,
SID0365-R016,SID0365-G01,SID0365,PMMA,count,particles_per_g,wet,,,,,,1.61,,,,,,,,,,,,,,confirmed,paper_table,
SID0365-R017,SID0365-G02,SID0365,PMMA,count,particles_per_g,wet,,,,,,9.81,,,,,,,,,,,,,,confirmed,paper_table,
SID0365-R018,SID0365-G03,SID0365,PMMA,count,particles_per_g,wet,,,,,,1.04,,,,,,,,,,,,,,confirmed,paper_table,
SID0365-R019,SID0365-G04,SID0365,PMMA,count,particles_per_g,wet,,,,,,3.92,,,,,,,,,,,,,,confirmed,paper_table,
SID0365-R020,SID0365-G01,SID0365,PS,count,particles_per_g,wet,,,,,,1.27,,,,,,,,,,,,,,confirmed,paper_table,
SID0365-R021,SID0365-G04,SID0365,PS,count,particles_per_g,wet,,,,,,0.92,,,,,,,,,,,,,,confirmed,paper_table,
SID0365-R022,SID0365-G01,SID0365,PE,count,particles_per_g,wet,,,,,,1.19,,,,,,,,,,,,,,confirmed,paper_table,
SID0365-R023,SID0365-G02,SID0365,PE,count,particles_per_g,wet,,,,,,3.9,,,,,,,,,,,,,,confirmed,paper_table,
SID0365-R024,SID0365-G03,SID0365,PE,count,particles_per_g,wet,,,,,,1.44,,,,,,,,,,,,,,confirmed,paper_table,
SID0365-R025,SID0365-G04,SID0365,PE,count,particles_per_g,wet,,,,,,40.16,,,,,,,,,,,,,,confirmed,paper_table,
SID0365-R026,SID0365-G01,SID0365,PP,count,particles_per_g,wet,,,,,,2.67,,,,,,,,,,,,,,confirmed,paper_table,
SID0365-R027,SID0365-G02,SID0365,PP,count,particles_per_g,wet,,,,,,2.94,,,,,,,,,,,,,,confirmed,paper_table,
SID0365-R028,SID0365-G03,SID0365,PP,count,particles_per_g,wet,,,,,,1.04,,,,,,,,,,,,,,confirmed,paper_table,
SID0365-R029,SID0365-G04,SID0365,PP,count,particles_per_g,wet,,,,,,2.9,,,,,,,,,,,,,,confirmed,paper_table,
SID0365-R030,SID0365-G01,SID0365,PET,count,particles_per_g,wet,,,,,,0.94,,,,,,,,,,,,,,confirmed,paper_table,
SID0365-R031,SID0365-G02,SID0365,PET,count,particles_per_g,wet,,,,,,1.48,,,,,,,,,,,,,,confirmed,paper_table,
SID0365-R032,SID0365-G03,SID0365,PET,count,particles_per_g,wet,,,,,,1.48,,,,,,,,,,,,,,confirmed,paper_table,
SID0365-R033,SID0365-G04,SID0365,PET,count,particles_per_g,wet,,,,,,0.94,,,,,,,,,,,,,,confirmed,paper_table,
SID0365-R034,SID0365-G01,SID0365,PVC,count,particles_per_g,wet,,,,,,0.25,,,,,,,,,,,,,,confirmed,paper_table,
SID0365-R035,SID0365-G02,SID0365,PVC,count,particles_per_g,wet,,,,,,1.05,,,,,,,,,,,,,,confirmed,paper_table,
SID0365-R036,SID0365-G03,SID0365,PVC,count,particles_per_g,wet,,,,,,0.55,,,,,,,,,,,,,,confirmed,paper_table,
SID0365-R037,SID0365-G04,SID0365,PVC,count,particles_per_g,wet,,,,,,2.46,,,,,,,,,,,,,,confirmed,paper_table,
SID0365-R038,SID0365-G01,SID0365,EVA,count,particles_per_g,wet,,,,,,0.62,,,,,,,,,,,,,,confirmed,paper_table,
SID0365-R039,SID0365-G02,SID0365,EVA,count,particles_per_g,wet,,,,,,14.71,,,,,,,,,,,,,,confirmed,paper_table,
SID0365-R040,SID0365-G04,SID0365,EVA,count,particles_per_g,wet,,,,,,2.3,,,,,,,,,,,,,,confirmed,paper_table,
SID0365-R041,SID0365-G04,SID0365,PB,count,particles_per_g,wet,,,,,,1.44,,,,,,,,,,,,,,confirmed,paper_table,
SID0365-R042,SID0365-G01,SID0365,OTHER,count,particles_per_g,wet,,,,,,1.14,,,,,,,,,,,,,,confirmed,paper_table,
SID0365-R043,SID0365-G02,SID0365,OTHER,count,particles_per_g,wet,,,,,,0.46,,,,,,,,,,,,,,confirmed,paper_table,
SID0365-R044,SID0365-G04,SID0365,OTHER,count,particles_per_g,wet,,,,,,1.2,,,,,,,,,,,,,,confirmed,paper_table,
SID0365-R045,SID0365-G01,SID0365,TOTAL_COUNT,count,particles_per_g,wet,,,,,,2.44,,,,,,,,,,,,,,confirmed,paper_text,
SID0365-R046,SID0365-G03,SID0365,TOTAL_COUNT,count,particles_per_g,wet,,,,,,8.59,,,,,,,,,,,,,,confirmed,paper_text,
SID0365-R047,SID0365-G02,SID0365,TOTAL_COUNT,count,particles_per_g,wet,,,,,,1.41,,,,,,,,,,,,,,confirmed,paper_text,
SID0365-R048,SID0365-G04,SID0365,TOTAL_COUNT,count,particles_per_g,wet,,,,,,8.05,,,,,,,,,,,,,,confirmed,paper_text,
SID0365-R049,SID0365-G01,SID0365,TOTAL_COUNT,detection,pct_of_samples,,,,6,6,100,,,,,,,,,,,,,,,confirmed,paper_text,
SID0365-R050,SID0365-G02,SID0365,TOTAL_COUNT,detection,pct_of_samples,,,,10,10,100,,,,,,,,,,,,,,,confirmed,paper_text,
SID0365-R051,SID0365-G03,SID0365,TOTAL_COUNT,detection,pct_of_samples,,,,6,6,100,,,,,,,,,,,,,,,confirmed,paper_text,
SID0365-R052,SID0365-G04,SID0365,TOTAL_COUNT,detection,pct_of_samples,,,,10,10,100,,,,,,,,,,,,,,,confirmed,paper_text,
SID0366-R001,SID0366-G01,SID0366,TOTAL_COUNT,count,particles_per_g,dry,,,,,,28,,,,,,,,,,,,,,confirmed,paper_text,
SID0366-R002,SID0366-G02,SID0366,TOTAL_COUNT,count,particles_per_g,dry,,,,,,41.8,,,,,,,,,,,,,,confirmed,paper_text,
SID0366-R003,SID0366-G01,SID0366,TOTAL_COUNT,detection,pct_of_samples,,,,50,50,100,,,,,,,,,,,,,,,confirmed,paper_text,
SID0366-R004,SID0366-G02,SID0366,TOTAL_COUNT,detection,pct_of_samples,,,,52,52,100,,,,,,,,,,,,,,,confirmed,paper_text,
SID0366-R005,SID0366-G01,SID0366,PET,count,pct_of_particles,,,,,,,22.3,,,,,,,,,,,,,,confirmed,paper_text,
SID0366-R006,SID0366-G01,SID0366,PA,count,pct_of_particles,,,,,,,8.9,,,,,,,,,,,,,,confirmed,paper_text,
SID0366-R007,SID0366-G01,SID0366,PP,count,pct_of_particles,,,,,,,8.7,,,,,,,,,,,,,,confirmed,paper_text,
SID0366-R008,SID0366-G01,SID0366,PE,count,pct_of_particles,,,,,,,7.6,,,,,,,,,,,,,,confirmed,paper_text,
SID0366-R009,SID0366-G01,SID0366,PC,count,pct_of_particles,,,,,,,7.1,,,,,,,,,,,,,,confirmed,paper_text,
SID0366-R010,SID0366-G02,SID0366,PET,count,pct_of_particles,,,,,,,34,,,,,,,,,,,,,,confirmed,paper_text,
SID0366-R011,SID0366-G02,SID0366,PA,count,pct_of_particles,,,,,,,12.4,,,,,,,,,,,,,,confirmed,paper_text,
SID0366-R012,SID0366-G02,SID0366,PVC,count,pct_of_particles,,,,,,,10.3,,,,,,,,,,,,,,confirmed,paper_text,
SID0366-R013,SID0366-G02,SID0366,PP,count,pct_of_particles,,,,,,,9.5,,,,,,,,,,,,,,confirmed,paper_text,
SID0366-R014,SID0366-G02,SID0366,PE,count,pct_of_particles,,,,,,,5.6,,,,,,,,,,,,,,confirmed,paper_text,
SID0366-R015,SID0366-G01,SID0366,TOTAL_COUNT,count,pct_of_particles,,,film,,,,49.5,,,,,,,,,,,,,,confirmed,paper_text,
SID0366-R016,SID0366-G01,SID0366,TOTAL_COUNT,count,pct_of_particles,,,fiber,,,,31.3,,,,,,,,,,,,,,confirmed,paper_text,
SID0366-R017,SID0366-G02,SID0366,TOTAL_COUNT,count,pct_of_particles,,,film,,,,46.8,,,,,,,,,,,,,,confirmed,paper_text,
SID0366-R018,SID0366-G02,SID0366,TOTAL_COUNT,count,pct_of_particles,,,fiber,,,,31,,,,,,,,,,,,,,confirmed,paper_text,
SID0366-R019,SID0366-G02,SID0366,TOTAL_COUNT,count,pct_of_particles,,<50,,,,,54.9,16.6,,,,,,,,,,,,,confirmed,paper_text,
SID0366-R020,SID0366-G02,SID0366,TOTAL_COUNT,count,pct_of_particles,,50-300,,,,,42.6,15.9,,,,,,,,,,,,,confirmed,paper_text,
SID0341-R001,SID0341-G01,SID0341,PET,mass,ng_per_g,dry,,,6,6,,,,36000,,,5700,82000,,,,,,,,confirmed,paper_text,
SID0341-R002,SID0341-G01,SID0341,PC,mass,ng_per_g,dry,,,6,6,,,,78,,,49,2100,,,,,,,,confirmed,paper_text,
SID0341-R003,SID0341-G02,SID0341,PET,mass,ng_per_g,dry,,,3,2,,,,,,,,12000,,,,,,,,confirmed,paper_text,
SID0341-R004,SID0341-G02,SID0341,PC,mass,ng_per_g,dry,,,3,1,,,,,,,110,110,,,,,,,,confirmed,paper_text,
SID0341-R005,SID0341-G03,SID0341,PET,mass,ng_per_g,dry,,,10,8,,,,2600,,,2200,16000,,,,,,,,confirmed,paper_text,
SID0341-R006,SID0341-G03,SID0341,PC,mass,ng_per_g,dry,,,10,10,,,,110,,,37,620,,,,,,,,confirmed,paper_text,
SID0367-R001,SID0367-G01,SID0367,TOTAL_COUNT,detection,pct_of_samples,,,,20,,,,,,,,,,,,,,,,,confirmed,paper_text,
SID0367-R002,SID0367-G02,SID0367,TOTAL_COUNT,detection,pct_of_samples,,,,20,,,,,,,,,,,,,,,,,confirmed,paper_text,
SID0367-R003,SID0367-G01,SID0367,PU,count,pct_of_particles,,,,,,,37.3,,,,,,,,,,,,,,confirmed,paper_text,
SID0367-R004,SID0367-G02,SID0367,PU,count,pct_of_particles,,,,,,,29.09,,,,,,,,,,,,,,confirmed,paper_text,
SID0367-R005,SID0367-G01,SID0367,OTHER,count,pct_of_particles,,,,,,,12,,,,,,,,,,,,,,confirmed,paper_text,
SID0367-R006,SID0367-G02,SID0367,OTHER,count,pct_of_particles,,,,,,,6.9,,,,,,,,,,,,,,confirmed,paper_text,
SID0342-R001,SID0342-G01,SID0342,TOTAL_MASS,mass,mg_per_g,,,,6,6,,11.0485,,,,,7.3568,20.0213,,,,,,,,confirmed,paper_text,
SID0342-R002,SID0342-G01,SID0342,PE,mass,mg_per_g,,,,6,6,,5.9362,,,,,3.7174,10.4918,,,,,,,,confirmed,paper_text,
SID0342-R003,SID0342-G01,SID0342,PVC,mass,mg_per_g,,,,6,6,,,,,,,1.401,5.8117,,,,,,,,confirmed,paper_table,
SID0342-R004,SID0342-G01,SID0342,PP,mass,mg_per_g,,,,6,6,,,,,,,1.0248,3.7178,,,,,,,,confirmed,paper_table,
SID0342-R005,SID0342-G01,SID0342,PA66,mass,mg_per_g,,,,6,0,,,,,,,,,,,,,,,,not_detected,paper_table,
SID0342-R006,SID0342-G01,SID0342,PS,mass,mg_per_g,,,,6,0,,,,,,,,,,,,,,,,not_detected,paper_table,
SID0342-R007,SID0342-G01,SID0342,PMMA,mass,mg_per_g,,,,6,0,,,,,,,,,,,,,,,,not_detected,paper_text,
SID0342-R008,SID0342-G01,SID0342,PET,mass,mg_per_g,,,,6,0,,,,,,,,,,,,,,,,not_detected,paper_text,
SID0342-R009,SID0342-G01,SID0342,PC,mass,mg_per_g,,,,6,0,,,,,,,,,,,,,,,,not_detected,paper_text,
SID0342-R010,SID0342-G01,SID0342,PA6,mass,mg_per_g,,,,6,0,,,,,,,,,,,,,,,,not_detected,paper_text,
SID0342-R011,SID0342-G01,SID0342,PLA,mass,mg_per_g,,,,6,0,,,,,,,,,,,,,,,,not_detected,paper_text,
SID0342-R012,SID0342-G01,SID0342,PBAT,mass,mg_per_g,,,,6,0,,,,,,,,,,,,,,,,not_detected,paper_text,
SID0342-R013,SID0342-G02,SID0342,TOTAL_MASS,mass,mg_per_g,,,,6,6,,13.5943,,,,,5.5771,22.2361,,,,,,,,confirmed,paper_text,
SID0342-R014,SID0342-G02,SID0342,PE,mass,mg_per_g,,,,6,6,,8.018,,,,,2.6218,10.2642,,,,,,,,confirmed,paper_text,
SID0342-R015,SID0342-G02,SID0342,PVC,mass,mg_per_g,,,,6,6,,,,,,,1.2706,6.8518,,,,,,,,confirmed,paper_table,
SID0342-R016,SID0342-G02,SID0342,PP,mass,mg_per_g,,,,6,1,,,,,,,0.4642,0.4642,,,,,,,,confirmed,paper_table,
SID0342-R017,SID0342-G02,SID0342,PA66,mass,mg_per_g,,,,6,6,,,,,,,1.2532,4.3575,,,,,,,,confirmed,paper_table,
SID0342-R018,SID0342-G02,SID0342,PS,mass,mg_per_g,,,,6,1,,,,,,,0.2984,0.2984,,,,,,,,confirmed,paper_table,
SID0342-R019,SID0342-G02,SID0342,PMMA,mass,mg_per_g,,,,6,0,,,,,,,,,,,,,,,,not_detected,paper_text,
SID0342-R020,SID0342-G02,SID0342,PET,mass,mg_per_g,,,,6,0,,,,,,,,,,,,,,,,not_detected,paper_text,
SID0342-R021,SID0342-G02,SID0342,PC,mass,mg_per_g,,,,6,0,,,,,,,,,,,,,,,,not_detected,paper_text,
SID0342-R022,SID0342-G02,SID0342,PA6,mass,mg_per_g,,,,6,0,,,,,,,,,,,,,,,,not_detected,paper_text,
SID0342-R023,SID0342-G02,SID0342,PLA,mass,mg_per_g,,,,6,0,,,,,,,,,,,,,,,,not_detected,paper_text,
SID0342-R024,SID0342-G02,SID0342,PBAT,mass,mg_per_g,,,,6,0,,,,,,,,,,,,,,,,not_detected,paper_text,
SID0342-R025,SID0342-G03,SID0342,TOTAL_MASS,mass,mg_per_g,,,,6,6,,6.7508,,,,,3.7713,13.3843,,,,,,,,confirmed,paper_text,
SID0342-R026,SID0342-G03,SID0342,PE,mass,mg_per_g,,,,6,6,,4.6059,,,,,2.5869,8.7768,,,,,,,,confirmed,paper_text,
SID0342-R027,SID0342-G03,SID0342,PVC,mass,mg_per_g,,,,6,6,,,,,,,1.0667,2.9295,,,,,,,,confirmed,paper_table,
SID0342-R028,SID0342-G03,SID0342,PP,mass,mg_per_g,,,,6,2,,,,,,,0.1177,0.5224,,,,,,,,confirmed,paper_table,
SID0342-R029,SID0342-G03,SID0342,PA66,mass,mg_per_g,,,,6,2,,,,,,,0.2165,0.9012,,,,,,,,confirmed,paper_table,
SID0342-R030,SID0342-G03,SID0342,PS,mass,mg_per_g,,,,6,1,,,,,,,0.7768,0.7768,,,,,,,,confirmed,paper_table,
SID0342-R031,SID0342-G03,SID0342,PMMA,mass,mg_per_g,,,,6,0,,,,,,,,,,,,,,,,not_detected,paper_text,
SID0342-R032,SID0342-G03,SID0342,PET,mass,mg_per_g,,,,6,0,,,,,,,,,,,,,,,,not_detected,paper_text,
SID0342-R033,SID0342-G03,SID0342,PC,mass,mg_per_g,,,,6,0,,,,,,,,,,,,,,,,not_detected,paper_text,
SID0342-R034,SID0342-G03,SID0342,PA6,mass,mg_per_g,,,,6,0,,,,,,,,,,,,,,,,not_detected,paper_text,
SID0342-R035,SID0342-G03,SID0342,PLA,mass,mg_per_g,,,,6,0,,,,,,,,,,,,,,,,not_detected,paper_text,
SID0342-R036,SID0342-G03,SID0342,PBAT,mass,mg_per_g,,,,6,0,,,,,,,,,,,,,,,,not_detected,paper_text,
SID0343-R001,SID0343-G01,SID0343,TOTAL_COUNT,count,particles_per_g,wet,,,5,4,,11.6,,,,,,,,,,,,,no,confirmed,paper_text,
SID0343-R002,SID0343-G01,SID0343,TOTAL_COUNT,detection,pct_of_samples,,,,6,4,66.7,,,,,,,,,,,,,,,confirmed,paper_text,
SID0343-R003,SID0343-G01,SID0343,PS,count,pct_of_particles,,,,31,,,,,,,,,,,,,,,,,confirmed,paper_text,
SID0343-R004,SID0343-G01,SID0343,PS,detection,pct_of_samples,,,,6,2,33.3,,,,,,,,,,,,,,,confirmed,paper_table,
SID0343-R005,SID0343-G01,SID0343,PVC,count,pct_of_particles,,,,31,,,,,,,,,,,,,,,,,confirmed,paper_text,
SID0343-R006,SID0343-G01,SID0343,PVC,detection,pct_of_samples,,,,6,2,33.3,,,,,,,,,,,,,,,confirmed,paper_table,
SID0343-R007,SID0343-G01,SID0343,PE,count,pct_of_particles,,,,31,,,,,,,,,,,,,,,,,confirmed,paper_text,
SID0343-R008,SID0343-G01,SID0343,PE,detection,pct_of_samples,,,,6,3,50,,,,,,,,,,,,,,,confirmed,paper_table,
SID0343-R009,SID0343-G01,SID0343,PP,count,pct_of_particles,,,,31,,,,,,,,,,,,,,,,,confirmed,paper_text,
SID0343-R010,SID0343-G01,SID0343,PP,detection,pct_of_samples,,,,6,2,33.3,,,,,,,,,,,,,,,confirmed,paper_table,
SID0343-R011,SID0343-G01,SID0343,PA,detection,pct_of_samples,,,,6,0,0,,,,,,,,,,,,,,,not_detected,paper_table,
SID0343-R012,SID0343-G01,SID0343,PET,detection,pct_of_samples,,,,6,0,0,,,,,,,,,,,,,,,not_detected,paper_table,
SID0343-R013,SID0343-G02,SID0343,TOTAL_COUNT,count,particles_per_mL,wet,,,25,11,,0.23,,,,,0,2.06,,,,,,,no,confirmed,paper_text,
SID0343-R014,SID0343-G02,SID0343,PVC,count,pct_of_particles,,,,24,,,,,,,,,,,,,,,,,confirmed,paper_text,
SID0343-R015,SID0343-G02,SID0343,PVC,detection,pct_of_samples,,,,25,1,4,,,,,,,,,,,,,,,confirmed,paper_table,
SID0343-R016,SID0343-G02,SID0343,PE,count,pct_of_particles,,,,24,,,,,,,,,,,,,,,,,confirmed,paper_text,
SID0343-R017,SID0343-G02,SID0343,PE,detection,pct_of_samples,,,,25,3,12,,,,,,,,,,,,,,,confirmed,paper_table,
SID0343-R018,SID0343-G02,SID0343,PA,count,pct_of_particles,,,,24,,,,,,,,,,,,,,,,,confirmed,paper_text,
SID0343-R019,SID0343-G02,SID0343,PA,detection,pct_of_samples,,,,25,4,16,,,,,,,,,,,,,,,confirmed,paper_table,
SID0343-R020,SID0343-G02,SID0343,PS,count,pct_of_particles,,,,24,,,,,,,,,,,,,,,,,confirmed,paper_text,
SID0343-R021,SID0343-G02,SID0343,PS,detection,pct_of_samples,,,,25,2,8,,,,,,,,,,,,,,,confirmed,paper_table,
SID0343-R022,SID0343-G02,SID0343,PP,count,pct_of_particles,,,,24,,,,,,,,,,,,,,,,,confirmed,paper_text,
SID0343-R023,SID0343-G02,SID0343,PP,detection,pct_of_samples,,,,25,3,12,,,,,,,,,,,,,,,confirmed,paper_table,
SID0343-R024,SID0343-G02,SID0343,PET,count,pct_of_particles,,,,24,,,,,,,,,,,,,,,,,confirmed,paper_text,
SID0343-R025,SID0343-G02,SID0343,PET,detection,pct_of_samples,,,,25,2,8,,,,,,,,,,,,,,,confirmed,paper_table,
SID0343-R026,SID0343-G03,SID0343,TOTAL_MASS,mass,ug_per_mL,wet,,,5,5,,15.34,,,,,0.098,56.188,,,,,,,no,confirmed,paper_text,
SID0343-R027,SID0343-G03,SID0343,PVC,mass,other,,,,,,,,,,,,,,,,,,,,,confirmed,paper_text,
SID0344-R001,SID0344-G01,SID0344,TOTAL_MASS,detection,pct_of_samples,,,,10,8,80,,,,,,,,,,,,,,,confirmed,paper_text,
SID0344-R002,SID0344-G01,SID0344,TOTAL_MASS,mass,ng_per_g,wet,,,10,8,,97.84,146,45.7,11.65,112.6,0,473.2,,,,,,,,confirmed,computed,
SID0344-R003,SID0344-G02,SID0344,TOTAL_MASS,detection,pct_of_samples,,,,12,2,16.7,,,,,,,,,,,,,,,confirmed,paper_text,
SID0344-R004,SID0344-G02,SID0344,TOTAL_MASS,mass,ng_per_g,wet,,,12,2,,4.945,13.64,0,0,0,0,46.7,,,,,,,,confirmed,computed,
SID0344-R005,SID0344-G03,SID0344,TOTAL_MASS,detection,pct_of_samples,,,,10,4,40,,,,,,,,,,,,,,,confirmed,paper_text,
SID0344-R006,SID0344-G03,SID0344,TOTAL_MASS,mass,ng_per_g,wet,,,9,4,,32.52,79.76,0,0,11.5,0,243.5,,,,,,,,confirmed,computed,
SID0344-R007,SID0344-G04,SID0344,TOTAL_MASS,detection,pct_of_samples,,,,10,5,50,,,,,,,,,,,,,,,confirmed,paper_text,
SID0344-R008,SID0344-G04,SID0344,TOTAL_MASS,mass,ng_per_g,wet,,,10,5,,72.82,170.9,4.65,0,22.38,0,545.9,,,,,,,,confirmed,computed,
SID0344-R009,SID0344-G05,SID0344,TOTAL_MASS,detection,pct_of_samples,,,,9,0,0,,,,,,,,,,,,,,,not_detected,paper_text,
SID0344-R010,SID0344-G06,SID0344,TOTAL_MASS,detection,pct_of_samples,,,,10,7,70,,,,,,,,,,,,,,,confirmed,paper_text,
SID0344-R011,SID0344-G06,SID0344,TOTAL_MASS,mass,ng_per_g,wet,,,10,7,,82.84,149.1,19.9,4.6,30.4,0,427.1,,,,,,,,confirmed,computed,
SID0344-R012,SID0344-G01,SID0344,TOTAL_MASS,mass,ng_per_g,wet,,,,,,122.3,154.88,,,,,,,,,,,,no,confirmed,paper_text,
SID0344-R013,SID0344-G01,SID0344,PS,mass,ng_per_g,wet,,,,,,41.1,41.81,,,,,,,,,,,,,confirmed,paper_text,
SID0344-R014,SID0344-G01,SID0344,PE,mass,ng_per_g,wet,,,,,,79.28,122.29,,,,,,,,,,,,,confirmed,paper_text,
SID0344-R015,SID0344-G03,SID0344,PVC,mass,ng_per_g,wet,,,,,,78.23,109.23,,,,,,,,,,,,,confirmed,paper_text,
SID0344-R016,SID0344-G06,SID0344,PS,mass,ng_per_g,wet,,,10,6,,128.73,138.45,,,,,356,,,,,,,,confirmed,paper_text,
SID0344-R017,SID0344-G06,SID0344,PVC,mass,ng_per_g,wet,,,10,6,,29.98,28.25,,,,,,,,,,,,,confirmed,paper_text,
SID0344-R018,SID0344-G06,SID0344,PE,mass,ng_per_g,wet,,,10,1,,2.1,,,,,,,,,,,,,,confirmed,paper_text,
SID0345-R001,SID0345-G01,SID0345,TOTAL_COUNT,count,particles_per_sample,,,,1,,,,,,,,,,,,,,,,no,confirmed,paper_text,
SID0345-R002,SID0345-G01,SID0345,PA,count,pct_of_particles,,20-30,,,,,,,,,,,,,,,,,,,confirmed,paper_text,
SID0345-R003,SID0345-G01,SID0345,PA,count,pct_of_particles,,30-50,,,,,,,,,,,,,,,,,,,confirmed,paper_text,
SID0345-R004,SID0345-G01,SID0345,PVC,count,pct_of_particles,,20-30,,,,,,,,,,,,,,,,,,,confirmed,paper_text,
SID0345-R005,SID0345-G01,SID0345,PVC,count,pct_of_particles,,30-50,,,,,,,,,,,,,,,,,,,confirmed,paper_text,
SID0345-R006,SID0345-G01,SID0345,PS,detection,pct_of_samples,,,,1,1,,,,,,,,,,,,,,,,confirmed,paper_text,
SID0345-R007,SID0345-G01,SID0345,PE,detection,pct_of_samples,,,,1,1,,,,,,,,,,,,,,,,confirmed,paper_text,
SID0345-R008,SID0345-G01,SID0345,PP,detection,pct_of_samples,,,,1,1,,,,,,,,,,,,,,,,confirmed,paper_text,
SID0345-R009,SID0345-G01,SID0345,PMMA,detection,pct_of_samples,,,,1,1,,,,,,,,,,,,,,,,confirmed,paper_text,
SID0345-R010,SID0345-G02,SID0345,PE,detection,pct_of_samples,,,,49,0,0,,,,,,,,,,,,,,,not_detected,paper_text,
SID0345-R011,SID0345-G02,SID0345,PMMA,detection,pct_of_samples,,,,49,0,0,,,,,,,,,,,,,,,not_detected,paper_text,
SID0345-R012,SID0345-G02,SID0345,PP,detection,pct_of_samples,,,,49,0,0,,,,,,,,,,,,,,,not_detected,paper_text,
SID0345-R013,SID0345-G02,SID0345,PA66,detection,pct_of_samples,,,,49,,,,,,,,,,,,,,,,,confirmed,paper_text,
SID0345-R014,SID0345-G03,SID0345,TOTAL_MASS,mass,other,,,,,,,,,12.608,,,,,,,,,,,no,confirmed,paper_table,
SID0345-R015,SID0345-G04,SID0345,TOTAL_MASS,mass,other,,,,,,,,,15.731,,,,,,,,,,,no,confirmed,paper_table,
SID0345-R016,SID0345-G05,SID0345,TOTAL_MASS,mass,other,,,,,,,,,9.464,,,,,,,,,,,no,confirmed,paper_table,
SID0345-R017,SID0345-G06,SID0345,TOTAL_MASS,mass,other,,,,,,,,,12.252,,,,,,,,,,,no,confirmed,paper_table,
SID0345-R018,SID0345-G07,SID0345,TOTAL_MASS,mass,other,,,,,,,,,15.651,,,,,,,,,,,no,confirmed,paper_table,
SID0345-R019,SID0345-G08,SID0345,TOTAL_MASS,mass,other,,,,,,,,,10.707,,,,,,,,,,,no,confirmed,paper_table,
SID0345-R020,SID0345-G03,SID0345,PS,mass,other,,,,,,,,,0.705,,,,,,,,,,,no,confirmed,paper_table,
SID0345-R021,SID0345-G04,SID0345,PS,mass,other,,,,,,,,,1.38,,,,,,,,,,,no,confirmed,paper_table,
SID0345-R022,SID0345-G05,SID0345,PS,mass,other,,,,,,,,,0.811,,,,,,,,,,,no,confirmed,paper_table,
SID0345-R023,SID0345-G06,SID0345,PS,mass,other,,,,,,,,,0.833,,,,,,,,,,,no,confirmed,paper_table,
SID0345-R024,SID0345-G07,SID0345,PS,mass,other,,,,,,,,,1.29,,,,,,,,,,,no,confirmed,paper_table,
SID0345-R025,SID0345-G08,SID0345,PS,mass,other,,,,,,,,,0.396,,,,,,,,,,,no,confirmed,paper_table,
SID0345-R026,SID0345-G03,SID0345,PVC,mass,other,,,,,,,,,0.228,,,,,,,,,,,no,confirmed,paper_table,
SID0345-R027,SID0345-G04,SID0345,PVC,mass,other,,,,,,,,,0.673,,,,,,,,,,,no,confirmed,paper_table,
SID0345-R028,SID0345-G05,SID0345,PVC,mass,other,,,,,,,,,0,,,,,,,,,,,no,confirmed,paper_table,
SID0345-R029,SID0345-G06,SID0345,PVC,mass,other,,,,,,,,,0,,,,,,,,,,,no,confirmed,paper_table,
SID0345-R030,SID0345-G07,SID0345,PVC,mass,other,,,,,,,,,0.555,,,,,,,,,,,no,confirmed,paper_table,
SID0345-R031,SID0345-G08,SID0345,PVC,mass,other,,,,,,,,,0,,,,,,,,,,,no,confirmed,paper_table,
SID0345-R032,SID0345-G03,SID0345,PA66,mass,other,,,,,,,,,12.316,,,,,,,,,,,no,confirmed,paper_table,
SID0345-R033,SID0345-G04,SID0345,PA66,mass,other,,,,,,,,,14.759,,,,,,,,,,,no,confirmed,paper_table,
SID0345-R034,SID0345-G05,SID0345,PA66,mass,other,,,,,,,,,9.139,,,,,,,,,,,no,confirmed,paper_table,
SID0345-R035,SID0345-G06,SID0345,PA66,mass,other,,,,,,,,,11.625,,,,,,,,,,,no,confirmed,paper_table,
SID0345-R036,SID0345-G07,SID0345,PA66,mass,other,,,,,,,,,13.893,,,,,,,,,,,no,confirmed,paper_table,
SID0345-R037,SID0345-G08,SID0345,PA66,mass,other,,,,,,,,,9.749,,,,,,,,,,,no,confirmed,paper_table,
SID0346-R001,SID0346-G01,SID0346,TOTAL_COUNT,count,particles_per_g,,,,86,,,6.9,10.47,,,,,,,,,,,,yes,confirmed,paper_text,
SID0346-R002,SID0346-G01,SID0346,TOTAL_COUNT,detection,pct_of_samples,,,,86,,66,,,,,,,,,,,,,,,confirmed,paper_text,
SID0346-R003,SID0346-G01,SID0346,TOTAL_COUNT,count,particles_per_sample,,,,86,,,7.71,,,,,,,,,,,,,,confirmed,paper_text,
SID0346-R004,SID0346-G01,SID0346,PVC,count,pct_of_particles,,,,,,,,,,,,,,,,,,,,,confirmed,paper_text,
SID0346-R005,SID0346-G01,SID0346,PP,count,pct_of_particles,,,,,,,,,,,,,,,,,,,,,confirmed,paper_text,
SID0346-R006,SID0346-G01,SID0346,PE,count,pct_of_particles,,,,,,,,,,,,,,,,,,,,,confirmed,paper_text,
SID0346-R007,SID0346-G01,SID0346,TOTAL_COUNT,count,pct_of_particles,,,fragment,,,,,,,,,,,,,,,,,,confirmed,paper_text,
SID0346-R008,SID0346-G01,SID0346,TOTAL_COUNT,count,pct_of_particles,,,fiber,,,,,,,,,,,,,,,,,,confirmed,paper_text,
SID0346-R009,SID0346-G01,SID0346,TOTAL_COUNT,count,pct_of_particles,,,film,,,,,,,,,,,,,,,,,,confirmed,paper_text,
SID0346-R010,SID0346-G01,SID0346,TOTAL_COUNT,count,pct_of_particles,,,sphere,,,,,,,,,,,,,,,,,,confirmed,paper_text,
SID0346-R011,SID0346-G02,SID0346,TOTAL_COUNT,count,particles_per_mL,,,,60,,,0.055,0.072,,,,,,,,,,,,yes,confirmed,paper_text,
SID0346-R012,SID0346-G02,SID0346,TOTAL_COUNT,detection,pct_of_samples,,,,60,,83,,,,,,,,,,,,,,,confirmed,paper_text,
SID0346-R013,SID0346-G02,SID0346,TOTAL_COUNT,count,particles_per_sample,,,,60,,,8.12,,,,,,,,,,,,,,confirmed,paper_text,
SID0346-R014,SID0346-G02,SID0346,PP,count,pct_of_particles,,,,,,,,,,,,,,,,,,,,,confirmed,paper_text,
SID0346-R015,SID0346-G02,SID0346,PE,count,pct_of_particles,,,,,,,,,,,,,,,,,,,,,confirmed,paper_text,
SID0346-R016,SID0346-G02,SID0346,PVC,count,pct_of_particles,,,,,,,,,,,,,,,,,,,,,confirmed,paper_text,
SID0346-R017,SID0346-G02,SID0346,PET,count,pct_of_particles,,,,,,,,,,,,,,,,,,,,,confirmed,paper_text,
SID0346-R018,SID0346-G02,SID0346,PS,count,pct_of_particles,,,,,,,,,,,,,,,,,,,,,confirmed,paper_text,
SID0346-R019,SID0346-G02,SID0346,TOTAL_COUNT,count,pct_of_particles,,,fragment,,,,,,,,,,,,,,,,,,confirmed,paper_text,
SID0346-R020,SID0346-G02,SID0346,TOTAL_COUNT,count,pct_of_particles,,,fiber,,,,,,,,,,,,,,,,,,confirmed,paper_text,
SID0346-R021,SID0346-G02,SID0346,TOTAL_COUNT,count,pct_of_particles,,,film,,,,,,,,,,,,,,,,,,confirmed,paper_text,
SID0346-R022,SID0346-G02,SID0346,TOTAL_COUNT,count,pct_of_particles,,,sphere,,,,,,,,,,,,,,,,,,confirmed,paper_text,
SID0346-R023,SID0346-G03,SID0346,TOTAL_MASS,mass,ug_per_g,,>0.22,,6,6,,345.57,213.35,,,,,,,,,,,,yes,confirmed,paper_text,
SID0346-R024,SID0346-G03,SID0346,TOTAL_MASS,mass,ug_per_g,,0.22-20,,6,6,,147.21,73.35,,,,,,,,,,,,yes,confirmed,paper_text,
SID0346-R025,SID0346-G04,SID0346,TOTAL_MASS,mass,ug_per_mL,,>0.22,,12,12,,6.49,4.56,,,,,,,,,,,,yes,confirmed,paper_text,
SID0346-R026,SID0346-G04,SID0346,TOTAL_MASS,mass,ug_per_mL,,0.22-20,,12,12,,2.94,2.16,,,,,,,,,,,,yes,confirmed,paper_text,
SID0346-R027,SID0346-G03,SID0346,PE,mass,ug_per_g,,0.22-20,,,,,84.55,,,,,,,,,,,,,yes,confirmed,paper_table,
SID0346-R028,SID0346-G03,SID0346,PE,mass,ug_per_g,,>20,,,,,90.14,,,,,,,,,,,,,yes,confirmed,paper_table,
SID0346-R029,SID0346-G03,SID0346,PVC,mass,ug_per_g,,0.22-20,,,,,51.65,,,,,,,,,,,,,yes,confirmed,paper_table,
SID0346-R030,SID0346-G03,SID0346,PVC,mass,ug_per_g,,>20,,,,,75.14,,,,,,,,,,,,,yes,confirmed,paper_table,
SID0346-R031,SID0346-G03,SID0346,PP,mass,ug_per_g,,0.22-20,,,,,0,,,,,,,,,,,,,yes,not_detected,paper_table,
SID0346-R032,SID0346-G03,SID0346,PP,mass,ug_per_g,,>20,,,,,0.51,,,,,,,,,,,,,yes,confirmed,paper_table,
SID0346-R033,SID0346-G03,SID0346,PET,mass,ug_per_g,,0.22-20,,,,,10.3,,,,,,,,,,,,,yes,confirmed,paper_table,
SID0346-R034,SID0346-G03,SID0346,PET,mass,ug_per_g,,>20,,,,,14.58,,,,,,,,,,,,,yes,confirmed,paper_table,
SID0346-R035,SID0346-G03,SID0346,PS,mass,ug_per_g,,0.22-20,,,,,0.51,,,,,,,,,,,,,yes,confirmed,paper_table,
SID0346-R036,SID0346-G03,SID0346,PS,mass,ug_per_g,,>20,,,,,0.99,,,,,,,,,,,,,yes,confirmed,paper_table,
SID0346-R037,SID0346-G04,SID0346,PE,mass,ug_per_mL,,0.22-20,,,,,1.04,,,,,,,,,,,,,yes,confirmed,paper_table,
SID0346-R038,SID0346-G04,SID0346,PE,mass,ug_per_mL,,>20,,,,,1.36,,,,,,,,,,,,,yes,confirmed,paper_table,
SID0346-R039,SID0346-G04,SID0346,PVC,mass,ug_per_mL,,0.22-20,,,,,1.47,,,,,,,,,,,,,yes,confirmed,paper_table,
SID0346-R040,SID0346-G04,SID0346,PVC,mass,ug_per_mL,,>20,,,,,1.23,,,,,,,,,,,,,yes,confirmed,paper_table,
SID0346-R041,SID0346-G04,SID0346,PP,mass,ug_per_mL,,0.22-20,,,,,0.01,,,,,,,,,,,,,yes,confirmed,paper_table,
SID0346-R042,SID0346-G04,SID0346,PP,mass,ug_per_mL,,>20,,,,,0.01,,,,,,,,,,,,,yes,confirmed,paper_table,
SID0346-R043,SID0346-G04,SID0346,PET,mass,ug_per_mL,,0.22-20,,,,,0.4,,,,,,,,,,,,,yes,confirmed,paper_table,
SID0346-R044,SID0346-G04,SID0346,PET,mass,ug_per_mL,,>20,,,,,0.3,,,,,,,,,,,,,yes,confirmed,paper_table,
SID0346-R045,SID0346-G04,SID0346,PS,mass,ug_per_mL,,0.22-20,,,,,0.02,,,,,,,,,,,,,yes,confirmed,paper_table,
SID0346-R046,SID0346-G04,SID0346,PS,mass,ug_per_mL,,>20,,,,,0.04,,,,,,,,,,,,,yes,confirmed,paper_table,
SID0346-R047,SID0346-G05,SID0346,TOTAL_COUNT,count,particles_per_g,,,,28,,,11.07,12.23,,,,,,,,,,,,yes,confirmed,paper_text,
SID0346-R048,SID0346-G06,SID0346,TOTAL_COUNT,count,particles_per_g,,,,30,,,7.03,11.53,,,,,,,,,,,,yes,confirmed,paper_text,
SID0346-R049,SID0346-G07,SID0346,TOTAL_COUNT,count,particles_per_g,,,,28,,,2.6,3.97,,,,,,,,,,,,yes,confirmed,paper_text,
SID0346-R050,SID0346-G08,SID0346,TOTAL_COUNT,count,particles_per_mL,,,,15,,,0.053,0.073,,,,,,,,,,,,yes,confirmed,paper_text,
SID0346-R051,SID0346-G09,SID0346,TOTAL_COUNT,count,particles_per_mL,,,,30,,,0.057,0.055,,,,,,,,,,,,yes,confirmed,paper_text,
SID0346-R052,SID0346-G10,SID0346,TOTAL_COUNT,count,particles_per_mL,,,,15,,,0.051,0.102,,,,,,,,,,,,yes,confirmed,paper_text,
SID0347-R001,SID0347-G01,SID0347,PA,count,pct_of_particles,,,,,,,27.3,,,,,,,,,,,,,yes,confirmed,paper_text,
SID0347-R002,SID0347-G01,SID0347,PEST,count,pct_of_particles,,,,,,,10.7,,,,,,,,,,,,,yes,confirmed,paper_text,
SID0347-R003,SID0347-G01,SID0347,PE,count,pct_of_particles,,,,,,,7.8,,,,,,,,,,,,,yes,confirmed,paper_text,
SID0347-R004,SID0347-G01,SID0347,PP,count,pct_of_particles,,,,,,,6.9,,,,,,,,,,,,,yes,confirmed,paper_text,
SID0347-R005,SID0347-G01,SID0347,PVC,count,pct_of_particles,,,,,,,6.3,,,,,,,,,,,,,yes,confirmed,paper_text,
SID0347-R006,SID0347-G01,SID0347,PA,count,pct_of_particles,,,,,,,6,,,,,,,,,,,,,yes,confirmed,paper_text,
SID0347-R007,SID0347-G01,SID0347,PU,count,pct_of_particles,,,,,,,6,,,,,,,,,,,,,yes,confirmed,paper_text,
SID0347-R008,SID0347-G02,SID0347,TOTAL_COUNT,count,particles_per_mL,,,,,,,6,,6,,,,,,,,,,,yes,confirmed,si_table,
SID0347-R009,SID0347-G03,SID0347,TOTAL_COUNT,count,particles_per_mL,,,,,,,4,,4,,,,,,,,,,,yes,confirmed,si_table,
SID0347-R010,SID0347-G04,SID0347,TOTAL_COUNT,count,particles_per_mL,,,,,,,4,,4,,,,,,,,,,,yes,confirmed,si_table,
SID0347-R011,SID0347-G05,SID0347,TOTAL_COUNT,count,particles_per_mL,,,,,,,5.5,,5.5,,,,,,,,,,,yes,confirmed,si_table,
SID0347-R012,SID0347-G06,SID0347,TOTAL_COUNT,count,particles_per_mL,,,,,,,6,,6,,,,,,,,,,,yes,confirmed,si_table,
SID0347-R013,SID0347-G07,SID0347,TOTAL_COUNT,count,particles_per_mL,,,,,,,4.5,,4.5,,,,,,,,,,,yes,confirmed,si_table,
SID0370-R001,SID0370-G01,SID0370,PE,mass,ug_per_mL,,,,39,,,,,,,,0,96.2,,,,,,,,confirmed,paper_text,
SID0370-R002,SID0370-G01,SID0370,PVC,mass,ug_per_mL,,,,39,,,,,,,,0,62.4,,,,,,,,confirmed,paper_text,
SID0370-R003,SID0370-G01,SID0370,PS,mass,ug_per_mL,,,,39,,,,,,,,0,4.2,,,,,,,,confirmed,paper_text,
SID0370-R004,SID0370-G01,SID0370,PP,mass,ug_per_mL,,,,39,,,,,,,,0,7.4,,,,,,,,confirmed,paper_text,
SID0370-R005,SID0370-G01,SID0370,PA66,mass,ug_per_mL,,,,39,,,,,,,,0,39.4,,,,,,,,confirmed,paper_text,
SID0371-R001,SID0371-G01,SID0371,PE,count,particles_per_g,wet,,,,,,,,1.76,,,0.32,17,,,,,,,,confirmed,paper_table,
SID0371-R002,SID0371-G01,SID0371,PP,count,particles_per_g,wet,,,,,,,,0.57,,,0.21,7.7,,,,,,,,confirmed,paper_table,
SID0371-R003,SID0371-G01,SID0371,PVC,count,particles_per_g,wet,,,,,,,,0.35,,,0.085,3.5,,,,,,,,confirmed,paper_table,
SID0371-R004,SID0371-G01,SID0371,PS,count,particles_per_g,wet,,,,,,,,0.53,,,0.26,49,,,,,,,,confirmed,paper_table,
SID0371-R005,SID0371-G01,SID0371,PET,count,particles_per_g,wet,,,,,,,,0.87,,,0.26,3.7,,,,,,,,confirmed,paper_table,
SID0371-R006,SID0371-G01,SID0371,PA,count,particles_per_g,wet,,,,,,,,0.52,,,0.19,2.7,,,,,,,,confirmed,paper_table,
SID0371-R007,SID0371-G01,SID0371,PU,count,particles_per_g,wet,,,,,,,,0.39,,,0.085,4.1,,,,,,,,confirmed,paper_table,
SID0371-R008,SID0371-G01,SID0371,PMMA,count,particles_per_g,wet,,,,,,,,0.47,,,0.085,1,,,,,,,,confirmed,paper_table,
SID0371-R009,SID0371-G01,SID0371,POM,count,particles_per_g,wet,,,,,,,,0.64,,,0.19,1,,,,,,,,confirmed,paper_table,
SID0371-R010,SID0371-G01,SID0371,TOTAL_COUNT,count,particles_per_g,wet,50-500,,,,,,,3.5,,,0.26,49,,,,,,,,confirmed,paper_text,
SID0371-R011,SID0371-G01,SID0371,PP,count,particles_per_g,wet,500-5000,,,,,,,0.08,,,0.079,0.099,,,,,,,,confirmed,paper_table,
SID0371-R012,SID0371-G01,SID0371,PET,count,particles_per_g,wet,500-5000,,,,,,,0.094,,,0.071,0.32,,,,,,,,confirmed,paper_table,
SID0371-R013,SID0371-G01,SID0371,POM,count,particles_per_g,wet,500-5000,,,,,,,0.094,,,0.094,0.094,,,,,,,,confirmed,paper_table,
SID0371-R014,SID0371-G01,SID0371,TOTAL_COUNT,count,particles_per_g,wet,500-5000,,,,,,,0.099,,,0.046,0.96,,,,,,,,confirmed,paper_table,
SID0371-R015,SID0371-G01,SID0371,PE,detection,pct_of_samples,,50-500,,60,41,68,,,,,,,,,,,,,,,confirmed,paper_text,
SID0371-R016,SID0371-G01,SID0371,PP,detection,pct_of_samples,,5-50,,60,2,,,,,,,,,,,,,,,,confirmed,paper_text,
SID0371-R017,SID0371-G01,SID0371,PET,detection,pct_of_samples,,5-50,,60,2,,,,,,,,,,,,,,,,confirmed,paper_text,
SID0371-R018,SID0371-G01,SID0371,PE,detection,pct_of_samples,,5-50,,60,3,,,,,,,,,,,,,,,,confirmed,paper_text,
SID0371-R019,SID0371-G01,SID0371,PA,detection,pct_of_samples,,5-50,,60,1,,,,,,,,,,,,,,,,confirmed,paper_text,
SID0371-R020,SID0371-G02,SID0371,TOTAL_COUNT,count,particles_per_g,wet,50-500,,15,,,,,4.4,,,0.085,49,,,,,,,,confirmed,paper_text,
SID0372-R001,SID0372-G01,SID0372,TOTAL_COUNT,count,particles_per_g,wet,,,3,,,0.2,0.3,0,0,,0,0.5,,,,,,,no,confirmed,paper_table,
SID0372-R002,SID0372-G01,SID0372,TOTAL_COUNT,count,particles_per_g,wet,,,3,,,0,0.3,0,0,,0,0.3,,,,,,,yes,confirmed,paper_table,
SID0372-R003,SID0372-G02,SID0372,TOTAL_COUNT,count,particles_per_g,wet,,,3,,,1.2,0.9,1.1,0.4,,0.4,2.2,,,,,,,no,confirmed,paper_table,
SID0372-R004,SID0372-G02,SID0372,TOTAL_COUNT,count,particles_per_g,wet,,,3,,,1,0.9,0.9,0.2,,0.2,1.9,,,,,,,yes,confirmed,paper_table,
SID0372-R005,SID0372-G03,SID0372,TOTAL_COUNT,count,particles_per_g,wet,,,5,,,1,0.7,0.7,0.4,1.7,0.3,1.9,,,,,,,no,confirmed,paper_table,
SID0372-R006,SID0372-G03,SID0372,TOTAL_COUNT,count,particles_per_g,wet,,,5,,,0.7,0.7,0.5,0.1,1.4,0,1.5,,,,,,,yes,confirmed,paper_table,
SID0372-R007,SID0372-G04,SID0372,TOTAL_COUNT,count,particles_per_g,wet,,,6,,,8.3,3.2,8.4,4.7,11.6,4.6,11.9,,,,,,,no,confirmed,paper_table,
SID0372-R008,SID0372-G04,SID0372,TOTAL_COUNT,count,particles_per_g,wet,,,6,,,6.9,2.9,7.4,3.5,9.8,3.2,9.9,,,,,,,yes,confirmed,paper_table,
SID0372-R009,SID0372-G03,SID0372,TOTAL_COUNT,count,particles_per_sample,,,,5,,,,,,,,1,8,,,,,,,no,confirmed,paper_text,
SID0372-R010,SID0372-G03,SID0372,TOTAL_COUNT,count,particles_per_sample,,,,5,,,,,,,,0,6,,,,,,,yes,confirmed,paper_text,
SID0372-R011,SID0372-G04,SID0372,TOTAL_COUNT,count,particles_per_sample,,,,6,,,,,,,,6,14,,,,,,,no,confirmed,paper_text,
SID0372-R012,SID0372-G04,SID0372,TOTAL_COUNT,count,particles_per_sample,,,,6,,,,,,,,4,13,,,,,,,yes,confirmed,paper_text,
SID0373-R001,SID0373-G01,SID0373,TOTAL_COUNT,count,other,,,,1324,,,,,12,,,,,,,,,,,yes,confirmed,paper_text,
SID0373-R002,SID0373-G01,SID0373,PVC,count,other,,,,1324,,,,,4,,,,,,,,,,,yes,confirmed,paper_table,
SID0373-R003,SID0373-G01,SID0373,PVC,detection,pct_of_samples,,,,1324,1180,89.2,,,,,,,,,,,,,,,confirmed,paper_text,
SID0373-R004,SID0373-G01,SID0373,PP,count,other,,,,1324,,,,,4,,,,,,,,,,,yes,confirmed,paper_table,
SID0373-R005,SID0373-G01,SID0373,PP,detection,pct_of_samples,,,,1324,1190,89.9,,,,,,,,,,,,,,,confirmed,paper_text,
SID0373-R006,SID0373-G01,SID0373,PBS,count,other,,,,1324,,,,,4,,,,,,,,,,,yes,confirmed,paper_table,
SID0373-R007,SID0373-G01,SID0373,PBS,detection,pct_of_samples,,,,1324,1168,88.2,,,,,,,,,,,,,,,confirmed,paper_text,
SID0375-R001,SID0375-G01,SID0375,TOTAL_COUNT,count,other,,,,,86,,,,,,,,,,,,,,,,confirmed,paper_text,
SID0375-R002,SID0375-G02,SID0375,TOTAL_COUNT,count,other,,,,,93,,,,,,,,,,,,,,,,confirmed,paper_text,
SID0375-R003,SID0375-G03,SID0375,TOTAL_COUNT,count,other,,,,,51,,,,,,,,,,,,,,,,confirmed,paper_text,
SID0375-R004,SID0375-G04,SID0375,TOTAL_COUNT,count,other,,,,,129,,,,,,,,,,,,,,,,confirmed,paper_text,
SID0375-R005,SID0375-G05,SID0375,TOTAL_COUNT,count,other,,,,,31,,,,,,,,,,,,,,,,confirmed,paper_text,
SID0375-R006,SID0375-G06,SID0375,TOTAL_COUNT,count,other,,,,390,390,,,,,,,,,,,,,,,,confirmed,paper_text,
SID0375-R007,SID0375-G06,SID0375,PEST,count,pct_of_particles,,,fiber,36,15,41.67,,,,,,,,,,,,,,,confirmed,paper_text,
SID0375-R008,SID0375-G06,SID0375,PP,count,pct_of_particles,,,fiber,36,13,36.11,,,,,,,,,,,,,,,confirmed,paper_text,
SID0375-R009,SID0375-G06,SID0375,PE,count,pct_of_particles,,,fiber,36,5,13.89,,,,,,,,,,,,,,,confirmed,paper_text,
SID0375-R010,SID0375-G06,SID0375,ACR,count,pct_of_particles,,,fiber,36,3,8.33,,,,,,,,,,,,,,,confirmed,paper_text,
SID0377-R001,SID0377-G01,SID0377,TOTAL_COUNT,count,particles_per_g,dry,,fiber,,,,,,0.17,0,0.43,,,,,,,,,,confirmed,paper_table,
SID0377-R002,SID0377-G01,SID0377,TOTAL_COUNT,count,particles_per_g,dry,,fragment,,,,,,0,0,0.02,,,,,,,,,,confirmed,paper_table,
SID0377-R003,SID0377-G01,SID0377,TOTAL_COUNT,count,particles_per_g,dry,,,,,,,,0.23,0,0.71,,,,,,,,,,confirmed,paper_table,
SID0377-R004,SID0377-G02,SID0377,TOTAL_COUNT,count,particles_per_g,dry,,fiber,,,,,,0,0,0,,,,,,,,,,confirmed,paper_table,
SID0377-R005,SID0377-G02,SID0377,TOTAL_COUNT,count,particles_per_g,dry,,fragment,,,,,,0.79,0.06,1.62,,,,,,,,,,confirmed,paper_table,
SID0377-R006,SID0377-G02,SID0377,TOTAL_COUNT,count,particles_per_g,dry,,,,,,,,1.62,0.1,1.88,,,,,,,,,,confirmed,paper_table,
SID0377-R007,SID0377-G03,SID0377,TOTAL_COUNT,count,particles_per_g,dry,,fiber,,,,,,0,0,1.39,,,,,,,,,,confirmed,paper_table,
SID0377-R008,SID0377-G03,SID0377,TOTAL_COUNT,count,particles_per_g,dry,,fragment,,,,,,0.02,0,0.1,,,,,,,,,,confirmed,paper_table,
SID0377-R009,SID0377-G03,SID0377,TOTAL_COUNT,count,particles_per_g,dry,,,,,,,,0.86,0,1.42,,,,,,,,,,confirmed,paper_table,
SID0377-R010,SID0377-G04,SID0377,TOTAL_COUNT,count,particles_per_g,dry,,fiber,,,,,,0.08,0,0.3,,,,,,,,,,confirmed,paper_table,
SID0377-R011,SID0377-G04,SID0377,TOTAL_COUNT,count,particles_per_g,dry,,fragment,,,,,,0.09,0,0.51,,,,,,,,,,confirmed,paper_table,
SID0377-R012,SID0377-G04,SID0377,TOTAL_COUNT,count,particles_per_g,dry,,,,,,,,0.45,0.05,0.86,,,,,,,,,,confirmed,paper_table,
SID0377-R013,SID0377-G05,SID0377,TOTAL_COUNT,count,particles_per_g,dry,,fiber,,,,,,0.08,0,0.29,,,,,,,,,,confirmed,paper_table,
SID0377-R014,SID0377-G05,SID0377,TOTAL_COUNT,count,particles_per_g,dry,,fragment,,,,,,0,0,0.17,,,,,,,,,,confirmed,paper_table,
SID0377-R015,SID0377-G05,SID0377,TOTAL_COUNT,count,particles_per_g,dry,,,,,,,,0.12,0,1.05,,,,,,,,,,confirmed,paper_table,
SID0377-R016,SID0377-G06,SID0377,TOTAL_COUNT,count,particles_per_g,dry,,fiber,,,,,,0.07,0,0.45,,,,,,,,,,confirmed,paper_table,
SID0377-R017,SID0377-G06,SID0377,TOTAL_COUNT,count,particles_per_g,dry,,fragment,,,,,,0.51,0.34,0.65,,,,,,,,,,confirmed,paper_table,
SID0377-R018,SID0377-G06,SID0377,TOTAL_COUNT,count,particles_per_g,dry,,,,,,,,0.72,0.58,0.86,,,,,,,,,,confirmed,paper_table,
SID0377-R019,SID0377-G07,SID0377,TOTAL_COUNT,count,particles_per_g,dry,,,,,,0.9,,,,,0,4.7,,,,,,,,confirmed,paper_text,
SID0377-R020,SID0377-G07,SID0377,TOTAL_COUNT,count,particles_per_g,dry,,fiber,,,,0.6,,,,,,,,,,,,,,confirmed,paper_text,
SID0377-R021,SID0377-G07,SID0377,TOTAL_COUNT,count,particles_per_g,dry,,fragment,,,,0.3,,,,,,,,,,,,,,confirmed,paper_text,
SID0377-R022,SID0377-G07,SID0377,TOTAL_COUNT,count,pct_of_particles,,,fiber,,,55,,,,,,,,,,,,,,,confirmed,paper_text,
SID0377-R023,SID0377-G07,SID0377,TOTAL_COUNT,count,pct_of_particles,,,fragment,,,45,,,,,,,,,,,,,,,confirmed,paper_text,
SID0377-R024,SID0377-G07,SID0377,PET,count,pct_of_particles,,,fiber,,,54,,,,,,,,,,,,,,,confirmed,paper_text,
SID0377-R025,SID0377-G07,SID0377,PP,count,pct_of_particles,,,fiber,,,32,,,,,,,,,,,,,,,confirmed,paper_text,
SID0377-R026,SID0377-G07,SID0377,PE,count,pct_of_particles,,,fiber,,,7,,,,,,,,,,,,,,,confirmed,paper_text,
SID0377-R027,SID0377-G07,SID0377,OTHER,count,pct_of_particles,,,fiber,,,7,,,,,,,,,,,,,,,identity_unresolved,paper_text,
SID0377-R028,SID0377-G07,SID0377,PE,count,pct_of_particles,,,fragment,,,48,,,,,,,,,,,,,,,confirmed,paper_text,
SID0377-R029,SID0377-G07,SID0377,PAM,count,pct_of_particles,,,fragment,,,43,,,,,,,,,,,,,,,identity_unresolved,paper_text,
SID0377-R030,SID0377-G07,SID0377,PP,count,pct_of_particles,,,fragment,,,9,,,,,,,,,,,,,,,confirmed,paper_text,
SID0378-R001,SID0378-G01,SID0378,TOTAL_COUNT,count,particles_per_sample,,,,,,,32.78,3.14,,,,,,,,,,,,,tentative,paper_table,
SID0378-R002,SID0378-G02,SID0378,TOTAL_COUNT,count,particles_per_sample,,,,,,,49.36,3.53,,,,,,,,,,,,,tentative,paper_table,
SID0378-R003,SID0378-G03,SID0378,TOTAL_COUNT,count,particles_per_sample,,,,,,,8.15,0.6,,,,,,,,,,,,,tentative,paper_table,
SID0378-R004,SID0378-G04,SID0378,TOTAL_COUNT,count,particles_per_sample,,,,,,,4.15,0.47,,,,,,,,,,,,,tentative,paper_table,
SID0378-R005,SID0378-G05,SID0378,TOTAL_COUNT,count,particles_per_sample,,,,,,,21.89,1.9,,,,,,,,,,,,,tentative,paper_table,
SID0378-R006,SID0378-G06,SID0378,TOTAL_COUNT,count,particles_per_sample,,,,,,,31.21,1.83,,,,,,,,,,,,,tentative,paper_table,
SID0378-R007,SID0378-G07,SID0378,TOTAL_COUNT,count,particles_per_sample,,,,,,,23.31,1.87,,,,,,,,,,,,,tentative,paper_table,
SID0378-R008,SID0378-G08,SID0378,TOTAL_COUNT,count,particles_per_sample,,,,,,,19.63,1.85,,,,,,,,,,,,,tentative,paper_table,
SID0378-R009,SID0378-G09,SID0378,PEST,count,other,,,fiber,40,16,40,,,,,,,,,,,,,,,confirmed,paper_text,
SID0378-R010,SID0378-G09,SID0378,PA,count,other,,,fiber,40,9,22.5,,,,,,,,,,,,,,,confirmed,paper_text,
SID0378-R011,SID0378-G09,SID0378,PET,count,other,,,fiber,40,5,12.5,,,,,,,,,,,,,,,confirmed,paper_text,
SID0378-R012,SID0378-G09,SID0378,PBT,count,other,,,fiber,40,1,2.5,,,,,,,,,,,,,,,confirmed,paper_text,
SID0378-R013,SID0378-G09,SID0378,PE-HD,count,other,,,fiber,40,1,2.5,,,,,,,,,,,,,,,confirmed,paper_text,
SID0378-R014,SID0378-G09,SID0378,PET,count,other,,,,40,6,15,,,,,,,,,,,,,,,confirmed,paper_text,
SID0379-R001,SID0379-G01,SID0379,TOTAL_COUNT,count,particles_per_g,,,,22,22,,12.2977,13.1236,7.195,3.13,15.1825,0.59,45.84,,,,,,,,confirmed,computed,
SID0379-R002,SID0379-G01,SID0379,TOTAL_COUNT,count,particles_per_g,,,,,,,,,7.2,3.05,15.63,,,,,,,,,,confirmed,paper_text,
SID0379-R003,SID0379-G01,SID0379,EAA,count,particles_per_g,,,,22,4,,0.1364,0.3809,0,0,0,0,1.67,,,,,,,,tentative,computed,
SID0379-R004,SID0379-G01,SID0379,OTHER,count,particles_per_g,,,,22,5,,1.3441,4.9603,0,0,0,0,23.23,,,,,,,,tentative,computed,
SID0379-R005,SID0379-G01,SID0379,EVA,count,particles_per_g,,,,22,9,,0.4232,0.8169,0,0,0.33,0,3.33,,,,,,,,tentative,computed,
SID0379-R006,SID0379-G01,SID0379,OTHER,count,particles_per_g,,,,22,4,,0.075,0.1744,0,0,0,0,0.66,,,,,,,,tentative,computed,
SID0379-R007,SID0379-G01,SID0379,PE,count,particles_per_g,,,,22,21,,4.1391,5.04,2.215,1.05,5.465,0,20.95,,,,,,,,confirmed,computed,
SID0379-R008,SID0379-G01,SID0379,OTHER,count,particles_per_g,,,,22,1,,0.015,0.0704,0,0,0,0,0.33,,,,,,,,tentative,computed,
SID0379-R009,SID0379-G01,SID0379,PET,count,particles_per_g,,,,22,4,,0.1205,0.3627,0,0,0,0,1.66,,,,,,,,tentative,computed,
SID0379-R010,SID0379-G01,SID0379,PMMA,count,particles_per_g,,,,22,4,,0.1109,0.3397,0,0,0,0,1.53,,,,,,,,confirmed,computed,
SID0379-R011,SID0379-G01,SID0379,OTHER,count,particles_per_g,,,,22,2,,0.1064,0.3773,0,0,0,0,1.67,,,,,,,,tentative,computed,
SID0379-R012,SID0379-G01,SID0379,PP,count,particles_per_g,,,,22,16,,5.5345,9.7765,1.965,0.03,8.0725,0,44.1,,,,,,,,confirmed,computed,
SID0379-R013,SID0379-G01,SID0379,PS,count,particles_per_g,,,,22,1,,0.015,0.0704,0,0,0,0,0.33,,,,,,,,tentative,computed,
SID0379-R014,SID0379-G01,SID0379,PU,count,particles_per_g,,,,22,1,,0.0109,0.0512,0,0,0,0,0.24,,,,,,,,confirmed,computed,
SID0379-R015,SID0379-G01,SID0379,PVC,count,particles_per_g,,,,22,1,,0.0095,0.0448,0,0,0,0,0.21,,,,,,,,confirmed,computed,
SID0379-R016,SID0379-G01,SID0379,PVS,count,particles_per_g,,,,22,4,,0.1209,0.3173,0,0,0,0,1.33,,,,,,,,tentative,computed,
SID0379-R017,SID0379-G01,SID0379,OTHER,count,particles_per_g,,,,22,4,,0.1364,0.3809,0,0,0,0,1.67,,,,,,,,tentative,computed,
SID0379-R018,SID0379-G01,SID0379,EP,count,particles_per_g,,,,22,0,,0,0,0,0,0,0,0,,,,,,,,not_detected,computed,
SID0379-R019,SID0379-G01,SID0379,OTHER,count,particles_per_g,,,,22,0,,0,0,0,0,0,0,0,,,,,,,,not_detected,computed,
SID0379-R020,SID0379-G01,SID0379,PA,count,particles_per_g,,,,22,0,,0,0,0,0,0,0,0,,,,,,,,not_detected,computed,
SID0379-R021,SID0379-G01,SID0379,PTFE,count,particles_per_g,,,,22,0,,0,0,0,0,0,0,0,,,,,,,,not_detected,computed,
SID0379-R022,SID0379-G02,SID0379,TOTAL_COUNT,count,particles_per_g,,,,10,10,,10.536,13.5107,5.515,2.7875,13.1675,1.39,45.84,,,,,,,,confirmed,computed,
SID0379-R023,SID0379-G02,SID0379,TOTAL_COUNT,count,particles_per_g,,,,,,,,,5.55,2.53,15.63,,,,,,,,,,confirmed,paper_text,
SID0379-R024,SID0379-G03,SID0379,TOTAL_COUNT,count,particles_per_g,,,,12,12,,13.7658,13.2014,9.22,3.31,17.69,0.59,44.1,,,,,,,,confirmed,computed,
SID0379-R025,SID0379-G03,SID0379,TOTAL_COUNT,count,particles_per_g,,,,,,,,,9.25,3.25,22.7,,,,,,,,,,confirmed,paper_text,
SID0380-R001,SID0380-G01,SID0380,TOTAL_COUNT,count,particles_per_mL,,,,44,,97.7,25.05,10.66,,,,0,43,,,,,,,,confirmed,paper_table,
SID0380-R002,SID0380-G01,SID0380,PE,count,particles_per_mL,,,,44,,86.4,8.82,6.14,,,,0,21,,,,,,,,confirmed,paper_table,
SID0380-R003,SID0380-G01,SID0380,PP,count,particles_per_mL,,,,44,,65.9,5.39,7.82,,,,0,33,,,,,,,,confirmed,paper_table,
SID0380-R004,SID0380-G01,SID0380,PET,count,particles_per_mL,,,,44,,59.1,4.75,6.95,,,,0,27,,,,,,,,confirmed,paper_table,
SID0380-R005,SID0380-G01,SID0380,PS,count,particles_per_mL,,,,44,,47.7,5.27,9.33,,,,0,31,,,,,,,,confirmed,paper_table,
SID0380-R006,SID0380-G01,SID0380,PA6,count,particles_per_mL,,,,44,,6.8,0.09,0.36,,,,0,2,,,,,,,,confirmed,paper_table,
SID0380-R007,SID0380-G01,SID0380,PMMA,count,particles_per_mL,,,,44,,2.3,0.07,0.45,,,,0,3,,,,,,,,confirmed,paper_table,
SID0380-R008,SID0380-G01,SID0380,PC,count,particles_per_mL,,,,44,,2.3,0.02,0.15,,,,0,1,,,,,,,,confirmed,paper_table,
SID0380-R009,SID0380-G01,SID0380,OTHER,count,particles_per_mL,,,,44,,11.4,0.59,1.98,,,,0,11,,,,,,,,confirmed,paper_table,
SID0380-R010,SID0380-G01,SID0380,OTHER,count,particles_per_mL,,,,44,,2.3,0.02,0.15,,,,0,1,,,,,,,,confirmed,paper_table,
SID0380-R011,SID0380-G01,SID0380,OTHER,count,particles_per_mL,,,,44,,2.3,0.02,0.15,,,,0,1,,,,,,,,confirmed,paper_table,
SID0380-R012,SID0380-G01,SID0380,PE,count,pct_of_particles,,,,,,,35.21,,,,,,,,,,,,,,confirmed,paper_text,
SID0380-R013,SID0380-G01,SID0380,PP,count,pct_of_particles,,,,,,,21.51,,,,,,,,,,,,,,confirmed,paper_text,
SID0380-R014,SID0380-G01,SID0380,PET,count,pct_of_particles,,,,,,,18.97,,,,,,,,,,,,,,confirmed,paper_text,
SID0380-R015,SID0380-G01,SID0380,PS,count,pct_of_particles,,,,,,,21.05,,,,,,,,,,,,,,confirmed,paper_text,
SID0380-R016,SID0380-G02,SID0380,PE,count,particles_per_organ,,,,6,,,5,,,,,,,,,,,,,,confirmed,paper_text,
SID0381-R001,SID0381-G01,SID0381,TOTAL_COUNT,count,particles_per_mL,,,,15,,80,2.2,1.42,,,,,,,,,,,,yes,confirmed,paper_text,
SID0381-R002,SID0381-G01,SID0381,PE,count,pct_of_particles,,,,,,,23.68,,,,,,,,,,,,,,confirmed,paper_text,
SID0381-R003,SID0381-G01,SID0381,OTHER,count,pct_of_particles,,,,,,,21.05,,,,,,,,,,,,,,confirmed,paper_text,
SID0381-R004,SID0381-G01,SID0381,PP,count,pct_of_particles,,,,,,,13.16,,,,,,,,,,,,,,confirmed,paper_text,
SID0381-R005,SID0381-G01,SID0381,PU,count,pct_of_particles,,,,,,,7.89,,,,,,,,,,,,,,confirmed,paper_text,
SID0381-R006,SID0381-G01,SID0381,PMMA,count,pct_of_particles,,,,,,,7.89,,,,,,,,,,,,,,confirmed,paper_text,
SID0381-R007,SID0381-G01,SID0381,OTHER,count,pct_of_particles,,,,,,,5.26,,,,,,,,,,,,,,confirmed,paper_text,
SID0381-R008,SID0381-G01,SID0381,EVA,count,pct_of_particles,,,,,,,2.63,,,,,,,,,,,,,,confirmed,paper_text,
SID0381-R009,SID0381-G01,SID0381,PEST,count,pct_of_particles,,,,,,,2.63,,,,,,,,,,,,,,confirmed,paper_text,
SID0381-R010,SID0381-G01,SID0381,OTHER,count,pct_of_particles,,,,,,,2.63,,,,,,,,,,,,,,confirmed,paper_text,
SID0381-R011,SID0381-G01,SID0381,PVAC,count,pct_of_particles,,,,,,,2.63,,,,,,,,,,,,,,confirmed,paper_text,
SID0381-R012,SID0381-G02,SID0381,TOTAL_COUNT,count,particles_per_g,,,,15,,80,1.67,0.94,,,,,,,,,,,,yes,confirmed,paper_text,
SID0381-R013,SID0381-G02,SID0381,PE,count,pct_of_particles,,,,,,,32.26,,,,,,,,,,,,,,confirmed,paper_text,
SID0381-R014,SID0381-G02,SID0381,PP,count,pct_of_particles,,,,,,,19.35,,,,,,,,,,,,,,confirmed,paper_text,
SID0381-R015,SID0381-G02,SID0381,OTHER,count,pct_of_particles,,,,,,,16.13,,,,,,,,,,,,,,confirmed,paper_text,
SID0381-R016,SID0381-G02,SID0381,PU,count,pct_of_particles,,,,,,,6.45,,,,,,,,,,,,,,confirmed,paper_text,
SID0381-R017,SID0381-G02,SID0381,PS,count,pct_of_particles,,,,,,,6.45,,,,,,,,,,,,,,confirmed,paper_text,
SID0381-R018,SID0381-G02,SID0381,EVA,count,pct_of_particles,,,,,,,3.23,,,,,,,,,,,,,,confirmed,paper_text,
SID0381-R019,SID0381-G02,SID0381,PPS,count,pct_of_particles,,,,,,,3.23,,,,,,,,,,,,,,confirmed,paper_text,
SID0381-R020,SID0381-G02,SID0381,PA,count,pct_of_particles,,,,,,,3.23,,,,,,,,,,,,,,confirmed,paper_text,
SID0381-R021,SID0381-G03,SID0381,TOTAL_COUNT,count,particles_per_g,,,,15,,66.67,0.87,0.72,,,,,,,,,,,,yes,confirmed,paper_text,
SID0381-R022,SID0381-G03,SID0381,PE,count,pct_of_particles,,,,,,,22.22,,,,,,,,,,,,,,confirmed,paper_text,
SID0381-R023,SID0381-G03,SID0381,OTHER,count,pct_of_particles,,,,,,,22.22,,,,,,,,,,,,,,confirmed,paper_text,
SID0381-R024,SID0381-G03,SID0381,PA,count,pct_of_particles,,,,,,,16.67,,,,,,,,,,,,,,confirmed,paper_text,
SID0381-R025,SID0381-G03,SID0381,PP,count,pct_of_particles,,,,,,,11.11,,,,,,,,,,,,,,confirmed,paper_text,
SID0381-R026,SID0381-G03,SID0381,PU,count,pct_of_particles,,,,,,,5.56,,,,,,,,,,,,,,confirmed,paper_text,
SID0381-R027,SID0381-G03,SID0381,PPS,count,pct_of_particles,,,,,,,5.56,,,,,,,,,,,,,,confirmed,paper_text,
SID0382-R001,SID0382-G01,SID0382,TOTAL_COUNT,count,particles_per_g,dry,,,493,,100,43,,,,,33,141,,,,,,,,confirmed,paper_text,
SID0382-R002,SID0382-G01,SID0382,PET,count,pct_of_particles,,,,,,,30,,,,,,,,,,,,,,confirmed,paper_text,
SID0382-R003,SID0382-G01,SID0382,PA,count,pct_of_particles,,,,,,,16,,,,,,,,,,,,,,confirmed,paper_text,
SID0382-R004,SID0382-G01,SID0382,PE,count,pct_of_particles,,,,,,,14,,,,,,,,,,,,,,confirmed,paper_text,
SID0382-R005,SID0382-G01,SID0382,PP,count,pct_of_particles,,,,,,,12,,,,,,,,,,,,,,confirmed,paper_text,
SID0382-R006,SID0382-G01,SID0382,PC,count,pct_of_particles,,,,,,,10,,,,,,,,,,,,,,confirmed,paper_text,
SID0382-R007,SID0382-G02,SID0382,TOTAL_COUNT,count,particles_per_g,dry,,,258,,100,62,,,,,30,177,,,,,,,,confirmed,paper_text,
SID0382-R008,SID0382-G02,SID0382,PET,count,pct_of_particles,,,,,,,37,,,,,,,,,,,,,,confirmed,paper_text,
SID0382-R009,SID0382-G02,SID0382,PA,count,pct_of_particles,,,,,,,25,,,,,,,,,,,,,,confirmed,paper_text,
SID0382-R010,SID0382-G02,SID0382,PE,count,pct_of_particles,,,,,,,16,,,,,,,,,,,,,,confirmed,paper_text,
SID0382-R011,SID0382-G02,SID0382,PC,count,pct_of_particles,,,,,,,6.4,,,,,,,,,,,,,,confirmed,paper_text,
SID0382-R012,SID0382-G02,SID0382,PP,count,pct_of_particles,,,,,,,5.5,,,,,,,,,,,,,,confirmed,paper_text,
SID0383-R001,SID0383-G01,SID0383,TOTAL_COUNT,count,particles_per_g,,,,8,,,61.1,44.2,,,,,,,,,,,,,confirmed,paper_table,
SID0383-R002,SID0383-G01,SID0383,PP,detection,pct_of_samples,,,,8,5,62.5,,,,,,,,,,,,,,,confirmed,paper_table,
SID0383-R003,SID0383-G01,SID0383,EVA,detection,pct_of_samples,,,,8,4,50,,,,,,,,,,,,,,,confirmed,paper_table,
SID0383-R004,SID0383-G01,SID0383,PS,detection,pct_of_samples,,,,8,2,25,,,,,,,,,,,,,,,confirmed,paper_table,
SID0383-R005,SID0383-G01,SID0383,PA,detection,pct_of_samples,,,,8,1,12.5,,,,,,,,,,,,,,,confirmed,paper_table,
SID0383-R006,SID0383-G01,SID0383,PBS,detection,pct_of_samples,,,,8,1,12.5,,,,,,,,,,,,,,,confirmed,paper_table,
SID0383-R007,SID0383-G02,SID0383,TOTAL_COUNT,count,particles_per_g,,,,8,,,22.9,15.7,,,,,,,,,,,,,confirmed,paper_table,
SID0383-R008,SID0383-G02,SID0383,PP,detection,pct_of_samples,,,,8,4,50,,,,,,,,,,,,,,,confirmed,paper_table,
SID0383-R009,SID0383-G02,SID0383,PS,detection,pct_of_samples,,,,8,2,25,,,,,,,,,,,,,,,confirmed,paper_table,
SID0383-R010,SID0383-G02,SID0383,PET,detection,pct_of_samples,,,,8,1,12.5,,,,,,,,,,,,,,,confirmed,paper_table,
SID0383-R011,SID0383-G02,SID0383,PC,detection,pct_of_samples,,,,8,1,12.5,,,,,,,,,,,,,,,confirmed,paper_table,
SID0383-R012,SID0383-G02,SID0383,EVA,detection,pct_of_samples,,,,8,1,12.5,,,,,,,,,,,,,,,confirmed,paper_table,
SID0383-R013,SID0383-G02,SID0383,PU,detection,pct_of_samples,,,,8,1,12.5,,,,,,,,,,,,,,,confirmed,paper_table,
SID0383-R014,SID0383-G03,SID0383,TOTAL_COUNT,count,particles_per_g,,,,8,,,26.4,17.6,,,,,,,,,,,,,confirmed,paper_table,
SID0383-R015,SID0383-G03,SID0383,EVA,detection,pct_of_samples,,,,8,4,50,,,,,,,,,,,,,,,confirmed,paper_table,
SID0383-R016,SID0383-G03,SID0383,PP,detection,pct_of_samples,,,,8,3,37.5,,,,,,,,,,,,,,,confirmed,paper_table,
SID0383-R017,SID0383-G03,SID0383,PS,detection,pct_of_samples,,,,8,2,25,,,,,,,,,,,,,,,confirmed,paper_table,
SID0383-R018,SID0383-G03,SID0383,OTHER,detection,pct_of_samples,,,,8,1,12.5,,,,,,,,,,,,,,,confirmed,paper_table,
SID0384-R001,SID0384-G01,SID0384,TOTAL_MASS,mass,ug_per_g,,,,10,,100,41.128,,,,,16.85,69.82,,,,,,,,confirmed,paper_table,
SID0384-R002,SID0384-G01,SID0384,PE,mass,ug_per_g,,,,10,,100,21.15,,,,,6.84,49.8,,,,,,,,confirmed,paper_table,
SID0384-R003,SID0384-G01,SID0384,PVC,mass,ug_per_g,,,,10,,100,18.41,,,,,3.09,35.17,,,,,,,,confirmed,paper_table,
SID0384-R004,SID0384-G01,SID0384,PS,mass,ug_per_g,,,,10,,100,1.063,,,,,0.72,1.62,,,,,,,,confirmed,paper_table,
SID0384-R005,SID0384-G01,SID0384,PP,mass,ug_per_g,,,,10,3,30,1.683,,,,,1.37,2.06,,,,,,,,confirmed,paper_table,
SID0384-R006,SID0384-G01,SID0384,PMMA,mass,ug_per_g,,,,10,0,0,,,,,,,,,,,,,,,not_detected,paper_table,
SID0384-R007,SID0384-G01,SID0384,PET,mass,ug_per_g,,,,10,0,0,,,,,,,,,,,,,,,not_detected,paper_table,
SID0384-R008,SID0384-G01,SID0384,PC,mass,ug_per_g,,,,10,0,0,,,,,,,,,,,,,,,not_detected,paper_table,
SID0384-R009,SID0384-G01,SID0384,PA6,mass,ug_per_g,,,,10,0,0,,,,,,,,,,,,,,,not_detected,paper_table,
SID0384-R010,SID0384-G01,SID0384,PA66,mass,ug_per_g,,,,10,0,0,,,,,,,,,,,,,,,not_detected,paper_table,
SID0384-R011,SID0384-G01,SID0384,ABS,mass,ug_per_g,,,,10,0,0,,,,,,,,,,,,,,,not_detected,paper_table,
SID0384-R012,SID0384-G01,SID0384,SBR,mass,ug_per_g,,,,10,0,0,,,,,,,,,,,,,,,not_detected,paper_table,
SID0384-R013,SID0384-G01,SID0384,TOTAL_COUNT,count,particles_per_mL,,,,10,,,21.12,,,,,9.4,53.9,,,,,,,,confirmed,paper_text,
SID0384-R014,SID0384-G01,SID0384,PP,count,pct_of_particles,,,fragment,,,,70,,,,,,,,,,,,,,confirmed,paper_text,
SID0384-R015,SID0384-G01,SID0384,PBAT,count,pct_of_particles,,,,,,,20,,,,,,,,,,,,,,confirmed,paper_text,
SID0384-R016,SID0384-G01,SID0384,PP,count,pct_of_particles,,,fiber,,,,20,,,,,,,,,,,,,,confirmed,paper_text,
SID0384-R017,SID0384-G01,SID0384,TOTAL_COUNT,count,pct_of_particles,,1-50,,,,,76,,,,,,,,,,,,,,confirmed,paper_text,
SID0384-R018,SID0384-G01,SID0384,TOTAL_COUNT,count,pct_of_particles,,50-100,,,,,12,,,,,,,,,,,,,,confirmed,paper_text,
SID0384-R019,SID0384-G01,SID0384,TOTAL_COUNT,count,pct_of_particles,,>100,,,,,12,,,,,,,,,,,,,,confirmed,paper_text,
SID0385-R001,SID0385-G01,SID0385,TOTAL_COUNT,count,particles_per_g,,,,51,6,11.8,,,,,,,,,,,,,,,confirmed,paper_text,
SID0385-R002,SID0385-G01,SID0385,PU,count,particles_per_sample,,~71,,51,1,,,,,,,,,,,,,,,,confirmed,paper_table,
SID0385-R003,SID0385-G01,SID0385,OTHER,count,particles_per_sample,,~42,,51,1,,,,,,,,,,,,,,,,confirmed,paper_table,
SID0385-R004,SID0385-G01,SID0385,EVA,count,particles_per_sample,,~60,,51,1,,,,,,,,,,,,,,,,confirmed,paper_table,
SID0385-R005,SID0385-G01,SID0385,ACR,count,particles_per_sample,,,,51,2,,,,,,,,,,,,,,,,confirmed,paper_table,
SID0385-R006,SID0385-G01,SID0385,EPM,count,particles_per_sample,,~71,,51,1,,,,,,,,,,,,,,,,confirmed,paper_table,
SID0386-R001,SID0386-G01,SID0386,PS,count,particles_per_g,,,,16,,,5.25,4.88,,,,,,,,,,,,,confirmed,paper_table,
SID0386-R002,SID0386-G01,SID0386,PS,mass,other,,,,16,,,10.69,10.56,,,,,,,,,,,,,confirmed,paper_table,
SID0386-R003,SID0386-G01,SID0386,PE,count,particles_per_g,,,,16,,,4.75,6.22,,,,,,,,,,,,,confirmed,paper_table,
SID0386-R004,SID0386-G01,SID0386,PE,mass,other,,,,16,,,3.56,3.21,,,,,,,,,,,,,confirmed,paper_table,
SID0386-R005,SID0386-G01,SID0386,PP,count,particles_per_g,,,,16,,,0.56,0.73,,,,,,,,,,,,,confirmed,paper_table,
SID0386-R006,SID0386-G01,SID0386,PP,mass,other,,,,16,,,0.09,0.14,,,,,,,,,,,,,confirmed,paper_table,
SID0386-R007,SID0386-G01,SID0386,PET,count,particles_per_g,,,,16,,,0.94,1.73,,,,,,,,,,,,,confirmed,paper_table,
SID0386-R008,SID0386-G01,SID0386,PET,mass,other,,,,16,,,0.18,0.38,,,,,,,,,,,,,confirmed,paper_table,
SID0386-R009,SID0386-G01,SID0386,EVA,count,particles_per_g,,,,16,,,1.19,2.32,,,,,,,,,,,,,confirmed,paper_table,
SID0386-R010,SID0386-G01,SID0386,EVA,mass,other,,,,16,,,0.04,0.08,,,,,,,,,,,,,confirmed,paper_table,
SID0368-R001,SID0368-G01,SID0368,TOTAL_COUNT,count,particles_per_g,,,,54,,,31.48,1.79,,,,,,,,,,,,yes,confirmed,paper_text,
SID0368-R002,SID0368-G02,SID0368,TOTAL_COUNT,count,particles_per_g,,,,30,,,41.24,1.73,,,,,,,,,,,,yes,confirmed,paper_text,
SID0368-R003,SID0368-G03,SID0368,TOTAL_COUNT,count,particles_per_g,,,,29,,,26.36,2.02,,,,,,,,,,,,yes,confirmed,paper_text,
SID0368-R004,SID0368-G01,SID0368,PC,count,pct_of_particles,,,,46,27,,58.7,,,,,,,,,,,,,,confirmed,paper_text,
SID0368-R005,SID0368-G01,SID0368,PP,count,pct_of_particles,,,,46,10,,21.74,,,,,,,,,,,,,,confirmed,paper_text,
SID0368-R006,SID0368-G01,SID0368,PA,count,pct_of_particles,,,,46,9,,19.56,,,,,,,,,,,,,,confirmed,paper_text,
SID0368-R007,SID0368-G02,SID0368,PC,count,pct_of_particles,,,,99,49,,49.49,,,,,,,,,,,,,,confirmed,paper_text,
SID0368-R008,SID0368-G02,SID0368,PA,count,pct_of_particles,,,,99,44,,44.44,,,,,,,,,,,,,,confirmed,paper_text,
SID0368-R009,SID0368-G02,SID0368,PE,count,pct_of_particles,,,,99,2,,2.02,,,,,,,,,,,,,,confirmed,paper_text,
SID0368-R010,SID0368-G02,SID0368,PS,count,pct_of_particles,,,,99,2,,2.02,,,,,,,,,,,,,,confirmed,paper_text,
SID0368-R011,SID0368-G02,SID0368,PP,count,pct_of_particles,,,,99,1,,1.01,,,,,,,,,,,,,,confirmed,paper_text,
SID0368-R012,SID0368-G02,SID0368,PTFE,count,pct_of_particles,,,,99,1,,1.01,,,,,,,,,,,,,,confirmed,paper_text,
SID0368-R013,SID0368-G03,SID0368,PC,count,pct_of_particles,,,,35,19,,54.29,,,,,,,,,,,,,,confirmed,paper_text,
SID0368-R014,SID0368-G03,SID0368,PA,count,pct_of_particles,,,,35,5,,14.29,,,,,,,,,,,,,,confirmed,paper_text,
SID0368-R015,SID0368-G03,SID0368,PP,count,pct_of_particles,,,,35,5,,14.29,,,,,,,,,,,,,,confirmed,paper_text,
SID0368-R016,SID0368-G03,SID0368,PE,count,pct_of_particles,,,,35,1,,2.86,,,,,,,,,,,,,,confirmed,paper_text,
SID0368-R017,SID0368-G03,SID0368,PET,count,pct_of_particles,,,,35,2,,5.71,,,,,,,,,,,,,,confirmed,paper_text,
SID0368-R018,SID0368-G03,SID0368,PU,count,pct_of_particles,,,,35,1,,2.86,,,,,,,,,,,,,,confirmed,paper_text,
SID0368-R019,SID0368-G03,SID0368,PVC,count,pct_of_particles,,,,35,1,,2.86,,,,,,,,,,,,,,confirmed,paper_text,
SID0368-R020,SID0368-G03,SID0368,ALK,count,pct_of_particles,,,,35,1,,2.86,,,,,,,,,,,,,,confirmed,paper_text,
SID0387-R001,SID0387-G01,SID0387,TOTAL_COUNT,detection,pct_of_samples,,,,48,33,68.8,,,,,,,,,,,,,,,confirmed,paper_text,
SID0387-R002,SID0387-G01,SID0387,PS,detection,pct_of_samples,,,,48,20,41.7,,,,,,,,,,,,,,,confirmed,paper_table,
SID0387-R003,SID0387-G01,SID0387,OTHER,detection,pct_of_samples,,,,48,8,16.7,,,,,,,,,,,,,,,confirmed,paper_table,
SID0387-R004,SID0387-G01,SID0387,PVC,detection,pct_of_samples,,,,48,3,6.2,,,,,,,,,,,,,,,confirmed,paper_table,
SID0387-R005,SID0387-G01,SID0387,PE,detection,pct_of_samples,,,,48,2,4.2,,,,,,,,,,,,,,,confirmed,paper_table,
SID0387-R006,SID0387-G01,SID0387,PC,detection,pct_of_samples,,,,48,0,0,,,,,,,,,,,,,,,not_detected,paper_table,
SID0387-R007,SID0387-G01,SID0387,ABS,detection,pct_of_samples,,,,48,0,0,,,,,,,,,,,,,,,not_detected,paper_table,
SID0387-R008,SID0387-G02,SID0387,TOTAL_COUNT,detection,pct_of_samples,,,,48,29,60.4,,,,,,,,,,,,,,,confirmed,paper_text,
SID0387-R009,SID0387-G02,SID0387,OTHER,detection,pct_of_samples,,,,48,15,31.2,,,,,,,,,,,,,,,confirmed,paper_text,
SID0387-R010,SID0387-G02,SID0387,PS,detection,pct_of_samples,,,,48,10,20.8,,,,,,,,,,,,,,,confirmed,paper_text,
SID0387-R011,SID0387-G02,SID0387,PVC,detection,pct_of_samples,,,,48,1,2.1,,,,,,,,,,,,,,,confirmed,paper_table,
SID0387-R012,SID0387-G02,SID0387,PE,detection,pct_of_samples,,,,48,1,2.1,,,,,,,,,,,,,,,confirmed,paper_table,
SID0387-R013,SID0387-G02,SID0387,PC,detection,pct_of_samples,,,,48,1,2.1,,,,,,,,,,,,,,,confirmed,paper_table,
SID0387-R014,SID0387-G02,SID0387,ABS,detection,pct_of_samples,,,,48,1,2.1,,,,,,,,,,,,,,,confirmed,paper_table,
SID0388-R001,SID0388-G01,SID0388,PS,detection,pct_of_samples,,,,110,48,43.6,,,,,,,,,,,,,,,confirmed,paper_text,
SID0388-R002,SID0388-G01,SID0388,PS,mass,other,,,,48,,,2.47,6.38,,,,,,,,,,,,,confirmed,paper_text,
SID0388-R003,SID0388-G01,SID0388,PE,detection,pct_of_samples,,,,110,79,71.8,,,,,,,,,,,,,,,confirmed,paper_text,
SID0388-R004,SID0388-G01,SID0388,PE,mass,other,,,,79,,,45.61,26.25,,,,,,,,,,,,,confirmed,paper_text,
SID0388-R005,SID0388-G01,SID0388,PVC,detection,pct_of_samples,,,,110,105,95.4,,,,,,,,,,,,,,,confirmed,paper_text,
SID0388-R006,SID0388-G01,SID0388,PVC,mass,other,,,,105,,,10.1,7.7,,,,,,,,,,,,,confirmed,paper_text,
SID0388-R007,SID0388-G01,SID0388,PA66,detection,pct_of_samples,,,,110,68,61.8,,,,,,,,,,,,,,,confirmed,paper_text,
SID0388-R008,SID0388-G01,SID0388,PA66,mass,other,,,,68,,,20.89,12.87,,,,,,,,,,,,,confirmed,paper_text,
SID0388-R009,SID0388-G02,SID0388,PS,detection,pct_of_samples,,,,21,10,47.6,,,,,,,,,,,,,,,confirmed,paper_text,
SID0388-R010,SID0388-G02,SID0388,PS,mass,other,,,,10,,,1.26,0.67,,,,,,,,,,,,,confirmed,paper_text,
SID0388-R011,SID0388-G02,SID0388,PE,detection,pct_of_samples,,,,21,16,76.2,,,,,,,,,,,,,,,confirmed,paper_text,
SID0388-R012,SID0388-G02,SID0388,PE,mass,other,,,,16,,,18.33,10.13,,,,,,,,,,,,,confirmed,paper_text,
SID0388-R013,SID0388-G02,SID0388,PP,detection,pct_of_samples,,,,21,1,4.8,,,,,,,,,,,,,,,confirmed,paper_text,
SID0388-R014,SID0388-G02,SID0388,PVC,detection,pct_of_samples,,,,21,21,100,,,,,,,,,,,,,,,confirmed,paper_text,
SID0388-R015,SID0388-G02,SID0388,PVC,mass,other,,,,21,,,15.67,13.26,,,,,,,,,,,,,confirmed,paper_text,
SID0388-R016,SID0388-G02,SID0388,PA66,detection,pct_of_samples,,,,21,18,85.7,,,,,,,,,,,,,,,confirmed,paper_text,
SID0388-R017,SID0388-G02,SID0388,PA66,mass,other,,,,18,,,32.28,14.57,,,,,,,,,,,,,confirmed,paper_text,
SID0389-R001,SID0389-G01,SID0389,PVC,count,other,,,,1250,1115,89.2,3.62,,,,,,,,,,,,,,confirmed,paper_text,
SID0389-R002,SID0389-G01,SID0389,PP,count,other,,,,1250,1124,89.9,3.67,,,,,,,,,,,,,,confirmed,paper_text,
SID0389-R003,SID0389-G01,SID0389,PBS,count,other,,,,1250,1103,88.2,3.55,,,,,,,,,,,,,,confirmed,paper_text,
SID0389-R004,SID0389-G01,SID0389,TOTAL_COUNT,count,other,,,,1250,,,10.84,4.45,,,,,,,,,,,,,confirmed,paper_text,
SID0389-R005,SID0389-G01,SID0389,PVC,count,pct_of_particles,,10-100,,,,60,,,,,,,,,,,,,,,confirmed,paper_table,
SID0389-R006,SID0389-G01,SID0389,PVC,count,pct_of_particles,,100-200,,,,30,,,,,,,,,,,,,,,confirmed,paper_table,
SID0389-R007,SID0389-G01,SID0389,PVC,count,pct_of_particles,,>200,,,,10,,,,,,,,,,,,,,,confirmed,paper_table,
SID0389-R008,SID0389-G01,SID0389,PP,count,pct_of_particles,,10-100,,,,55,,,,,,,,,,,,,,,confirmed,paper_table,
SID0389-R009,SID0389-G01,SID0389,PP,count,pct_of_particles,,100-200,,,,35,,,,,,,,,,,,,,,confirmed,paper_table,
SID0389-R010,SID0389-G01,SID0389,PP,count,pct_of_particles,,>200,,,,10,,,,,,,,,,,,,,,confirmed,paper_table,
SID0389-R011,SID0389-G01,SID0389,PBS,count,pct_of_particles,,10-100,,,,50,,,,,,,,,,,,,,,confirmed,paper_table,
SID0389-R012,SID0389-G01,SID0389,PBS,count,pct_of_particles,,100-200,,,,40,,,,,,,,,,,,,,,confirmed,paper_table,
SID0389-R013,SID0389-G01,SID0389,PBS,count,pct_of_particles,,>200,,,,10,,,,,,,,,,,,,,,confirmed,paper_table,
SID0369-R001,SID0369-G01,SID0369,TOTAL_COUNT,count,other,,,,1121,,,,,15,,,,,,,,,,,yes,confirmed,paper_text,
SID0369-R002,SID0369-G01,SID0369,PVC,count,other,,,,1121,,,,,5,,,,,,,,,,,yes,confirmed,paper_text,
SID0369-R003,SID0369-G01,SID0369,PVC,detection,pct_of_samples,,,,1121,1000,89.2,,,,,,,,,,,,,,,confirmed,paper_text,
SID0369-R004,SID0369-G01,SID0369,PP,count,other,,,,1121,,,,,5,,,,,,,,,,,yes,confirmed,paper_text,
SID0369-R005,SID0369-G01,SID0369,PP,detection,pct_of_samples,,,,1121,1008,89.9,,,,,,,,,,,,,,,confirmed,paper_text,
SID0369-R006,SID0369-G01,SID0369,PBS,count,other,,,,1121,,,,,5,,,,,,,,,,,yes,confirmed,paper_text,
SID0369-R007,SID0369-G01,SID0369,PBS,detection,pct_of_samples,,,,1121,989,88.2,,,,,,,,,,,,,,,confirmed,paper_text,
SID0390-R001,SID0390-G01,SID0390,TOTAL_COUNT,count,particles_per_organ,,,,6,,,,,,,,,,,,,,,,,confirmed,si_table,
SID0390-R002,SID0390-G01,SID0390,PE,count,particles_per_organ,,,,6,,,,,,,,,,,,,,,,,confirmed,si_table,
SID0390-R003,SID0390-G01,SID0390,PET,count,particles_per_organ,,,,6,,,,,,,,,,,,,,,,,confirmed,si_table,
SID0390-R004,SID0390-G02,SID0390,TOTAL_COUNT,count,particles_per_organ,,,,6,,,,,,,,,,,,,,,,,confirmed,si_table,
SID0390-R005,SID0390-G02,SID0390,PE,count,particles_per_organ,,,,6,,,,,,,,,,,,,,,,,confirmed,si_table,
SID0390-R006,SID0390-G03,SID0390,TOTAL_COUNT,count,particles_per_organ,,,,6,,,,,,,,,,,,,,,,,confirmed,si_table,
SID0390-R007,SID0390-G03,SID0390,PE,count,particles_per_organ,,,,6,,,,,,,,,,,,,,,,,confirmed,si_table,
SID0390-R008,SID0390-G03,SID0390,PS,count,particles_per_organ,,,,6,,,,,,,,,,,,,,,,,confirmed,si_table,
SID0390-R009,SID0390-G04,SID0390,TOTAL_COUNT,count,particles_per_organ,,,,6,,,,,,,,,,,,,,,,,confirmed,si_table,
SID0390-R010,SID0390-G04,SID0390,PE,count,particles_per_organ,,,,6,,,,,,,,,,,,,,,,,confirmed,si_table,
SID0390-R011,SID0390-G04,SID0390,PET,count,particles_per_organ,,,,6,,,,,,,,,,,,,,,,,confirmed,si_table,
SID0390-R012,SID0390-G05,SID0390,TOTAL_COUNT,count,particles_per_organ,,,,6,,,,,,,,,,,,,,,,,confirmed,si_table,
SID0390-R013,SID0390-G05,SID0390,PE,count,particles_per_organ,,,,6,,,,,,,,,,,,,,,,,confirmed,si_table,
SID0390-R014,SID0390-G05,SID0390,PP,count,particles_per_organ,,,,6,,,,,,,,,,,,,,,,,confirmed,si_table,
SID0390-R015,SID0390-G06,SID0390,TOTAL_COUNT,count,particles_per_organ,,,,6,,,,,,,,,,,,,,,,,confirmed,si_table,
SID0390-R016,SID0390-G06,SID0390,PE,count,particles_per_organ,,,,6,,,,,,,,,,,,,,,,,confirmed,si_table,
SID0390-R017,SID0390-G06,SID0390,PET,count,particles_per_organ,,,,6,,,,,,,,,,,,,,,,,confirmed,si_table,
SID0390-R018,SID0390-G07,SID0390,TOTAL_COUNT,count,particles_per_organ,,,,6,,,,,,,,,,,,,,,,,confirmed,si_table,
SID0390-R019,SID0390-G07,SID0390,PE,count,particles_per_organ,,,,6,,,,,,,,,,,,,,,,,confirmed,si_table,
SID0390-R020,SID0390-G07,SID0390,PET,count,particles_per_organ,,,,6,,,,,,,,,,,,,,,,,confirmed,si_table,
SID0390-R021,SID0390-G07,SID0390,PVC,count,particles_per_organ,,,,6,,,,,,,,,,,,,,,,,confirmed,si_table,
SID0390-R022,SID0390-G07,SID0390,PP,count,particles_per_organ,,,,6,,,,,,,,,,,,,,,,,confirmed,si_table,
SID0390-R023,SID0390-G08,SID0390,TOTAL_COUNT,count,particles_per_organ,,,,6,,,,,,,,,,,,,,,,,confirmed,si_table,
SID0390-R024,SID0390-G08,SID0390,PE,count,particles_per_organ,,,,6,,,,,,,,,,,,,,,,,confirmed,si_table,
SID0390-R025,SID0390-G08,SID0390,PET,count,particles_per_organ,,,,6,,,,,,,,,,,,,,,,,confirmed,si_table,
SID0391-R001,SID0391-G01,SID0391,PA,count,other,,,,5670,,,,,,,,,,,,,,,,,tentative,paper_table,
SID0391-R002,SID0391-G01,SID0391,PP,count,other,,,,5670,,,,,,,,,,,,,,,,,tentative,paper_table,
SID0391-R003,SID0391-G01,SID0391,PVC,count,other,,,,5670,,,,,,,,,,,,,,,,,tentative,paper_table,
SID0391-R004,SID0391-G01,SID0391,TOTAL_COUNT,count,other,,,,5670,,,,,,,,,,,,,,,,,confirmed,paper_table,
SID0392-R001,SID0392-G01,SID0392,TOTAL_COUNT,count,particles_per_g,,,,14,,,,,,,,,,,,,,,,,confirmed,paper_text,
SID0392-R002,SID0392-G01,SID0392,TOTAL_MASS,mass,ug_per_g,,,,14,,,,,,,,,,,,,,,,,confirmed,paper_text,
SID0392-R003,SID0392-G01,SID0392,PVC,count,pct_of_particles,,,,14,,,,,,,,,,,,,,,,,confirmed,paper_text,
SID0392-R004,SID0392-G01,SID0392,PA,count,pct_of_particles,,,,14,,,,,,,,,,,,,,,,,confirmed,paper_text,
SID0392-R005,SID0392-G01,SID0392,PET,count,pct_of_particles,,,,14,,,,,,,,,,,,,,,,,confirmed,paper_text,
SID0392-R006,SID0392-G01,SID0392,PBS,count,pct_of_particles,,,,14,,,,,,,,,,,,,,,,,confirmed,paper_text,
SID0392-R007,SID0392-G02,SID0392,TOTAL_COUNT,count,particles_per_g,,,,6,,,,,,,,,,,,,,,,,confirmed,paper_text,
SID0392-R008,SID0392-G02,SID0392,TOTAL_MASS,mass,ug_per_g,,,,6,,,,,,,,,,,,,,,,,confirmed,paper_text,
SID0392-R009,SID0392-G02,SID0392,PVC,count,pct_of_particles,,,,6,,,,,,,,,,,,,,,,,confirmed,paper_text,
SID0392-R010,SID0392-G02,SID0392,PBS,count,pct_of_particles,,,,6,,,,,,,,,,,,,,,,,confirmed,paper_text,
SID0392-R011,SID0392-G03,SID0392,TOTAL_COUNT,count,particles_per_g,,,,10,,,,,,,,,,,,,,,,,confirmed,paper_text,
SID0392-R012,SID0392-G03,SID0392,TOTAL_MASS,mass,ug_per_g,,,,10,,,,,,,,,,,,,,,,,confirmed,paper_text,
SID0392-R013,SID0392-G03,SID0392,PVC,count,pct_of_particles,,,,10,,,,,,,,,,,,,,,,,confirmed,paper_text,
SID0392-R014,SID0392-G04,SID0392,TOTAL_COUNT,count,particles_per_g,,,,11,,,,,,,,,,,,,,,,,confirmed,paper_text,
SID0392-R015,SID0392-G04,SID0392,TOTAL_MASS,mass,ug_per_g,,,,11,,,,,,,,,,,,,,,,,confirmed,paper_text,
SID0392-R016,SID0392-G04,SID0392,PVC,count,pct_of_particles,,,,11,,,,,,,,,,,,,,,,,confirmed,paper_text,
SID0392-R017,SID0392-G04,SID0392,PBS,count,pct_of_particles,,,,11,,,,,,,,,,,,,,,,,confirmed,paper_text,
SID0393-R001,SID0393-G01,SID0393,TOTAL_COUNT,count,particles_per_g,,,,10,10,100,1,1.2,,,,,,,,,,,,,confirmed,paper_text,
SID0393-R002,SID0393-G01,SID0393,OTHER,detection,pct_of_samples,,,,10,6,,,,,,,,,,,,,,,,identity_unresolved,paper_text,
SID0393-R003,SID0393-G01,SID0393,PE,detection,pct_of_samples,,,,10,1,10,,,,,,,,,,,,,,,confirmed,paper_text,
SID0393-R004,SID0393-G01,SID0393,PS,detection,pct_of_samples,,,,10,2,,,,,,,,,,,,,,,,confirmed,paper_text,
SID0393-R005,SID0393-G01,SID0393,PVC,detection,pct_of_samples,,,,10,2,,,,,,,,,,,,,,,,confirmed,paper_text,
SID0393-R006,SID0393-G01,SID0393,PP,count,particles_per_g,,,,10,,,,,,,,,,,,,,,,,confirmed,paper_text,
SID0393-R007,SID0393-G01,SID0393,PMMA,count,particles_per_g,,,,10,,,,,,,,,,,,,,,,,confirmed,paper_text,
SID0393-R008,SID0393-G01,SID0393,OTHER,count,particles_per_sample,,,,10,1,,,,,,,,,,,,,,,,confirmed,paper_text,
SID0393-R009,SID0393-G01,SID0393,OTHER,count,particles_per_sample,,,,10,1,,,,,,,,,,,,,,,,identity_unresolved,paper_text,
SID0394-R001,SID0394-G01,SID0394,TOTAL_COUNT,detection,pct_of_samples,,,,18,10,55.6,,,,,,,,,,,,,,,confirmed,paper_text,
SID0394-R002,SID0394-G01,SID0394,TOTAL_COUNT,count,particles_per_sample,,,,18,,,,,,,,,,,,,,,,,confirmed,paper_table,
SID0394-R003,SID0394-G01,SID0394,PU,detection,pct_of_samples,,,,18,3,,,,,,,,,,,,,,,,confirmed,paper_table,
SID0394-R004,SID0394-G01,SID0394,PVC,detection,pct_of_samples,,,,18,3,,,,,,,,,,,,,,,,confirmed,paper_table,
SID0394-R005,SID0394-G01,SID0394,PA,detection,pct_of_samples,,,,18,3,,,,,,,,,,,,,,,,confirmed,paper_table,
SID0394-R006,SID0394-G01,SID0394,PET,detection,pct_of_samples,,,fiber,18,1,,,,,,,,,,,,,,,,confirmed,paper_table,
SID0394-R007,SID0394-G01,SID0394,PAM,detection,pct_of_samples,,,,18,1,,,,,,,,,,,,,,,,confirmed,paper_table,
SID0394-R008,SID0394-G01,SID0394,PC,detection,pct_of_samples,,,,18,1,,,,,,,,,,,,,,,,confirmed,paper_table,
SID0394-R009,SID0394-G02,SID0394,TOTAL_COUNT,detection,pct_of_samples,,,,7,2,28.6,,,,,,,,,,,,,,,confirmed,paper_text,
SID0394-R010,SID0394-G02,SID0394,PET,detection,pct_of_samples,,,fiber,7,1,,,,,,,,,,,,,,,,confirmed,paper_table,
SID0394-R011,SID0394-G03,SID0394,TOTAL_COUNT,detection,pct_of_samples,,,,18,1,5.6,,,,,,,,,,,,,,,confirmed,paper_text,
SID0394-R012,SID0394-G03,SID0394,PE,detection,pct_of_samples,,,,18,1,,,,,,,,,,,,,,,,confirmed,paper_table,
SID0394-R013,SID0394-G03,SID0394,PA,detection,pct_of_samples,,,,18,1,,,,,,,,,,,,,,,,confirmed,paper_table,
SID0394-R014,SID0394-G04,SID0394,TOTAL_COUNT,detection,pct_of_samples,,,,7,0,0,,,,,,,,,,,,,,,not_detected,paper_table,
SID0395-R001,SID0395-G01,SID0395,TOTAL_COUNT,count,other,,,,,,,,,,,,,,,,,,,,,confirmed,paper_table,
SID0395-R002,SID0395-G02,SID0395,TOTAL_COUNT,count,other,,,,,,,,,,,,,,,,,,,,,confirmed,paper_table,
SID0395-R003,SID0395-G03,SID0395,TOTAL_COUNT,count,other,,,,,,,,,,,,,,,,,,,,,confirmed,paper_table,
SID0395-R004,SID0395-G04,SID0395,TOTAL_COUNT,count,other,,,,,,,,,,,,,,,,,,,,,confirmed,paper_table,
SID0395-R005,SID0395-G05,SID0395,TOTAL_COUNT,count,other,,,,,,,,,,,,,,,,,,,,,confirmed,paper_table,
SID0395-R006,SID0395-G06,SID0395,TOTAL_COUNT,count,other,,,,,,,,,,,,,,,,,,,,,confirmed,paper_table,
SID0395-R007,SID0395-G07,SID0395,TOTAL_COUNT,count,other,,,,,,,,,,,,,,,,,,,,,confirmed,paper_table,
SID0395-R008,SID0395-G08,SID0395,TOTAL_COUNT,count,other,,,,,,,,,,,,,,,,,,,,,confirmed,paper_table,
SID0395-R009,SID0395-G01,SID0395,TOTAL_COUNT,count,pct_of_particles,,,fiber,6590,,,98,,,,,,,,,,,,,,confirmed,paper_table,
SID0395-R010,SID0395-G02,SID0395,TOTAL_COUNT,count,pct_of_particles,,,fiber,872,,,97.7,,,,,,,,,,,,,,confirmed,paper_table,
SID0395-R011,SID0395-G09,SID0395,OTHER,count,other,,,fiber,62,35,,,,,,,,,,,,,,,,identity_unresolved,paper_text,
SID0395-R012,SID0395-G09,SID0395,PP,count,other,,,fiber,62,23,,,,,,,,,,,,,,,,confirmed,paper_text,
SID0395-R013,SID0395-G09,SID0395,PS,count,other,,,fiber,62,3,,,,,,,,,,,,,,,,confirmed,paper_text,
SID0395-R014,SID0395-G09,SID0395,PVC,count,other,,,fiber,62,1,,,,,,,,,,,,,,,,confirmed,paper_text,
SID0395-R015,SID0395-G09,SID0395,OTHER,count,other,,,sphere,8,2,,,,,,,,,,,,,,,,identity_unresolved,paper_text,
SID0395-R016,SID0395-G09,SID0395,PP,count,other,,,sphere,8,5,,,,,,,,,,,,,,,,confirmed,paper_text,
SID0395-R017,SID0395-G09,SID0395,PS,count,other,,,sphere,8,1,,,,,,,,,,,,,,,,confirmed,paper_text,
SID0395-R018,SID0395-G09,SID0395,OTHER,count,other,,,fragment,6,3,,,,,,,,,,,,,,,,identity_unresolved,paper_text,
SID0395-R019,SID0395-G09,SID0395,PP,count,other,,,fragment,6,3,,,,,,,,,,,,,,,,confirmed,paper_text,
SID0396-R001,SID0396-G01,SID0396,TOTAL_COUNT,count,particles_per_sample,,,,,,,,,,,,,,,,,,,,,confirmed,computed,
SID0396-R002,SID0396-G01,SID0396,TOTAL_COUNT,count,particles_per_g,dry,,,,,,,,,,,,,,,,,,,,confirmed,computed,
SID0396-R003,SID0396-G01,SID0396,TOTAL_COUNT,count,pct_of_particles,,,fragment,76,61,,80.3,,,,,,,,,,,,,,confirmed,paper_text,
SID0396-R004,SID0396-G01,SID0396,TOTAL_COUNT,count,pct_of_particles,,,pellet,76,9,,11.8,,,,,,,,,,,,,,confirmed,paper_text,
SID0396-R005,SID0396-G01,SID0396,TOTAL_COUNT,count,pct_of_particles,,,fiber,76,6,,7.9,,,,,,,,,,,,,,confirmed,paper_text,
SID0396-R006,SID0396-G01,SID0396,PET,count,other,,,,73,19,,87.6,,,,,,,,,,,,,,confirmed,paper_text,
SID0396-R007,SID0396-G01,SID0396,PE,count,other,,,,73,16,,,,,,,,,,,,,,,,confirmed,paper_text,
SID0396-R008,SID0396-G01,SID0396,PP,count,other,,,,73,14,,,,,,,,,,,,,,,,confirmed,paper_text,
SID0396-R009,SID0396-G01,SID0396,PS,count,other,,,,73,9,,,,,,,,,,,,,,,,confirmed,paper_text,
SID0396-R010,SID0396-G01,SID0396,PAN,count,other,,,,73,9,,,,,,,,,,,,,,,,confirmed,paper_text,
SID0397-R001,SID0397-G01,SID0397,TOTAL_COUNT,count,particles_per_individual,,,,100,,,1.85,1.39,2,1,3,,,,,,,,,,confirmed,paper_table,
SID0397-R002,SID0397-G02,SID0397,TOTAL_COUNT,count,particles_per_individual,,,,100,,,4.2,3.05,3,2,5,,,,,,,,,,confirmed,paper_table,
SID0397-R003,SID0397-G03,SID0397,TOTAL_COUNT,count,particles_per_individual,,,,100,,,0.52,0.96,0,0,1,,,,,,,,,,confirmed,paper_table,
SID0397-R004,SID0397-G04,SID0397,TOTAL_COUNT,count,particles_per_individual,,,,100,,,0.59,0.84,0,0,1,,,,,,,,,,confirmed,paper_table,
SID0397-R005,SID0397-G05,SID0397,TOTAL_COUNT,count,other,,,,400,,,,,,,,,,,,,,,,,confirmed,paper_table,
SID0397-R006,SID0397-G05,SID0397,TOTAL_COUNT,count,pct_of_particles,,,fiber,716,716,,100,,,,,,,,,,,,,,confirmed,paper_table,
SID0397-R007,SID0397-G05,SID0397,TOTAL_COUNT,count,pct_of_particles,,<100,,716,372,,51.9,,,,,,,,,,,,,,confirmed,paper_table,
SID0397-R008,SID0397-G05,SID0397,TOTAL_COUNT,count,pct_of_particles,,100-250,,716,202,,28.2,,,,,,,,,,,,,,confirmed,paper_table,
SID0397-R009,SID0397-G05,SID0397,TOTAL_COUNT,count,pct_of_particles,,250-500,,716,71,,9.91,,,,,,,,,,,,,,confirmed,paper_table,
SID0397-R010,SID0397-G05,SID0397,TOTAL_COUNT,count,pct_of_particles,,500-1000,,716,36,,5.02,,,,,,,,,,,,,,confirmed,paper_table,
SID0397-R011,SID0397-G05,SID0397,TOTAL_COUNT,count,pct_of_particles,,1000-5000,,716,35,,4.88,,,,,,,,,,,,,,confirmed,paper_table,
SID0397-R012,SID0397-G06,SID0397,PS,count,other,,,,6,4,,,,,,,,,,,,,,,,confirmed,paper_table,
SID0397-R013,SID0397-G06,SID0397,PA,count,other,,,,6,1,,,,,,,,,,,,,,,,confirmed,paper_table,
SID0397-R014,SID0397-G06,SID0397,PE-LD,count,other,,,,6,1,,,,,,,,,,,,,,,,confirmed,paper_table,
SID0399-R001,SID0399-G01,SID0399,PE,detection,pct_of_samples,,,,2,2,,,,,,,,,,,,,,,,confirmed,paper_table,
SID0399-R002,SID0399-G01,SID0399,PP,detection,pct_of_samples,,,,2,1,,,,,,,,,,,,,,,,confirmed,paper_table,
SID0399-R003,SID0399-G01,SID0399,PU,detection,pct_of_samples,,,,2,1,,,,,,,,,,,,,,,,contamination_qualified,paper_table,
SID0399-R004,SID0399-G02,SID0399,PE,detection,pct_of_samples,,,,1,1,,,,,,,,,,,,,,,,confirmed,paper_table,
SID0399-R005,SID0399-G03,SID0399,PP,detection,pct_of_samples,,,,2,1,,,,,,,,,,,,,,,,confirmed,paper_table,
SID0399-R006,SID0399-G04,SID0399,PP,detection,pct_of_samples,,,,1,1,,,,,,,,,,,,,,,,confirmed,paper_table,
SID0399-R007,SID0399-G04,SID0399,PS,detection,pct_of_samples,,,,1,1,,,,,,,,,,,,,,,,confirmed,paper_table,
SID0399-R008,SID0399-G05,SID0399,PE,count,other,,,,1,,,0.96,,,,,,,,,,,,,,contamination_qualified,paper_table,
SID0399-R009,SID0399-G05,SID0399,PS,count,other,,,,1,,,0.48,,,,,,,,,,,,,,contamination_qualified,paper_table,
SID0399-R010,SID0399-G05,SID0399,PP,count,other,,,,1,,,,,,,,,,,,,,,,,below_quantification,paper_table,
SID0399-R011,SID0399-G05,SID0399,PVC,count,other,,,,1,,,,,,,,,,,,,,,,,below_quantification,paper_table,
SID0399-R012,SID0399-G05,SID0399,PET,count,other,,,,1,,,,,,,,,,,,,,,,,below_quantification,paper_table,
SID0399-R013,SID0399-G05,SID0399,PA,count,other,,,,1,,,,,,,,,,,,,,,,,below_quantification,paper_table,
SID0399-R014,SID0399-G05,SID0399,PU,count,other,,,,1,,,,,,,,,,,,,,,,,below_quantification,paper_table,
SID0399-R015,SID0399-G05,SID0399,PC,count,other,,,,1,,,,,,,,,,,,,,,,,below_quantification,paper_table,
SID0399-R016,SID0399-G05,SID0399,PMMA,count,other,,,,1,,,,,,,,,,,,,,,,,below_quantification,paper_table,
SID0399-R017,SID0399-G05,SID0399,POM,count,other,,,,1,,,,,,,,,,,,,,,,,below_quantification,paper_table,
SID0400-R001,SID0400-G01,SID0400,TOTAL_COUNT,count,particles_per_g,,,,8,7,,40.34,17.16,,,,,,,,,,,,,confirmed,paper_table,
SID0400-R002,SID0400-G02,SID0400,TOTAL_COUNT,count,particles_per_g,,,,8,7,,65.28,23.94,,,,,,,,,,,,,confirmed,paper_table,
SID0400-R003,SID0400-G03,SID0400,TOTAL_COUNT,count,particles_per_g,,,,8,7,,58.63,16.5,,,,,,,,,,,,,confirmed,paper_table,
SID0400-R004,SID0400-G04,SID0400,TOTAL_COUNT,count,particles_per_g,,,,8,8,,12.75,7.09,,,,,,,,,,,,,confirmed,paper_table,
SID0400-R005,SID0400-G05,SID0400,TOTAL_COUNT,count,particles_per_g,,,,8,8,,61.06,25.25,,,,,,,,,,,,,confirmed,paper_table,
SID0400-R006,SID0400-G06,SID0400,TOTAL_COUNT,count,particles_per_g,,,,8,8,,48.54,11.2,,,,,,,,,,,,,confirmed,paper_table,
SID0400-R007,SID0400-G07,SID0400,TOTAL_COUNT,count,particles_per_g,,,,8,7,,30.01,9.49,,,,,,,,,,,,,confirmed,paper_table,
SID0400-R008,SID0400-G01,SID0400,PP,detection,pct_of_samples,,,,,,,,,,,,,,,,,,,,,confirmed,paper_table,
SID0400-R009,SID0400-G01,SID0400,PBAT,detection,pct_of_samples,,,,,,,,,,,,,,,,,,,,,confirmed,paper_table,
SID0400-R010,SID0400-G01,SID0400,PC,detection,pct_of_samples,,,,,,,,,,,,,,,,,,,,,confirmed,paper_table,
SID0400-R011,SID0400-G01,SID0400,PET,detection,pct_of_samples,,,,,,,,,,,,,,,,,,,,,confirmed,paper_table,
SID0400-R012,SID0400-G01,SID0400,OTHER,detection,pct_of_samples,,,,,,,,,,,,,,,,,,,,,confirmed,paper_table,
SID0400-R013,SID0400-G01,SID0400,PP,detection,pct_of_samples,,,fiber,,,,,,,,,,,,,,,,,,confirmed,paper_table,
SID0400-R014,SID0400-G01,SID0400,PS,detection,pct_of_samples,,,,,,,,,,,,,,,,,,,,,confirmed,paper_table,
SID0400-R015,SID0400-G02,SID0400,PP,detection,pct_of_samples,,,,,,,,,,,,,,,,,,,,,confirmed,paper_table,
SID0400-R016,SID0400-G02,SID0400,PS,detection,pct_of_samples,,,,,,,,,,,,,,,,,,,,,confirmed,paper_table,
SID0400-R017,SID0400-G03,SID0400,PP,detection,pct_of_samples,,,,,,,,,,,,,,,,,,,,,confirmed,paper_table,
SID0400-R018,SID0400-G03,SID0400,PP,detection,pct_of_samples,,,fiber,,,,,,,,,,,,,,,,,,confirmed,paper_table,
SID0400-R019,SID0400-G03,SID0400,PLA,detection,pct_of_samples,,,,,,,,,,,,,,,,,,,,,confirmed,paper_table,
SID0400-R020,SID0400-G04,SID0400,PP,detection,pct_of_samples,,,,,,,,,,,,,,,,,,,,,confirmed,paper_table,
SID0400-R021,SID0400-G05,SID0400,PP,detection,pct_of_samples,,,,,,,,,,,,,,,,,,,,,confirmed,paper_table,
SID0400-R022,SID0400-G05,SID0400,PP,detection,pct_of_samples,,,fiber,,,,,,,,,,,,,,,,,,confirmed,paper_table,
SID0400-R023,SID0400-G06,SID0400,PBAT,detection,pct_of_samples,,,,,,,,,,,,,,,,,,,,,confirmed,paper_table,
SID0400-R024,SID0400-G06,SID0400,PE,detection,pct_of_samples,,,,,,,,,,,,,,,,,,,,,confirmed,paper_table,
SID0400-R025,SID0400-G06,SID0400,PP,detection,pct_of_samples,,,,,,,,,,,,,,,,,,,,,confirmed,paper_table,
SID0400-R026,SID0400-G06,SID0400,PP,detection,pct_of_samples,,,fiber,,,,,,,,,,,,,,,,,,confirmed,paper_table,
SID0400-R027,SID0400-G07,SID0400,PP,detection,pct_of_samples,,,,,,,,,,,,,,,,,,,,,confirmed,paper_table,
SID0400-R028,SID0400-G07,SID0400,PBAT,detection,pct_of_samples,,,,,,,,,,,,,,,,,,,,,confirmed,paper_table,
SID0400-R029,SID0400-G08,SID0400,PP,count,pct_of_particles,,,,111,,,59.46,,,,,,,,,,,,,,confirmed,paper_text,
SID0400-R030,SID0400-G08,SID0400,PBAT,count,pct_of_particles,,,,111,,,11.71,,,,,,,,,,,,,,confirmed,paper_text,
SID0400-R031,SID0400-G08,SID0400,PE,count,pct_of_particles,,,,111,,,9,,,,,,,,,,,,,,confirmed,paper_text,
SID0400-R032,SID0400-G08,SID0400,PP,count,pct_of_particles,,,fiber,111,,,9.91,,,,,,,,,,,,,,confirmed,paper_text,
SID0400-R033,SID0400-G08,SID0400,PS,count,pct_of_particles,,,,111,,,4.5,,,,,,,,,,,,,,confirmed,paper_text,
SID0400-R034,SID0400-G08,SID0400,PLA,count,pct_of_particles,,,,111,,,2.7,,,,,,,,,,,,,,confirmed,paper_text,
SID0400-R035,SID0400-G08,SID0400,PC,count,pct_of_particles,,,,111,,,0.9,,,,,,,,,,,,,,confirmed,paper_text,
SID0400-R036,SID0400-G08,SID0400,PET,count,pct_of_particles,,,,111,,,0.9,,,,,,,,,,,,,,confirmed,paper_text,
SID0400-R037,SID0400-G08,SID0400,OTHER,count,pct_of_particles,,,,111,,,0.9,,,,,,,,,,,,,,confirmed,paper_text,
SID0400-R038,SID0400-G02,SID0400,TOTAL_COUNT,count,pct_of_particles,,<10,,,,,100,,,,,,,,,,,,,,confirmed,paper_table,
SID0400-R039,SID0400-G04,SID0400,TOTAL_COUNT,count,pct_of_particles,,<10,,,,,91.67,,,,,,,,,,,,,,confirmed,paper_table,
SID0401-R001,SID0401-G01,SID0401,OTHER,detection,pct_of_samples,,,,5,4,80,,,,,,,,,,,,,,,confirmed,paper_table,
SID0401-R002,SID0401-G01,SID0401,PET,count,pct_of_particles,,,,,,,47.8,,,,,,,,,,,,,,confirmed,paper_table,
SID0401-R003,SID0401-G01,SID0401,PP,count,pct_of_particles,,,,,,,34.7,,,,,,,,,,,,,,confirmed,paper_table,
SID0401-R004,SID0401-G01,SID0401,TOTAL_COUNT,count,pct_of_particles,,20-100,,,,,84,,,,,,,,,,,,,,confirmed,paper_table,
SID0401-R005,SID0401-G02,SID0401,PMMA,detection,pct_of_samples,,,,1,1,,,,,,,,,,,,,,,,confirmed,paper_table,
SID0402-R001,SID0402-G01,SID0402,TOTAL_COUNT,count,particles_per_g,,,fiber,1,,,6.6,,,,,,,,,,,,,,confirmed,paper_table,
SID0402-R002,SID0402-G01,SID0402,CELL,detection,pct_of_samples,,,,,,,,,,,,,,,,,,,,,confirmed,paper_table,
SID0402-R003,SID0402-G01,SID0402,RAYON,detection,pct_of_samples,,,,,,,,,,,,,,,,,,,,,confirmed,paper_table,
SID0402-R004,SID0402-G01,SID0402,PET,detection,pct_of_samples,,,,,,,,,,,,,,,,,,,,,confirmed,paper_table,
SID0402-R005,SID0402-G02,SID0402,TOTAL_COUNT,count,particles_per_g,,,fiber,1,,,11.3,,,,,,,,,,,,,,confirmed,paper_table,
SID0402-R006,SID0402-G02,SID0402,CELL,detection,pct_of_samples,,,,,,,,,,,,,,,,,,,,,confirmed,paper_table,
SID0402-R007,SID0402-G02,SID0402,RAYON,detection,pct_of_samples,,,,,,,,,,,,,,,,,,,,,confirmed,paper_table,
SID0402-R008,SID0402-G02,SID0402,PET,detection,pct_of_samples,,,,,,,,,,,,,,,,,,,,,confirmed,paper_table,
SID0402-R009,SID0402-G02,SID0402,OTHER,detection,pct_of_samples,,,,,,,,,,,,,,,,,,,,,confirmed,paper_table,
SID0402-R010,SID0402-G03,SID0402,TOTAL_COUNT,count,particles_per_g,,,fiber,1,,,21.5,,,,,,,,,,,,,,confirmed,paper_table,
SID0402-R011,SID0402-G03,SID0402,PS,detection,pct_of_samples,,,,,,,,,,,,,,,,,,,,,confirmed,paper_table,
SID0402-R012,SID0402-G03,SID0402,CELL,detection,pct_of_samples,,,,,,,,,,,,,,,,,,,,,confirmed,paper_table,
SID0402-R013,SID0402-G03,SID0402,RAYON,detection,pct_of_samples,,,,,,,,,,,,,,,,,,,,,confirmed,paper_table,
SID0402-R014,SID0402-G03,SID0402,PC,detection,pct_of_samples,,,,,,,,,,,,,,,,,,,,,confirmed,paper_table,
SID0402-R015,SID0402-G04,SID0402,TOTAL_COUNT,count,particles_per_g,,,fiber,1,,,5.2,,,,,,,,,,,,,,confirmed,paper_table,
SID0402-R016,SID0402-G04,SID0402,PAN,detection,pct_of_samples,,,,,,,,,,,,,,,,,,,,,confirmed,paper_table,
SID0402-R017,SID0402-G04,SID0402,CELL,detection,pct_of_samples,,,,,,,,,,,,,,,,,,,,,confirmed,paper_table,
SID0402-R018,SID0402-G04,SID0402,PVC,detection,pct_of_samples,,,,,,,,,,,,,,,,,,,,,confirmed,paper_table,
SID0402-R019,SID0402-G04,SID0402,PET,detection,pct_of_samples,,,,,,,,,,,,,,,,,,,,,confirmed,paper_table,
SID0402-R020,SID0402-G04,SID0402,PI,detection,pct_of_samples,,,,,,,,,,,,,,,,,,,,,confirmed,paper_table,
SID0402-R021,SID0402-G05,SID0402,TOTAL_COUNT,count,particles_per_g,,,fiber,1,,,12.6,,,,,,,,,,,,,,confirmed,paper_table,
SID0402-R022,SID0402-G05,SID0402,CELL,detection,pct_of_samples,,,,,,,,,,,,,,,,,,,,,confirmed,paper_table,
SID0402-R023,SID0402-G05,SID0402,PA,detection,pct_of_samples,,,,,,,,,,,,,,,,,,,,,confirmed,paper_table,
SID0402-R024,SID0402-G05,SID0402,PVC,detection,pct_of_samples,,,,,,,,,,,,,,,,,,,,,confirmed,paper_table,
SID0402-R025,SID0402-G05,SID0402,PET,detection,pct_of_samples,,,,,,,,,,,,,,,,,,,,,confirmed,paper_table,
SID0402-R026,SID0402-G06,SID0402,TOTAL_COUNT,count,particles_per_g,,,fiber,1,,,40.4,,,,,,,,,,,,,,confirmed,paper_table,
SID0402-R027,SID0402-G06,SID0402,CELL,detection,pct_of_samples,,,,,,,,,,,,,,,,,,,,,confirmed,paper_table,
SID0402-R028,SID0402-G06,SID0402,RAYON,detection,pct_of_samples,,,,,,,,,,,,,,,,,,,,,confirmed,paper_table,
SID0402-R029,SID0402-G06,SID0402,PC,detection,pct_of_samples,,,,,,,,,,,,,,,,,,,,,confirmed,paper_table,
SID0402-R030,SID0402-G06,SID0402,PS,detection,pct_of_samples,,,,,,,,,,,,,,,,,,,,,confirmed,paper_table,
SID0402-R031,SID0402-G06,SID0402,PA,detection,pct_of_samples,,,,,,,,,,,,,,,,,,,,,confirmed,paper_table,
SID0402-R032,SID0402-G06,SID0402,PET,detection,pct_of_samples,,,,,,,,,,,,,,,,,,,,,confirmed,paper_table,
SID0402-R033,SID0402-G06,SID0402,PI,detection,pct_of_samples,,,,,,,,,,,,,,,,,,,,,confirmed,paper_table,
SID0402-R034,SID0402-G06,SID0402,PVC,detection,pct_of_samples,,,,,,,,,,,,,,,,,,,,,confirmed,paper_table,
SID0402-R035,SID0402-G06,SID0402,PLA,detection,pct_of_samples,,,,,,,,,,,,,,,,,,,,,confirmed,paper_table,
SID0402-R036,SID0402-G07,SID0402,TOTAL_COUNT,count,particles_per_g,,,fiber,1,,,24.4,,,,,,,,,,,,,,confirmed,paper_table,
SID0402-R037,SID0402-G07,SID0402,PET,detection,pct_of_samples,,,,,,,,,,,,,,,,,,,,,confirmed,paper_table,
SID0402-R038,SID0402-G07,SID0402,CELL,detection,pct_of_samples,,,,,,,,,,,,,,,,,,,,,confirmed,paper_table,
SID0402-R039,SID0402-G07,SID0402,PI,detection,pct_of_samples,,,,,,,,,,,,,,,,,,,,,confirmed,paper_table,
SID0402-R040,SID0402-G07,SID0402,PLA,detection,pct_of_samples,,,,,,,,,,,,,,,,,,,,,confirmed,paper_table,
SID0403-R001,SID0403-G01,SID0403,TOTAL_COUNT,count,particles_per_mL,,,,37,,,1.21,,,,,,,,,,,,,,confirmed,paper_text,
SID0403-R002,SID0403-G02,SID0403,TOTAL_COUNT,count,particles_per_mL,,,,37,,,1.38,,,,,,,,,,,,,,confirmed,paper_text,
SID0403-R003,SID0403-G01,SID0403,TOTAL_COUNT,count,pct_of_particles,,,fiber,,,,76,,,,,,,,,,,,,,confirmed,paper_text,
SID0403-R004,SID0403-G01,SID0403,TOTAL_COUNT,count,pct_of_particles,,,fragment,,,,14,,,,,,,,,,,,,,confirmed,paper_text,
SID0403-R005,SID0403-G02,SID0403,TOTAL_COUNT,count,pct_of_particles,,,fiber,,,,72,,,,,,,,,,,,,,confirmed,paper_text,
SID0403-R006,SID0403-G02,SID0403,TOTAL_COUNT,count,pct_of_particles,,,fragment,,,,20,,,,,,,,,,,,,,confirmed,paper_text,
SID0403-R007,SID0403-G01,SID0403,PP,count,pct_of_particles,,,,,,,33.35,,,,,,,,,,,,,,confirmed,paper_text,
SID0403-R008,SID0403-G01,SID0403,PC,count,pct_of_particles,,,,,,,25,,,,,,,,,,,,,,confirmed,paper_text,
SID0403-R009,SID0403-G02,SID0403,PA,count,pct_of_particles,,,,,,,33,,,,,,,,,,,,,,confirmed,paper_text,
SID0403-R010,SID0403-G02,SID0403,PP,count,pct_of_particles,,,,,,,26.65,,,,,,,,,,,,,,confirmed,paper_text,
SID0403-R011,SID0403-G02,SID0403,CELL,detection,other,,,,,,,,,,,,,,,,,,,,,confirmed,paper_table,
SID0404-R001,SID0404-G01,SID0404,TOTAL_COUNT,count,other,,,,10,,,,,39,,,,,,,,,,,,confirmed,paper_text,
SID0404-R002,SID0404-G02,SID0404,TOTAL_COUNT,count,other,,,,10,,,,,31.5,,,,,,,,,,,,confirmed,paper_text,
SID0404-R003,SID0404-G01,SID0404,PP,count,pct_of_particles,,,,,,,38,,,,,,,,,,,,,,confirmed,paper_text,
SID0404-R004,SID0404-G01,SID0404,PET,count,pct_of_particles,,,,,,,22,,,,,,,,,,,,,,confirmed,paper_text,
SID0404-R005,SID0404-G02,SID0404,PP,count,pct_of_particles,,,,,,,28,,,,,,,,,,,,,,confirmed,paper_text,
SID0404-R006,SID0404-G02,SID0404,PET,count,pct_of_particles,,,,,,,12,,,,,,,,,,,,,,confirmed,paper_text,
SID0404-R007,SID0404-G01,SID0404,TOTAL_COUNT,count,pct_of_particles,,,fiber,,,,68,,,,,,,,,,,,,,confirmed,paper_text,
SID0404-R008,SID0404-G02,SID0404,TOTAL_COUNT,count,pct_of_particles,,,fiber,,,,58,,,,,,,,,,,,,,confirmed,paper_text,
SID0404-R009,SID0404-G01,SID0404,TOTAL_COUNT,count,pct_of_particles,,<50,,,,,42,,,,,,,,,,,,,,confirmed,paper_text,
SID0404-R010,SID0404-G02,SID0404,TOTAL_COUNT,count,pct_of_particles,,<50,,,,,28,,,,,,,,,,,,,,confirmed,paper_text,
SID0405-R001,SID0405-G01,SID0405,TOTAL_COUNT,count,particles_per_sample,,3-6,sphere,1,,,,,,,,,,,,,,,,,confirmed,paper_text,
SID0405-R002,SID0405-G01,SID0405,PE,count,particles_per_sample,,3-6,sphere,1,,,,,,,,,,,,,,,,,confirmed,paper_text,
SID0405-R003,SID0405-G02,SID0405,TOTAL_COUNT,count,particles_per_sample,,~10,,1,,,,,,,,,,,,,,,,,confirmed,paper_text,
SID0405-R004,SID0405-G02,SID0405,PS,count,particles_per_sample,,~10,,1,,,,,,,,,,,,,,,,,confirmed,paper_text,
SID0405-R005,SID0405-G03,SID0405,TOTAL_COUNT,count,particles_per_sample,,~1000 x 13,fiber,1,,,,,,,,,,,,,,,,,confirmed,paper_text,
SID0405-R006,SID0405-G03,SID0405,PET,count,particles_per_sample,,~1000 x 13,fiber,1,,,,,,,,,,,,,,,,,confirmed,paper_text,
SID0406-R001,SID0406-G01,SID0406,TOTAL_COUNT,count,particles_per_g,,,,10,,,5.6,,4,,,0,20,,,,,,,,confirmed,computed,
SID0406-R002,SID0406-G02,SID0406,TOTAL_COUNT,count,particles_per_mL,,,,10,,,0.32,,0.25,,,0,1.6,,,,,,,,confirmed,computed,
SID0406-R003,SID0406-G01,SID0406,PE,count,particles_per_sample,,,,10,2,,,,,,,,,,,,,,,,confirmed,paper_table,
SID0406-R004,SID0406-G01,SID0406,PE-CL,count,particles_per_sample,,,,10,4,,,,,,,,,,,,,,,,confirmed,paper_table,
SID0406-R005,SID0406-G01,SID0406,PE-HD,count,particles_per_sample,,,,10,3,,,,,,,,,,,,,,,,confirmed,paper_table,
SID0406-R006,SID0406-G01,SID0406,OTHER,count,particles_per_sample,,,,10,1,,,,,,,,,,,,,,,,confirmed,paper_table,
SID0406-R007,SID0406-G01,SID0406,PET,count,particles_per_sample,,,,10,1,,,,,,,,,,,,,,,,confirmed,paper_table,
SID0406-R008,SID0406-G01,SID0406,OTHER,count,particles_per_sample,,,,10,5,,,,,,,,,,,,,,,,confirmed,paper_table,
SID0406-R009,SID0406-G01,SID0406,OTHER,count,particles_per_sample,,,,10,2,,,,,,,,,,,,,,,,confirmed,paper_table,
SID0406-R010,SID0406-G01,SID0406,OTHER,count,particles_per_sample,,,,10,1,,,,,,,,,,,,,,,,confirmed,paper_table,
SID0406-R011,SID0406-G01,SID0406,OTHER,count,particles_per_sample,,,,10,3,,,,,,,,,,,,,,,,confirmed,paper_table,
SID0406-R012,SID0406-G01,SID0406,OTHER,count,particles_per_sample,,,,10,3,,,,,,,,,,,,,,,,confirmed,paper_table,
SID0406-R013,SID0406-G01,SID0406,OTHER,count,particles_per_sample,,,,10,3,,,,,,,,,,,,,,,,confirmed,paper_table,
SID0406-R014,SID0406-G02,SID0406,PE,count,particles_per_sample,,,,10,1,,,,,,,,,,,,,,,,confirmed,paper_table,
SID0406-R015,SID0406-G02,SID0406,PE-CL,count,particles_per_sample,,,,10,5,,,,,,,,,,,,,,,,confirmed,paper_table,
SID0406-R016,SID0406-G02,SID0406,PET,count,particles_per_sample,,,,10,1,,,,,,,,,,,,,,,,confirmed,paper_table,
SID0406-R017,SID0406-G02,SID0406,PEST,count,particles_per_sample,,,,10,1,,,,,,,,,,,,,,,,confirmed,paper_table,
SID0406-R018,SID0406-G02,SID0406,PU,count,particles_per_sample,,,,10,1,,,,,,,,,,,,,,,,identity_unresolved,paper_table,
SID0406-R019,SID0406-G02,SID0406,OTHER,count,particles_per_sample,,,,10,1,,,,,,,,,,,,,,,,confirmed,paper_table,
SID0406-R020,SID0406-G02,SID0406,OTHER,count,particles_per_sample,,,,10,5,,,,,,,,,,,,,,,,confirmed,paper_table,
SID0406-R021,SID0406-G02,SID0406,OTHER,count,particles_per_sample,,,,10,1,,,,,,,,,,,,,,,,confirmed,paper_table,
SID0407-R001,SID0407-G01,SID0407,PS,mass,ug_per_g,,,,14,,,7.132,,,,,,,,,,,,,,confirmed,paper_text,
SID0407-R002,SID0407-G01,SID0407,PE,mass,ug_per_g,,,,14,,,69.29,,,,,,,,,,,,,,confirmed,paper_text,
SID0407-R003,SID0407-G01,SID0407,PVC,mass,ug_per_g,,,,14,,,56.35,,,,,,,,,,,,,,confirmed,paper_text,
SID0407-R004,SID0407-G02,SID0407,PS,mass,ug_per_g,,,,16,,,13.66,2,,,,,,,,,,,,,confirmed,paper_text,
SID0407-R005,SID0407-G02,SID0407,PE,mass,ug_per_g,,,,16,,,94.81,,,,,,,,,,,,,,confirmed,paper_text,
SID0407-R006,SID0407-G02,SID0407,PVC,mass,ug_per_g,,,,16,,,67.67,,,,,,,,,,,,,,confirmed,paper_text,
SID0407-R007,SID0407-G02,SID0407,PMMA,count,pct_of_particles,,,,16,,,,,,,,,,,,,,,,,confirmed,paper_text,
SID0407-R008,SID0407-G02,SID0407,ACR,count,pct_of_particles,,,,16,,,,,,,,,,,,,,,,,confirmed,paper_text,
SID0407-R009,SID0407-G02,SID0407,PU,count,pct_of_particles,,,,16,,,,,,,,,,,,,,,,,confirmed,paper_text,
SID0407-R010,SID0407-G02,SID0407,PBAT,count,pct_of_particles,,,,16,,,,,,,,,,,,,,,,,confirmed,paper_text,
SID0407-R011,SID0407-G02,SID0407,EVA,count,pct_of_particles,,,,16,,,,,,,,,,,,,,,,,confirmed,paper_text,
SID0407-R012,SID0407-G02,SID0407,PMMA,count,pct_of_particles,,,,16,,,,,,,,,,,,,,,,,confirmed,paper_text,
SID0407-R013,SID0407-G02,SID0407,PMMA,count,pct_of_particles,,,,16,,,,,,,,,,,,,,,,,confirmed,paper_text,
SID0408-R001,SID0408-G01,SID0408,TOTAL_COUNT,count,particles_per_g,wet,,,8,,,50.3,39,36.4,,,20.4,138.9,,,,,,,yes,confirmed,paper_table,
SID0408-R002,SID0408-G01,SID0408,PS,count,pct_of_particles,,,,8,,,55,27,,,,,,,,,,,,,confirmed,paper_text,
SID0408-R003,SID0408-G01,SID0408,PP,count,pct_of_particles,,,,8,,,22.9,15.8,,,,,,,,,,,,,confirmed,paper_text,
SID0408-R004,SID0408-G01,SID0408,PE,count,pct_of_particles,,,,8,,,12.1,8.2,,,,,,,,,,,,,confirmed,paper_text,
SID0408-R005,SID0408-G01,SID0408,PET,count,pct_of_particles,,,,8,,,9.5,10.2,,,,,,,,,,,,,confirmed,paper_text,
SID0408-R006,SID0408-G01,SID0408,PET,count,pct_of_particles,,,fiber,8,,,,,,,,,,,,,,,,,confirmed,paper_text,
SID0408-R007,SID0408-G01,SID0408,PVC,count,pct_of_particles,,,,8,,,0.5,1.4,,,,,,,,,,,,,confirmed,paper_text,
SID0408-R008,SID0408-G01,SID0408,TOTAL_COUNT,count,pct_of_particles,,30-100,,8,,,30.9,13.5,,,,,,,,,,,,,confirmed,paper_text,
SID0408-R009,SID0408-G01,SID0408,TOTAL_COUNT,count,pct_of_particles,,100-200,,8,,,43,17.7,,,,,,,,,,,,,confirmed,paper_text,
SID0408-R010,SID0408-G01,SID0408,TOTAL_COUNT,count,pct_of_particles,,200-300,,8,,,14.4,7.1,,,,,,,,,,,,,confirmed,paper_text,
SID0408-R011,SID0408-G01,SID0408,TOTAL_COUNT,count,pct_of_particles,,300-400,,8,,,4.7,4.4,,,,,,,,,,,,,confirmed,paper_text,
SID0408-R012,SID0408-G01,SID0408,TOTAL_COUNT,count,pct_of_particles,,400-1800,,8,,,7,11.4,,,,,,,,,,,,,confirmed,paper_text,
SID0409-R001,SID0409-G01,SID0409,TOTAL_COUNT,count,particles_per_individual,,,,11,,,,,,,,,,,,,,,,,confirmed,computed,
SID0409-R002,SID0409-G01,SID0409,TOTAL_COUNT,count,particles_per_g,,,,11,,,28.1,15.4,,,,,,,,,,,,,confirmed,paper_text,
SID0409-R003,SID0409-G01,SID0409,TOTAL_COUNT,count,pct_of_particles,,,fiber,11,,,,,,,,,,,,,,,,,confirmed,paper_text,
SID0409-R004,SID0409-G01,SID0409,PC,detection,pct_of_samples,,,,40,36,,,,,,,,,,,,,,,,confirmed,paper_text,
SID0409-R005,SID0409-G01,SID0409,PA,detection,pct_of_samples,,,,40,20,,,,,,,,,,,,,,,,confirmed,paper_text,
SID0409-R006,SID0409-G01,SID0409,PP,detection,pct_of_samples,,,,40,16,,,,,,,,,,,,,,,,confirmed,paper_text,
SID0411-R001,SID0411-G01,SID0411,TOTAL_COUNT,count,particles_per_sample,,,,30,,,,,,,,,,,,,,,,,confirmed,computed,
SID0411-R002,SID0411-G02,SID0411,TOTAL_COUNT,count,particles_per_sample,,,,30,,,,,,,,,,,,,,,,,confirmed,computed,
SID0411-R003,SID0411-G03,SID0411,TOTAL_COUNT,count,particles_per_sample,,,,30,,,,,,,,,,,,,,,,,confirmed,computed,
SID0411-R004,SID0411-G01,SID0411,TOTAL_COUNT,count,pct_of_particles,,,fiber,9,9,,,,,,,,,,,,,,,,confirmed,paper_text,
SID0411-R005,SID0411-G01,SID0411,TOTAL_COUNT,count,pct_of_particles,,20-100,,9,9,,,,,,,,,,,,,,,,confirmed,paper_text,
SID0411-R006,SID0411-G01,SID0411,PE,count,pct_of_particles,,,,5,3,,,,,,,,,,,,,,,,confirmed,paper_table,
SID0411-R007,SID0411-G01,SID0411,PP,count,pct_of_particles,,,,5,1,,,,,,,,,,,,,,,,confirmed,paper_table,
SID0411-R008,SID0411-G01,SID0411,PS,count,pct_of_particles,,,,5,1,,,,,,,,,,,,,,,,confirmed,paper_table,
SID0411-R009,SID0411-G02,SID0411,TOTAL_COUNT,count,pct_of_particles,,,fiber,358,317,,,,,,,,,,,,,,,,confirmed,paper_text,
SID0411-R010,SID0411-G02,SID0411,TOTAL_COUNT,count,pct_of_particles,,,fragment,358,38,,,,,,,,,,,,,,,,confirmed,paper_text,
SID0411-R011,SID0411-G02,SID0411,TOTAL_COUNT,count,pct_of_particles,,,sphere,358,3,,,,,,,,,,,,,,,,confirmed,paper_text,
SID0411-R012,SID0411-G02,SID0411,TOTAL_COUNT,count,pct_of_particles,,20-100,,358,325,,,,,,,,,,,,,,,,confirmed,paper_text,
SID0411-R013,SID0411-G02,SID0411,TOTAL_COUNT,count,pct_of_particles,,100-500,,358,33,,,,,,,,,,,,,,,,confirmed,paper_text,
SID0411-R014,SID0411-G02,SID0411,PA,count,pct_of_particles,,,fiber,30,1,,,,,,,,,,,,,,,,confirmed,paper_table,
SID0411-R015,SID0411-G02,SID0411,PE,count,pct_of_particles,,,fiber,30,2,,,,,,,,,,,,,,,,confirmed,paper_table,
SID0411-R016,SID0411-G02,SID0411,PS,count,pct_of_particles,,,fiber,30,5,,,,,,,,,,,,,,,,confirmed,paper_table,
SID0411-R017,SID0411-G02,SID0411,PS,count,pct_of_particles,,,fragment,30,3,,,,,,,,,,,,,,,,confirmed,paper_table,
SID0411-R018,SID0411-G02,SID0411,PU,count,pct_of_particles,,,fiber,30,18,,,,,,,,,,,,,,,,confirmed,paper_table,
SID0411-R019,SID0411-G02,SID0411,PVC,count,pct_of_particles,,,fiber,30,1,,,,,,,,,,,,,,,,confirmed,paper_table,
SID0411-R020,SID0411-G03,SID0411,TOTAL_COUNT,count,pct_of_particles,,,fiber,123,80,,,,,,,,,,,,,,,,confirmed,paper_text,
SID0411-R021,SID0411-G03,SID0411,TOTAL_COUNT,count,pct_of_particles,,,fragment,123,31,,,,,,,,,,,,,,,,confirmed,paper_text,
SID0411-R022,SID0411-G03,SID0411,TOTAL_COUNT,count,pct_of_particles,,,sphere,123,12,,,,,,,,,,,,,,,,confirmed,paper_text,
SID0411-R023,SID0411-G03,SID0411,TOTAL_COUNT,count,pct_of_particles,,20-100,,123,86,,,,,,,,,,,,,,,,confirmed,paper_text,
SID0411-R024,SID0411-G03,SID0411,TOTAL_COUNT,count,pct_of_particles,,100-500,,123,37,,,,,,,,,,,,,,,,confirmed,paper_text,
SID0411-R025,SID0411-G03,SID0411,PE,count,pct_of_particles,,,fiber,15,5,,,,,,,,,,,,,,,,confirmed,paper_table,
SID0411-R026,SID0411-G03,SID0411,PE,count,pct_of_particles,,,fragment,15,2,,,,,,,,,,,,,,,,confirmed,paper_table,
SID0411-R027,SID0411-G03,SID0411,PET,count,pct_of_particles,,,fiber,15,1,,,,,,,,,,,,,,,,confirmed,paper_table,
SID0411-R028,SID0411-G03,SID0411,PP,count,pct_of_particles,,,fiber,15,3,,,,,,,,,,,,,,,,confirmed,paper_table,
SID0411-R029,SID0411-G03,SID0411,PS,count,pct_of_particles,,,fiber,15,1,,,,,,,,,,,,,,,,confirmed,paper_table,
SID0411-R030,SID0411-G03,SID0411,PS,count,pct_of_particles,,,fragment,15,3,,,,,,,,,,,,,,,,confirmed,paper_table,
SID0413-R001,SID0413-G01,SID0413,TOTAL_COUNT,detection,pct_of_samples,,,,10,3,30,,,,,,,,,,,,,,,confirmed,paper_table,
SID0413-R002,SID0413-G01,SID0413,PE,detection,pct_of_samples,,,,10,2,20,,,,,,,,,,,,,,,confirmed,paper_table,
SID0413-R003,SID0413-G01,SID0413,PS,detection,pct_of_samples,,,,10,1,10,,,,,,,,,,,,,,,confirmed,paper_table,
SID0413-R004,SID0413-G01,SID0413,OTHER,detection,pct_of_samples,,,,10,1,10,,,,,,,,,,,,,,,tentative,paper_table,
SID0413-R005,SID0413-G02,SID0413,TOTAL_COUNT,detection,pct_of_samples,,,,10,2,20,,,,,,,,,,,,,,,confirmed,paper_table,
SID0413-R006,SID0413-G02,SID0413,PE,detection,pct_of_samples,,,,10,1,10,,,,,,,,,,,,,,,confirmed,paper_table,
SID0413-R007,SID0413-G02,SID0413,PS,detection,pct_of_samples,,,,10,1,10,,,,,,,,,,,,,,,confirmed,paper_table,
SID0415-R001,SID0415-G01,SID0415,TOTAL_COUNT,detection,pct_of_samples,,,,60,42,70,,,,,,,,,,,,,,,confirmed,paper_table,
SID0415-R002,SID0415-G01,SID0415,TOTAL_COUNT,count,other,,,,42,,,6.4,3.1,,,,,,,,,,,,,confirmed,paper_table,
SID0415-R003,SID0415-G01,SID0415,PE,detection,pct_of_samples,,,,42,24,57.1,,,,,,,,,,,,,,,confirmed,paper_table,
SID0415-R004,SID0415-G01,SID0415,PP,detection,pct_of_samples,,,,42,18,42.8,,,,,,,,,,,,,,,confirmed,paper_table,
SID0415-R005,SID0415-G01,SID0415,PS,detection,pct_of_samples,,,,42,10,23.8,,,,,,,,,,,,,,,confirmed,paper_table,
SID0415-R006,SID0415-G01,SID0415,OTHER,detection,pct_of_samples,,,,42,5,11.9,,,,,,,,,,,,,,,identity_unresolved,paper_table,
SID0416-R001,SID0416-G01,SID0416,TOTAL_COUNT,detection,pct_of_samples,,,,60,42,70,,,,,,,,,,,,,,,confirmed,paper_table,
SID0416-R002,SID0416-G01,SID0416,TOTAL_COUNT,count,other,,,,42,,,7.3,2.8,,,,3,15,,,,,,,,confirmed,paper_text,
SID0416-R003,SID0416-G01,SID0416,PE,detection,pct_of_samples,,,,42,22,52.4,,,,,,,,,,,,,,,confirmed,paper_table,
SID0416-R004,SID0416-G01,SID0416,PP,detection,pct_of_samples,,,,42,13,31,,,,,,,,,,,,,,,confirmed,paper_table,
SID0416-R005,SID0416-G01,SID0416,PS,detection,pct_of_samples,,,,42,6,14.3,,,,,,,,,,,,,,,confirmed,paper_table,
SID0416-R006,SID0416-G01,SID0416,PA,detection,pct_of_samples,,,,42,1,2.4,,,,,,,,,,,,,,,confirmed,paper_table,
SID0418-R001,SID0418-G01,SID0418,TOTAL_COUNT,count,particles_per_organ,,,,6,,,,,,,,,,,,,,,,,confirmed,paper_text,
SID0418-R002,SID0418-G01,SID0418,PP,count,particles_per_organ,,,,6,2,,,,,,,,,,,,,,,,confirmed,paper_table,
SID0418-R003,SID0418-G01,SID0418,UNSPEC,count,particles_per_organ,,,,6,3,,,,,,,,,,,,,,,,identity_unresolved,paper_table,
SID0418-R004,SID0418-G02,SID0418,TOTAL_COUNT,count,particles_per_organ,,,,6,,,,,,,,,,,,,,,,,confirmed,paper_text,
SID0418-R005,SID0418-G02,SID0418,PP,count,particles_per_organ,,,,6,0,,,,,,,,,,,,,,,,not_detected,paper_table,
SID0418-R006,SID0418-G02,SID0418,UNSPEC,count,particles_per_organ,,,,6,4,,,,,,,,,,,,,,,,identity_unresolved,paper_table,
SID0418-R007,SID0418-G03,SID0418,TOTAL_COUNT,count,particles_per_organ,,,,6,,,,,,,,,,,,,,,,,confirmed,paper_text,
SID0418-R008,SID0418-G03,SID0418,PP,count,particles_per_organ,,,,6,1,,,,,,,,,,,,,,,,confirmed,paper_table,
SID0418-R009,SID0418-G03,SID0418,UNSPEC,count,particles_per_organ,,,,6,2,,,,,,,,,,,,,,,,identity_unresolved,paper_table,
SID0420-R001,SID0420-G01,SID0420,TOTAL_COUNT,count,particles_per_g,,,,25,25,100,25,40.57,,,,,,,,,,,,,confirmed,paper_text,
SID0420-R002,SID0420-G01,SID0420,PE,detection,other,,,,,,,,,,,,,,,,,,,,,confirmed,paper_text,
SID0420-R003,SID0420-G01,SID0420,PP,detection,other,,,,,,,,,,,,,,,,,,,,,confirmed,paper_text,
SID0420-R004,SID0420-G01,SID0420,PA,detection,other,,,,,,,,,,,,,,,,,,,,,confirmed,paper_text,
SID0420-R005,SID0420-G01,SID0420,PC,detection,other,,,,,,,,,,,,,,,,,,,,,confirmed,paper_text,
SID0420-R006,SID0420-G01,SID0420,ABS,detection,other,,,,,,,,,,,,,,,,,,,,,confirmed,paper_text,
SID0420-R007,SID0420-G01,SID0420,PET,detection,other,,,,,0,,,,,,,,,,,,,,,,not_detected,paper_text,
SID0420-R008,SID0420-G02,SID0420,TOTAL_COUNT,count,particles_per_g,,,,25,25,100,32.22,48.14,,,,,,,,,,,,,confirmed,paper_text,
SID0420-R009,SID0420-G02,SID0420,PE,detection,other,,,,,,,,,,,,,,,,,,,,,confirmed,paper_text,
SID0420-R010,SID0420-G02,SID0420,PP,detection,other,,,,,,,,,,,,,,,,,,,,,confirmed,paper_text,
SID0420-R011,SID0420-G02,SID0420,PA,detection,other,,,,,,,,,,,,,,,,,,,,,confirmed,paper_text,
SID0420-R012,SID0420-G02,SID0420,PC,detection,other,,,,,,,,,,,,,,,,,,,,,confirmed,paper_text,
SID0420-R013,SID0420-G02,SID0420,PET,detection,other,,,,,,,,,,,,,,,,,,,,,confirmed,paper_text,
SID0420-R014,SID0420-G02,SID0420,ABS,detection,other,,,,,0,,,,,,,,,,,,,,,,not_detected,paper_text,
SID0421-R001,SID0421-G01,SID0421,TOTAL_COUNT,count,particles_per_mL,,,,50,50,100,3.88,2.14,,,,,10.33,,,,,,,,confirmed,paper_table,
SID0421-R002,SID0421-G02,SID0421,TOTAL_COUNT,count,particles_per_mL,,,,30,30,100,2.34,1.89,,,,,,,,,,,,,confirmed,paper_table,
SID0423-R001,SID0423-G01,SID0423,TOTAL_COUNT,count,particles_per_mL,,,,30,,,3.46,1.82,,,,,8.67,,,,,,,,confirmed,paper_table,
SID0423-R002,SID0423-G02,SID0423,TOTAL_COUNT,count,particles_per_mL,,,,30,,,2.5,0.48,,,,0.5,,,,,,,,,confirmed,paper_table,
SID0423-R003,SID0423-G03,SID0423,TOTAL_COUNT,count,particles_per_mL,,,,60,,,1.41,2.98,,,,0.5,8.67,,,,,,,,confirmed,paper_table,
SID0425-R001,SID0425-G01,SID0425,TOTAL_COUNT,count,other,,,,321,39,,,,,,,,,,,,,,,,confirmed,paper_text,
SID0425-R002,SID0425-G01,SID0425,TOTAL_COUNT,count,pct_of_particles,,<50,,39,30,,,,,,,,,,,,,,,,confirmed,paper_text,
SID0425-R003,SID0425-G01,SID0425,ACR,detection,other,,,,1,1,,,,,,,,,,,,,,,,confirmed,paper_text,
SID0425-R004,SID0425-G01,SID0425,FKM,detection,other,,,,1,1,,,,,,,,,,,,,,,,confirmed,paper_text,
SID0425-R005,SID0425-G01,SID0425,EVA,detection,other,,,,1,1,,,,,,,,,,,,,,,,confirmed,paper_text,
SID0425-R006,SID0425-G01,SID0425,EAA,detection,other,,,,1,1,,,,,,,,,,,,,,,,confirmed,paper_text,
SID0425-R007,SID0425-G01,SID0425,PF,detection,other,,,,1,1,,,,,,,,,,,,,,,,confirmed,paper_text,
SID0425-R008,SID0425-G01,SID0425,PC,detection,other,,,,1,1,,,,,,,,,,,,,,,,confirmed,paper_text,
SID0425-R009,SID0425-G01,SID0425,PE,detection,other,,,,1,1,,,,,,,,,,,,,,,,confirmed,paper_text,
SID0425-R010,SID0425-G01,SID0425,PET,detection,other,,,,1,1,,,,,,,,,,,,,,,,confirmed,paper_text,
SID0425-R011,SID0425-G01,SID0425,PMMA,detection,other,,,,1,1,,,,,,,,,,,,,,,,confirmed,paper_text,
SID0425-R012,SID0425-G01,SID0425,PSU,detection,other,,,,1,1,,,,,,,,,,,,,,,,confirmed,paper_text,
SID0425-R013,SID0425-G01,SID0425,PU,detection,other,,,,1,1,,,,,,,,,,,,,,,,confirmed,paper_text,
SID0425-R014,SID0425-G01,SID0425,PVB,detection,other,,,,1,1,,,,,,,,,,,,,,,,confirmed,paper_text,
SID0425-R015,SID0425-G01,SID0425,PVC,detection,other,,,,1,1,,,,,,,,,,,,,,,,confirmed,paper_text,
SID0425-R016,SID0425-G02,SID0425,PA66,mass,other,dry,,,20,,,,,62.03,,,,,,,,,,,,confirmed,paper_text,
SID0425-R017,SID0425-G02,SID0425,PVC,mass,other,dry,,,20,,,,,59.4,,,,,,,,,,,,confirmed,paper_text,
SID0425-R018,SID0425-G02,SID0425,PP,mass,other,dry,,,20,,,,,33.65,,,,,,,,,,,,confirmed,paper_text,
SID0425-R019,SID0425-G02,SID0425,PS,mass,other,dry,,,20,,,,,37.66,,,,,,,,,,,,confirmed,paper_text,
SID0426-R001,SID0426-G01,SID0426,TOTAL_COUNT,detection,pct_of_samples,,,,17,16,,,,,,,,,,,,,,,,confirmed,paper_text,
SID0426-R002,SID0426-G01,SID0426,TOTAL_COUNT,count,particles_per_g,,,,17,,,7.43,3.7,,,,,,,,,,,,,confirmed,paper_text,
SID0426-R003,SID0426-G01,SID0426,PE,count,pct_of_particles,,,,45,,,,,,,,,,,,,,,,,confirmed,paper_text,
SID0426-R004,SID0426-G01,SID0426,PVC,count,pct_of_particles,,,,,,,,,,,,,,,,,,,,,confirmed,paper_text,
SID0426-R005,SID0426-G01,SID0426,PA,count,pct_of_particles,,,,,,,,,,,,,,,,,,,,,confirmed,paper_text,
SID0426-R006,SID0426-G01,SID0426,PP,count,pct_of_particles,,,,,,,,,,,,,,,,,,,,,confirmed,paper_text,
SID0426-R007,SID0426-G01,SID0426,POM,count,pct_of_particles,,,,,,,,,,,,,,,,,,,,,confirmed,paper_text,
SID0426-R008,SID0426-G01,SID0426,PU,count,pct_of_particles,,,,,,,,,,,,,,,,,,,,,confirmed,paper_text,
SID0426-R009,SID0426-G01,SID0426,PS,count,pct_of_particles,,,,,,,,,,,,,,,,,,,,,confirmed,paper_text,
SID0426-R010,SID0426-G01,SID0426,TOTAL_COUNT,count,pct_of_particles,,20-50,,,,,,,,,,,,,,,,,,,confirmed,paper_text,
SID0426-R011,SID0426-G01,SID0426,TOTAL_COUNT,count,pct_of_particles,,50-100,,,,,,,,,,,,,,,,,,,confirmed,paper_text,
SID0426-R012,SID0426-G01,SID0426,TOTAL_COUNT,count,pct_of_particles,,>100,,,,,,,,,,,,,,,,,,,confirmed,paper_text,
SID0426-R013,SID0426-G02,SID0426,TOTAL_COUNT,detection,pct_of_samples,,,,17,13,,,,,,,,,,,,,,,,confirmed,paper_text,
SID0426-R014,SID0426-G02,SID0426,TOTAL_COUNT,count,particles_per_g,,,,17,,,5.07,4.31,,,,,,,,,,,,,confirmed,paper_text,
SID0426-R015,SID0426-G02,SID0426,PP,count,pct_of_particles,,,,,,,,,,,,,,,,,,,,,confirmed,paper_text,
SID0426-R016,SID0426-G02,SID0426,PMMA,count,pct_of_particles,,,,,,,,,,,,,,,,,,,,,confirmed,paper_text,
SID0426-R017,SID0426-G02,SID0426,PE,count,pct_of_particles,,,,,,,,,,,,,,,,,,,,,confirmed,paper_text,
SID0426-R018,SID0426-G02,SID0426,PVC,count,pct_of_particles,,,,,,,,,,,,,,,,,,,,,confirmed,paper_text,
SID0426-R019,SID0426-G02,SID0426,PA,count,pct_of_particles,,,,,,,,,,,,,,,,,,,,,confirmed,paper_text,
SID0426-R020,SID0426-G02,SID0426,PC,count,pct_of_particles,,,,,,,,,,,,,,,,,,,,,confirmed,paper_text,
SID0426-R021,SID0426-G02,SID0426,TOTAL_COUNT,count,pct_of_particles,,20-50,,,,,,,,,,,,,,,,,,,confirmed,paper_text,
SID0426-R022,SID0426-G02,SID0426,TOTAL_COUNT,count,pct_of_particles,,50-100,,,,,,,,,,,,,,,,,,,confirmed,paper_text,
SID0426-R023,SID0426-G02,SID0426,TOTAL_COUNT,count,pct_of_particles,,>100,,,,,,,,,,,,,,,,,,,confirmed,paper_text,
SID0426-R024,SID0426-G03,SID0426,TOTAL_COUNT,detection,pct_of_samples,,,,34,29,,,,,,,,,,,,,,,,confirmed,paper_text,
SID0426-R025,SID0426-G03,SID0426,TOTAL_COUNT,count,particles_per_g,,,,34,,,6.42,,,,,,,,,,,,,,confirmed,paper_text,
SID0426-R026,SID0426-G03,SID0426,PE,count,pct_of_particles,,,,,,,,,,,,,,,,,,,,,confirmed,paper_text,
SID0426-R027,SID0426-G03,SID0426,PP,count,pct_of_particles,,,,,,,,,,,,,,,,,,,,,confirmed,paper_text,
SID0426-R028,SID0426-G03,SID0426,PVC,count,pct_of_particles,,,,,,,,,,,,,,,,,,,,,confirmed,paper_text,
SID0426-R029,SID0426-G03,SID0426,PA,count,pct_of_particles,,,,,,,,,,,,,,,,,,,,,confirmed,paper_text,
SID0426-R030,SID0426-G03,SID0426,PMMA,count,pct_of_particles,,,,,,,,,,,,,,,,,,,,,confirmed,paper_text,
SID0426-R031,SID0426-G03,SID0426,POM,count,pct_of_particles,,,,,,,,,,,,,,,,,,,,,confirmed,paper_text,
SID0426-R032,SID0426-G03,SID0426,PU,count,pct_of_particles,,,,,,,,,,,,,,,,,,,,,confirmed,paper_text,
SID0426-R033,SID0426-G03,SID0426,PS,count,pct_of_particles,,,,,,,,,,,,,,,,,,,,,confirmed,paper_text,
SID0426-R034,SID0426-G03,SID0426,PC,count,pct_of_particles,,,,,,,,,,,,,,,,,,,,,confirmed,paper_text,
SID0426-R035,SID0426-G03,SID0426,TOTAL_COUNT,count,pct_of_particles,,20-50,,,,,,,,,,,,,,,,,,,confirmed,paper_text,
SID0426-R036,SID0426-G03,SID0426,TOTAL_COUNT,count,pct_of_particles,,50-100,,,,,,,,,,,,,,,,,,,confirmed,paper_text,
SID0426-R037,SID0426-G03,SID0426,TOTAL_COUNT,count,pct_of_particles,,>100,,,,,,,,,,,,,,,,,,,confirmed,paper_text,
SID0428-R001,SID0428-G01,SID0428,TOTAL_COUNT,count,particles_per_mL,,,,33,,,,,9.96,7.04,12.19,,,,,,,,,,confirmed,paper_table,
SID0428-R002,SID0428-G01,SID0428,TOTAL_COUNT,count,particles_per_mL,,>50,,33,,,,,4.04,2.74,6.49,,,,,,,,,,confirmed,paper_table,
SID0428-R003,SID0428-G01,SID0428,TOTAL_COUNT,count,particles_per_mL,,<=50,,33,,,,,4.88,3.55,6.91,,,,,,,,,,confirmed,paper_table,
SID0428-R004,SID0428-G01,SID0428,TOTAL_COUNT,count,particles_per_mL,,,pellet,33,,,,,3.47,2.24,4.33,,,,,,,,,,confirmed,paper_table,
SID0428-R005,SID0428-G01,SID0428,TOTAL_COUNT,count,particles_per_mL,,,fiber,33,,,,,3.62,2.18,5.41,,,,,,,,,,confirmed,paper_table,
SID0428-R006,SID0428-G01,SID0428,TOTAL_COUNT,count,particles_per_mL,,,film,33,,,,,2.42,1.62,3.45,,,,,,,,,,confirmed,paper_table,
SID0428-R007,SID0428-G02,SID0428,TOTAL_COUNT,count,particles_per_mL,,,,22,,,7.22,2.63,,,,,,,,,,,,,confirmed,paper_table,
SID0428-R008,SID0428-G02,SID0428,TOTAL_COUNT,count,particles_per_mL,,>50,,22,,,3.32,2.53,,,,,,,,,,,,,confirmed,paper_table,
SID0428-R009,SID0428-G02,SID0428,TOTAL_COUNT,count,particles_per_mL,,<=50,,22,,,,,3.35,2.44,4.65,,,,,,,,,,confirmed,paper_table,
SID0428-R010,SID0428-G02,SID0428,TOTAL_COUNT,count,particles_per_mL,,,pellet,22,,,2.15,0.94,,,,,,,,,,,,,confirmed,paper_table,
SID0428-R011,SID0428-G02,SID0428,TOTAL_COUNT,count,particles_per_mL,,,fiber,22,,,,,2.18,1.74,3.3,,,,,,,,,,confirmed,paper_table,
SID0428-R012,SID0428-G02,SID0428,TOTAL_COUNT,count,particles_per_mL,,,film,22,,,5.2,2.27,,,,,,,,,,,,,confirmed,paper_table,
SID0431-R001,SID0431-G01,SID0431,TOTAL_COUNT,count,particles_per_g,,,,24,23,,,,7,3,12,1,36,,,,,,,,confirmed,paper_table,
SID0431-R002,SID0431-G01,SID0431,TOTAL_MASS,mass,other,,,,24,23,,,,2.3,1.2,3.7,0.01,14.6,,,,,,,,confirmed,paper_table,
SID0431-R003,SID0431-G01,SID0431,PP,detection,pct_of_samples,,,,24,23,,,,,,,,,,,,,,,,confirmed,paper_text,
SID0431-R004,SID0431-G01,SID0431,PP,mass,other,,,,24,,,,,61,54.3,74.7,,,,,,,,,,confirmed,paper_table,
SID0431-R005,SID0431-G01,SID0431,PET,detection,pct_of_samples,,,,24,20,,,,,,,,,,,,,,,,confirmed,paper_text,
SID0431-R006,SID0431-G01,SID0431,PET,mass,other,,,,24,,,,,17.2,13.8,25.9,,,,,,,,,,confirmed,paper_table,
SID0431-R007,SID0431-G01,SID0431,PS,detection,pct_of_samples,,,,24,12,,,,,,,,,,,,,,,,confirmed,paper_text,
SID0431-R008,SID0431-G01,SID0431,PS,mass,other,,,,24,,,,,3.4,0,12,,,,,,,,,,confirmed,paper_table,
SID0431-R009,SID0431-G01,SID0431,PE,detection,pct_of_samples,,,,24,12,,,,,,,,,,,,,,,,confirmed,paper_text,
SID0431-R010,SID0431-G01,SID0431,PE,mass,other,,,,24,,,,,1.4,0,8.3,,,,,,,,,,confirmed,paper_table,
SID0431-R011,SID0431-G01,SID0431,PVC,detection,pct_of_samples,,,,24,12,,,,,,,,,,,,,,,,confirmed,paper_text,
SID0431-R012,SID0431-G01,SID0431,PVC,mass,other,,,,24,,,,,0.3,0,3.4,,,,,,,,,,confirmed,paper_table,
SID0431-R013,SID0431-G01,SID0431,PC,detection,pct_of_samples,,,,24,7,,,,,,,,,,,,,,,,confirmed,paper_text,
SID0431-R014,SID0431-G01,SID0431,PC,mass,other,,,,24,,,,,0,0,0.5,,,,,,,,,,confirmed,paper_table,
SID0431-R015,SID0431-G01,SID0431,PA,detection,pct_of_samples,,,,24,6,,,,,,,,,,,,,,,,confirmed,paper_text,
SID0431-R016,SID0431-G01,SID0431,PA,mass,other,,,,24,,,,,0,0,0.3,,,,,,,,,,confirmed,paper_table,
SID0431-R017,SID0431-G01,SID0431,PU,detection,pct_of_samples,,,,24,4,,,,,,,,,,,,,,,,confirmed,paper_text,
SID0431-R018,SID0431-G01,SID0431,PU,mass,other,,,,24,,,,,0,0,0,,,,,,,,,,confirmed,paper_table,
SID0432-R001,SID0432-G01,SID0432,TOTAL_COUNT,detection,pct_of_samples,,,,26,26,,,,,,,,,,,,,,,,tentative,paper_text,
SID0432-R002,SID0432-G01,SID0432,TOTAL_COUNT,count,particles_per_individual,,,,26,,,9.4,10.4,,,,1,39,,,,,,,,tentative,paper_text,
SID0432-R003,SID0432-G01,SID0432,TOTAL_COUNT,count,pct_of_particles,,,fiber,97,50,,,,,,,,,,,,,,,,tentative,paper_text,
SID0432-R004,SID0432-G01,SID0432,TOTAL_COUNT,count,pct_of_particles,,,fragment,97,39,,,,,,,,,,,,,,,,tentative,paper_text,
SID0432-R005,SID0432-G01,SID0432,TOTAL_COUNT,count,pct_of_particles,,,film,97,8,,,,,,,,,,,,,,,,tentative,paper_text,
SID0432-R006,SID0432-G01,SID0432,PE,count,pct_of_particles,,,,36,,,,,,,,,,,,,,,,,confirmed,paper_text,
SID0432-R007,SID0432-G01,SID0432,PP,count,pct_of_particles,,,,36,,,,,,,,,,,,,,,,,confirmed,paper_text,
SID0432-R008,SID0432-G01,SID0432,PMMA,count,pct_of_particles,,,,36,,,,,,,,,,,,,,,,,confirmed,paper_text,
SID0432-R009,SID0432-G01,SID0432,PA6,count,pct_of_particles,,,,36,,,,,,,,,,,,,,,,,confirmed,paper_text,
SID0432-R010,SID0432-G01,SID0432,PET,count,pct_of_particles,,,,36,,,,,,,,,,,,,,,,,confirmed,paper_text,
SID0432-R011,SID0432-G01,SID0432,CELL,count,pct_of_particles,,,,36,,,,,,,,,,,,,,,,,confirmed,paper_text,
SID0273-R001,SID0273-G02,SID0273,TOTAL_COUNT,count,other,,,,,,,,,26,18,34,,,,,,,,,no,confirmed,paper_table,
SID0273-R002,SID0273-G01,SID0273,TOTAL_COUNT,count,other,,,,,,,,,3.5,0,8,,,,,,,,,no,confirmed,paper_table,
SID0273-R003,SID0273-G02,SID0273,TOTAL_COUNT,count,other,,<10,,,,,,,16,12,20,,,,,,,,,no,confirmed,paper_table,
SID0273-R004,SID0273-G01,SID0273,TOTAL_COUNT,count,other,,<10,,,,,,,3,1,5,,,,,,,,,no,confirmed,paper_table,
SID0273-R005,SID0273-G02,SID0273,TOTAL_COUNT,count,other,,10-30,,,,,,,9,6,12,,,,,,,,,no,confirmed,paper_table,
SID0273-R006,SID0273-G01,SID0273,TOTAL_COUNT,count,other,,10-30,,,,,,,1,0,4,,,,,,,,,no,confirmed,paper_table,
SID0273-R007,SID0273-G02,SID0273,TOTAL_COUNT,count,other,,30-70,,,,,,,0,,,,,,,,,,,no,confirmed,paper_table,
SID0273-R008,SID0273-G01,SID0273,TOTAL_COUNT,count,other,,30-70,,,,,,,0,,,,,,,,,,,no,confirmed,paper_table,
SID0273-R009,SID0273-G01,SID0273,TOTAL_COUNT,detection,pct_of_samples,,,,10,9,90,,,,,,,,,,,,,,,confirmed,paper_text,
SID0273-R010,SID0273-G02,SID0273,TOTAL_COUNT,detection,pct_of_samples,,,,19,19,100,,,,,,,,,,,,,,,confirmed,paper_text,
SID0293-R001,SID0293-G01,SID0293,TOTAL_COUNT,count,other,,,,1000,,,,,9,8,17,,,,,,,,,,tentative,paper_table,
SID0293-R002,SID0293-G01,SID0293,PA,count,other,,,,1000,,,,,4,1,7,,,,,,,,,,tentative,paper_table,
SID0293-R003,SID0293-G01,SID0293,PP,count,other,,,,1000,,,,,4,1,7,,,,,,,,,,tentative,paper_table,
SID0293-R004,SID0293-G01,SID0293,PVC,count,other,,,,1000,,,,,4,2,7,,,,,,,,,,tentative,paper_table,
SID0314-R001,SID0314-G01,SID0314,TOTAL_COUNT,count,particles_per_mL,,<10,,18,14,,2191,,,,,0,7181,,,,,,,,tentative,paper_text,
SID0314-R002,SID0314-G01,SID0314,TOTAL_COUNT,detection,pct_of_samples,,,,18,14,77.8,,,,,,,,,,,,,,,tentative,paper_text,
SID0314-R003,SID0314-G01,SID0314,TOTAL_COUNT,count,particles_per_mL,,<10,,18,14,,2338,2134,2046,555.8,3702,0,7181,,,,,,,,tentative,computed,
SID0318-R001,SID0318-G01,SID0318,TOTAL_COUNT,detection,pct_of_samples,,,,55,9,16.4,,,,,,,,,,,,,,no,confirmed,paper_text,
SID0318-R002,SID0318-G01,SID0318,TOTAL_COUNT,count,particles_per_g,,>=56.21,,9,9,,,,1,,,1,3,,,,,,,no,confirmed,paper_text,
SID0331-R001,SID0331-G01,SID0331,TOTAL_COUNT,count,particles_per_sample,,,,10,10,,,,25,,,2,1056,,,,,,,no,tentative,paper_text,
SID0331-R002,SID0331-G01,SID0331,TOTAL_COUNT,count,other,,,,10,10,,,,6750000,,,540000,285120000,,,,,,,no,tentative,paper_text,
SID0331-R003,SID0331-G01,SID0331,TOTAL_MASS,mass,other,,,,10,,,,,0.9,,,0.06,39.66,,,,,,,no,tentative,paper_text,
SID0331-R004,SID0331-G01,SID0331,TOTAL_COUNT,count,pct_of_particles,,<1,,,,,73,,,,,,,,,,,,,,tentative,paper_text,
SID0354-R001,SID0354-G01,SID0354,PA,detection,pct_of_samples,,,,2,1,,,,,,,,,,,,,,,,tentative,paper_text,
SID0354-R002,SID0354-G01,SID0354,CELL,detection,pct_of_samples,,,,2,1,,,,,,,,,,,,,,,,tentative,paper_text,
SID0354-R003,SID0354-G01,SID0354,OTHER,detection,pct_of_samples,,,,2,1,,,,,,,,,,,,,,,,identity_unresolved,paper_text,
SID0354-R004,SID0354-G02,SID0354,OTHER,detection,pct_of_samples,,,,1,1,,,,,,,,,,,,,,,,identity_unresolved,si_text,
SID0374-R001,SID0374-G01,SID0374,TOTAL_COUNT,count,other,,,,,,,19.81,6.75,20,,,,,,,,,,,,tentative,paper_table,
SID0374-R002,SID0374-G01,SID0374,PA,count,other,,,,,,,4.9,3.17,5,,,,,,,,,,,,tentative,paper_table,
SID0374-R003,SID0374-G01,SID0374,PP,count,other,,,,,,,5.01,3.22,5,,,,,,,,,,,,tentative,paper_table,
SID0374-R004,SID0374-G01,SID0374,PVC,count,other,,,,,,,5.01,3.15,5,,,,,,,,,,,,tentative,paper_table,
SID0374-R005,SID0374-G01,SID0374,PE,count,other,,,,,,,4.9,3.19,5,,,,,,,,,,,,tentative,paper_table,
SID0376-R001,SID0376-G01,SID0376,PS,detection,pct_of_samples,,,,3,1,33.3,,,,,,,,,,,,,,,confirmed,paper_text,
SID0376-R002,SID0376-G01,SID0376,EVA,detection,pct_of_samples,,,,3,1,33.3,,,,,,,,,,,,,,,confirmed,paper_text,
SID0376-R003,SID0376-G01,SID0376,PE,detection,pct_of_samples,,,,3,1,33.3,,,,,,,,,,,,,,,confirmed,paper_text,
SID0398-R001,SID0398-G01,SID0398,OTHER,count,other,,,,12,,,,,,,,,,,,,,,,,tentative,paper_text,
SID0398-R002,SID0398-G01,SID0398,OTHER,detection,pct_of_samples,,,,12,10,83.3,,,,,,,,,,,,,,,tentative,paper_text,
SID0410-R001,SID0410-G01,SID0410,TOTAL_COUNT,count,particles_per_mL,,,,50,,,,,8,4,14,,,,,,,,,,tentative,paper_table,
SID0410-R002,SID0410-G02,SID0410,TOTAL_COUNT,count,particles_per_mL,,,,48,,,,,4,2,8,,,,,,,,,,tentative,paper_table,
SID0410-R003,SID0410-G01,SID0410,TOTAL_COUNT,detection,pct_of_samples,,,,50,42,84,,,,,,,,,,,,,,,tentative,paper_table,
SID0410-R004,SID0410-G02,SID0410,TOTAL_COUNT,detection,pct_of_samples,,,,48,30,62.5,,,,,,,,,,,,,,,tentative,paper_table,
SID0410-R005,SID0410-G01,SID0410,TOTAL_COUNT,count,particles_per_mL,,30-50,,50,,,,,4,2,7,,,,,,,,,,tentative,paper_table,
SID0410-R006,SID0410-G02,SID0410,TOTAL_COUNT,count,particles_per_mL,,30-50,,48,,,,,2,1,4,,,,,,,,,,tentative,paper_table,
SID0410-R007,SID0410-G01,SID0410,TOTAL_COUNT,count,particles_per_mL,,50-100,,50,,,,,3,1,6,,,,,,,,,,tentative,paper_table,
SID0410-R008,SID0410-G02,SID0410,TOTAL_COUNT,count,particles_per_mL,,50-100,,48,,,,,1,0,3,,,,,,,,,,tentative,paper_table,
SID0410-R009,SID0410-G01,SID0410,TOTAL_COUNT,count,particles_per_mL,,>100,,50,,,,,1,0,2,,,,,,,,,,tentative,paper_table,
SID0410-R010,SID0410-G02,SID0410,TOTAL_COUNT,count,particles_per_mL,,>100,,48,,,,,0,0,1,,,,,,,,,,tentative,paper_table,
SID0410-R011,SID0410-G01,SID0410,TOTAL_COUNT,count,pct_of_particles,,,fiber,50,,,,,,,,,,,,,,,,,tentative,paper_table,
SID0410-R012,SID0410-G01,SID0410,TOTAL_COUNT,count,pct_of_particles,,,fragment,50,,,,,,,,,,,,,,,,,tentative,paper_table,
SID0410-R013,SID0410-G01,SID0410,TOTAL_COUNT,count,pct_of_particles,,,film,50,,,,,,,,,,,,,,,,,tentative,paper_table,
SID0410-R014,SID0410-G02,SID0410,TOTAL_COUNT,count,pct_of_particles,,,fiber,48,,,,,,,,,,,,,,,,,tentative,paper_table,
SID0410-R015,SID0410-G02,SID0410,TOTAL_COUNT,count,pct_of_particles,,,fragment,48,,,,,,,,,,,,,,,,,tentative,paper_table,
SID0410-R016,SID0410-G02,SID0410,TOTAL_COUNT,count,pct_of_particles,,,film,48,,,,,,,,,,,,,,,,,tentative,paper_table,
SID0412-R001,SID0412-G01,SID0412,TOTAL_COUNT,detection,pct_of_samples,,,,92,69,75,,,,,,,,,,,,,,,tentative,paper_text,
SID0417-R001,SID0417-G01,SID0417,OTHER,detection,pct_of_samples,,,,81,67,82.7,,,,,,,,,,,,,,,identity_unresolved,paper_table,
SID0417-R002,SID0417-G01,SID0417,OTHER,count,other,,,,16,,,3.2,2.8,,,,,,,,,,,,,identity_unresolved,paper_text,
SID0417-R003,SID0417-G01,SID0417,PA,detection,other,,,,,,,,,,,,,,,,,,,,,tentative,paper_text,
SID0417-R004,SID0417-G01,SID0417,PET,detection,other,,,,,,,,,,,,,,,,,,,,,tentative,paper_text,
SID0417-R005,SID0417-G02,SID0417,OTHER,detection,pct_of_samples,,,,33,32,97,,,,,,,,,,,,,,,identity_unresolved,paper_table,
SID0419-R001,SID0419-G01,SID0419,UNSPEC,detection,pct_of_samples,,,,10,10,100,,,,,,2.1,18.5,,,,,,,,identity_unresolved,paper_text,
SID0419-R002,SID0419-G01,SID0419,UNSPEC,detection,pct_of_samples,,,,10,10,100,,,,,,,,,,,,,,,identity_unresolved,paper_table,
SID0422-R001,SID0422-G01,SID0422,TOTAL_COUNT,count,particles_per_mL,,,,23,,,1.56,0.53,,,,,,,,,,,,,confirmed,paper_table,
SID0422-R002,SID0422-G01,SID0422,TOTAL_COUNT,count,particles_per_sample,,,,23,,,4.39,1.61,,,,,,,,,,,,,confirmed,paper_table,
SID0422-R003,SID0422-G01,SID0422,TOTAL_COUNT,count,particles_per_mL,,,,23,,,1.7,0.91,,,,,,,,,,,,,confirmed,paper_table,
SID0422-R004,SID0422-G01,SID0422,TOTAL_COUNT,count,particles_per_sample,,,,23,,,4,2.79,,,,,,,,,,,,,confirmed,paper_table,
SID0422-R005,SID0422-G02,SID0422,TOTAL_COUNT,count,particles_per_mL,,,,19,,,1.79,0.94,,,,,,,,,,,,,confirmed,paper_table,
SID0422-R006,SID0422-G02,SID0422,TOTAL_COUNT,count,particles_per_sample,,,,19,,,4.1,2.53,,,,,,,,,,,,,confirmed,paper_table,
SID0422-R007,SID0422-G02,SID0422,TOTAL_COUNT,count,particles_per_mL,,,,19,,,1.68,0.96,,,,,,,,,,,,,confirmed,paper_table,
SID0422-R008,SID0422-G02,SID0422,TOTAL_COUNT,count,particles_per_sample,,,,19,,,4.06,3.62,,,,,,,,,,,,,confirmed,paper_table,
SID0422-R009,SID0422-G03,SID0422,TOTAL_COUNT,count,particles_per_mL,,,,19,,,1.97,0.83,,,,,,,,,,,,,confirmed,paper_table,
SID0422-R010,SID0422-G03,SID0422,TOTAL_COUNT,count,particles_per_sample,,,,19,,,6.47,4.18,,,,,,,,,,,,,confirmed,paper_table,
SID0422-R011,SID0422-G03,SID0422,TOTAL_COUNT,count,particles_per_mL,,,,19,,,1.02,0.57,,,,,,,,,,,,,confirmed,paper_table,
SID0422-R012,SID0422-G03,SID0422,TOTAL_COUNT,count,particles_per_sample,,,,19,,,3.05,2.65,,,,,,,,,,,,,confirmed,paper_table,
SID0424-R001,SID0424-G01,SID0424,PE,detection,pct_of_samples,,,,11,1,,,,,,,,,,,,,,,,confirmed,paper_text,
SID0424-R002,SID0424-G01,SID0424,EPM,detection,pct_of_samples,,,,11,3,,,,,,,,,,,,,,,,confirmed,paper_table,
SID0427-R001,SID0427-G01,SID0427,TOTAL_COUNT,count,other,,,,174,,,,,,,,0,123,,,,,,,,confirmed,paper_text,
SID0427-R002,SID0427-G01,SID0427,TOTAL_COUNT,count,other,,,,100,,,4.4,,4,,,,,,,,,,,,confirmed,paper_table,
SID0427-R003,SID0427-G01,SID0427,TOTAL_COUNT,count,other,,,,33,,,13.848,,13,,,,,,,,,,,,confirmed,paper_table,
SID0427-R004,SID0427-G01,SID0427,TOTAL_COUNT,count,other,,,,20,,,23.6,,22,,,,,,,,,,,,confirmed,paper_table,
SID0427-R005,SID0427-G01,SID0427,TOTAL_COUNT,count,other,,,,21,,,52.19,,44,,,,,,,,,,,,confirmed,paper_table,
SID0429-R001,SID0429-G01,SID0429,TOTAL_COUNT,count,particles_per_mL,,,,40,,,2.53,1.54,,,,,,,,,,,,,tentative,paper_text,
SID0429-R002,SID0429-G02,SID0429,TOTAL_COUNT,count,particles_per_mL,,,,36,,,2.82,2.05,,,,0.67,9.33,,,,,,,,tentative,paper_table,
SID0429-R003,SID0429-G03,SID0429,TOTAL_COUNT,count,particles_per_mL,,,,22,,,2.45,1.43,,,,0.73,7,,,,,,,,tentative,paper_table,
SID0429-R004,SID0429-G04,SID0429,TOTAL_COUNT,count,particles_per_mL,,,,18,,,2.64,1.71,,,,0.67,7,,,,,,,,tentative,paper_table,
SID0430-R001,SID0430-G01,SID0430,TOTAL_COUNT,detection,pct_of_samples,,,,8,5,,,,,,,,,,,,,,,,tentative,paper_text,
SID0430-R002,SID0430-G01,SID0430,TOTAL_COUNT,count,particles_per_sample,,,,8,,,,,,,,0,9,,,,,,,,tentative,paper_text,
SID0430-R003,SID0430-G01,SID0430,TOTAL_COUNT,count,pct_of_particles,,,fragment,22,20,,,,,,,,,,,,,,,,tentative,paper_text,
SID0430-R004,SID0430-G01,SID0430,TOTAL_COUNT,count,pct_of_particles,,,fiber,22,2,,,,,,,,,,,,,,,,tentative,paper_text,
SID0430-R005,SID0430-G01,SID0430,TOTAL_COUNT,count,pct_of_particles,,<50,fragment,20,16,,,,,,,,,,,,,,,,tentative,paper_text,
SID0289-R9001,SID0289-G901,SID0289,TOTAL_COUNT,count,other,,,,,,,113,,,,,,,,,,,,,,confirmed,paper_table,reported_group_statistic
SID0289-R9002,SID0289-G902,SID0289,TOTAL_COUNT,count,other,,,,,,,21,,,,,,,,,,,,,,confirmed,paper_table,reported_group_statistic
SID0289-R9003,SID0289-G903,SID0289,TOTAL_COUNT,count,other,,,,,,,3,,,,,,,,,,,,,,confirmed,paper_table,reported_group_statistic
SID0289-R9004,SID0289-G904,SID0289,TOTAL_COUNT,count,other,,,,,,,3,,,,,,,,,,,,,,confirmed,paper_table,reported_group_statistic
SID0289-R9005,SID0289-G905,SID0289,TOTAL_COUNT,count,other,,,,,,,25,,,,,,,,,,,,,,confirmed,paper_table,reported_group_statistic
SID0289-R9006,SID0289-G906,SID0289,TOTAL_COUNT,count,other,,,,,,,35,,,,,,,,,,,,,,confirmed,paper_table,reported_group_statistic
SID0289-R9007,SID0289-G907,SID0289,TOTAL_COUNT,count,other,,,,,,,15,,,,,,,,,,,,,,confirmed,paper_table,reported_group_statistic
SID0289-R9008,SID0289-G908,SID0289,TOTAL_COUNT,count,other,,,,,,,62,,,,,,,,,,,,,,confirmed,paper_table,reported_group_statistic
SID0308-R9001,SID0308-G901,SID0308,TOTAL_COUNT,count,particles_per_g,,,,,,,,,17.3,17,20.8,,,,,,,,,,confirmed,paper_table,reported_group_statistic
SID0308-R9002,SID0308-G901,SID0308,PA,count,particles_per_g,,,,,,,,,0.7,0.5,6.6,,,,,,,,,,confirmed,paper_table,reported_group_statistic
SID0308-R9003,SID0308-G901,SID0308,PU,count,particles_per_g,,,,,,,,,9.6,5.1,11.8,,,,,,,,,,confirmed,paper_table,reported_group_statistic
SID0308-R9004,SID0308-G901,SID0308,PE,count,particles_per_g,,,,,,,,,1.3,0.5,2.1,,,,,,,,,,confirmed,paper_table,reported_group_statistic
SID0308-R9005,SID0308-G901,SID0308,PET,count,particles_per_g,,,,,,,,,1.7,0.7,3.1,,,,,,,,,,confirmed,paper_table,reported_group_statistic
SID0308-R9006,SID0308-G901,SID0308,PP,count,particles_per_g,,,,,,,,,0.4,0.3,0.6,,,,,,,,,,confirmed,paper_table,reported_group_statistic
SID0308-R9007,SID0308-G901,SID0308,PVC,count,particles_per_g,,,,,,,,,0.7,,,,,,,,,,,,confirmed,paper_table,reported_group_statistic
SID0308-R9008,SID0308-G901,SID0308,POM,count,particles_per_g,,,,,,,,,0.3,,,,,,,,,,,,confirmed,paper_table,reported_group_statistic
SID0308-R9009,SID0308-G901,SID0308,EVA,count,particles_per_g,,,,,,,,,0.3,0.3,0.3,,,,,,,,,,confirmed,paper_table,reported_group_statistic
SID0308-R9010,SID0308-G901,SID0308,PTFE,count,particles_per_g,,,,,,,,,1.8,0.6,3,,,,,,,,,,confirmed,paper_table,reported_group_statistic
SID0308-R9011,SID0308-G901,SID0308,PE-CL,count,particles_per_g,,,,,,,,,1.3,0.3,2.4,,,,,,,,,,confirmed,paper_table,reported_group_statistic
SID0308-R9012,SID0308-G901,SID0308,PB,count,particles_per_g,,,,,,,,,0.5,,,,,,,,,,,,confirmed,paper_table,reported_group_statistic
SID0308-R9013,SID0308-G901,SID0308,PS,count,particles_per_g,,,,,,,,,0.3,,,,,,,,,,,,confirmed,paper_table,reported_group_statistic
SID0308-R9014,SID0308-G901,SID0308,PMMA,count,particles_per_g,,,,,,,,,2.4,0.3,4.6,,,,,,,,,,confirmed,paper_table,reported_group_statistic
SID0308-R9015,SID0308-G901,SID0308,PLA,count,particles_per_g,,,,,,,,,0.5,0.3,3.6,,,,,,,,,,confirmed,paper_table,reported_group_statistic
