study_id,label,year,doi,title,study_design,organisms,finder_groups,sample_types,matrix_characters,environment_samples,model_particles,countries,physical_steps,removal_steps,separation_steps,techniques,digestion_temp_c_lo,digestion_temp_c_hi,digestion_time_h_lo,digestion_time_h_hi,filter_pore_um_lo,filter_pore_um_hi,filter_material,metric_basis,min_particle_size_um,min_particle_size_basis,nanoplastic_claimed,polymers_in_samples,polymers_in_samples_qualified,polymers_exposure,polymer_id_outcome,flags,n_recovery_points,n_groups,n_results,evidence_scope,source_batch,dataset_version
SID0001,Liu 2024,2024,10.1016/j.jhazmat.2024.133855,Microplastics in three types of human arteries detected by pyrolysis-gas chromatography/mass spectrometry (Py-GC/MS).,biomonitoring,HUMAN,Human,CARDIOVASCULAR,PROTEIN,,,CHN,,ACID,,PYGCMS,25.0,25.0,72.0,72.0,,,,mass,,,no,PE;PET;PVC;PA;PA66,,,identified,,0,4,4,occurrence,original,2026-09-27-merged-v2
SID0002,Garcia 2024,2024,10.1093/toxsci/kfae021,Quantitation and identification of microplastics accumulation in human placental specimens using pyrolysis gas chromatography mass spectrometry.,method_development,HUMAN,Human,REPRODUCTIVE,PROTEIN,,,USA,,ALKALI,,FLUOR;ATR_FTIR;PYGCMS,40.0,40.0,72.0,72.0,0.2,0.2,ALUMINA,count+mass,1.0,reported,no,,,,identified,MULTI_METHOD,0,2,2,occurrence,original,2026-09-27-merged-v2
SID0003,Wang 2024,2024,10.1016/j.ebiom.2024.105118,Multimodal detection and analysis of microplastics in human thrombi from multiple anatomically distinct sites.,biomonitoring,HUMAN,Human,CARDIOVASCULAR,PROTEIN,,,CHN,FREEZE_DRY,ACID,FILTRATION,LDIR;PYGCMS;SEM,12.0,110.0,3.0,48.0,13.0,500.0,STEEL,count+mass,20.0,reported,no,PE;PP;PET;PVC;PA;PU;PMMA;ACR;PE-CL;EVA;PB;EAA;FKM;MBS;PIB;POM;PA66,,,identified,MULTI_METHOD,9,3,3,occurrence,original,2026-09-27-merged-v2
SID0004,Tokito 2025,2025,10.1111/resp.70107,Microplastics in Human Bronchoalveolar Lavage Fluid.,method_development,HUMAN,Human,ORGAN;BODY_FLUID,PROTEIN;AQUEOUS,AIR,,JPN,RINSE,OXIDATION;ALKALI,FILTRATION,FLUOR;RAMAN,60.0,60.0,168.0,168.0,0.2,0.2,PTFE,count,1.21,reported,no,,,,identified,MULTI_METHOD;MULTI_REAGENT,0,2,2,occurrence,original,2026-09-27-merged-v2
SID0005,Montano 2023,2023,10.1016/j.scitotenv.2023.165922,Raman Microspectroscopy evidence of microplastics in human semen.,biomonitoring,HUMAN,Human,BODY_FLUID,AQUEOUS,,,ITA,,ALKALI,FILTRATION,RAMAN,40.0,40.0,48.0,48.0,1.2,1.2,GLASS_FIBRE,count,2.0,reported,no,PE;PP;PET;PS;PVC;PC;POM;ACR,,,identified,,0,2,3,occurrence,original,2026-09-27-merged-v2
SID0007,Nakano 2022,2022,10.1016/j.scitotenv.2022.152981,Pyrolysis-GC-MS analysis of ingested polystyrene microsphere content in individual Daphnia magna.,method_development,CRUSTACEAN,Crustacean,WHOLE_BODY,WHOLE_ORGANISM,,,JPN,RINSE,,,PYGCMS,,,,,,,,count+mass,10.0,reported,no,,,,identified,,0,1,1,occurrence,original,2026-09-27-merged-v2
SID0008,Xue 2024,2024,10.1016/j.saa.2024.124039,ELM combined with differential Raman spectroscopy for the detection of microplastics in organisms.,method_development,FISH,Fish,GI_TRACT;GILL,GUT;PROTEIN,,,CHN,HOMOGENIZE,ACID;OXIDATION,FILTRATION,FLUOR;RAMAN,40.0,40.0,0.5,24.0,,,,count,50.0,model_particle,no,,,PE-HD;PC,exposure_only,MULTI_METHOD;MULTI_REAGENT,0,1,2,occurrence,original,2026-09-27-merged-v2
SID0009,Wang 2025,2025,10.1016/j.ebiom.2025.105918,Microplastic abundance in placental chorionic villi detected by pyrolysis-gas chromatography/mass spectrometry in cases of spontaneous miscarriage during early pregnancy.,biomonitoring,HUMAN,Human,REPRODUCTIVE,PROTEIN,,,CHN,HOMOGENIZE;RINSE,,,PYGCMS,,,,,,,,mass,,,no,PE;PP;PS;PVC,,,identified,,0,3,7,occurrence,original,2026-09-27-merged-v2
SID0010,Oliveira 2025,2025,10.1590/0001-3765202520241298,First evidence of microplastic accumulation in placentas and umbilical cords from pregnancies in Brazil.,biomonitoring,HUMAN,Human,REPRODUCTIVE,PROTEIN,,,BRA,HOMOGENIZE;RINSE,ALKALI,FILTRATION,RAMAN,RT,RT,168.0,168.0,1.6,1.6,GLASS_FIBRE,count,1.64,reported,no,PE;PP;PS;PVC;PA;PU;PC;PMMA;EVA;PEST;PSU;PVME;PVP;EPM,,,identified,,0,2,2,occurrence,original,2026-09-27-merged-v2
SID0011,Xiao 2025,2025,10.1016/j.jhazmat.2025.138322,Rapid detection of microplastics and nanoplastics in seconds by mass spectrometry.,method_development,MAMMAL,Mammal (non-human),REPRODUCTIVE,PROTEIN,,,USA,HOMOGENIZE,,,,60.0,60.0,0.33,0.33,,,,mass,0.1,model_particle,yes,,,PS,exposure_only,,0,1,1,occurrence,original,2026-09-27-merged-v2
SID0013,Tian 2025,2025,10.1016/j.jhazmat.2024.136637,Association between microplastics in human amniotic fluid and pregnancy outcomes: Detection and characterization using Raman spectroscopy and pyrolysis GC/MS.,biomonitoring,HUMAN,Human,BODY_FLUID,AQUEOUS,,,CHN,,ALKALI,FILTRATION,RAMAN;PYGCMS,40.0,40.0,48.0,48.0,,,,count,0.94,reported,no,PE;PS;PVC;PC;ABS;PTFE,,,identified,MULTI_METHOD,0,1,7,occurrence,original,2026-09-27-merged-v2
SID0014,Stockin 2021,2021,10.1016/j.marpolbul.2021.113084,Fourier transform infrared (FTIR) analysis identifies microplastics in stranded common dolphins (Delphinus delphis) from New Zealand waters.,field_survey,MAMMAL,Mammal (non-human),GI_CONTENTS,GUT,,,NZL,RINSE;SIEVE,ENZYME,DENSITY,OPTICAL;UFTIR,40.0,40.0,48.0,48.0,10.0,300.0,STEEL;PC_TRACK,count,44.0,reported,no,PE;PP;PET;PS;PA;PU;ABS;ACR,,,identified,MULTI_METHOD,3,1,2,occurrence,original,2026-09-27-merged-v2
SID0015,Almeida 2026,2026,10.1016/j.jhazmat.2025.140658,Py-GC-MS/MS quantification of microplastics in vertebrate tissues: Addressing false positives of polyethylene.,method_development,BIRD,Bird,GI_TRACT;ORGAN,GUT;PROTEIN,,,FRA,HOMOGENIZE;FREEZE_DRY,ALKALI,FILTRATION,PYGCMS,25.0,25.0,48.0,48.0,0.7,10.0,STEEL;GLASS_FIBRE,mass,10.0,reported,no,PE;PP;PET;PS;PMMA,,,identified,,5,1,6,occurrence,original,2026-09-27-merged-v2
SID0016,Caldwell 2023,2023,10.1021/acs.est.2c09233,"Correlative Light, Electron Microscopy and Raman Spectroscopy Workflow To Detect and Observe Microplastic Interactions with Whole Jellyfish.",method_development,CNIDARIAN,Other invertebrate,WHOLE_BODY;SECTION,WHOLE_ORGANISM;SECTION,,,CHE,,,,FLUOR;RAMAN;SEM,,,,,,,,count+mass,2.4,not_demonstrated,no,,,PET;PP,exposure_only,MULTI_METHOD,0,1,1,occurrence,original,2026-09-27-merged-v2
SID0018,Rauert 2025,2025,10.1021/acs.est.4c12599,Assessing the Efficacy of Pyrolysis-Gas Chromatography-Mass Spectrometry for Nanoplastic and Microplastic Analysis in Human Blood.,method_development,HUMAN,Human,BLOOD,BLOOD,,,AUS,HOMOGENIZE;RINSE;FREEZE_DRY,ENZ_CHEM;OXIDATION;ENZYME,FILTRATION,PYGCMS,38.0,60.0,0.17,48.0,0.3,0.7,,mass,0.2,model_particle,yes,,PS(tentative);PP(contamination_qualified);PE(interference),,none_confirmed,MULTI_REAGENT;NONDETECT_OR_UNCONFIRMED,7,2,2,occurrence,original,2026-09-27-merged-v2
SID0019,Saliu 2022,2022,10.1016/j.scitotenv.2022.152965,Detection of plastic particles in marine sponges by a combined infrared micro-spectroscopy and pyrolysis-gas chromatography-mass spectrometry approach.,method_development,SPONGE,Other invertebrate,TISSUE,PROTEIN,,,ITA;MDV,HOMOGENIZE,ALKALI,DENSITY,PYGCMS;UFTIR,60.0,60.0,24.0,24.0,0.2,25.0,STEEL;GLASS_FIBRE,count+mass,0.2,reported,yes,,,,identified,MULTI_METHOD,6,1,4,occurrence,original,2026-09-27-merged-v2
SID0020,Halbach 2022,2022,10.1016/j.scitotenv.2022.154179,30 years trends of microplastic pollution: Mass-quantitative analysis of archived mussel samples from the North and Baltic Seas.,field_survey,BIVALVE,Bivalve,SOFT_TISSUE,PROTEIN,,,DEU,HOMOGENIZE;FREEZE_DRY,ENZ_CHEM;OXIDATION;ENZYME,DENSITY,PYGCMS,50.0,50.0,0.17,12,1.0,1.0,,mass,1.0,reported,no,PE;PP;PET;PS;PVC;PC;PMMA,,,identified,MULTI_REAGENT,0,3,3,occurrence,original,2026-09-27-merged-v2
SID0021,Abbasi 2023,2023,10.1016/j.marpolbul.2023.115769,Characterization of microplastics in digestive tract of commercial fish species from the Oman Sea.,field_survey,FISH,Fish,GI_CONTENTS;GI_TRACT,GUT,,,IRN;OMN,HOMOGENIZE;RINSE,ALKALI,FILTRATION,FLUOR;RAMAN;OPTICAL;SEM,60.0,60.0,1.0,48.0,0.22,0.22,CELLULOSE,count,16.7,reported,no,PE;PP;PET;PS;PVC,,,identified,MULTI_METHOD,0,2,4,occurrence,original,2026-09-27-merged-v2
SID0022,Albignac 2022,2022,10.1016/j.marpolbul.2022.113882,Determination of the microplastic content in Mediterranean benthic macrofauna by pyrolysis-gas chromatography-tandem mass spectrometry.,method_development,BIVALVE;ANNELID;ECHINODERM;INVERT_MIXED,Bivalve;Other invertebrate,WHOLE_BODY,WHOLE_ORGANISM,,,FRA,HOMOGENIZE;FREEZE_DRY,ALKALI,FILTRATION,PYGCMS,40.0,40.0,48.0,48.0,0.7,500.0,STEEL;GLASS_FIBRE,mass,0.7,reported,no,PE;PP;PET;PS;PC,,,identified,,6,7,7,occurrence,original,2026-09-27-merged-v2
SID0024,Takahashi 2026,2026,10.1021/acs.est.5c10668,Studying Microplastic Incorporation into Corals Using CARS.,method_development,CNIDARIAN,Other invertebrate,SKELETAL;TISSUE,MINERAL;PROTEIN,,,GBR,HOMOGENIZE;RINSE,,,FLUOR;RAMAN,5.0,5.0,0.08,0.08,,,,count+mass,1.0,reported,no,,,,identified,MULTI_METHOD,0,1,1,occurrence,original,2026-09-27-merged-v2
SID0026,Sipps 2022,2022,10.1016/j.scitotenv.2021.152812,Pervasive occurrence of microplastics in Hudson-Raritan estuary zooplankton.,field_survey,CRUSTACEAN,Crustacean,WHOLE_BODY,WHOLE_ORGANISM,,,USA,RINSE;SIEVE,ACID,FILTRATION,RAMAN;UFTIR,80.0,80.0,2.0,2.0,0.2,0.2,ALUMINA,count,3.0,reported,no,PE;PP;PET;PS;PEST;PDMS;EP,,,identified,MULTI_METHOD,1,1,1,occurrence,original,2026-09-27-merged-v2
SID0027,Aranda 2024,2024,10.1016/j.marpolbul.2024.116092,A non-invasive method of microplastics pollution quantification in green sea turtle Chelonia mydas of the Mexican Caribbean.,field_survey,REPTILE,Other vertebrate,FECES,FECAL,,,MEX,RINSE,OXIDATION,DENSITY,RAMAN;OPTICAL;SEM;UFTIR,RT,RT,48.0,48.0,,,,count,300.0,reported,no,PP;PVC;PA;RAYON;PEST;CELL,,,identified,MULTI_METHOD,0,1,1,occurrence,original,2026-09-27-merged-v2
SID0028,Teboul 2021,2021,10.1016/j.marpolbul.2021.112640,Chemical identification of microplastics ingested by Red Phalaropes (Phalaropus fulicarius) using Fourier Transform Infrared spectroscopy.,field_survey,BIRD,Bird,GI_CONTENTS,GUT,,,CAN,HOMOGENIZE;RINSE;SIEVE,,FILTRATION,ATR_FTIR,,,,,1000.0,1000.0,,count,1000.0,reported,no,PE;PP;PS;PA;PE-HD;EPDM;EPM,,,identified,,0,1,2,occurrence,original,2026-09-27-merged-v2
SID0029,Pant 2025,2025,10.1016/j.jhazmat.2024.136978,From automated Raman to cost-effective nanoparticle-on-film (NPoF) SERS spectroscopy: A combined approach for assessing micro- and nanoplastics released into the oral cavity from chewing gum.,method_development,HUMAN,Human,BODY_FLUID,AQUEOUS,,,GBR,RINSE,OXIDATION,FILTRATION,RAMAN;ATR_FTIR;SEM;AFM,RT,RT,12.0,12.0,1.0,1.0,SILICON,count,0.1,model_particle,yes,,,,identified,MULTI_METHOD,0,1,1,occurrence,original,2026-09-27-merged-v2
SID0030,Praveena 2026,2026,10.1016/j.envres.2026.124348,Microplastics in human semen: Physicochemical characterisation and surface-associated elemental profiles among Malaysian men.,biomonitoring,HUMAN,Human,BODY_FLUID,AQUEOUS,,,MYS,,ALKALI,FILTRATION,RAMAN;SEM,40.0,40.0,48.0,48.0,1.2,1.2,GLASS_FIBRE,count,4.0,reported,no,PE;PP;PET;PS;PVC;PESU,,,identified,MULTI_METHOD,0,1,2,occurrence,original,2026-09-27-merged-v2
SID0031,Al-Tarshi 2025,2025,10.1016/j.aquatox.2024.107220,Evaluating microplastic contamination in Omani mangrove habitats using large mud snails (Terebralia palustris).,field_survey,GASTROPOD,Other invertebrate,SOFT_TISSUE;WHOLE_BODY,PROTEIN;WHOLE_ORGANISM,,,OMN,HOMOGENIZE;RINSE,ALKALI;OXIDATION,FILTRATION,RAMAN;OPTICAL,40.0,40.0,24.0,48.0,25.0,25.0,STEEL;GLASS_FIBRE,count,25.0,reported,no,PE;PU;EVA;ACR,,,identified,MULTI_METHOD;MULTI_REAGENT,0,1,1,occurrence,original,2026-09-27-merged-v2
SID0032,Gahn 2026,2026,10.1021/acs.analchem.5c05604,"Rapid and Sensitive Quantification of Nano- and Microplastics in Water, Sediment, and Biological Tissue by Pyrolysis-Gas Chromatography Tandem Mass Spectrometry with Dynamic Reaction Monitoring.",method_development,BIVALVE;FISH,Bivalve;Fish,MUSCLE,PROTEIN,SEDIMENT,,MEX;USA,HOMOGENIZE;FREEZE_DRY,ENZYME;ACID,FILTRATION,PYGCMS,38.0,40.0,24.0,24.0,0.7,0.7,GLASS_FIBRE,mass,0.7,reported,yes,,,,identified,,12,3,3,occurrence,original,2026-09-27-merged-v2
SID0034,Collard 2026,2026,10.1016/j.ecoenv.2025.119591,Human exposure to microplastic and UV stabilisers through Atlantic cod consumption: A focus on Norway.,field_survey,FISH,Fish,MUSCLE,PROTEIN,,,NOR,,ALKALI,FILTRATION,RAMAN,RT,RT,12,12,5.0,5.0,STEEL,count,34.4,reported,no,PE;PP;PET;PS,,,identified,,0,1,4,occurrence,original,2026-09-27-merged-v2
SID0035,Padula 2025,2025,10.1016/j.marpolbul.2024.117348,Microplastics in the digestive tract of an endangered cetacean of the Southwest Atlantic Ocean: The franciscana dolphin.,field_survey,MAMMAL,Mammal (non-human),GI_CONTENTS;GI_TRACT;SECTION,GUT;SECTION,,,ARG,RINSE,OXIDATION,FILTRATION,RAMAN;UFTIR,45.0,45.0,120.0,168.0,0.45,0.45,GLASS_FIBRE,count,120.0,reported,no,PE;PP;PET;PEST;ACR;CELL,,,identified,MULTI_METHOD,0,4,4,occurrence,original,2026-09-27-merged-v2
SID0037,Wright 2025,2025,10.1016/j.ebiom.2025.105984,A new screening framework to support the identification of exogenous particles and suspect microplastics in situ in pathological tissue samples.,method_development,HUMAN,Human,GI_TRACT;ORGAN;SECTION,GUT;PROTEIN;SECTION,,,GBR,HOMOGENIZE;FREEZE_DRY,ALKALI;NONE,FILTRATION,PYGCMS,40.0,40.0,24.0,48.0,0.7,0.7,GLASS_FIBRE,count+mass,16.67,reported,no,,,,identified,MULTI_METHOD,0,2,3,occurrence,original,2026-09-27-merged-v2
SID0038,Tokunaga 2026,2026,10.1016/j.marpolbul.2026.119373,Micro- and mesoplastic contaminants in marine diving ducks: A first assessments from the coast of Japan.,field_survey,BIRD,Bird,GI_CONTENTS,GUT,,,JPN,,ALKALI;ENZ_CHEM;OXIDATION,DENSITY,OPTICAL;ATR_FTIR;SEM;UFTIR,45.0,45.0,72.0,216.0,10.0,10.0,STEEL,count,30.0,reported,no,PE;PP;PET;PS;PVC;PA;PU;PMMA;EVA;POM,,,identified,MULTI_METHOD;MULTI_REAGENT,0,3,6,occurrence,original,2026-09-27-merged-v2
SID0039,Werorilangi 2025,2025,10.1007/s10661-025-13804-1,Ingested microplastics: a comparative analysis of contaminated shellfish from two sites in the Makassar Strait.,field_survey,BIVALVE,Bivalve,SOFT_TISSUE,PROTEIN,,,IDN,HOMOGENIZE;RINSE,ALKALI,,OPTICAL;ATR_FTIR;UFTIR,RT,RT,336.0,336.0,,,,count,84.0,reported,no,PP;PS;PA;PU,,,identified,MULTI_METHOD,0,4,4,occurrence,original,2026-09-27-merged-v2
SID0040,Irnidayanti 2023,2023,10.1007/s00128-023-03786-6,"The Presence of Microplastics in the Gills and Gastrointestinal Tract of Mackerel (Rastrelliger Kanagurta Cuvier, 1816) from Jakarta Bay, Indonesia.",field_survey,FISH,Fish,GI_TRACT;GILL,GUT;PROTEIN,,,IDN,HOMOGENIZE;FREEZE_DRY,OXIDATION,FILTRATION,OPTICAL;UFTIR,80.0,80.0,24.0,24.0,,,CELLULOSE,count,,,no,PS;PMMA;PA;PU;PC;PTFE;CA,,,identified,MULTI_METHOD,0,2,6,occurrence,original,2026-09-27-merged-v2
SID0041,Demirelli 2024,2024,10.1186/s12894-024-01495-8,The first reported values of microplastics in prostate.,biomonitoring,HUMAN,Human,REPRODUCTIVE,PROTEIN,,,TUR,SIEVE,ALKALI,FILTRATION,OPTICAL;ATR_FTIR,40.0,40.0,72.0,120.0,2.5,2.5,,count,2.5,reported,no,PP;PA;PAA;PDMS,,,identified,MULTI_METHOD,0,1,2,occurrence,original,2026-09-27-merged-v2
SID0042,Quilis 2024,2024,10.1016/j.marpolbul.2024.116051,"High prevalence of microplastics in the digestive tract of Scyliorhinus canicula (Linneaus, 1758) shows the species biomonitoring potential.",field_survey,ELASMO,Fish,GI_CONTENTS;GI_TRACT,GUT,,,ESP,,ALKALI;OXIDATION,,RAMAN;OPTICAL,60.0,60.0,24.0,24.0,1.2,1.2,GLASS_FIBRE,count,1.2,reported,no,PE;PP;PET;PS;PVC;PC;PMMA;PA;PU;ABS;PDMS;SBR;PAA,,,identified,MULTI_METHOD;MULTI_REAGENT,0,1,3,occurrence,original,2026-09-27-merged-v2
SID0043,Giarratano 2024,2024,10.1016/j.marenvres.2024.106548,Asian clam Corbicula fluminea as potential biomonitor of microplastics and metal(oid)s in a Patagonian River.,field_survey,BIVALVE,Bivalve,SOFT_TISSUE,PROTEIN,,,ARG,HOMOGENIZE,OXIDATION,FILTRATION,RAMAN;OPTICAL,50.0,50.0,,,15.0,15.0,CELLULOSE,count+mass,42.0,reported,no,PET,,,identified,MULTI_METHOD,0,1,2,occurrence,original,2026-09-27-merged-v2
SID0044,Silva 2024,2024,10.1016/j.foodchem.2024.139049,Uncovering microplastics contamination in canned seafood.,field_survey,BIVALVE;FISH;CEPHALOPOD;FOOD_PRODUCT,Bivalve;Fish;Other invertebrate;Food product,BODY_FLUID;FOOD,AQUEOUS;FOOD,,,PRT;ESP,RINSE,OXIDATION,FILTRATION,OPTICAL;ATR_FTIR,65.0,65.0,24.0,48.0,0.45,0.45,CELLULOSE,count+mass,50.0,reported,no,PE;PP;PA;PEST;RAYON,,,identified,MULTI_METHOD,0,3,3,occurrence,original,2026-09-27-merged-v2
SID0046,Xu 2026,2026,10.3389/fpubh.2026.1767555,Microplastics in neonates: an overlooked cost of parenteral nutrition.,biomonitoring,HUMAN,Human,BLOOD;MILK,BLOOD;LIPID_FLUID,,,CHN,,ACID,FILTRATION,RAMAN;FLUOR,50.0,50.0,72.0,72.0,1.0,1.0,SILICON,count+mass,,,no,PE;PP,PVS(identity_unresolved),,identified,,0,3,3,occurrence,original,2026-09-27-merged-v2
SID0047,Pica 2026,2026,10.1016/j.marenvres.2026.107967,"Microplastic ingestion in demersal and benthic species from the Portuguese coast: Scyliorhinuscanicula,Trisopterusluscus,Polybiushenslowii.",field_survey,CRUSTACEAN;ELASMO;FISH,Crustacean;Fish,GI_CONTENTS;GI_TRACT,GUT,,,PRT,HOMOGENIZE,ALKALI,FILTRATION,OPTICAL;ATR_FTIR,RT,RT,168.0,504.0,1.0,1.0,,count+mass,40.0,reported,no,PE;PP;PET;PVC;PA;PVAC;PE-LD;PE-HD;PAN,,,identified,MULTI_METHOD,0,3,5,occurrence,original,2026-09-27-merged-v2
SID0048,Shaw 2024,2024,10.1016/j.marpolbul.2023.115820,Microplastics absent from reef fish in the Marshall Islands: Multistage screening methods reduced false positives.,field_survey,FISH,Fish,GI_CONTENTS;GI_TRACT,GUT,,,MHL,HOMOGENIZE;RINSE;SIEVE,,FILTRATION,OPTICAL;UFTIR,RT,RT,,,1000.0,1000.0,,count,,,no,OTHER,,,identified,MULTI_METHOD;NONDETECT_OR_UNCONFIRMED,0,1,1,occurrence,original,2026-09-27-merged-v2
SID0049,Tamim 2025,2025,10.1007/s10661-025-14328-4,Microplastic contamination in vertical water columns and fish: a comparative study between the Buriganga River and the Bay of Bengal in Bangladesh.,field_survey,CRUSTACEAN;FISH,Crustacean;Fish,GI_TRACT,GUT,,,BGD,HOMOGENIZE,ALKALI;OXIDATION,DENSITY,OPTICAL;UFTIR,40.0,40.0,12,120.0,50.0,50.0,STEEL,count+mass,50.0,not_demonstrated,no,PP;PET;PS;PVC;PC;PA;ABS;ACR;PU,,,identified,MULTI_METHOD;MULTI_REAGENT,0,7,7,occurrence,original,2026-09-27-merged-v2
SID0050,VelloreMohan 2024,2024,10.1016/j.marenvres.2024.106412,Assessment of microplastic contamination in commercially available fishes.,field_survey,FISH,Fish,GI_TRACT;GILL,GUT;PROTEIN,,,IND,HOMOGENIZE;RINSE,OXIDATION,DENSITY,FLUOR;OPTICAL;ATR_FTIR;SEM,60.0,60.0,24.0,48.0,0.45,0.45,,count,74.0,reported,no,PE;PP;PVC;PA;PVOH;PAN;PA6,,,identified,MULTI_METHOD,0,4,4,occurrence,original,2026-09-27-merged-v2
SID0051,Tuttle 2023,2023,10.1016/j.envpol.2023.121198,An optimized acidic digestion for the isolation of microplastics from biota-rich samples and cellulose acetate matrices.,method_development,FISH;ALGA,Fish;Plant or alga,SKELETAL;PLANT_TISSUE,MINERAL;PLANT,,,USA,HOMOGENIZE,ACID;OXIDATION;ALKALI,DENSITY,OPTICAL;ATR_FTIR,80.0,80.0,12,18.0,0.45,0.7,CELLULOSE;GLASS_FIBRE,mass,2000.0,reported,no,,,,identified,MULTI_METHOD;MULTI_REAGENT,4,0,0,methods_only,original,2026-09-27-merged-v2
SID0052,Sánchez-Guerrero-Hernández 2023,2023,10.1016/j.scitotenv.2022.160451,Contamination from microplastics and other anthropogenic particles in the digestive tracts of the commercial species Engraulis encrasicolus and Sardina pilchardus.,field_survey,FISH,Fish,GI_CONTENTS;GI_TRACT;MUSCLE;ORGAN,GUT;PROTEIN,,,PRT;ESP,HOMOGENIZE,OXIDATION;ALKALI,FILTRATION,OPTICAL;UFTIR,40.0,40.0,480.0,960.0,1.2,1.2,,count,30.0,reported,no,PE;PP;PA;PE-HD;PE-LD,,,identified,MULTI_METHOD;MULTI_REAGENT,0,3,5,occurrence,original,2026-09-27-merged-v2
SID0054,Wu 2023,2023,10.1016/j.jare.2022.09.004,Pigment microparticles and microplastics found in human thrombi based on Raman spectral evidence.,biomonitoring,HUMAN,Human,CARDIOVASCULAR,PROTEIN,,,CHN,RINSE,ALKALI,FILTRATION,RAMAN,4.0,60.0,4.0,48.0,0.7,0.7,GLASS_FIBRE,count,2.1,reported,no,PE;PE-LD,,,identified,,0,1,1,occurrence,original,2026-09-27-merged-v2
SID0055,Marfella 2024,2024,10.1056/NEJMoa2309822,Microplastics and Nanoplastics in Atheromas and Cardiovascular Events.,biomonitoring,HUMAN,Human,CARDIOVASCULAR,PROTEIN,,,ITA,,,,SEM;PYGCMS,,,,,,,,mass,1.0,reported,yes,PE;PVC,,,identified,MULTI_METHOD,0,2,2,occurrence,original,2026-09-27-merged-v2
SID0056,Pashaei 2024,2024,10.1016/j.chemosphere.2024.141642,Mussels (Mytilus spp.) in Svalbard contain microplastic particles in tissues: Implications for monitoring.,field_survey,BIVALVE,Bivalve,SOFT_TISSUE;SKELETAL,PROTEIN;MINERAL,,,NOR,HOMOGENIZE;RINSE,ALKALI,FILTRATION,RAMAN;OPTICAL,50.0,50.0,2.0,20.0,0.45,0.45,CELLULOSE,count,1.0,reported,yes,PE;PP;PA;PE-LD,,,identified,MULTI_METHOD,0,1,3,occurrence,original,2026-09-27-merged-v2
SID0057,Song 2025,2025,10.1016/j.envpol.2024.125168,Microplastics in stools and their influencing factors among young adults from three cities in China: A multicenter cross-sectional study.,biomonitoring,HUMAN,Human,FECES,FECAL,,,CHN,HOMOGENIZE;FREEZE_DRY,OXIDATION,,PYGCMS,60.0,80.0,0.17,0.17,,,PTFE,mass,,,no,PE;PVC;PS;PP;PET;PA66,,,identified,,0,1,7,occurrence,original,2026-09-27-merged-v2
SID0059,Sun 2024,2024,10.1016/j.jhazmat.2024.134018,"An evaluation of microplastic contamination in the marine waters and species in the coastal region of the South Yellow Sea, China.",field_survey,BIVALVE;FISH,Bivalve;Fish,GI_TRACT;GILL;SOFT_TISSUE,GUT;PROTEIN,SEAWATER;SEDIMENT,,CHN,HOMOGENIZE;SIEVE,ALKALI,DENSITY,RAMAN;ATR_FTIR,40.0,60.0,0.08,48.0,1.0,20.0,CELLULOSE;PC_TRACK,count,59.22,reported,no,PE;PET;PVC;PS;PE-CL;RAYON;PEST;PB,,,identified,MULTI_METHOD;MULTI_REAGENT,0,3,3,occurrence,original,2026-09-27-merged-v2
SID0060,Rahman 2025,2025,10.1016/j.jconhyd.2025.104620,"Occurrence and risk assessment of microplastics in surface water, sediment, and biota of Surma River, Bangladesh.",field_survey,FISH,Fish,GI_TRACT,GUT,FRESHWATER;SEDIMENT,,BGD,HOMOGENIZE;RINSE,OXIDATION,DENSITY,OPTICAL;UFTIR,70.0,70.0,48.0,48.0,20.0,20.0,NYLON,count,1000.0,not_demonstrated,no,PE;PET;PS;PP;PVC;PA,,,identified,MULTI_METHOD,0,1,3,occurrence,original,2026-09-27-merged-v2
SID0061,Parvin 2021,2021,10.1016/j.scitotenv.2021.147137,"Abundance, characteristics and variation of microplastics in different freshwater fish species from Bangladesh.",field_survey,FISH,Fish,GI_TRACT;SOFT_TISSUE,GUT;PROTEIN,,,BGD,HOMOGENIZE,ALKALI,FILTRATION,OPTICAL;SEM;UFTIR,40.0,40.0,120.0,120.0,0.45,0.45,GLASS_FIBRE,count,61.0,reported,no,PE;PP;PE-HD;EVA;EPM,,,identified,MULTI_METHOD,0,19,35,occurrence,original,2026-09-27-merged-v2
SID0062,Tee-Hor 2023,2023,10.7717/peerj.16082,Identification of anthropogenic debris in the stomach and intestines of giant freshwater prawns from the Trang River in southern Thailand.,field_survey,CRUSTACEAN,Crustacean,GI_TRACT,GUT,,,THA,HOMOGENIZE,ALKALI,DENSITY,OPTICAL;ATR_FTIR,5.0,60.0,0.08,12.0,20.0,20.0,NYLON,count,100.0,reported,no,PVC;RAYON;CELL,,,identified,MULTI_METHOD,0,4,8,occurrence,original,2026-09-27-merged-v2
SID0063,Primpke 2024,2024,10.1016/j.scitotenv.2024.170618,"At second glance: The importance of strict quality control - A case study on microplastic in the Southern Ocean key species Antarctic krill, Euphausia superba.",validation,CRUSTACEAN,Crustacean,GI_CONTENTS,GUT,,,INTL,HOMOGENIZE,ALKALI;ACID,SPE,UFTIR,50.0,50.0,24.0,48.0,0.2,0.2,ALUMINA,count,11.23,reported,no,,,,identified,MULTI_REAGENT,0,3,3,occurrence,original,2026-09-27-merged-v2
SID0066,Ta 2022,2022,10.1016/j.chemosphere.2022.134918,Investigation of microplastic contamination in blood cockles and green mussels from selected aquaculture farms and markets in Thailand.,field_survey,BIVALVE,Bivalve,SOFT_TISSUE,PROTEIN,,,THA,RINSE,OXIDATION,DENSITY,FLUOR;UFTIR,60.0,60.0,24.0,24.0,53.0,53.0,CELLULOSE;STEEL,count,50.0,not_demonstrated,no,PE;PP;PS;PA;EPM;PEST;RAYON,,,identified,MULTI_METHOD,0,4,8,occurrence,original,2026-09-27-merged-v2
SID0068,Entezari 2026,2026,10.1038/s41598-025-31189-6,A peak comparison index approach for robust microplastic analysis across environmental matrices: validation using meat products.,method_development,MAMMAL,Mammal (non-human),MUSCLE,PROTEIN,,yes,IRN,HOMOGENIZE,OXIDATION;ALKALI;ACID,,ATR_FTIR;UFTIR,40.0,60.0,12.0,12.0,,,,,25.0,model_particle,no,,,PE;PS;PVC;PE-LD;PE-HD,exposure_only,MULTI_REAGENT,0,0,0,methods_only,original,2026-09-27-merged-v2
SID0069,Alfonso 2021,2021,10.1016/j.marpolbul.2021.113027,"Microplastics on plankton samples: Multiple digestion techniques assessment based on weight, size, and FTIR spectroscopy analyses.",method_development,CRUSTACEAN;FISH;GASTROPOD;ZOOPLANKTON,Crustacean;Fish;Other invertebrate,WHOLE_BODY,WHOLE_ORGANISM,SEAWATER,,JPN,SIEVE,ENZ_CHEM;ENZYME;ALKALI,FILTRATION,ATR_FTIR,40.0,60.0,0.33,72.0,200.0,200.0,,count,300.0,reported,no,,,,identified,MULTI_REAGENT,0,0,0,methods_only,original,2026-09-27-merged-v2
SID0070,Tokunaga 2023,2023,10.1016/j.chemosphere.2023.138032,Airborne microplastics detected in the lungs of wild birds in Japan.,field_survey,BIRD,Bird,ORGAN,PROTEIN,,,JPN,HOMOGENIZE,ENZ_CHEM;ENZYME;ACID,DENSITY,UFTIR;ATR_FTIR,24.0,40.0,1.0,72.0,0.2,0.45,PTFE,count,28.0,reported,no,PE;PP;EVA;PB,,,identified,MULTI_REAGENT,0,4,9,occurrence,original,2026-09-27-merged-v2
SID0071,Pandey 2023,2023,10.1016/j.envres.2022.115011,"Abundance, characteristics, and risk assessment of microplastics in indigenous freshwater fishes of India.",field_survey,FISH,Fish,GI_TRACT;GILL;MUSCLE;WHOLE_BODY,GUT;PROTEIN;WHOLE_ORGANISM,,,IND,HOMOGENIZE;RINSE,ALKALI,DENSITY,RAMAN;OPTICAL,60.0,60.0,24.0,24.0,8.0,500.0,STEEL,count,36.0,reported,no,PE;PE-HD;PE-LD,,,identified,MULTI_METHOD,0,8,8,occurrence,original,2026-09-27-merged-v2
SID0072,Alfonso 2024,2024,10.1016/j.scitotenv.2024.172837,Small microplastic ingestion by the calanoid Centropages furcatus in the Gulf of Thailand.,field_survey,CRUSTACEAN,Crustacean,WHOLE_BODY,WHOLE_ORGANISM,,,THA,RINSE,ALKALI,FILTRATION,UFTIR,40.0,40.0,72.0,72.0,5.0,5.0,PTFE,count,20.0,reported,no,PE;PP;PS;EPDM;PBT;PET;EPM,,,identified,,1,1,2,occurrence,original,2026-09-27-merged-v2
SID0073,Das 2025,2025,10.1007/s00128-025-04048-3,Unveiling Microplastics in Commercial Brackish Water Fishes from the Lower Meghna River Estuary of Bangladesh.,field_survey,FISH,Fish,GI_TRACT,GUT,,,BGD,HOMOGENIZE;RINSE,ALKALI,DENSITY,OPTICAL;ATR_FTIR,40.0,40.0,24.0,48.0,0.45,0.45,GLASS_FIBRE,count,500.0,not_demonstrated,no,PE;PP;PET;PS;PA;PA6,,,identified,MULTI_METHOD,0,3,9,occurrence,original,2026-09-27-merged-v2
SID0074,Liu 2026,2026,10.1016/j.ebiom.2026.106177,Microplastic-associated gut microbial profile and antibiotic resistance in preschool children: a multicentre cross-sectional study in China.,biomonitoring,HUMAN,Human,FECES,FECAL,,,CHN,FREEZE_DRY,ACID,FILTRATION,PYGCMS,60.0,110.0,48.0,48.0,,,PTFE,mass,1.0,reported,yes,PE;PP;PET;PS;PVC;PA;PMMA;PA66;PA6,,,identified,,11,1,10,occurrence,original,2026-09-27-merged-v2
SID0075,Amereh 2022,2022,10.1016/j.envpol.2022.120174,Placental plastics in young women from general population correlate with reduced foetal growth in IUGR pregnancies.,biomonitoring,HUMAN,Human,REPRODUCTIVE,PROTEIN,,,IRN,HOMOGENIZE,ALKALI,FILTRATION,RAMAN;OPTICAL,RT,RT,168.0,168.0,1.6,1.6,CELLULOSE,count,2.9,reported,no,PE;PP;PET;PS;PE-LD;PE-HD,,,identified,MULTI_METHOD,0,2,4,occurrence,original,2026-09-27-merged-v2
SID0076,Rasta 2023,2023,10.1002/etc.5725,"Microplastic Pollution in the Gastrointestinal Tract and Gills of Some Teleost and Sturgeon Fish from the Caspian Sea, Northern Iran.",field_survey,FISH,Fish,GI_TRACT;GILL,GUT;PROTEIN,,,IRN,HOMOGENIZE;RINSE,ALKALI,FILTRATION,RAMAN;OPTICAL;SEM,60.0,60.0,24.0,24.0,5.0,5.0,CELLULOSE,count,45.0,reported,no,PE;PA;PC;PE-LD,,,identified,MULTI_METHOD,0,2,6,occurrence,original,2026-09-27-merged-v2
SID0077,Patterson 2021,2021,10.1016/j.marpolbul.2021.112678,Microplastic contamination in Indian edible mussels (Perna perna and Perna viridis) and their environs.,field_survey,BIVALVE,Bivalve,SOFT_TISSUE;WHOLE_BODY,PROTEIN;WHOLE_ORGANISM,SEAWATER;SEDIMENT,,IND,HOMOGENIZE;RINSE,ALKALI,DENSITY,OPTICAL;ATR_FTIR;SEM,40.0,45.0,4.0,72.0,0.8,2.7,GLASS_FIBRE,count,500.0,not_demonstrated,no,PE;PP;PA;PS;PET;PU;PMMA;PEST;EVA;PB;RAYON;ACR,,,identified,MULTI_METHOD;MULTI_REAGENT,4,1,2,occurrence,original,2026-09-27-merged-v2
SID0078,Aliko 2022,2022,10.1016/j.scitotenv.2022.157799,"Plastic invasion tolling: First evaluation of microplastics in water and two crab species from the nature reserve lagoonary complex of Kune-Vain, Albania.",field_survey,CRUSTACEAN,Crustacean,GI_TRACT,GUT,SEAWATER;SEDIMENT,,ALB,HOMOGENIZE,ALKALI,DENSITY,ATR_FTIR,40.0,50.0,0.03,48.0,20.0,32.0,,count,20.0,reported,no,PE;PP;PE-HD;PE-LD,,,identified,MULTI_METHOD;MULTI_REAGENT,0,4,4,occurrence,original,2026-09-27-merged-v2
SID0079,Arivukumar 2026,2026,10.1016/j.marpolbul.2026.119360,"Microplastic contamination in thirty commercially important fish species: Distribution, polymer composition, pollution indices, and human health risks.",field_survey,FISH,Fish,GI_TRACT;GILL;MUSCLE,GUT;PROTEIN,,,IND,HOMOGENIZE;RINSE,OXIDATION,FILTRATION,OPTICAL;ATR_FTIR,65.0,65.0,72.0,72.0,5.0,5.0,CELLULOSE,count,110.0,reported,no,PE;PP;PVC;PU;PA;PS;PVOH,,,identified,MULTI_METHOD,0,3,3,occurrence,original,2026-09-27-merged-v2
SID0080,Amato-Lourenço 2024,2024,10.1001/jamanetworkopen.2024.40018,Microplastics in the Olfactory Bulb of the Human Brain.,biomonitoring,HUMAN,Human,ORGAN;SECTION,PROTEIN;SECTION,,,BRA,FREEZE_DRY,ENZYME,FILTRATION,OPTICAL;UFTIR,40.0,40.0,12.0,48.0,0.45,0.45,SILVER,count,5.5,reported,no,PE;PP;PA;EVA;CELL,,,identified,MULTI_METHOD,0,4,5,occurrence,original,2026-09-27-merged-v2
SID0081,SouzaMTV 2025,2025,10.1590/0001-3765202520241204,Occurrence of microplastics in the gastrointestinal tract of Amazonian fish species with different feeding habits.,field_survey,FISH,Fish,GI_TRACT,GUT,,,BRA,HOMOGENIZE;RINSE,ALKALI,FILTRATION,OPTICAL;ATR_FTIR,60.0,60.0,24.0,24.0,300.0,300.0,STEEL,count,790.0,reported,no,PE;PP;PET;PEST;EVA;CA;CELL,,,identified,MULTI_METHOD,0,1,2,occurrence,original,2026-09-27-merged-v2
SID0082,Torresi 2024,2024,10.1016/j.marpolbul.2024.116767,Microplastic characterization in the stomachs of swordfish (Xiphias gladius) from the western Mediterranean Sea.,field_survey,FISH,Fish,GI_CONTENTS,GUT,,,INTL,RINSE;SIEVE,OXIDATION,FILTRATION,OPTICAL;UFTIR,60.0,60.0,72.0,120.0,1.2,1.2,,count,114.0,reported,no,PP;PET;PAN;CELL;PS;PE;PEST;PA,,,identified,MULTI_METHOD,0,3,5,occurrence,original,2026-09-27-merged-v2
SID0083,Soegianto 2025,2025,10.1016/j.etap.2025.104762,"Microplastic contamination in green mussels (Perna viridis Linnaeus, 1758) collected from the traditional fish markets along the East Java coast of Indonesia and the associated risk assessment.",field_survey,BIVALVE,Bivalve,SOFT_TISSUE,PROTEIN,,,IDN,HOMOGENIZE;FREEZE_DRY,OXIDATION,DENSITY,OPTICAL;ATR_FTIR,50.0,50.0,48.0,48.0,,,CELLULOSE,count,100.0,not_demonstrated,no,PE;PP;PVC;PS;PA;PMMA;PC;PTFE;CA;ABS;MF;CELL;ACR,,,identified,MULTI_METHOD,0,1,2,occurrence,original,2026-09-27-merged-v2
SID0084,Pagter 2021,2021,10.1016/j.scitotenv.2021.148278,Assessing microplastic distribution within infaunal benthic communities in a coastal embayment.,field_survey,ANNELID;ECHINODERM;INVERT_MIXED,Other invertebrate,WHOLE_BODY,WHOLE_ORGANISM,,,IRL,RINSE,ALKALI,FILTRATION,OPTICAL;UFTIR,RT,RT,12.0,12.0,,,GLASS_FIBRE,count,23.0,reported,no,PE;PP;PVC;PS;PVAC;EPDM;CA;RAYON;PVDF;PLA;POM;CELL,,,identified,MULTI_METHOD,0,2,3,occurrence,original,2026-09-27-merged-v2
SID0085,Bergmann 2023,2023,10.1021/acs.est.2c08010,"High Levels of Microplastics in the Arctic Sea Ice Alga Melosira arctica, a Vector to Ice-Associated and Benthic Food Webs.",field_survey,ALGA,Plant or alga,PLANT_TISSUE,PLANT,SEAWATER,,DEU,HOMOGENIZE;RINSE,OXIDATION,FILTRATION,FLUOR;RAMAN,30.0,50.0,48.0,48.0,0.2,2.2,,count,1.6,reported,no,PE;PP;PET;PS;PVC;PU;PA;PMMA;PC;PLA;PEST;ACR;CA;PSU;EVA;SAN;ABS,,,identified,MULTI_METHOD,2,1,2,occurrence,original,2026-09-27-merged-v2
SID0086,Unger 2025,2025,10.1016/j.marpolbul.2025.118138,When the small ones tease the largest: Microplastic and phthalate ester occurrence in cetaceans occasionally found in the German North Sea and Baltic Sea.,field_survey,MAMMAL,Mammal (non-human),GI_TRACT;MUSCLE;ADIPOSE;FECES,GUT;PROTEIN;LIPID;FECAL,,,DEU;DNK,RINSE;FREEZE_DRY,ENZYME,DENSITY,FLUOR;UFTIR,,,24.0,24.0,100.0,100.0,ALUMINA,count,100.0,not_demonstrated,no,PEST;PA;PE,OTHER(identity_unresolved),,identified,MULTI_METHOD,0,2,3,occurrence,original,2026-09-27-merged-v2
SID0088,Mondal 2024,2024,10.1016/j.marpolbul.2024.117020,"Occurrence, characteristics and distribution of microplastics in commercial marine fishes of the Bay of Bengal.",field_survey,FISH,Fish,GI_TRACT;GILL;MUSCLE,GUT;PROTEIN,,,BGD,HOMOGENIZE,OXIDATION,FILTRATION,OPTICAL;ATR_FTIR,50.0,50.0,24.0,72.0,0.45,0.45,,count,500.0,not_demonstrated,no,PE;PP;PET;PEST,,,identified,MULTI_METHOD;MULTI_REAGENT,0,3,3,occurrence,original,2026-09-27-merged-v2
SID0089,Tutaroğlu 2024,2024,10.1007/s11356-023-31130-2,Microplastic contamination of packaged spirulina products.,field_survey,ALGA;FOOD_PRODUCT,Plant or alga;Food product,PLANT_TISSUE;FOOD,PLANT;FOOD,,,TUR,,ALKALI,DENSITY,RAMAN;OPTICAL,60.0,60.0,,,0.45,0.45,CELLULOSE,count,69.0,reported,no,PE;PP;PS;PA;PMMA;PEST;ABS;SAN;CELL,,,identified,MULTI_METHOD;MULTI_REAGENT,0,3,3,occurrence,original,2026-09-27-merged-v2
SID0090,TrindadePAA 2023,2023,10.1016/j.scitotenv.2023.163199,First record of plastic ingestion by a freshwater stingray.,field_survey,ELASMO,Fish,GI_CONTENTS;GI_TRACT,GUT,,,BRA,,,DENSITY,OPTICAL;UFTIR,,,,,,,,count,800.0,reported,no,PS;PA;PET;PU;PTFE;ABS;CELL;ACR;RAYON,,,identified,MULTI_METHOD,0,2,3,occurrence,original,2026-09-27-merged-v2
SID0091,Zhang 2024,2024,10.1016/j.ebiom.2024.105369,Association of mixed exposure to microplastics with sperm dysfunction: a multi-site study in China.,biomonitoring,HUMAN,Human,BODY_FLUID,AQUEOUS,,,CHN,,ALKALI,DENSITY,RAMAN,40.0,40.0,48.0,48.0,1.2,1.2,,mass,1.2,reported,no,PE;PP;PET;PS;PVC;PC;PTFE;ABS,,,identified,,0,3,24,occurrence,original,2026-09-27-merged-v2
SID0092,DampeAcharige 2025,2025,10.1016/j.marpolbul.2025.118160,Man-made polymers of natural compounds out weight microplastics in Australian seafood: Are we fixating on the wrong thing?,field_survey,CRUSTACEAN;FISH;CEPHALOPOD,Crustacean;Fish;Other invertebrate,GI_TRACT;GILL;MUSCLE,GUT;PROTEIN,,,AUS;CAN,HOMOGENIZE;RINSE,ALKALI,DENSITY,OPTICAL;UFTIR,RT,RT,12.0,336.0,5.0,5.0,STEEL,count,17.8,not_demonstrated,no,PE;PP;PET;PS;PVC;PU;PA;PE-LD;PE-HD;PEST;CELL;RAYON,,,identified,MULTI_METHOD,6,1,2,occurrence,original,2026-09-27-merged-v2
SID0093,Piskuła 2026,2026,10.1016/j.marpolbul.2025.118959,Comparative study on microplastic abundance in fish organs from marine and freshwater ecosystems of the southern Baltic Sea region: influence of habitat zone and feeding preferences.,field_survey,FISH,Fish,GI_TRACT;GILL;WHOLE_BODY;ORGAN,GUT;PROTEIN;WHOLE_ORGANISM,,,POL,HOMOGENIZE;RINSE,ALKALI,DENSITY,OPTICAL;ATR_FTIR,,,,,0.11,11.0,CELLULOSE;GLASS_FIBRE,count,6.0,not_demonstrated,no,PE;PP;PET;PS;PVC;PA;RAYON;ACR;PEST;PAN,,,identified,MULTI_METHOD,0,3,4,occurrence,original,2026-09-27-merged-v2
SID0094,Lasdin 2023,2023,10.7717/peerj.14564,Presence of microplastics and microparticles in Oregon Black Rockfish sampled near marine reserve areas.,field_survey,FISH,Fish,GI_CONTENTS;GI_TRACT,GUT,,,USA,RINSE;SIEVE,ALKALI,SPE,OPTICAL;ATR_FTIR;UFTIR;RAMAN,50.0,50.0,48.0,72.0,5.0,63.0,PC_TRACK,count,81.167,reported,no,PE;PP;PET;PVC;PU;ABS;PEST;CELL;PCL;ACR;SEBS,,,identified,MULTI_METHOD,0,2,6,occurrence,original,2026-09-27-merged-v2
SID0095,Li 2022,2022,10.1016/j.scitotenv.2021.151126,Microplastics in a pelagic dolphinfish (Coryphaena hippurus) from the Eastern Pacific Ocean and the implications for fish health.,field_survey,FISH,Fish,GI_TRACT;GILL;MUSCLE,GUT;PROTEIN,,,INTL,HOMOGENIZE;RINSE,ALKALI,DENSITY,RAMAN;OPTICAL,75.0,75.0,12,12,0.7,0.7,GLASS_FIBRE,count,100.0,reported,no,PE;PP;PET;PS;PEST;EPM,,,identified,MULTI_METHOD,0,6,7,occurrence,original,2026-09-27-merged-v2
SID0096,Reunura 2022,2022,10.7717/peerj.12916,Detection of microplastics in Litopenaeus vannamei (Penaeidae) and Macrobrachium rosenbergii (Palaemonidae) in cultured pond.,field_survey,CRUSTACEAN,Crustacean,GI_TRACT,GUT,,,THA,HOMOGENIZE;RINSE,OXIDATION,DENSITY,OPTICAL;UFTIR,,,168.0,168.0,0.45,0.45,NYLON,count,250.0,not_demonstrated,no,PE;PVOH;ABS;PCL,,,identified,MULTI_METHOD,0,3,9,occurrence,original,2026-09-27-merged-v2
SID0097,Pulikkoden 2026,2026,10.1007/s10661-026-15412-z,"Assessing microplastic pollution in the gastrointestinal tract of green tiger prawns (Penaeus semisulcatus, De Haan, 1844) caught off the west coast of the Arabian Gulf, Saudi Arabia.",field_survey,CRUSTACEAN,Crustacean,GI_TRACT,GUT,,,SAU,HOMOGENIZE;RINSE,OXIDATION;ACID,DENSITY,OPTICAL;ATR_FTIR;SEM;UFTIR,50.0,50.0,6.0,6.0,40.0,40.0,STEEL;GLASS_FIBRE,count,40.0,reported,no,PE;PP;PET;PA,,,identified,MULTI_METHOD;MULTI_REAGENT,0,1,3,occurrence,original,2026-09-27-merged-v2
SID0101,Alabhai 2025,2025,10.1007/s10661-025-14048-9,"Accumulation of microplastic in edible marine species from North Kerala, India.",field_survey,BIVALVE;CRUSTACEAN;FISH,Bivalve;Crustacean;Fish,MUSCLE;SOFT_TISSUE,PROTEIN,,,IND,HOMOGENIZE;RINSE,ALKALI,FILTRATION,OPTICAL;ATR_FTIR;UFTIR,60.0,60.0,24.0,24.0,11.0,11.0,CELLULOSE,count,100.0,not_demonstrated,no,PE;PET;PVC;PTFE;PEST,PAA(identity_unresolved),,identified,MULTI_METHOD,0,3,6,occurrence,original,2026-09-27-merged-v2
SID0102,Torres-Agullo 2023,2023,10.1016/j.envint.2023.108129,"Nasal lavage technique reveals regular inhalation exposure of microplastics, not associated from face mask use.",biomonitoring,HUMAN,Human,BODY_FLUID,AQUEOUS,,,ESP,RINSE,OXIDATION,SPE,OPTICAL;UFTIR,60.0,60.0,24.0,24.0,5.0,20.0,SILICON;NYLON,count,21.0,reported,no,PE;PP;PS;PVC;PA;EPDM;PVDF;PEST,,,identified,MULTI_METHOD,0,1,10,occurrence,original,2026-09-27-merged-v2
SID0103,Thrift 2025,2025,10.1093/etojnl/vgaf103,Microplastic contamination is widespread across invertebrate taxa frequently consumed by terrestrial vertebrates.,field_survey,CRUSTACEAN;INSECT;ANNELID;GASTROPOD,Crustacean;Other invertebrate,GI_TRACT;WHOLE_BODY,GUT;WHOLE_ORGANISM,SOIL,,GBR,HOMOGENIZE;RINSE,OXIDATION,DENSITY,ATR_FTIR;UFTIR,25.0,25.0,48.0,48.0,1.2,1.2,CELLULOSE,count,20.0,reported,no,PE;PP;PS;PA;PEST;PVAC;PIB;EP;PAN;RAYON,,,identified,MULTI_METHOD,0,4,5,occurrence,original,2026-09-27-merged-v2
SID0104,PalerMKO 2021,2021,10.1016/j.envpol.2021.117166,"Low microplastic abundance in Siganus spp. from the Tañon Strait, Central Philippines.",field_survey,FISH,Fish,GI_TRACT,GUT,,,PHL,HOMOGENIZE,ALKALI,DENSITY,OPTICAL;ATR_FTIR,40.0,40.0,2.0,72.0,0.47,0.47,CELLULOSE,count,300.0,reported,no,PE;PA;PEST;PET,,,identified,MULTI_METHOD,0,6,7,occurrence,original,2026-09-27-merged-v2
SID0106,Paramasivan 2026,2026,10.1016/j.marpolbul.2026.119451,"Microplastics ingestion in zooplankton in tropical estuarine fronts of Terengganu, Malaysia.",field_survey,ZOOPLANKTON,Other invertebrate,GI_CONTENTS;WHOLE_BODY,GUT;WHOLE_ORGANISM,,,MYS,HOMOGENIZE;RINSE,ALKALI;OXIDATION,SPE,ATR_FTIR;SEM;UFTIR,50.0,50.0,5.0,5.0,,,,count,18.0,reported,no,PET;PU;PA;PE-LD,,,identified,MULTI_METHOD;MULTI_REAGENT,0,1,2,occurrence,original,2026-09-27-merged-v2
SID0108,Parker 2022,2022,10.1016/j.scitotenv.2022.156321,Microplastic loads within riverine fishes and macroinvertebrates are not predictable from ecological or morphological characteristics.,field_survey,FISH;INVERT_MIXED,Fish;Other invertebrate,GI_CONTENTS;GI_TRACT;WHOLE_BODY,GUT;WHOLE_ORGANISM,,,GBR,HOMOGENIZE,OXIDATION,FILTRATION,OPTICAL;ATR_FTIR;UFTIR,60.0,60.0,48.0,48.0,26.0,26.0,STEEL,count,26.0,reported,no,PE;PP;PS;PA;PEST,,,identified,MULTI_METHOD,0,2,4,occurrence,original,2026-09-27-merged-v2
SID0109,Zitouni 2022,2022,10.1016/j.scitotenv.2022.155872,Metabolomic disorders unveil hepatotoxicity of environmental microplastics in wild fish Serranus scriba (Linnaeus 1758).,field_survey,FISH,Fish,ORGAN,PROTEIN,,,TUN,RINSE,ALKALI,DENSITY,RAMAN,60.0,60.0,4.0,24.0,0.45,3.0,,count,0.45,reported,yes,PE;PS;PA;PE-LD;PE-HD;EVA;ACR;PVC,,,identified,,0,3,4,occurrence,original,2026-09-27-merged-v2
SID0112,Leslie 2022,2022,10.1016/j.envint.2022.107199,Discovery and quantification of plastic particle pollution in human blood.,biomonitoring,HUMAN,Human,BLOOD,BLOOD,,,NLD,RINSE,ENZ_CHEM;OXIDATION;ENZYME;ACID,FILTRATION,PYGCMS,45.0,60.0,0.33,4.0,0.7,0.7,GLASS_FIBRE,mass,0.7000000000000001,reported,yes,PE;PP;PET;PS;PMMA;PS-E;ABS,,,identified,MULTI_METHOD;MULTI_REAGENT,10,1,7,occurrence,original,2026-09-27-merged-v2
SID0113,Okoffo 2024,2024,10.1016/j.scitotenv.2024.172716,Limited exposure of captive Australian marsupials to plastics.,field_survey,MAMMAL,Mammal (non-human),FECES;PLANT_TISSUE,FECAL;PLANT,,,AUS,HOMOGENIZE;FREEZE_DRY;SIEVE,ENZYME,,PYGCMS,38.0,60.0,0.08,336.0,1000.0,1000.0,STEEL,mass,,,no,PMMA;PET;PVC;PE;PP;PS;PC,,,identified,NONDETECT_OR_UNCONFIRMED,6,3,3,occurrence,original,2026-09-27-merged-v2
SID0114,Dessì 2021,2021,10.1016/j.jhazmat.2021.125778,Plastics contamination of store-bought rice.,field_survey,PLANT;FOOD_PRODUCT,Plant or alga;Food product,FOOD,FOOD,,,AUS;PAK;THA;IND,RINSE;FREEZE_DRY,,,ATR_FTIR;PYGCMS,,,,,500.0,500.0,STEEL,mass,,,no,PE;PP;PET;PVOH,,,identified,MULTI_METHOD,0,2,2,occurrence,original,2026-09-27-merged-v2
SID0115,Thrift 2022,2022,10.1016/j.scitotenv.2022.156679,Ingestion of plastics by terrestrial small mammals.,field_survey,MAMMAL,Mammal (non-human),FECES,FECAL,,,GBR,FREEZE_DRY,OXIDATION;ALKALI;ACID,FILTRATION,UFTIR,50.0,50.0,0.5,1.0,1.2,1.2,CELLULOSE,count,20.0,reported,no,PE;PP;PVC;PLA;PEST;EVA;RAYON;PAN;EP,,,identified,MULTI_METHOD;MULTI_REAGENT,0,2,3,occurrence,original,2026-09-27-merged-v2
SID0116,Sefiloglu 2024,2024,10.1186/s12302-024-00987-6,Quantitative analysis of microplastics in Nile tilapia from a recirculating aquaculture system using pyrolysis-gas chromatography-mass spectrometry,method_development,FISH,Fish,MUSCLE,PROTEIN,,,NLD;SWE,HOMOGENIZE;FREEZE_DRY,ENZ_CHEM;OXIDATION,FILTRATION,PYGCMS,50.0,50.0,0.17,24.0,0.7,0.7,GLASS_FIBRE,mass,0.7000000000000001,reported,yes,,,,identified,MULTI_REAGENT,6,1,6,occurrence,original,2026-09-27-merged-v2
SID0118,Singh 2026,2026,10.3390/microplastics5010002,"Detection and Identification of Non-Labeled Polystyrene Nanoplastics in Rodent Tissues Using Asymmetric Flow Field-Flow Fractionation (AF4) Combined with UV-Vis, Dynamic Light Scattering (DLS) Detectors and Offline Pyrolysis-GCMS (Pyro-GCMS)",method_development,MAMMAL,Mammal (non-human),GI_TRACT;MUSCLE;ORGAN,GUT;PROTEIN,,,CAN,HOMOGENIZE,ALKALI;ENZ_CHEM;ENZYME,SPE,PYGCMS,37.0,55.0,24.0,96.0,1.2,3.0,,mass,0.05,model_particle,yes,,,PS,exposure_only,MULTI_REAGENT;NONDETECT_OR_UNCONFIRMED,8,4,4,occurrence,original,2026-09-27-merged-v2
SID0119,Prata 2022,2022,10.3390/ani12151979,Microplastics in Internal Tissues of Companion Animals from Urban Environments,field_survey,MAMMAL,Mammal (non-human),GI_TRACT;ORGAN;BLOOD,GUT;PROTEIN;BLOOD,,,PRT,RINSE,ALKALI,FILTRATION,FLUOR;RAMAN,24.0,60.0,0.08,24.0,1.2,1.2,GLASS_FIBRE,count,1.3,reported,no,PP;PET,,,identified,MULTI_METHOD,0,6,7,occurrence,original,2026-09-27-merged-v2
SID0120,Anuar 2022,2022,10.3390/polym14153054,Utilizing Pyrolysis-Gas Chromatography/Mass Spectrometry for Monitoring and Analytical Characterization of Microplastics in Polychaete Worms,field_survey,ANNELID,Other invertebrate,WHOLE_BODY,WHOLE_ORGANISM,,,MYS,HOMOGENIZE;RINSE,ALKALI,FILTRATION,PYGCMS,60.0,60.0,48.0,48.0,0.45,0.45,,count,0.45,not_demonstrated,no,PE;PP;PS;PVC;PET;PA;PMMA;PA6;ABS;PC,,,identified,MULTI_METHOD,0,1,1,occurrence,original,2026-09-27-merged-v2
SID0121,Parobková 2024,2024,10.1016/j.heliyon.2024.e37844,Raman microspectroscopy and laser-induced breakdown spectroscopy for the analysis of polyethylene microplastics in human soft tissues,method_development,HUMAN,Human,SOFT_TISSUE;ORGAN,PROTEIN,,,CZE,,ALKALI,FILTRATION,RAMAN;SEM;FTIR,50.0,50.0,16.0,16.0,0.45,0.45,,count,1.57,reported,no,,,,identified,MULTI_METHOD,1,1,1,occurrence,original,2026-09-27-merged-v2
SID0122,Geppner 2023,2023,10.3390/toxics11090790,Testing of Different Digestion Solutions on Tissue Samples and the Effects of Used Potassium Hydroxide Solution on Polystyrene Microspheres,method_development,MAMMAL,Mammal (non-human),ORGAN;BLOOD,PROTEIN;BLOOD,,,AUT,HOMOGENIZE,ALKALI;ENZ_CHEM;ENZYME;ACID,FILTRATION,OPTICAL;SEM,37.0,60.0,0.33,76.0,0.45,0.45,PC_TRACK,count,0.94,model_particle,no,,,,identified,MULTI_REAGENT,0,0,0,methods_only,original,2026-09-27-merged-v2
SID0123,Saraluck 2024,2024,10.3390/jcm13144029,Detection of Microplastics in Human Breast Milk and Its Association with Changes in Human Milk Bacterial Microbiota,biomonitoring,HUMAN,Human,MILK,LIPID_FLUID,,,THA,RINSE,ALKALI,FILTRATION,RAMAN,40.0,40.0,48.0,48.0,1.6,1.6,GLASS_FIBRE,count,1.6,not_demonstrated,no,PE;PP;PS;PVC;PET;PA,,,identified,,0,2,3,occurrence,original,2026-09-27-merged-v2
SID0124,Podbielski 2024,2024,10.1038/s41598-024-70366-x,"Customized digestion protocols for copepods, euphausiids, chaetognaths and fish larvae facilitate the isolation of ingested microplastics",method_development,CRUSTACEAN;FISH;ZOOPLANKTON,Crustacean;Fish;Other invertebrate,WHOLE_BODY,WHOLE_ORGANISM,,,DEU,HOMOGENIZE;RINSE;SIEVE,ENZ_CHEM;ENZYME,FILTRATION,,38.0,50.0,2.0,72.0,10.0,10.0,,count+mass,4.0,not_demonstrated,no,,,,identified,MULTI_METHOD;MULTI_REAGENT,3,0,0,methods_only,original,2026-09-27-merged-v2
SID0125,Smith 2024,2024,10.3390/microplastics3020015,"Microplastic Volatile Organic Compounds Found within Chrysaora chesapeakei in the Patuxent River, Maryland",field_survey,CNIDARIAN,Other invertebrate,WHOLE_BODY,WHOLE_ORGANISM,,,USA,RINSE,OXIDATION,FILTRATION,FLUOR;OPTICAL;RAMAN,80.0,80.0,0.33,1.0,,,,count,0.32,not_demonstrated,yes,OTHER,,,identified,MULTI_METHOD,0,2,2,occurrence,original,2026-09-27-merged-v2
SID0126,Pitt 2024,2024,10.1186/s43591-024-00101-w,The abundance and localization of environmental microplastics in gastrointestinal tract and muscle of Atlantic killifish (Fundulus heteroclitus): a pilot study,field_survey,FISH,Fish,GI_CONTENTS;GI_TRACT;MUSCLE;SECTION,GUT;PROTEIN;SECTION,,,USA,HOMOGENIZE;RINSE,ALKALI;ACID,FILTRATION,RAMAN;ATR_FTIR;UFTIR,60.0,60.0,48.0,48.0,1.0,25.0,CELLULOSE,count,2.0,reported,no,PE;PP;PU;PA;PE-LD;PE-HD;PA66,,,identified,MULTI_METHOD;MULTI_REAGENT,1,4,8,occurrence,original,2026-09-27-merged-v2
SID0127,DeBenedetto 2024,2024,10.1016/j.heliyon.2024.e31796,"Microplastics determination and quantification in two benthic filter feeders Sabella spallanzanii, Polychaeta and Paraleucilla magna , Porifera",method_development,ANNELID;SPONGE,Other invertebrate,WHOLE_BODY,WHOLE_ORGANISM,,,ITA,HOMOGENIZE;RINSE,ENZ_CHEM;OXIDATION,FILTRATION,RAMAN,50.0,75.0,0.08,48.0,0.7,0.7,,count,0.7,not_demonstrated,no,,,,identified,MULTI_METHOD;MULTI_REAGENT,1,2,4,occurrence,original,2026-09-27-merged-v2
SID0129,Simsek 2025,2025,10.3390/toxics13100865,"Determination of Microplastic Pollution in Commercial Fish in the Middle Black Sea (Samsun), Türkiye",field_survey,FISH,Fish,GI_CONTENTS;GI_TRACT,GUT,,,TUR,HOMOGENIZE;RINSE,OXIDATION,FILTRATION,OPTICAL;ATR_FTIR;SEM;UFTIR,65.0,65.0,24.0,24.0,1.2,1.2,,count,1.2,not_demonstrated,no,PE;PP;PET;PS;PMMA;PE-HD,,,identified,MULTI_METHOD,0,3,5,occurrence,original,2026-09-27-merged-v2
SID0130,Amponsah 2024,2024,10.1016/j.heliyon.2024.e25608,Evidence of microplastics accumulation in the gills and gastrointestinal tract of fishes from an estuarine system in Ghana,field_survey,FISH,Fish,GI_CONTENTS;GI_TRACT;GILL,GUT;PROTEIN,,,GHA,HOMOGENIZE;RINSE,ALKALI,DENSITY,ATR_FTIR,40.0,60.0,24.0,72.0,1.2,1.2,GLASS_FIBRE,count,1.2,not_demonstrated,no,PE;PP;PET;PS,,,identified,MULTI_METHOD,0,2,4,occurrence,original,2026-09-27-merged-v2
SID0131,Li 2025,2025,10.1016/j.eehl.2025.100193,Microplastic exposure in the lungs of young children and its associations with allergic rhinitis: A cross-sectional study in China,biomonitoring,HUMAN,Human,BODY_FLUID,AQUEOUS,,,CHN,,ACID,,UFTIR;PYGCMS;SEM,60.0,60.0,12.0,12.0,,,PTFE,mass,,,no,PE;PS;PVC;PA;PA66,,,identified,MULTI_METHOD,0,1,6,occurrence,original,2026-09-27-merged-v2
SID0132,Silva 2022,2022,10.3390/molecules27165172,Optimization of an Analytical Protocol for the Extraction of Microplastics from Seafood Samples with Different Levels of Fat,method_development,BIVALVE;FISH;CEPHALOPOD;FOOD_PRODUCT,Bivalve;Fish;Other invertebrate;Food product,GI_TRACT;GILL;MUSCLE;FOOD,GUT;PROTEIN;FOOD,,yes,PRT,,OXIDATION;ALKALI,SPE,RAMAN;FTIR,40.0,65.0,12,72.0,0.45,0.45,,count,0.45,not_demonstrated,no,,,PE;PET;PS;PMMA;PU;PE-LD;ACR,exposure_only,MULTI_REAGENT,6,0,0,methods_only,original,2026-09-27-merged-v2
SID0133,Piskula 2023,2023,10.3390/ani13030458,Microplastics in Commercial Fishes and By-Catch from Selected FAO Major Fishing Areas of the Southern Baltic Sea,field_survey,FISH,Fish,GI_TRACT;GILL;MUSCLE;ORGAN,GUT;PROTEIN,,,POL,HOMOGENIZE;RINSE,ALKALI,FILTRATION,OPTICAL;ATR_FTIR,50.0,55.0,0.25,48.0,11.0,11.0,CELLULOSE,count,60.0,reported,no,PE;PP;PET;PA;PAN;RAYON;PEST;CELL,,,identified,MULTI_METHOD,0,5,5,occurrence,original,2026-09-27-merged-v2
SID0134,Zhu 2024,2024,10.3390/toxics12120850,"Microplastic Particles Detected in Fetal Cord Blood, Placenta, and Meconium: A Pilot Study of Nine Mother-Infant Pairs in South China",biomonitoring,HUMAN,Human,REPRODUCTIVE;BLOOD;FECES,PROTEIN;BLOOD;FECAL,,,CHN,RINSE;FREEZE_DRY,ACID;OXIDATION,FILTRATION,RAMAN,70.0,70.0,2.0,3.0,1.0,1.0,,count,63.59,reported,no,PE;PP;PET;PA;CELL;PCL;PVOH;PVS;PC,,,identified,MULTI_REAGENT,0,3,9,occurrence,original,2026-09-27-merged-v2
SID0135,Pradit 2023,2023,10.3390/jmse11040723,"Microplastic Accumulation in Catfish and Its Effects on Fish Eggs from Songkhla Lagoon, Thailand",field_survey,FISH,Fish,GI_TRACT;GILL;MUSCLE;ORGAN;REPRODUCTIVE,GUT;PROTEIN,,,THA,HOMOGENIZE,ALKALI,SPE,OPTICAL;ATR_FTIR;UFTIR,50.0,60.0,4.0,12.0,20.0,20.0,CELLULOSE,count,8.0,reported,no,PP;PET;CELL;RAYON;PE,,,identified,MULTI_METHOD,0,4,8,occurrence,original,2026-09-27-merged-v2
SID0136,Boateng 2024,2024,10.1016/j.heliyon.2024.e29041,"Microplastics in the Volta Lake: Occurrence, distribution, and human health implications",field_survey,BIVALVE;CRUSTACEAN;FISH,Bivalve;Crustacean;Fish,GI_TRACT;MUSCLE;SOFT_TISSUE,GUT;PROTEIN,SEDIMENT,,GHA,HOMOGENIZE;RINSE,ALKALI,FILTRATION,OPTICAL;UFTIR,40.0,40.0,72.0,72.0,1.2,1.2,,count,48.0,reported,no,PE;PP;PS;PA;PC;RAYON;PEST,,,identified,MULTI_METHOD,3,3,9,occurrence,original,2026-09-27-merged-v2
SID0137,Ragusa 2022,2022,10.3390/polym14132700,Raman Microspectroscopy Detection and Characterisation of Microplastics in Human Breastmilk,biomonitoring,HUMAN,Human,MILK,LIPID_FLUID,,,ITA,,ALKALI,FILTRATION,RAMAN,40.0,40.0,48.0,48.0,1.6,1.6,GLASS_FIBRE,count,2.0,reported,no,PE;PP;PVC;PS;PA;PC;PVOH;ABS;PEST;EVA;PE-CL,,,identified,,0,1,5,occurrence,original,2026-09-27-merged-v2
SID0138,Irnidayanti 2023,2023,10.1007/s10661-023-11535-9,"Microplastics in green mussels (Perna viridis) from Jakarta Bay, Indonesia, and the associated hazards to human health posed by their consumption",field_survey,BIVALVE,Bivalve,SOFT_TISSUE,PROTEIN,,,IDN,HOMOGENIZE,OXIDATION,FILTRATION,OPTICAL;ATR_FTIR;UFTIR,70.0,80.0,24.0,24.0,2.5,2.5,CELLULOSE,count,2.5,not_demonstrated,no,PP;PS;PVC;PMMA;PAN;PU;PC;ABS;PTFE;EVA,,,identified,MULTI_METHOD,0,1,2,occurrence,original,2026-09-27-merged-v2
SID0139,Gao 2023,2023,10.1016/j.heliyon.2023.e20835,"Anthropogenic particles in the muscle, gill, and gastrointestinal tract of marine fish sold for human consumption",field_survey,FISH,Fish,GI_TRACT;GILL;MUSCLE,GUT;PROTEIN,,,MYS,HOMOGENIZE;RINSE,OXIDATION,FILTRATION,RAMAN;OPTICAL,60.0,60.0,48.0,72.0,11.0,11.0,CELLULOSE,count,40.0,reported,no,PP;PET;PAN;CELL,,,identified,MULTI_METHOD,0,2,2,occurrence,original,2026-09-27-merged-v2
SID0140,Durkin 2026,2026,10.1186/s43591-026-00189-2,"Micro- and nanoplastic exposure, immune cell activation, and lung function in young adults",biomonitoring,HUMAN,Human,BLOOD,BLOOD,,,NLD,,ENZ_CHEM;ENZYME,FILTRATION,PYGCMS,60.0,60.0,,,0.7,0.7,GLASS_FIBRE,mass,0.7,reported,yes,PE;PP;PET;PS;PVC;PMMA;PA;PA66,,,identified,MULTI_REAGENT,0,1,9,occurrence,original,2026-09-27-merged-v2
SID0141,Ahmed 2025,2025,10.1155/sci5/9515482,"Microplastics in Certain Commercial Finfish and Shellfish From Cox's Bazar Fish Landing Center, Bangladesh: Evaluating Abundance and Risks",field_survey,CRUSTACEAN;FISH;CEPHALOPOD,Crustacean;Fish;Other invertebrate,GI_TRACT;GILL;WHOLE_BODY,GUT;PROTEIN;WHOLE_ORGANISM,,,BGD,HOMOGENIZE,ENZ_CHEM;OXIDATION,FILTRATION,OPTICAL;ATR_FTIR;UFTIR,60.0,60.0,72.0,72.0,1.2,1.2,GLASS_FIBRE,count,1.2,not_demonstrated,no,PE;PP;PVC;PMMA;PA;PC;PU;EVA;ABS;PB;PE-HD;NBR,,,identified,MULTI_METHOD;MULTI_REAGENT,0,5,5,occurrence,original,2026-09-27-merged-v2
SID0143,Li 2023,2023,10.3390/toxics11040310,Investigation of Microplastics (≥10 μm) in Meconium by Fourier Transform Infrared Microspectroscopy,method_development,HUMAN,Human,FECES,FECAL,,,CHN,HOMOGENIZE;FREEZE_DRY,OXIDATION;ACID,FILTRATION,OPTICAL;ATR_FTIR;UFTIR,50.0,80.0,0.5,12,10.0,10.0,STEEL,count,10.0,model_particle,no,,,,none_confirmed,MULTI_METHOD;MULTI_REAGENT;NONDETECT_OR_UNCONFIRMED,2,1,1,occurrence,original,2026-09-27-merged-v2
SID0144,Prasath 2025,2025,10.1007/s11270-025-08520-y,"Microplastics Occurrence in Earthworm (Lampito mauritii) from the Mettur Dam, Southern India and Contamination Indices: Investigation and Indication",field_survey,ANNELID,Other invertebrate,GI_CONTENTS;GI_TRACT;WHOLE_BODY,GUT;WHOLE_ORGANISM,,,IND,HOMOGENIZE;RINSE,ALKALI,SPE,OPTICAL;ATR_FTIR;SEM,60.0,65.0,24.0,24.0,0.45,0.45,,count,100.0,not_demonstrated,no,PA;RAYON;CELL,,,identified,MULTI_METHOD,0,1,1,occurrence,original,2026-09-27-merged-v2
SID0145,Banica 2024,2024,10.3390/foods13193069,"Microplastics, Polycyclic Aromatic Hydrocarbons, and Heavy Metals in Milk: Analyses and Induced Health Risk Assessment",method_development,MAMMAL,Mammal (non-human),MILK;FOOD,LIPID_FLUID;FOOD,,,ROU,,OXIDATION,FILTRATION,OPTICAL;UFTIR;SEM;ICPMS;LCMS,30.0,60.0,0.17,0.33,12.0,15.0,CELLULOSE,count,68.0,reported,no,,,,identified,MULTI_METHOD,0,4,4,occurrence,original,2026-09-27-merged-v2
SID0146,Pironti 2023,2023,10.3390/toxics11010040,"First Evidence of Microplastics in Human Urine, a Preliminary Study of Intake in the Human Body",biomonitoring,HUMAN,Human,BODY_FLUID,AQUEOUS,,,ITA,,ALKALI,FILTRATION,RAMAN,40.0,40.0,48.0,48.0,1.2,1.2,GLASS_FIBRE,count,4.0,reported,no,PE;PP;PVC;EVA,,,identified,,0,1,6,occurrence,original,2026-09-27-merged-v2
SID0147,Hossain 2024,2024,10.3389/fsufs.2024.1372059,"Accumulation, tissue distribution, health hazard of microplastics in a commercially important cat fish, Silonia silondia from a tropical large-scale estuary",field_survey,FISH,Fish,GI_TRACT;GILL;MUSCLE,GUT;PROTEIN,,,BGD,HOMOGENIZE;RINSE,OXIDATION,DENSITY,OPTICAL;UFTIR,5.0,65.0,24.0,24.0,5.0,5.0,,count,5.0,not_demonstrated,no,PE;PP;PET,,,identified,MULTI_METHOD,0,3,6,occurrence,original,2026-09-27-merged-v2
SID0148,Rosales 2024,2024,10.1016/j.heliyon.2024.e32212,Proposed validation stages for MPs extraction from edible mussels ( Mytilus galloprovincialis ),method_development,BIVALVE,Bivalve,SOFT_TISSUE,PROTEIN,,,INTL,HOMOGENIZE;RINSE,ENZ_CHEM;OXIDATION;ENZYME,DENSITY,UFTIR;LDIR;FLUOR,50.0,50.0,26.0,36.0,0.8,25.0,STEEL;GOLD,count,20.0,not_demonstrated,no,,,,identified,MULTI_METHOD;MULTI_REAGENT,3,1,7,occurrence,original,2026-09-27-merged-v2
SID0149,Martin 2026,2026,10.1111/mms.70198,"Microplastic Munchies: Exploring Microplastic Trophic Transfer Potential Between Two Key Prey Fish Species and Resident Common Bottlenose Dolphins (Tursiops truncatus) in Sarasota Bay, Florida",field_survey,FISH;MAMMAL,Fish;Mammal (non-human),GI_CONTENTS;GI_TRACT;MUSCLE;FECES,GUT;PROTEIN;FECAL,,,USA,HOMOGENIZE;SIEVE,ALKALI,FILTRATION,RAMAN;OPTICAL,60.0,60.0,24.0,72.0,1.6,1.6,GLASS_FIBRE,count,63.0,not_demonstrated,no,PE;PP;PET;PS;PU;PEST;CELL,,,identified,MULTI_METHOD,6,8,8,occurrence,original,2026-09-27-merged-v2
SID0150,Shim 2025,2025,10.3390/life15030357,Identification and Characterization of Microplastics in Human Cervicovaginal Lavage Fluids Using Raman Spectroscopy: A Preliminary Study,biomonitoring,HUMAN,Human,BODY_FLUID,AQUEOUS,,,KOR,,OXIDATION,DENSITY,RAMAN,60.0,60.0,168.0,168.0,5.0,5.0,SILICON,count,5.0,not_demonstrated,no,PE;PP;PET;PS;PMMA,,,identified,,0,2,3,occurrence,original,2026-09-27-merged-v2
SID0151,Hossain 2023,2023,10.3390/biology12111422,"Microplastics in Different Tissues of a Commonly Consumed Fish, Scomberomorus guttatus, from a Large Subtropical Estuary: Accumulation, Characterization, and Contamination Assessment",field_survey,FISH,Fish,GI_TRACT;GILL;MUSCLE,GUT;PROTEIN,,,BGD,HOMOGENIZE;RINSE,OXIDATION,DENSITY,OPTICAL;UFTIR,55.0,65.0,24.0,24.0,5.0,5.0,,count,25.0,not_demonstrated,no,PE;PP;PET;PS;PVC,,,identified,MULTI_METHOD,0,3,6,occurrence,original,2026-09-27-merged-v2
SID0152,Ibrahim 2025,2025,10.1039/d4va00425f,Morphochemical information on microplastic fibers found in edible tissue of local commercial fishes from the South China Sea and the Straits of Malacca for potential human consumption,field_survey,FISH,Fish,MUSCLE;ORGAN;SKELETAL,PROTEIN;MINERAL,,,CHN;MYS,HOMOGENIZE,ALKALI,FILTRATION,OPTICAL;PYGCMS;SEM;UFTIR,40.0,40.0,48.0,48.0,0.45,0.45,,count,50.0,not_demonstrated,no,PE;PP;PET;PVC;PA;PC;PEST;RAYON;PVOH,,,identified,MULTI_METHOD,0,3,5,occurrence,original,2026-09-27-merged-v2
SID0153,Sá 2023,2023,10.3390/ani13203263,Microplastics in Cetaceans Stranded on the Portuguese Coast,field_survey,MAMMAL,Mammal (non-human),GI_CONTENTS,GUT,,,PRT,RINSE;SIEVE,ALKALI;OXIDATION,FILTRATION,OPTICAL,40.0,60.0,1.0,24.0,1.2,1.2,,count,159.0,reported,no,,,,none_reported,MULTI_REAGENT,0,4,4,occurrence,original,2026-09-27-merged-v2
SID0155,Pantó 2025,2025,10.3390/microplastics4020020,Exploring Microplastics' Presence in Free-Living Marine Nematodes from Natural Ecosystems Using μ-Raman Spectroscopy,method_development,NEMATODE,Other invertebrate,WHOLE_BODY,WHOLE_ORGANISM,SEDIMENT,,GBR,HOMOGENIZE;RINSE;SIEVE,ENZ_CHEM;ENZYME,FILTRATION,RAMAN,4.0,60.0,5.0,48.0,0.45,0.8,PC_TRACK;GOLD,count,1.0,model_particle,no,,PE(contamination_qualified);PET(contamination_qualified);PLA(contamination_qualified);PMMA(contamination_qualified);PP(contamination_qualified);PPTA(contamination_qualified);PS(contamination_qualified),,identified_qualified,MULTI_REAGENT,0,1,9,occurrence,original,2026-09-27-merged-v2
SID0156,Astel 2023,2023,10.3390/toxics11090779,Application of Pattern Recognition and Computer Vision Tools to Improve the Morphological Analysis of Microplastic Items in Biological Samples,method_development,FISH,Fish,GI_TRACT;GILL;ORGAN,GUT;PROTEIN,,,INTL,,ALKALI,FILTRATION,FLUOR;OPTICAL,60.0,60.0,48.0,48.0,,,,count,70.0,reported,no,,,,none_confirmed,,0,1,1,occurrence,original,2026-09-27-merged-v2
SID0157,Park 2025,2025,10.1021/acs.est.4c10640,Comparison of Microplastics between Lung Tissues and Intestinal Contents in Finless Porpoises (Neophocaena asiaeorientalis),field_survey,MAMMAL,Mammal (non-human),GI_CONTENTS;GI_TRACT;ORGAN,GUT;PROTEIN,,,KOR,HOMOGENIZE;RINSE,ALKALI;OXIDATION,DENSITY,UFTIR,60.0,60.0,72.0,96.0,20.0,20.0,STEEL,count,24.0,reported,no,PE;PP;PET;PS;PVC;PU;PA;PAN;EVA;EP,,,identified,MULTI_REAGENT,0,2,6,occurrence,original,2026-09-27-merged-v2
SID0158,Stankovic 2024,2024,10.3390/w16070962,Microplastics in the Danube River and Its Main Tributaries-Ingestion by Freshwater Macroinvertebrates,field_survey,BIVALVE;INSECT;ANNELID;INVERT_MIXED,Bivalve;Other invertebrate,SOFT_TISSUE;WHOLE_BODY,PROTEIN;WHOLE_ORGANISM,,,SVK,RINSE,ENZ_CHEM;OXIDATION;ENZYME,FILTRATION,OPTICAL;ATR_FTIR;UFTIR,65.0,65.0,12.0,12.0,0.5,0.5,,count,16.0,not_demonstrated,no,PET;PC;PA;PP;PE;RAYON;EPM,,,identified,MULTI_METHOD;MULTI_REAGENT,0,3,3,occurrence,original,2026-09-27-merged-v2
SID0159,Xiao 2026,2026,10.3390/toxics14010075,Associations of Fecal Microplastics with Oxidative Damage and Cardiopulmonary Function: Evidence from a Pilot Study,biomonitoring,HUMAN,Human,BODY_FLUID;FECES,AQUEOUS;FECAL,,,CHN,FREEZE_DRY,OXIDATION,DENSITY,UFTIR,50.0,50.0,24.0,24.0,1.0,1.0,,count,15.0,not_demonstrated,no,PA;PET;PE;PP;EVA;PIB;CELL;PLA;PEST,,,identified,,0,1,1,occurrence,original,2026-09-27-merged-v2
SID0160,Debbarma 2022,2022,10.1016/j.marpolbul.2022.113473,Abundance and characteristics of microplastics in gastrointestinal tracts and gills of croaker fish (Johnius dussumieri) from off Mumbai coastal waters of India,field_survey,FISH,Fish,GI_TRACT;GILL;WHOLE_BODY,GUT;PROTEIN;WHOLE_ORGANISM,,,IND,HOMOGENIZE;RINSE,ALKALI,DENSITY,RAMAN;OPTICAL,40.0,40.0,72.0,72.0,0.45,0.45,CELLULOSE,count,100.0,not_demonstrated,no,PE;PA;PET;PS;PEST,,,identified,MULTI_METHOD,0,2,6,occurrence,original,2026-09-27-merged-v2
SID0161,Saad 2024,2024,10.1016/j.heliyon.2023.e23393,"The first evidence of microplastic presence in the River Nile in Khartoum, Sudan: Using Nile Tilapia fish as a bio-indicator",field_survey,FISH,Fish,GI_TRACT,GUT,,,SDN,RINSE,ALKALI,DENSITY,RAMAN;SEM,40.0,40.0,24.0,24.0,1.6,1.6,GLASS_FIBRE,count,40.0,reported,no,PE;PE-HD;PP,,,identified,MULTI_METHOD,0,1,3,occurrence,original,2026-09-27-merged-v2
SID0162,Traylor 2024,2024,10.3389/ftox.2024.1469995,From the ocean to our kitchen table: anthropogenic particles in the edible tissue of US West Coast seafood species,field_survey,CRUSTACEAN;FISH,Crustacean;Fish,MUSCLE,PROTEIN,,,USA,HOMOGENIZE;RINSE,ALKALI,FILTRATION,ATR_FTIR;UFTIR,40.0,60.0,24.0,48.0,10.0,10.0,PC_TRACK,count,2.0,reported,no,PET;PE-LD;PE-HD;EVA;PP;PPTA;CELL;CA;RAYON;PE;PVC,,,identified,,0,1,4,occurrence,original,2026-09-27-merged-v2
SID0167,Hasanah 2024,2024,10.1177/11786302241235810,Plasticizing Pregnancy: Microplastics Identified in Expectant Mothers' Feces,biomonitoring,HUMAN,Human,FECES,FECAL,,,IDN,HOMOGENIZE;FREEZE_DRY,ALKALI,,FTIR,,,336.0,336.0,,,,count,200.0,reported,no,PA;PET;PE-HD;PE-CL;EPM;PE,,,identified,,0,1,1,occurrence,original,2026-09-27-merged-v2
SID0169,Vonderach 2024,2024,10.1007/s00216-023-05064-0,Determination of carbon in microplastics and single cells by total consumption microdroplet ICP-TOFMS,method_development,MAMMAL,Mammal (non-human),PRIMARY_CELLS,CELLS,,yes,CHE;USA,RINSE,,,ICPMS;SEM,,,,,,,,count+mass,2.93,reported,no,,,PS,exposure_only,,0,0,0,methods_only,original,2026-09-27-merged-v2
SID0170,Pan 2025,2025,10.1038/s41598-025-98268-6,Identification and analysis of microplastics in peritumoral and tumor tissues of colorectal cancer,biomonitoring,HUMAN;CELL_CULTURE,Human;Cell culture,GI_TRACT;ORGAN;CELLS,GUT;PROTEIN;CELLS,,,CHN,HOMOGENIZE,ACID,FILTRATION,SEM;FTIR;FLUOR,42.0,42.0,3.0,42.0,13.0,13.0,STEEL,count,20.0,reported,no,,,PVC;EVA;PET;PE;PP;PS;PA;PU;ACR;PTFE;PMMA;ABS;POM;PC,exposure_only,,0,2,3,occurrence,original,2026-09-27-merged-v2
SID0171,Zapata-Restrepo 2025,2025,10.1007/s10661-025-13975-x,"Microplastics in the European native oyster, Ostrea edulis, to monitoring pollution-related patterns in the Solent region (United Kingdom)",field_survey,BIVALVE,Bivalve,GI_TRACT;GILL,GUT;PROTEIN,,,GBR,HOMOGENIZE;RINSE,ENZYME,FILTRATION,RAMAN;ATR_FTIR,20.0,60.0,0.33,2.0,1.2,1.2,GLASS_FIBRE,count+mass,0.89,reported,no,ACR;CELL;RAYON;PMMA;PE-HD;PS-E;PET;PVC,,,identified,,4,1,1,occurrence,original,2026-09-27-merged-v2
SID0172,Pingki 2025,2025,10.1016/j.jfca.2024.107053,Microplastics (MPs) accumulation in two edible marine fish species sourced from the Bay of Bengal: Contamination level and risk assessment,field_survey,FISH,Fish,GI_TRACT;GILL,GUT;PROTEIN,,,BGD,HOMOGENIZE;RINSE,OXIDATION,DENSITY,UFTIR,60.0,60.0,48.0,48.0,5.0,5.0,CELLULOSE,count+mass,5.0,reported,no,PET;PE;PP,,,identified,,0,4,4,occurrence,original,2026-09-27-merged-v2
SID0173,Smith 2025,2025,10.3390/microplastics4020032,"Contaminants of Emerging Concern on Microplastics Found in the Chrysaora chesapeakei of the Patuxent River, Chesapeake Bay, MD",field_survey,CNIDARIAN,Other invertebrate,WHOLE_BODY,WHOLE_ORGANISM,,,USA,HOMOGENIZE,OXIDATION,FILTRATION,RAMAN,60.0,80.0,3.0,7.0,2.0,2.0,ALUMINA,count,1.2,reported,no,PET;PEST;PE;POM;PVP;PU;PA,,,identified,,0,1,1,occurrence,original,2026-09-27-merged-v2
SID0174,Ali 2025,2025,10.1371/journal.pone.0330253,First characterization and risk assessment of microplastics in the endangered Indus River dolphin (Platanista minor): Implications for conservation strategies.,field_survey,MAMMAL,Mammal (non-human),GI_CONTENTS;GI_TRACT,GUT,,,PAK,HOMOGENIZE;RINSE;SIEVE,ALKALI,FILTRATION,ATR_FTIR,60.0,60.0,72.0,168.0,0.45,0.45,,count+mass,50.0,reported,no,PET;PPS;PEST;PVC;PE;PP;PA;PU;PIB;CELL;PVOH,,,identified,,0,5,5,occurrence,original,2026-09-27-merged-v2
SID0175,Upadhyay 2025,2025,10.1007/s11270-025-08257-8,Environmental Biomonitoring of Heavy Metal and Microplastic Contamination in Mahi River Unveils Increased Risk to Edible Fish and Humans,field_survey,FISH,Fish,MUSCLE,PROTEIN,FRESHWATER,,IND,HOMOGENIZE,ALKALI,FILTRATION,ATR_FTIR;ICPMS,60.0,60.0,24.0,24.0,0.45,0.45,CELLULOSE,count+mass,500.0,reported,no,PP;PS;PA;PAN,,,identified,,0,1,1,occurrence,original,2026-09-27-merged-v2
SID0176,Conger 2024,2024,10.3390/environments11090185,"An Analysis of Suspected Microplastics in the Muscle and Gastrointestinal Tissues of Fish from Sarasota Bay, FL: Exposure and Implications for Apex Predators and Seafood Consumers",field_survey,FISH,Fish,GI_TRACT;MUSCLE,GUT;PROTEIN,,,USA,,ALKALI,FILTRATION,OPTICAL;FTIR,60.0,60.0,24.0,72.0,1.6,1.6,GLASS_FIBRE,count,,,no,,,,none_reported,,3,2,4,occurrence,original,2026-09-27-merged-v2
SID0178,Espiritu 2024,2024,10.1007/s13197-024-05978-2,Microplastics contamination in selected staple consumer food products,field_survey,PLANT;FISH;FOOD_PRODUCT,Plant or alga;Fish;Food product,FOOD,FOOD,,,PHL,HOMOGENIZE;RINSE,ACID,FILTRATION,RAMAN,60.0,70.0,0.25,18.0,1.2,1.2,GLASS_FIBRE,count,50.0,reported,no,PVC;PTFE;PET;PAN;PE;PP;PS,,,identified,,0,3,3,occurrence,original,2026-09-27-merged-v2
SID0180,Vencato 2024,2024,10.1016/j.marpolbul.2024.116125,Phthalate levels in common sea anemone Actinia equina and Anemonia viridis: A proxy of short-term microplastic interaction?,field_survey,CNIDARIAN,Other invertebrate,WHOLE_BODY;FECES,WHOLE_ORGANISM;FECAL,SEAWATER,,ITA,RINSE;SIEVE,OXIDATION,FILTRATION,UFTIR,25.0,25.0,,,50.0,50.0,STEEL,count+mass,279.0,reported,no,PS;PET;PVC;PE;PP;PU;PEST;PA;PA6;CELL;RAYON,,,identified,,0,2,6,occurrence,original,2026-09-27-merged-v2
SID0181,Prusty 2023,2023,10.3390/fishes8090432,"An Assessment of Microplastic Contamination in a Commercially Important Marine Fish, Harpadon nehereus (Hamilton, 1822)",field_survey,FISH,Fish,GI_TRACT,GUT,,,IND,RINSE,ALKALI,DENSITY,ATR_FTIR,60.0,60.0,,,20.0,20.0,CELLULOSE,count+mass,1000.0,reported,no,PE;PU;PS,,,identified,,0,5,5,occurrence,original,2026-09-27-merged-v2
SID0182,Pegoraro 2026,2026,10.1007/s10646-025-03018-z,Differential microplastic contamination of waterbirds in a coastal region associated with trophic groups and spatial distribution,field_survey,BIRD,Bird,FECES,FECAL,,,BRA,,ALKALI,DENSITY,UFTIR,40.0,40.0,24.0,24.0,0.45,0.45,,count+mass,5.0,reported,no,PVC;PEST;PA;PMMA;PE;PP;PVOH;RAYON;CELL,,,identified,,0,3,3,occurrence,original,2026-09-27-merged-v2
SID0183,Malloggi 2024,2024,10.3390/ani14040618,The Occurrence of Microplastics in Donax trunculus (Mollusca: Bivalvia) Collected along the Tuscany Coast (Mediterranean Sea),field_survey,BIVALVE,Bivalve,SOFT_TISSUE;BODY_FLUID,PROTEIN;AQUEOUS,,,ITA,HOMOGENIZE,ALKALI,DENSITY,RAMAN,40.0,40.0,48.0,48.0,5.0,5.0,,count+mass,30.0,reported,no,PE;PET;SEBS;CELL;PS,,,identified,,1,1,3,occurrence,original,2026-09-27-merged-v2
SID0184,Thi 2026,2026,10.1002/vjch.70076,Identification of microplastics in mollusks using an optical microscope,method_development,BIVALVE,Bivalve,SOFT_TISSUE;ORGAN,PROTEIN,,,VNM,HOMOGENIZE;RINSE,ALKALI,FILTRATION,OPTICAL,55.0,55.0,24.0,24.0,1.6,1.6,,count,300.0,reported,no,,,,not_attempted,,0,1,1,occurrence,original,2026-09-27-merged-v2
SID0185,Dambrosio 2023,2023,10.3390/foods12071495,Occurrence and Characterization of Microplastics in Commercial Mussels (Mytilus galloprovincialis) from Apulia Region (Italy),field_survey,BIVALVE,Bivalve,SOFT_TISSUE,PROTEIN,,,ITA;GRC,RINSE,OXIDATION,DENSITY,ATR_FTIR,24.0,65.0,24.0,48.0,5.0,5.0,CELLULOSE,count+mass,10.0,reported,no,PA;PVAC;PU;PP,,,identified,,0,1,2,occurrence,original,2026-09-27-merged-v2
SID0187,Alak 2022,2022,10.1111/1750-3841.16382,Thermal processing implications on microplastics in rainbow trout fillet,other,FISH,Fish,MUSCLE,PROTEIN,,,TUR,HOMOGENIZE;RINSE,ALKALI,FILTRATION,ATR_FTIR,60.0,60.0,24.0,24.0,1.2,1.2,,count+mass,19.0,reported,no,,,,identified,,0,2,2,occurrence,original,2026-09-27-merged-v2
SID0188,Totoiu 2025,2025,10.3390/jmse13071316,Parasites and Microplastics in the Gastrointestinal Tract of Alosa immaculata from the Black Sea-Implications for Health and Condition,field_survey,FISH,Fish,GI_TRACT,GUT,,,TUR;ROU,HOMOGENIZE;RINSE,ALKALI,FILTRATION,,40.0,40.0,48.0,72.0,2.7,2.7,,count+mass,100.0,reported,no,,,,none_confirmed,,0,1,3,occurrence,original,2026-09-27-merged-v2
SID0189,Tang 2022,2022,10.3389/fmars.2022.905923,"Microplastics in commercial clams from the intertidal zone of the South Yellow Sea, China",field_survey,BIVALVE,Bivalve,GILL;SOFT_TISSUE;ORGAN,PROTEIN,,,CHN,HOMOGENIZE;RINSE,ALKALI,FILTRATION,UFTIR,60.0,60.0,24.0,24.0,2.7,2.7,GLASS_FIBRE,count+mass,28.86,not_demonstrated,no,RAYON;PEST;PET;PE;PP;PA,,,identified,,0,2,4,occurrence,original,2026-09-27-merged-v2
SID0190,Süssmann 2025,2025,10.1007/s00003-025-01543-x,Pressure-assisted isolation of micro- and nanoplastics from food of animal origin with special emphasis on seafood,method_development,BIVALVE;CRUSTACEAN;FISH;MAMMAL;BIRD,Bivalve;Crustacean;Fish;Mammal (non-human);Bird,MUSCLE;REPRODUCTIVE;MILK;FOOD,PROTEIN;LIPID_FLUID;FOOD,,,DEU,HOMOGENIZE,ENZ_CHEM;ENZYME;ALKALI;ACID,FILTRATION,FLUOR;SEM,30.0,60.0,2.0,16.0,1.0,2.7,,count+mass,10.0,model_particle,yes,,,,identified,MULTI_REAGENT,0,8,8,occurrence,original,2026-09-27-merged-v2
SID0191,Bilal 2023,2023,10.3390/toxics11070612,First Report on Microplastics Quantification in Poultry Chicken and Potential Human Health Risks in Pakistan,field_survey,BIRD,Bird,GI_CONTENTS;GI_TRACT,GUT,,,PAK,,ALKALI,DENSITY,ATR_FTIR,55.0,55.0,36.0,36.0,50.0,500.0,CELLULOSE,count+mass,50.0,reported,no,PVC;PE-LD;PS;PP;PE,,,identified,,0,2,4,occurrence,original,2026-09-27-merged-v2
SID0192,Hankins 2025,2025,10.1007/s00338-024-02596-4,Coral reef attributes associated with microplastic exposure,field_survey,CNIDARIAN,Other invertebrate,TISSUE,PROTEIN,SEAWATER,,USA,HOMOGENIZE;RINSE,ALKALI,FILTRATION,RAMAN,55.0,55.0,1.0,24.0,41.0,41.0,NYLON,count+mass,50.0,reported,no,PET;CELL;PA;PP;PE;PEST,,,identified,,0,2,2,occurrence,original,2026-09-27-merged-v2
SID0193,Ferguson 2024,2024,10.1016/j.heliyon.2024.e28514,"Microplastic concentrations and risk assessment in water, sediment and invertebrates from Simon's Town, South Africa",field_survey,BIVALVE,Bivalve,SOFT_TISSUE,PROTEIN,SEAWATER;SEDIMENT,,ZAF,,ALKALI,FILTRATION,ATR_FTIR,50.0,50.0,24.0,24.0,20.0,20.0,,count+mass,100.0,reported,no,PA;PET;PAA;PE;PU;CELL;ACR,,,identified,,0,3,6,occurrence,original,2026-09-27-merged-v2
SID0194,Adam 2024,2024,10.1007/s11270-024-07607-2,"Microplastics Contamination in Environment and Marine Animals at Kodek Bay, Lombok, Indonesia",field_survey,BIVALVE;CRUSTACEAN;FISH,Bivalve;Crustacean;Fish,GI_TRACT;GILL,GUT;PROTEIN,FRESHWATER;SEDIMENT,,IDN,HOMOGENIZE,ALKALI;OXIDATION,DENSITY,ATR_FTIR,75.0,75.0,24.0,24.0,1.2,1.2,GLASS_FIBRE,count+mass,300.0,reported,no,PS;PE,,,identified,MULTI_REAGENT,0,1,1,occurrence,original,2026-09-27-merged-v2
SID0195,Akhter 2022,2022,10.3389/fmars.2022.855386,"Baseline Study of Microplastics in the Gastrointestinal Tract of Commercial Species Inhabiting in the Coastal Waters of Karachi, Sindh, Pakistan",field_survey,CRUSTACEAN;FISH,Crustacean;Fish,GI_TRACT,GUT,,,PAK,,ALKALI;OXIDATION,FILTRATION,OPTICAL,,,0.5,2.0,100.0,100.0,,count,100.0,reported,no,,,,none_confirmed,MULTI_REAGENT,0,4,4,occurrence,original,2026-09-27-merged-v2
SID0196,Puthanveetil 2025,2025,10.1007/s00128-025-04115-9,The Presence of Microplastics in High-Demand Seafood Crustaceans of the Gulf of Mannar Coast: An Insight into Seafood Quality,field_survey,CRUSTACEAN,Crustacean,GI_TRACT;GILL,GUT;PROTEIN,,,IND,HOMOGENIZE;RINSE,ALKALI;OXIDATION,FILTRATION,ATR_FTIR,40.0,40.0,48.0,48.0,45.0,45.0,CELLULOSE,count+mass,300.0,reported,no,PE;PE-CL;PET;PVC;PEEK;PA,,,identified,MULTI_REAGENT,0,2,2,occurrence,original,2026-09-27-merged-v2
SID0197,Thirunavukkarasu 2025,2025,10.1016/j.jece.2025.119021,"Microplastic pollution in zooplankton communities from an active shallow water hydrothermal vent, West Pacific, Taiwan",field_survey,CRUSTACEAN;FISH;ZOOPLANKTON,Crustacean;Fish;Other invertebrate,WHOLE_BODY,WHOLE_ORGANISM,SEAWATER,,TWN,RINSE,ALKALI,FILTRATION,RAMAN;ATR_FTIR;SEM,60.0,60.0,48.0,48.0,0.45,0.45,CELLULOSE,count+mass,11.66,reported,no,PE;PP;PS;PVC,,,identified,,0,8,8,occurrence,original,2026-09-27-merged-v2
SID0198,Aierken 2024,2024,10.3390/ani14040641,Microplastics Prevalence in Different Cetaceans Stranded along the Western Taiwan Strait,field_survey,MAMMAL,Mammal (non-human),GI_CONTENTS,GUT,,,TWN;CHN,HOMOGENIZE;RINSE;SIEVE,ALKALI,DENSITY,UFTIR,60.0,60.0,30.0,48.0,1.6,1.6,GLASS_FIBRE,count+mass,102.0,reported,no,PET;PP;PS;PA;RAYON;PE,,,identified,,0,1,2,occurrence,original,2026-09-27-merged-v2
SID0199,Prabhakar 2026,2026,10.1007/s41742-026-01070-z,Investigating Microplastics and their Trophic Transfer in Seafood: A Study From Mangalore,other,BIVALVE;CRUSTACEAN;FISH,Bivalve;Crustacean;Fish,GI_TRACT;GILL;MUSCLE;SOFT_TISSUE;WHOLE_BODY,GUT;PROTEIN;WHOLE_ORGANISM,,,IND,HOMOGENIZE;RINSE,ALKALI,FILTRATION,FLUOR;UFTIR,40.0,40.0,72.0,72.0,,,CELLULOSE,count+mass,10.0,model_particle,no,PE;PET;PP;PVC;PS,,PE,identified,,0,1,1,occurrence,original,2026-09-27-merged-v2
SID0200,Almeshal 2022,2022,10.3390/environments9100122,Comparison of Freshwater Mussels Unio tumidus and Unio crassus as Biomonitors of Microplastic Contamination of Tisza River (Hungary),field_survey,BIVALVE,Bivalve,SOFT_TISSUE,PROTEIN,,,HUN,HOMOGENIZE,ALKALI,DENSITY,RAMAN,40.0,40.0,24.0,24.0,1.2,1.2,GLASS_FIBRE,count+mass,20.0,reported,no,PET;CELL;PA,,,identified,,0,2,4,occurrence,original,2026-09-27-merged-v2
SID0202,Aguirre-Sanchez 2022,2022,10.1177/11786221221124549,"Microplastic Presence in the Mangrove Crab Ucides occidentalis (Brachyura: Ocypodidae) (Ortmann, 1897) Derived From Local Markets in Tumbes, Peru",field_survey,CRUSTACEAN,Crustacean,GI_TRACT;GILL,GUT;PROTEIN,,,PER,,ALKALI,,ATR_FTIR,60.0,60.0,48.0,48.0,0.2,0.2,,count+mass,2.0,not_demonstrated,no,PET;EVA,,,identified,,0,2,4,occurrence,original,2026-09-27-merged-v2
SID0203,Alencastre-Santos 2025,2025,10.3390/d17010031,Microplastic Contamination in Amazon Vampire Bats (Desmodontinae: Phyllostomidae),field_survey,MAMMAL,Mammal (non-human),GI_TRACT;ORGAN,GUT;PROTEIN,,,BRA,,ALKALI,FILTRATION,,50.0,50.0,24.0,24.0,0.2,0.2,CELLULOSE,count+mass,1000.0,reported,no,,,,none_confirmed,,0,3,6,occurrence,original,2026-09-27-merged-v2
SID0204,Cuthbert 2024,2024,10.1002/ece3.11198,Field and laboratory microplastics uptake by a freshwater shrimp,other,CRUSTACEAN,Crustacean,GI_CONTENTS;WHOLE_BODY,GUT;WHOLE_ORGANISM,,,ZAF,,ACID,FILTRATION,FLUOR,,,2.0,2.0,2.0,2.0,,count+mass,25.0,reported,no,,,PE,exposure_only,,0,5,5,occurrence,original,2026-09-27-merged-v2
SID0205,Cesarini 2025,2025,10.1038/s41598-025-18595-6,Microplastics and invasive crayfish: emerging interactions and ecological implications from three coexisting species in a subalpine lake,field_survey,CRUSTACEAN,Crustacean,GI_TRACT,GUT,,,CHE,HOMOGENIZE,OXIDATION,FILTRATION,ATR_FTIR;UFTIR,,,,,8.0,8.0,,count+mass,160.0,reported,no,PEST;ACR;PU;PE;PVC,,,identified,,0,3,6,occurrence,original,2026-09-27-merged-v2
SID0206,Sutthacheep 2025,2025,10.3389/fmars.2025.1669901,"Assessment of microplastic pollution in corals, seawater, and marine sediments in the Gulf of Thailand",field_survey,CNIDARIAN,Other invertebrate,SKELETAL,MINERAL,SEAWATER;SEDIMENT,,THA,RINSE,OXIDATION;ACID,FILTRATION,ATR_FTIR,RT,RT,24.0,48.0,0.6,50.0,CELLULOSE;STEEL,count+mass,25.0,not_demonstrated,no,PET;PE;PP;PA;PS,,,identified,MULTI_REAGENT,0,3,3,occurrence,original,2026-09-27-merged-v2
SID0208,Phaksopa 2023,2023,10.3390/su15010009,"Assessment of Microplastics in Green Mussel (Perna viridis) and Surrounding Environments around Sri Racha Bay, Thailand",field_survey,BIVALVE,Bivalve,SOFT_TISSUE;WHOLE_BODY;SKELETAL,PROTEIN;WHOLE_ORGANISM;MINERAL,SEAWATER;SEDIMENT,,THA,RINSE,OXIDATION,DENSITY,UFTIR,60.0,60.0,1.0,24.0,20.0,20.0,,count+mass,20.0,reported,no,PET;PP;PA;PE;PU,,,identified,MULTI_REAGENT,0,3,4,occurrence,original,2026-09-27-merged-v2
SID0209,Su 2025,2025,10.1021/envhealth.5c00098,Microplastic Contamination of Human Sperm before In Vitro Fertilization Warrants Attention for Early Life Exposure Risks,method_development,HUMAN,Human,REPRODUCTIVE;PRIMARY_CELLS,PROTEIN;CELLS,,,CHN,RINSE,,FILTRATION,FTIR,,,,,0.02,0.02,ALUMINA,count+mass,1.9,reported,no,,,,identified,,1,1,1,occurrence,original,2026-09-27-merged-v2
SID0210,Todaro 2023,2023,10.3390/environments10050081,Looking for Nano- and Microplastics in Meiofauna Using Advanced Methodologies,method_development,CRUSTACEAN;INSECT;ANNELID;NEMATODE;INVERT_MIXED,Crustacean;Other invertebrate,WHOLE_BODY,WHOLE_ORGANISM,,,ITA,,ALKALI,FILTRATION,RAMAN;SEM;UFTIR;FLUOR,30.0,30.0,0.33,40.0,0.2,0.2,ALUMINA;PTFE,count+mass,1.0,model_particle,no,,,,identified,,0,2,2,occurrence,original,2026-09-27-merged-v2
SID0211,Uoginte 2023,2023,10.1016/j.heliyon.2023.e19665,New evidence of the presence of micro- and nanoplastic particles in bronchioalveolar lavage samples of clinical trial subjects,biomonitoring,HUMAN,Human,BODY_FLUID,AQUEOUS,,,LTU,,,DENSITY,OPTICAL;SEM,60.0,60.0,,,,,,count,1.0,not_demonstrated,yes,OTHER,,,identified,,0,1,2,occurrence,original,2026-09-27-merged-v2
SID0212,Lombardo 2025,2025,10.3390/toxics13010066,Human Activity as a Growing Threat to Marine Ecosystems: Plastic and Temperature Effects on the Sponge Sarcotragus spinosulus,field_survey,SPONGE,Other invertebrate,TISSUE,PROTEIN,,,ESP,RINSE,ALKALI,FILTRATION,OPTICAL;ATR_FTIR,60.0,60.0,48.0,72.0,1.2,1.2,,count+mass,1000.0,reported,no,,,,not_established_in_sample,,0,2,6,occurrence,original,2026-09-27-merged-v2
SID0213,Szkudlarek 2024,2024,10.1038/s41598-024-61432-5,Variation in microplastic characteristics among amphibian larvae: a comparative study across different species and the influence of human activity,field_survey,AMPHIBIAN,Other vertebrate,WHOLE_BODY,WHOLE_ORGANISM,,,POL,HOMOGENIZE;RINSE,OXIDATION,FILTRATION,ATR_FTIR,50.0,50.0,24.0,24.0,1.2,1.2,,count+mass,12.0,reported,no,PE;EPDM;PDMS;EAA;PET;PP;PS;PU;RAYON;ABS;PA;PVOH;ACR;CELL,,,identified,,0,1,2,occurrence,original,2026-09-27-merged-v2
SID0214,DeRinaldis 2024,2024,10.3390/toxics12060429,Navigating a Microplastic Sea: How the Pacific Cupped Oyster (Magallana gigas) Respond to Microplastic Pollution in Lagoons,other,BIVALVE,Bivalve,GI_TRACT;SOFT_TISSUE,GUT;PROTEIN,,,ITA,HOMOGENIZE;RINSE,ENZYME,FILTRATION,UFTIR,37.0,37.0,,,0.6,0.6,,count+mass,228.1,reported,no,PE,,PE-HD,identified,,0,2,3,occurrence,original,2026-09-27-merged-v2
SID0216,Abelouah 2023,2023,10.1016/j.scitotenv.2023.161894,Binational survey using Mytilus galloprovincialis as a bioindicator of microplastic pollution: Insights into chemical analysis and potential risk on humans,field_survey,BIVALVE,Bivalve,GI_TRACT;GILL,GUT;PROTEIN,,,TUN,HOMOGENIZE;RINSE,ALKALI,FILTRATION,ATR_FTIR;SEM;UFTIR,60.0,60.0,24.0,24.0,0.8,0.8,,count+mass,33.0,reported,no,PET;PP;PE;PVC;PS;PA;RAYON,,,identified,,0,6,8,occurrence,original,2026-09-27-merged-v2
SID0218,Amato-Lourenco 2021,2021,10.1016/j.jhazmat.2021.126124,Presence of airborne microplastics in human lung tissue,biomonitoring,HUMAN,Human,ORGAN,PROTEIN,,,BRA,,ENZYME,DENSITY,RAMAN,60.0,60.0,12.0,12.0,0.45,0.45,SILVER,count+mass,1.6,reported,no,PP;PE;PVC;PA;PS;PU;CA;CELL,,,identified,,0,1,3,occurrence,original,2026-09-27-merged-v2
SID0219,Amini-Birami 2023,2023,10.1016/j.envpol.2023.121762,Microplastics in aquatic species of Anzali wetland: An important freshwater biodiversity hotspot in Iran,field_survey,CRUSTACEAN;FISH,Crustacean;Fish,GI_TRACT;GILL;MUSCLE;ORGAN,GUT;PROTEIN,,,IRN,HOMOGENIZE;RINSE,ALKALI,DENSITY,RAMAN;SEM,40.0,40.0,72.0,72.0,2.0,2.0,STEEL;CELLULOSE,count+mass,100.0,reported,no,PA;PVDF;PU;PEST;PP;PE;PE-LD,,,identified,,0,6,7,occurrence,original,2026-09-27-merged-v2
SID0220,Baeza-Martinez 2022,2022,10.1016/j.jhazmat.2022.129439,First evidence of microplastics isolated in European citizens' lower airway,biomonitoring,HUMAN,Human,BODY_FLUID,AQUEOUS,,,ESP,,,,SEM;UFTIR,60.0,60.0,12,12,,,,count+mass,140.0,reported,no,PET;RAYON;CELL;PU;PAA;PEST,,,identified,,0,1,4,occurrence,original,2026-09-27-merged-v2
SID0221,Barboza 2024,2024,10.1016/j.envres.2024.119694,Are microplastics a new cardiac threat? A pilot study with wild fish from the North East Atlantic Ocean,field_survey,FISH,Fish,ORGAN,PROTEIN,,,PRT,RINSE,ALKALI,FILTRATION,RAMAN;OPTICAL,50.0,50.0,24.0,24.0,1.2,1.2,,count+mass,4.0,reported,no,PE;PMMA;PP;PEST;PET,,,identified,,0,4,6,occurrence,original,2026-09-27-merged-v2
SID0222,Benjaminsen 2024,2024,10.1016/j.marpolbul.2024.116037,The challenges of opportunistic sampling when comparing prevalence of plastics in diving seabirds: A multi-species example from Norway,field_survey,BIRD,Bird,GI_CONTENTS,GUT,,,NOR,HOMOGENIZE;RINSE;SIEVE,,,OPTICAL;ATR_FTIR,,,,,500.0,500.0,,count+mass,1000.0,reported,no,PE;PP;PU,,,identified,,0,6,8,occurrence,original,2026-09-27-merged-v2
SID0223,Bialowas 2022,2022,10.1016/j.scitotenv.2022.153333,Plastic in digestive tracts and gills of cod and herring from the Baltic Sea,field_survey,FISH,Fish,GI_TRACT;GILL;MUSCLE,GUT;PROTEIN,,,POL,RINSE,ALKALI,FILTRATION,RAMAN;OPTICAL;SEM,RT,RT,24.0,48.0,25.0,25.0,,count+mass,110.0,reported,no,PE;PP;PS;PC;ABS,PET(tentative);PVC(tentative);PA(tentative),,identified,,0,4,4,occurrence,original,2026-09-27-merged-v2
SID0224,Bothma 2024,2024,10.1016/j.marpolbul.2024.116371,"Microplastics in the Indian and South Atlantic oceans translocate to gills, digestive glands, and muscle of the chokka squid Loligo reynaudii",field_survey,CEPHALOPOD,Other invertebrate,GI_TRACT;GILL;MUSCLE,GUT;PROTEIN,,,IND,HOMOGENIZE,ALKALI;ACID,FILTRATION,OPTICAL;UFTIR,60.0,60.0,24.0,24.0,25.0,25.0,STEEL,count+mass,34.0,reported,no,PE,,,identified,MULTI_REAGENT,0,6,12,occurrence,original,2026-09-27-merged-v2
SID0225,Cui 2024,2024,10.1016/j.jhazmat.2024.134938,"Factors influencing the distribution, risk, and transport of microplastics and heavy metals for wildlife and habitats in ""island"" landscapes: From source to sink",field_survey,MAMMAL,Mammal (non-human),FECES,FECAL,SOIL,,CHN,HOMOGENIZE;RINSE;SIEVE,OXIDATION;ACID,DENSITY,UFTIR,24.0,95.0,3.0,72.0,0.45,0.45,SILVER,count,20.0,reported,no,PET;PCL;ACR;PE;PB;PC;PMMA;PIB;ABS;MBS;PLA;PVC;PP;PS;PU;EP;PBAT;PTFE;PE-CL;EVA;EAA;SBR;FKM;POM;PF;PSU,,,identified,MULTI_REAGENT,0,1,1,occurrence,original,2026-09-27-merged-v2
SID0227,Demsie 2024,2024,10.1007/s11356-024-34432-1,"Occurrence of microplastics in commercial fish species from the Ethiopian rift valley's Lake Hawassa, Ethiopia",field_survey,FISH,Fish,GI_CONTENTS;GI_TRACT,GUT,,,ETH,RINSE,ALKALI,,OPTICAL;ATR_FTIR,60.0,60.0,120.0,120.0,100.0,100.0,,count+mass,60.0,reported,no,PS;PP;PE-LD;PE-HD;PET;PA;PC;ACR;PTFE;PMMA;PVC;EVA;ABS;CA;PE;RAYON,,,identified,,0,3,4,occurrence,original,2026-09-27-merged-v2
SID0228,El-Sayed 2022,2022,10.1016/j.envpol.2022.120044,"Microplastics contamination in commercial fish from Alexandria City, the Mediterranean Coast of Egypt",field_survey,FISH,Fish,GI_TRACT,GUT,,,EGY,RINSE,ALKALI,FILTRATION,TEDGCMS,40.0,40.0,168.0,168.0,20.0,20.0,CELLULOSE,count+mass,20.0,reported,no,PE;EVA;PE-LD;PE-HD;PA;PTFE,,,identified,,0,3,4,occurrence,original,2026-09-27-merged-v2
SID0230,Gray 2024,2024,10.1016/j.envres.2024.119494,"Microplastic burden in native (Cambarus appalachiensis) and non-native (Faxonius cristavarius) crayfish along semi-rural and urban streams in southwest Virginia, USA",field_survey,CRUSTACEAN,Crustacean,SOFT_TISSUE,PROTEIN,FRESHWATER;SEDIMENT,,USA,HOMOGENIZE,ALKALI,DENSITY,FLUOR;RAMAN,60.0,60.0,24.0,72.0,0.45,0.45,,count+mass,63.0,not_demonstrated,no,NBR;PP;PA66;PVC,PDMS(identity_unresolved),,identified,,0,1,3,occurrence,original,2026-09-27-merged-v2
SID0231,Hierl 2021,2021,10.1007/s11356-021-13240-x,Scleractinian corals incorporate microplastic particles: identification from a laboratory study,spiked_validation,CNIDARIAN,Other invertebrate,SKELETAL;SECTION,MINERAL;SECTION,,,DEU,HOMOGENIZE;RINSE,,,OPTICAL;SEM,,,,,,,,count+mass,5.0,not_demonstrated,no,,,PET,exposure_only,,0,1,1,occurrence,original,2026-09-27-merged-v2
SID0232,Hove 2023,2023,10.1016/j.marpolbul.2023.115726,Quick and efficient microplastic isolation from fatty fish tissues by surfactant-enhanced alkaline digestion,method_development,BIVALVE;FISH,Bivalve;Fish,GI_TRACT;MUSCLE;WHOLE_BODY;ORGAN;FOOD,GUT;PROTEIN;WHOLE_ORGANISM;FOOD,,,NOR,HOMOGENIZE,ALKALI,FILTRATION,UFTIR;ATR_FTIR,40.0,40.0,16.0,24.0,10.0,10.0,STEEL;PTFE,count+mass,63.0,reported,no,,,,identified,,0,0,0,methods_only,original,2026-09-27-merged-v2
SID0233,Khdre 2023,2023,10.1007/s11270-023-06179-x,"Chironomus sp. as a Bioindicator for Assessing Microplastic Contamination and the Heavy Metals Associated with It in the Sediment of Wastewater in Sohag Governorate, Egypt",field_survey,INSECT,Other invertebrate,WHOLE_BODY,WHOLE_ORGANISM,WASTEWATER,,EGY,RINSE,OXIDATION,FILTRATION,OPTICAL;ATR_FTIR;ICPMS,,,0.02,48.0,0.45,0.45,CELLULOSE,count+mass,2.0,reported,no,PET;PEST,,,identified,,0,1,1,occurrence,original,2026-09-27-merged-v2
SID0234,Liu 2021,2021,10.1016/j.envpol.2020.115946,Separation and identification of microplastics in marine organisms by TGA-FTIR-GC/MS: A case study of mussels from coastal China,method_development,BIVALVE,Bivalve,MUSCLE;SOFT_TISSUE,PROTEIN,,,CHN,HOMOGENIZE;RINSE;FREEZE_DRY,ALKALI,DENSITY,PYGCMS;TEDGCMS;FTIR;SEM,50.0,50.0,1.0,3.0,0.45,0.45,,mass,80.0,reported,no,,,,identified,,4,1,1,occurrence,original,2026-09-27-merged-v2
SID0235,Oliveira 2024,2024,10.1016/j.marpolbul.2024.116380,Contamination by microplastics in oysters shows a widespread but patchy occurrence in a subtropical estuarine system,field_survey,BIVALVE,Bivalve,SOFT_TISSUE,PROTEIN,,,BRA,HOMOGENIZE;FREEZE_DRY,ALKALI,DENSITY,RAMAN,48.0,48.0,4.0,48.0,5.0,5.0,,count+mass,12.0,reported,no,PET;PE;ABS;PP;PA;PAN;PVC;CELL;PEST,,,identified,,0,1,4,occurrence,original,2026-09-27-merged-v2
SID0236,PedramJarf 2024,2024,10.1016/j.scitotenv.2023.167978,Microplastic pollution and heavy metal risk assessment in Perca fluviatilis from Anzali wetland: Implications for environmental health and human consumption,field_survey,FISH,Fish,GILL;MUSCLE;ORGAN,PROTEIN,,,IRN,HOMOGENIZE,ALKALI,FILTRATION,RAMAN;SEM;ICPMS,60.0,60.0,24.0,24.0,0.2,0.2,,count,20.0,reported,no,PA;PS;PP;PC,,,identified,,0,7,8,occurrence,original,2026-09-27-merged-v2
SID0237,Peters 2018,2018,10.1016/j.marpolbul.2018.09.049,Pyr-GC/MS analysis of microplastics extracted from the stomach content of benthivore fish from the Texas Gulf Coast,field_survey,FISH,Fish,GI_CONTENTS;GI_TRACT,GUT,,,USA,,,,PYGCMS,,,,,,,,count,,,no,PVC;PET;PA6;PA;PDMS;EP,,,identified,,0,1,6,occurrence,original,2026-09-27-merged-v2
SID0238,Recabarren-Villalon 2023,2023,10.1016/j.marpolbul.2023.114628,First assessment of debris pollution in the gastrointestinal content of juvenile Magellanic penguins (Spheniscus magellanicus) stranded on the west south Atlantic coasts,field_survey,BIRD,Bird,GI_CONTENTS;GI_TRACT,GUT,,,ARG,RINSE,OXIDATION,FILTRATION,RAMAN;OPTICAL;ATR_FTIR;FLUOR,60.0,60.0,,,0.45,0.45,,count+mass,100.0,reported,no,PP;PEST;PET;PS;PE;PE-LD;PE-HD;CELL;RAYON,,,identified,,0,3,3,occurrence,original,2026-09-27-merged-v2
SID0239,Schirinzi 2020,2020,10.1016/j.jhazmat.2020.122794,A new digestion approach for the extraction of microplastics from gastrointestinal tracts (GITs) of the common dolphinfish (Coryphaena hippurus) from the western Mediterranean Sea,method_development,FISH,Fish,GI_TRACT,GUT,,,ITA,HOMOGENIZE,ALKALI;OXIDATION;ACID,FILTRATION,UFTIR,5.0,60.0,1.0,12,1.6,1.6,GLASS_FIBRE,count+mass,210.0,reported,no,,,,identified,MULTI_REAGENT,0,2,3,occurrence,original,2026-09-27-merged-v2
SID0240,Senes 2023,2023,10.1016/j.marpolbul.2023.115531,Microplastics in feces and pellets from yellow-legged gull (Larus michahellis) in the Atlantic Islands National Park of Galicia (NW Spain),field_survey,BIRD,Bird,FECES,FECAL,,,ESP,HOMOGENIZE,ALKALI;OXIDATION,DENSITY,RAMAN,40.0,40.0,18.0,96.0,,,,count,22.0,reported,no,PP;CELL;PVOH;PA6;PA66;PVC;PS;PEST;PA;PE,,,identified,MULTI_REAGENT,0,2,6,occurrence,original,2026-09-27-merged-v2
SID0241,Shabaka 2020,2020,10.1016/j.marpolbul.2020.111465,"Thermal analysis and enhanced visual technique for assessment of microplastics in fish from an Urban Harbor, Mediterranean Coast of Egypt",field_survey,FISH,Fish,GI_TRACT,GUT,,,EGY,HOMOGENIZE;RINSE,ALKALI,,,40.0,40.0,,,0.45,0.45,CELLULOSE,count+mass,25.0,reported,no,PP;EVA;PE-LD;PE-HD;PET;PA,,,identified,,0,4,4,occurrence,original,2026-09-27-merged-v2
SID0242,Shen 2023,2023,10.1016/j.jhazmat.2022.130067,Damming has changed the migration process of microplastics and increased the pollution risk in the reservoirs in the Shaying River Basin,field_survey,FISH;INVERT_MIXED,Fish;Other invertebrate,GI_TRACT;GILL;MUSCLE;ORGAN;SKELETAL,GUT;PROTEIN;MINERAL,FRESHWATER;SEDIMENT,,CHN,HOMOGENIZE;RINSE,ALKALI,FILTRATION,UFTIR;ICPMS,60.0,60.0,24.0,24.0,0.22,0.22,,count+mass,50.0,reported,no,PP;PE;PA;PS;PVC;PET;PC,,,identified,,0,4,5,occurrence,original,2026-09-27-merged-v2
SID0244,Solino 2022,2022,10.1016/j.scitotenv.2022.155150,Microplastic occurrence in deep-sea fish species Alepocephalus bairdii and Coryphaenoides rupestris from the Porcupine Bank (North Atlantic),field_survey,FISH,Fish,GI_CONTENTS,GUT,,,IRL,HOMOGENIZE,ALKALI;OXIDATION,FILTRATION,RAMAN,40.0,40.0,1.0,168.0,1.2,1.2,GLASS_FIBRE,count+mass,10.0,reported,no,PET,,,identified,MULTI_REAGENT,0,2,4,occurrence,original,2026-09-27-merged-v2
SID0245,Srisiri 2024,2024,10.1016/j.marpolbul.2023.115785,Microplastic contamination in edible marine fishes from the upper Gulf of Thailand,field_survey,FISH,Fish,GI_TRACT;MUSCLE;ORGAN,GUT;PROTEIN,,,THA,HOMOGENIZE;RINSE,ALKALI;ACID,FILTRATION,ATR_FTIR,50.0,50.0,48.0,48.0,20.0,20.0,,count+mass,13.0,model_particle,no,PEST;PE;RAYON;PP;PA;PS;PVC;PET,,,identified,MULTI_REAGENT,0,5,8,occurrence,original,2026-09-27-merged-v2
SID0246,Teichert 2021,2021,10.1038/s41598-021-93668-w,Microplastic contamination of the drilling bivalve Hiatella arctica in Arctic rhodolith beds,field_survey,BIVALVE,Bivalve,SOFT_TISSUE,PROTEIN,,,NOR,HOMOGENIZE;FREEZE_DRY;SIEVE,ENZ_CHEM;ENZYME;OXIDATION,DENSITY,UFTIR;ATR_FTIR,37.0,50.0,24.0,504.0,0.2,0.2,STEEL;ALUMINA,count,10.0,reported,no,PS;PE;PP;PET;PA;PVC;PAN;EVA,,,identified,MULTI_REAGENT,0,2,4,occurrence,original,2026-09-27-merged-v2
SID0247,Thiele 2019,2019,10.1016/j.marpolbul.2019.03.003,Evaluation of existing methods to extract microplastics from bivalve tissue: Adapted KOH digestion protocol improves filtration at single-digit pore size,method_development,BIVALVE,Bivalve,SOFT_TISSUE,PROTEIN,,,GBR,FREEZE_DRY,ALKALI;ENZYME;OXIDATION;ACID,FILTRATION,RAMAN,38.0,60.0,4.0,48.0,1.2,1.2,GLASS_FIBRE,count+mass,63.0,reported,no,,,,identified,MULTI_REAGENT,1,0,0,methods_only,original,2026-09-27-merged-v2
SID0248,Toto 2023,2023,10.1016/j.heliyon.2023.e12811,Efficient extraction of small microplastic particles from rat feed and feces for quantification,method_development,MAMMAL,Mammal (non-human),GI_TRACT;FECES,GUT;FECAL,,,NOR,HOMOGENIZE,ENZ_CHEM;OXIDATION;ACID;ALKALI,FILTRATION,ATR_FTIR;PYGCMS,40.0,40.0,24.0,72.0,1.2,1.2,GLASS_FIBRE;PTFE,mass,5.0,model_particle,no,,,,identified,MULTI_REAGENT,4,1,2,occurrence,original,2026-09-27-merged-v2
SID0249,Leonard 2024,2024,10.1016/j.envint.2024.108751,"Microplastics in human blood: Polymer types, concentrations and characterisation using muFTIR",biomonitoring,HUMAN,Human,BLOOD,BLOOD,,,GBR,,ENZ_CHEM;OXIDATION;ENZYME,FILTRATION,UFTIR,37.0,70.0,0.25,168.0,0.02,0.02,ALUMINA,count+mass,5.0,reported,no,PE;PA;EPDM;EVA;PET;PU;PS;ALK;PVC;ACR;PP;EAA;POM;PDMS;PMMA;PHB,,,identified,MULTI_REAGENT,4,1,5,occurrence,original,2026-09-27-merged-v2
SID0250,Valsan 2024,2024,10.1016/j.marpolbul.2024.116109,Microplastics in Scylla Serrata: A baseline study from southwest India,field_survey,CRUSTACEAN,Crustacean,GI_TRACT,GUT,,,IND,HOMOGENIZE;RINSE,ALKALI;OXIDATION,,OPTICAL;ATR_FTIR;SEM,50.0,50.0,72.0,72.0,100.0,100.0,,count+mass,100.0,reported,no,PP;PE-HD;PET;PE,,,identified,MULTI_REAGENT,0,1,3,occurrence,original,2026-09-27-merged-v2
SID0251,Ziino 2021,2021,10.4081/ijfs.2021.9974,Microplastics in vacuum packages of frozen and glazed icefish (Neosalanx spp.): A freshwater fish intended for human consumption,field_survey,FISH,Fish,WHOLE_BODY;FOOD,WHOLE_ORGANISM;FOOD,,,CHN;ITA,,ALKALI,FILTRATION,ATR_FTIR,40.0,40.0,12,12,5.0,5.0,,count+mass,90.0,reported,no,PP;PE;PET;PS;RAYON;CELL,,,identified,,1,1,3,occurrence,original,2026-09-27-merged-v2
SID0252,Parmar 2025,2025,10.1371/journal.pone.0325324,"A comparative analysis of microplastic contamination in hermit crab Clibanarius rhabdodactylus Forest, 1953, inhabiting intertidal and subtidal Coastal habitat of Gujarat state",field_survey,CRUSTACEAN,Crustacean,SOFT_TISSUE;WHOLE_BODY;SKELETAL,PROTEIN;WHOLE_ORGANISM;MINERAL,FRESHWATER;SEDIMENT,,IND,HOMOGENIZE,ALKALI,DENSITY,ATR_FTIR,60.0,60.0,24.0,48.0,20.0,20.0,CELLULOSE,count+mass,500.0,reported,no,PP;EVA;PE,,,identified,,0,2,2,occurrence,original,2026-09-27-merged-v2
SID0253,Tian 2025,2025,10.1016/j.envpol.2024.125321,Microplastics accumulated in breast cancer patients lead to mitophagy via ANXA2-mediated endocytosis and IL-17 signaling pathway,biomonitoring,HUMAN;CELL_CULTURE,Human;Cell culture,ORGAN;CELLS,PROTEIN;CELLS,,,CHN,,ACID,FILTRATION,SEM;LDIR;FLUOR,,,,,0.45,13.0,STEEL;PTFE,count,20.0,reported,no,,,PP;CELL,exposure_only,,0,2,2,occurrence,original,2026-09-27-merged-v2
SID0255,Merrill 2023,2023,10.1016/j.envpol.2023.122252,"Microplastics in marine mammal blubber, melon, & other tissues: Evidence of translocation",field_survey,MAMMAL,Mammal (non-human),ORGAN;ADIPOSE,PROTEIN;LIPID,,,USA,HOMOGENIZE;RINSE,ALKALI;OXIDATION,FILTRATION,RAMAN;PYGCMS,50.0,50.0,1.0,48.0,1.0,1.0,,count+mass,24.4,reported,no,PE;PEST;PET;PP;ACR;PVC;PC;PMMA,,,identified,MULTI_REAGENT,0,3,4,occurrence,original,2026-09-27-merged-v2
SID0256,Sun 2018,2018,10.1016/j.envpol.2018.07.014,Microplastics in seawater and zooplankton from the Yellow Sea,field_survey,CRUSTACEAN;CNIDARIAN;ZOOPLANKTON,Crustacean;Other invertebrate,WHOLE_BODY,WHOLE_ORGANISM,SEAWATER,,CHN,RINSE,ACID,FILTRATION,UFTIR,80.0,80.0,3.0,3.0,0.45,0.45,CELLULOSE,count+mass,9.86,reported,no,PE;PA;PMMA;PDMS;PVC;PP;PS;ALK;PU;PBT;PVOH;PET;ACR,,,identified,,0,1,2,occurrence,original,2026-09-27-merged-v2
SID0258,Pinho 2022,2022,10.1016/j.envres.2022.113077,First report of plastic contamination in batoids: Plastic ingestion by Haller's Round Ray (Urobatis halleri) in the Gulf of California.,field_survey,ELASMO,Fish,GI_TRACT,GUT,SEDIMENT,,MEX,HOMOGENIZE,ALKALI,FILTRATION,OPTICAL;ATR_FTIR,RT,RT,12.0,12.0,1.5,1.5,,count+mass,8.21,reported,no,PA;PET;PEST;PE;PP,,,identified,,0,2,3,occurrence,original,2026-09-27-merged-v2
SID0259,Bissonnette 2025,2025,10.1016/j.aca.2025.344606,Identification of micro-/nanoplastics in human placental blood using comprehensive multidimensional pyrolysis - gas chromatography x ion mobility mass spectrometry,method_development,HUMAN,Human,BLOOD,BLOOD,,,CAN,,ALKALI,FILTRATION,PYGCMS,RT,RT,3.0,24.0,0.7,0.7,GLASS_FIBRE,mass,,,no,PS;PE;PP,PMMA(tentative);PET(tentative),,identified,,13,1,22,occurrence,additional,2026-09-27-merged-v2
SID0260,Jenner 2022,2022,10.1016/j.scitotenv.2022.154907,Detection of microplastics in human lung tissue using μFTIR spectroscopy,biomonitoring,HUMAN,Human,ORGAN,PROTEIN,,,GBR,RINSE,OXIDATION,FILTRATION,UFTIR,55.0,55.0,120.0,264.0,0.02,0.02,ALUMINA,count,4.0,reported,no,PP;PET;OTHER;PE;PEST;PS;SEBS;PMMA;PU;PTFE;PAN,,,identified,,0,6,48,occurrence,additional,2026-09-27-merged-v2
SID0261,Kim 2026,2026,10.1016/j.envpol.2026.128553,"Quantifying micro- and nanoplastics in blood, urine, and soft tissues using optimized cascaded microfiltration and pyrolysis-GC/MS for exposomic investigations",method_development,ELASMO;HUMAN;MAMMAL,Fish;Human;Mammal (non-human),BLOOD;BODY_FLUID,BLOOD;AQUEOUS,,,USA,,ENZ_CHEM;ENZYME;OXIDATION;ACID,FILTRATION,PYGCMS,20.0,60.0,0.33,2.0,0.7,1.2,GLASS_FIBRE;CELLULOSE,mass,0.7,model_particle,no,PET;PS;PVC;PP;PMMA;PC,,,identified,,28,6,22,occurrence,additional,2026-09-27-merged-v2
SID0262,Li 2024,2024,10.1016/j.scitotenv.2024.173522,Prevalence and implications of microplastic contaminants in general human seminal fluid: A Raman spectroscopic study,biomonitoring,HUMAN,Human,BODY_FLUID,AQUEOUS,,,CHN,,ALKALI,FILTRATION,RAMAN,40.0,40.0,48.0,48.0,1.2,1.2,GLASS_FIBRE,count,0.72,reported,yes,PS;PC;PE;ABS;PTFE;PVC;PP;PET,,,identified,,0,1,18,occurrence,additional,2026-09-27-merged-v2
SID0263,Li 2025,2025,10.1016/j.chroma.2025.465868,Detection and quantification of microplastics in meconium by pyrolysis-gas chromatography/mass spectrometry (Py-GC/MS),method_development,HUMAN,Human,FECES,FECAL,,,CHN,FREEZE_DRY,ACID,FILTRATION,PYGCMS,60.0,90.0,1.0,7.0,0.45,0.45,SILVER,mass,,,no,PMMA;PP;PE;PET;PVC;PC;ABS;PS,,,identified,,48,1,20,occurrence,additional,2026-09-27-merged-v2
SID0264,Nihart 2025,2025,10.1038/s41591-024-03453-1,Bioaccumulation of microplastics in decedent human brains,biomonitoring,HUMAN,Human,ORGAN,PROTEIN,,,USA,HOMOGENIZE,ALKALI,,FLUOR;ATR_FTIR;PYGCMS;SEM;UFTIR,40.0,40.0,72.0,120.0,0.2,25.0,,mass,0.1,reported,yes,PE;PA66;ABS;PET;PVC;SBR;PP;PS;PMMA;PC;PU;PA6,,,identified,,0,9,122,occurrence,additional,2026-09-27-merged-v2
SID0265,Santini 2024,2024,10.1016/j.mex.2024.102777,Set up and validation of a method to analyse microplastics in stool and small intestine samples,validation,HUMAN;MAMMAL,Human;Mammal (non-human),FECES;GI_TRACT,FECAL;GUT,,,ESP,,ENZ_CHEM;ENZYME;OXIDATION;ALKALI;ACID,FILTRATION,UFTIR,40.0,40.0,24.0,96.0,10.0,20.0,PTFE,count,15.0,reported,no,PET;PP,RAYON(tentative),,identified,,4,2,6,occurrence,additional,2026-09-27-merged-v2
SID0266,Schwabl 2019,2019,10.7326/m19-0618,Detection of Various Microplastics in Human Stool,biomonitoring,HUMAN,Human,FECES,FECAL,,,NLD;FIN;AUT;POL;ITA;JPN;GBR,,,FILTRATION,UFTIR,,,,,50.0,50.0,,count,50.0,reported,no,PP;PET,,,identified,,0,1,7,occurrence,additional,2026-09-27-merged-v2
SID0267,Sun 2024,2024,10.1016/j.scitotenv.2023.167760,Detection and quantification of various microplastics in human endometrium based on laser direct infrared spectroscopy,biomonitoring,HUMAN,Human,REPRODUCTIVE,PROTEIN,,,CHN,,ACID,FILTRATION,FTIR,48.0,95.0,3.0,48.0,13.0,13.0,STEEL,count,20.0,reported,no,FKM;PE;ACR;PU;PE-CL;EAA;PET;PP;PS;PVC;PB;EVA;EP,,,identified,,0,1,29,occurrence,additional,2026-09-27-merged-v2
SID0268,Yun 2024,2024,10.1016/j.jhazmat.2024.135271,Raman-guided exploration of placental microplastic exposure: Unraveling the polymeric tapestry and assessing developmental implications,biomonitoring,HUMAN,Human,REPRODUCTIVE,PROTEIN,,,CHN,,ALKALI,FILTRATION,RAMAN;PYGCMS,40.0,40.0,48.0,48.0,,,,count,1.03,reported,no,PTFE;PS;ABS;PC;PP;PE;PVC,,,identified,,0,1,18,occurrence,additional,2026-09-27-merged-v2
SID0269,Bu 2026,2026,10.1016/j.envpol.2025.127392,Qualitative and quantitative analysis of microplastics and nanoplastics in healthy human central nervous system and its blood-brain barrier transmission efficiency-A pilot study,biomonitoring,HUMAN,Human,BLOOD;BODY_FLUID;ORGAN,BLOOD;AQUEOUS;PROTEIN,,,CHN,RINSE,ACID;NONE,FILTRATION,PYGCMS;SEM;FTIR,46.0,60.0,3.0,46.0,13.0,13.0,STEEL,count+mass,20.0,reported,no,PS;PE;PP;PVC;PMMA;PA66;PB;ACR;PET;OTHER;PF;EAA;PLA,FKM(contamination_qualified);PU(contamination_qualified),,identified,,33,6,65,occurrence,additional,2026-09-27-merged-v2
SID0270,Cui 2025,2025,10.1016/j.envint.2025.109743,Tissue-specific distribution of microplastics in human blood and carotid plaques: A paired sample analysis,biomonitoring,HUMAN,Human,BLOOD;CARDIOVASCULAR,BLOOD;PROTEIN,,,CHN,HOMOGENIZE,ENZYME,FILTRATION,PYGCMS,50.0,50.0,48.0,48.0,,,GLASS_FIBRE,mass,,,no,PE;PP;PS;PVC;ABS;PMMA;SBR;PET;PC;PA6;PU;PA66,,,identified,,0,2,29,occurrence,additional,2026-09-27-merged-v2
SID0272,Guo 2025,2025,10.3390/toxics13070566,The Presence of Microplastics in Human Semen and Their Associations with Semen Quality,biomonitoring,HUMAN,Human,BODY_FLUID,AQUEOUS,,,CHN,,ENZYME;ACID,FILTRATION,FTIR,8.0,60.0,8.0,72.0,10.0,10.0,STEEL,count,20.0,reported,no,PB;PE-CL;PP;PET;FKM;PE;PVC;PS;OTHER;PU;EAA;EP;ABS;PLA,,,identified,,0,1,19,occurrence,additional,2026-09-27-merged-v2
SID0273,Helgeson 2026,2026,10.3390/jox16030072,The Association of Microplastics in Peripheral Blood and Pulmonary Disease: A Pilot Study,biomonitoring,HUMAN,Human,BLOOD,BLOOD,,,USA,,NONE,FILTRATION,FLUOR,,,,,,,GLASS_FIBRE,count,,,no,,,,none_reported,,0,2,10,occurrence,additional,2026-09-27-merged-v2
SID0274,Ji 2025,2025,10.3390/toxics13060452,Quantitative Detection of Micro- and Nanoplastics (≥300 nm) in Human Urine Using Double-Shot Py-GC/MS with Internal Standard Calibration,method_development,HUMAN,Human,BODY_FLUID,AQUEOUS,,,CHN,,ENZYME;ACID,FILTRATION,PYGCMS,20.0,60.0,0.33,2.0,0.3,0.3,GLASS_FIBRE,mass,0.3,reported,yes,PE-LD;PS;PP;PET,,,identified,,8,1,13,occurrence,additional,2026-09-27-merged-v2
SID0275,Lee 2024,2024,10.1038/s41598-024-81931-9,Microplastic particles in human blood and their association with coagulation markers,biomonitoring,HUMAN,Human,BLOOD,BLOOD,,,KOR,,ACID;OXIDATION,FILTRATION,RAMAN;UFTIR;SEM,60.0,60.0,336.0,336.0,5.0,5.0,SILICON,count,5.0,reported,no,PP;PE;PET;PS;PA,,,identified,,0,1,13,occurrence,additional,2026-09-27-merged-v2
SID0276,Liu 2025,2025,10.1016/j.envint.2025.109485,Microplastics exposed by respiratory tract and exacerbation of community-acquired pneumonia: The potential influences of respiratory microbiota and inflammatory factors,biomonitoring,HUMAN,Human,BODY_FLUID,AQUEOUS,,,CHN,,ACID,,PYGCMS,110.0,110.0,3.0,48.0,,,,mass,,,yes,PS;PE;PP;PMMA;PVC;PA66,,,identified,,11,6,52,occurrence,additional,2026-09-27-merged-v2
SID0277,Miguela-Benavides 2026,2026,10.1016/j.envres.2026.124197,Association of faecal and urinary micro- and nanoplastics with markers of gut integrity and renal function,biomonitoring,HUMAN,Human,BODY_FLUID;FECES,AQUEOUS;FECAL,,,ESP,FREEZE_DRY,OXIDATION;NONE;ACID,FILTRATION,,40.0,70.0,0.17,5.0,0.7,0.7,GLASS_FIBRE,mass,0.7,reported,no,PA;PE;PP;POM;OTHER;PMMA;UNSPEC,,,identified,,0,2,11,occurrence,additional,2026-09-27-merged-v2
SID0278,Peng 2026,2026,10.1016/j.envpol.2026.128426,"A multi-omics signature of microplastic exposure and its clinical, metabolic, and microbial correlates in colorectal cancer",biomonitoring,HUMAN,Human,BLOOD;TISSUE,BLOOD;PROTEIN,,,CHN,FREEZE_DRY,NONE;ACID,FILTRATION,PYGCMS;SEM,RT,RT,0.17,46.0,13.0,13.0,STEEL,mass,,,no,PS;PE;PVC;PA66,,,identified,,0,3,33,occurrence,additional,2026-09-27-merged-v2
SID0279,Ren 2026,2026,10.1016/j.jhazmat.2026.141557,The presence of microplastics in human semen and the protective role of nicotinamide mononucleotide against polystyrene nanoplastics-induced reproductive and early embryonic toxicity,biomonitoring,HUMAN,Human,BODY_FLUID,AQUEOUS,,,CHN,HOMOGENIZE,ENZYME,FILTRATION,FTIR,,,,,1.0,1.0,,count,20.0,reported,no,,,,none_reported,,0,1,8,occurrence,additional,2026-09-27-merged-v2
SID0280,Shafiry 2026,2026,10.1007/s00216-026-06790-x,Development of a sequential digestion workflow for dual-platform microplastic analysis in pasteurized donor human milk using µ-FTIR and Py-GC/MS,method_development,HUMAN,Human,MILK,LIPID_FLUID,,,MYS,,ENZ_CHEM;ENZYME;OXIDATION,FILTRATION,PYGCMS;UFTIR,50.0,50.0,3.0,72.0,3.0,3.0,STEEL,count+mass,20.0,reported,no,PA;PMMA;PS;PET,PE(contamination_qualified);PTFE(contamination_qualified);PU(contamination_qualified);RAYON(contamination_qualified);PC(tentative);ABS(contamination_qualified),,identified,,3,1,29,occurrence,additional,2026-09-27-merged-v2
SID0281,Torres 2026,2026,10.3390/molecules31111947,Optimisation and Validation of a Quantitative Method for the Analysis of Polymers of Nanoplastics in Human Faeces,method_development,HUMAN,Human,FECES,FECAL,,,ESP,HOMOGENIZE;FREEZE_DRY,OXIDATION;ACID,FILTRATION,,23.0,23.0,12,12,0.7,0.7,GLASS_FIBRE,mass,,,yes,PE,,,identified,,6,1,4,occurrence,additional,2026-09-27-merged-v2
SID0282,Wang 2025,2025,10.1016/j.jhazmat.2025.139728,Microplastic contamination in kidney transplant donor tissues and its association with early post-transplant blood pressure changes in recipients: A multi-modal analytical study,biomonitoring,HUMAN,Human,CARDIOVASCULAR;ORGAN;TISSUE,PROTEIN,,,CHN,,ACID;ENZYME,FILTRATION,PYGCMS;FTIR;SEM,8.0,60.0,8.0,72.0,0.45,0.45,PTFE,count+mass,20.0,reported,no,PA66;PE;PVC;PP;PMMA,,,identified,,5,5,74,occurrence,additional,2026-09-27-merged-v2
SID0283,Weingrill 2023,2023,10.1016/j.envint.2023.108220,Temporal trends in microplastic accumulation in placentas from pregnancies in Hawaiʻi,biomonitoring,HUMAN,Human,REPRODUCTIVE,PROTEIN,,,USA,HOMOGENIZE;RINSE,ALKALI,FILTRATION,RAMAN;AFM,RT,RT,168.0,168.0,1.6,1.6,GLASS_FIBRE,count,1.0,reported,no,,,,none_reported,,0,3,43,occurrence,additional,2026-09-27-merged-v2
SID0284,Xu 2025,2025,10.1016/j.jhazmat.2025.140431,Elevated blood microplastics and their potential association with Parkinson’s disease,biomonitoring,HUMAN,Human,BLOOD,BLOOD,,,CHN,,ACID,FILTRATION,PYGCMS;SEM;FTIR,,,,,13.0,13.0,STEEL,mass,10.0,reported,no,PS;PE;PP;PVC;PA66,,,identified,,22,2,14,occurrence,additional,2026-09-27-merged-v2
SID0285,Yang 2024,2024,10.1186/s12989-024-00596-4,Microplastics are associated with elevated atherosclerotic risk and increased vascular complexity in acute coronary syndrome patients,biomonitoring,HUMAN,Human,BLOOD,BLOOD,,,CHN,,ALKALI;ACID,FILTRATION,PYGCMS,60.0,60.0,0.17,48.0,1.0,1.0,PTFE,mass,,,no,PE;PVC;PS;PP,,,identified,,9,3,17,occurrence,additional,2026-09-27-merged-v2
SID0286,Zeng 2026,2026,10.1016/j.jhazmat.2026.142443,Multimodal detection of microplastics in human kidney stones and multi-omics exploration of renal cell metaflammation,biomonitoring,HUMAN,Human,TISSUE,PROTEIN,,,CHN,,ACID,FILTRATION,PYGCMS;SEM;FTIR,60.0,60.0,3.0,12.0,13.0,13.0,STEEL;PTFE,count+mass,20.0,reported,no,PE;PVC;PMMA;PP;PS;PA66,FKM(tentative);PU(tentative);ACR(tentative);PET(tentative);PB(tentative);PF(tentative);EVA(tentative),,identified,,0,7,69,occurrence,additional,2026-09-27-merged-v2
SID0287,Zhang 2025,2025,10.1016/j.envpol.2025.126729,Multimodal detection and analysis of microplastics in human clear cell renal cell carcinoma,biomonitoring,HUMAN,Human,CARDIOVASCULAR;ORGAN,PROTEIN,,,CHN,,ACID,FILTRATION,PYGCMS;SEM;FTIR,25.0,60.0,3.0,48.0,13.0,13.0,STEEL;GLASS_FIBRE,count+mass,20.0,reported,no,PE;PVC;PP;PS,,,identified,,0,50,84,occurrence,additional,2026-09-27-merged-v2
SID0288,Zhou 2026,2026,10.1016/j.jhazmat.2025.140958,Associations between concentrations of microplastics in follicular fluid and the risk of diminished ovarian reserve,biomonitoring,HUMAN,Human,BODY_FLUID,AQUEOUS,,,CHN,,ACID,FILTRATION,PYGCMS;SEM;FTIR,60.0,60.0,0.17,46.0,13.0,13.0,,count+mass,20.0,reported,no,PS;PE;PP;PMMA;PVC;PET;PA6;PA66,ACR(tentative);PE(tentative);PU(tentative);PVC(tentative);ABS(tentative);PB(tentative);FKM(tentative);PF(tentative);PET(tentative);PBAT(tentative);EVA(tentative);PMMA(tentative);PP(tentative);EAA(tentative);PIB(tentative);POM(tentative);PCL(tentative);OTHER(tentative),,identified,,11,6,77,occurrence,additional,2026-09-27-merged-v2
SID0289,Casella 2025,2025,10.3390/foods14132190,Preliminary Study on PCC-Chitosan’s Ability to Enhance Microplastic Excretion in Human Stools from Healthy Volunteers,other,HUMAN,Human,FECES,FECAL,,,ITA;ESP,SIEVE,OXIDATION,DENSITY;FILTRATION,SEM;UFTIR,RT,RT,24.0,24.0,0.7,0.7,GLASS_FIBRE,count,20.0,reported,no,ACR;CELL;EP;PAN;PA;PTFE;PF;PE;OTHER;PP;PEST;PET;PU;RAYON;PS,,,identified,,0,9,39,occurrence,additional,2026-09-27-merged-v2
SID0290,Cetin 2023,2023,10.1007/s10311-022-01560-4,Higher number of microplastics in tumoral colon tissues from patients with colorectal adenocarcinoma,biomonitoring,HUMAN,Human,ORGAN,PROTEIN,,,TUR,,ACID;OXIDATION,DENSITY,RAMAN;ATR_FTIR,70.0,85.0,2.0,2.0,,,,count,1.0,reported,no,,,,none_reported,,0,3,3,occurrence,additional,2026-09-27-merged-v2
SID0291,Chen 2026,2025,10.1002/adhm.202504291,Characterization of Microplastics in Human Gastric Cancer and Control Tissues and Analysis of Associated Genetic Features,biomonitoring,HUMAN,Human,ORGAN,PROTEIN,,,CHN,,NONE,,PYGCMS;SEM;FTIR,60.0,60.0,0.17,0.17,,,PTFE,count+mass,,,no,PS;PE;PP;PMMA;PVC;PA66,PE(tentative);PP(tentative);PVC(tentative);PET(tentative);PA(tentative);PU(tentative);PLA(tentative);EVA(tentative);ACR(tentative);PMMA(tentative);PTFE(tentative),,identified,,11,5,43,occurrence,additional,2026-09-27-merged-v2
SID0292,Cui 2026,2026,10.1016/j.ecoenv.2026.120541,Association between urinary microplastic load and systemic inflammation and oxidative stress markers in adults,biomonitoring,HUMAN,Human,BODY_FLUID,AQUEOUS,,,CHN,,ENZYME,FILTRATION,RAMAN;UFTIR,,,,,0.2,0.2,ALUMINA,count,10.0,reported,no,PP;PE;PS;PET;PVC,OTHER(identity_unresolved),,identified,,0,1,18,occurrence,additional,2026-09-27-merged-v2
SID0293,Dong 2025,2025,10.1016/j.ecoenv.2025.118097,Urinary microplastic contaminants in primary school children: Associations with behavioral development,biomonitoring,HUMAN,Human,BODY_FLUID,AQUEOUS,,,CHN,,OXIDATION,DENSITY;FILTRATION,SEM,50.0,50.0,0.5,24.0,0.45,0.45,PTFE,count,,,no,,PA(tentative);PP(tentative);PVC(tentative),,identified,,0,1,4,occurrence,additional,2026-09-27-merged-v2
SID0294,Du 2026,2026,10.3389/fmed.2026.1732146,Higher abundance of micro- and nanoplastics in inflammatory tissues from patients with intestinal erosion,biomonitoring,HUMAN,Human,ORGAN,PROTEIN,,,CHN,HOMOGENIZE;RINSE,NONE,,PYGCMS,50.0,50.0,0.17,0.17,,,PTFE,mass,,,no,PE;PVC;PS,,,identified,,0,2,15,occurrence,additional,2026-09-27-merged-v2
SID0295,Erdely 2025,2025,10.21203/rs.3.rs-6166886/v1,Morphological and chemical characterization of nanoplastics in human tissue,biomonitoring,HUMAN,Human,ORGAN,PROTEIN,,,USA,,ALKALI;OXIDATION;ACID,,RAMAN;PYGCMS;UFTIR;SEM,40.0,40.0,72.0,72.0,,,,count+mass,0.008,reported,yes,,,,none_reported,,0,3,3,occurrence,additional,2026-09-27-merged-v2
SID0296,Fang 2026,2026,10.1016/j.envpol.2026.127788,A case-control study linking concentrations of microplastics in human cerebrospinal fluid to intracranial aneurysm risk,biomonitoring,HUMAN,Human,BODY_FLUID,AQUEOUS,,,CHN,,NONE;OXIDATION;ENZYME,,PYGCMS,60.0,120.0,0.17,0.17,,,PTFE,mass,,,no,PE;PP;PVC;PS;PC;PA6;PA66,,,identified,,22,2,23,occurrence,additional,2026-09-27-merged-v2
SID0297,Guo 2024,2024,10.1016/j.jhazmat.2024.135266,Discovery and analysis of microplastics in human bone marrow,biomonitoring,HUMAN,Human,ORGAN,PROTEIN,,,CHN,,ACID;NONE,FILTRATION,PYGCMS;SEM;FTIR,60.0,80.0,0.17,16.0,,,,count+mass,20.0,reported,no,PS;PE;PVC;PA66;PP,,,identified,,9,2,26,occurrence,additional,2026-09-27-merged-v2
SID0298,Hamimed 2026,2026,10.1007/s00210-025-04861-x,Polyethylene terephthalate and polypropylene microplastic bioaccumulation in human blood and cancerous tissues in Algerian cases,biomonitoring,HUMAN,Human,BLOOD;SECTION;TISSUE,BLOOD;SECTION;PROTEIN,,,DZA,,OXIDATION,DENSITY;FILTRATION,FLUOR;ATR_FTIR,45.0,45.0,24.0,48.0,2.0,50.0,STEEL;CELLULOSE,count,50.0,reported,no,,,,none_reported,,0,7,37,occurrence,additional,2026-09-27-merged-v2
SID0299,Harvey 2026,2026,10.3389/frans.2026.1881804,Characterization of micro- and nanoplastics in human placental tissue by pyrolysis gas chromatographic ion mobility mass spectrometry,biomonitoring,HUMAN,Human,REPRODUCTIVE,PROTEIN,,,CAN,HOMOGENIZE,ALKALI,FILTRATION,PYGCMS,RT,RT,48.0,48.0,0.7,0.7,GLASS_FIBRE,mass,,,no,PE;PP;PS,,,identified,,3,1,9,occurrence,additional,2026-09-27-merged-v2
SID0300,He 2025,2025,10.1016/j.jhazmat.2025.138748,Association of microplastics in human cerebrospinal fluid with Alzheimer’s disease-related changes,biomonitoring,HUMAN,Human,BODY_FLUID,AQUEOUS,,,CHN,,NONE,,PYGCMS,60.0,110.0,0.17,1.0,,,,mass,0.001,reported,yes,PE;PVC;PS;PP,,,identified,,11,4,35,occurrence,additional,2026-09-27-merged-v2
SID0301,Hohenstatt 2026,2026,10.1007/s00062-026-01673-1,"Circulating Microplastics in Acute Ischemic Stroke: Feasibility, Variability, and Exploratory Comparisons with Healthy Individuals",biomonitoring,HUMAN,Human,BLOOD,BLOOD,,,DEU;FIN,,ENZ_CHEM;ENZYME;OXIDATION,DENSITY;FILTRATION,UFTIR,,,,,10.0,10.0,STEEL,count,20.0,reported,no,PE;PP;PVC;PA;PS;PET;OTHER,,,identified,,0,2,28,occurrence,additional,2026-09-27-merged-v2
SID0302,Hu 2024,2024,10.1093/toxsci/kfae060,Microplastic presence in dog and human testis and its potential association with sperm count and weights of testis and epididymis,biomonitoring,HUMAN;MAMMAL,Human;Mammal (non-human),ORGAN;REPRODUCTIVE,PROTEIN,,,USA,,ALKALI,,PYGCMS,40.0,40.0,72.0,72.0,,,,mass,,,no,PE,,,identified,,0,2,4,occurrence,additional,2026-09-27-merged-v2
SID0303,Huang 2026,2026,10.1016/j.envpol.2025.127430,Evaluation of micro(nano)plastics and additives in human blood: A pilot study with university students,biomonitoring,HUMAN,Human,BLOOD,BLOOD,,,CHN,,ACID;OXIDATION,,PYGCMS;ICPMS,50.0,50.0,48.0,48.0,30.0,30.0,,mass,,,no,PS;PE;PVC;PP,,,identified,,22,1,8,occurrence,additional,2026-09-27-merged-v2
SID0304,Jia 2026,2026,10.1016/j.jhazmat.2026.141997,Microplastic accumulation in paired human breast tumor and para-tumor tissues and exploratory clinical associations,biomonitoring,HUMAN,Human,ORGAN,PROTEIN,,,CHN,HOMOGENIZE,ACID,FILTRATION,SEM;FTIR,24.0,60.0,3.0,24.0,13.0,13.0,STEEL,count,20.0,reported,no,PE-CL;PU;FKM;OTHER;EVA,,,identified,,0,2,10,occurrence,additional,2026-09-27-merged-v2
SID0305,Jiang 2026,2026,10.1186/s12943-026-02588-8,Tumour-infiltrating microplastics disrupt the JAK-STAT-microbiota axis to promote immunotherapy resistance in colorectal cancer,biomonitoring,HUMAN,Human,BLOOD;ORGAN,BLOOD;PROTEIN,,,CHN,,ACID,FILTRATION,PYGCMS;FTIR,42.0,60.0,3.0,42.0,,,,count+mass,20.0,reported,no,PVC;ACR;PU;PE;PET;EVA;PS,,,identified,,0,3,25,occurrence,additional,2026-09-27-merged-v2
SID0306,Kong 2025,2025,10.1021/acsnano.5c00918,Polyethylene and Polyvinyl Chloride Nanoplastics in Human Follicular Fluid and Seminal Plasma: Impact on Fertilization and Sperm Quality,biomonitoring,HUMAN,Human,BODY_FLUID,AQUEOUS,,,CHN,,ENZYME;NONE,FILTRATION,PYGCMS,37.0,60.0,0.17,0.17,1.0,1.0,STEEL,mass,,,yes,PE;PVC;PS;PP,,,identified,,10,2,6,occurrence,additional,2026-09-27-merged-v2
SID0307,Li 2026,2026,10.1038/s44454-026-00041-5,"Microplastics and nanoplastics in matched human blood, bone, and intervertebral discs: Accumulation patterns and risks",biomonitoring,HUMAN,Human,BLOOD;ORGAN;SKELETAL,BLOOD;PROTEIN;MINERAL,,,CHN,HOMOGENIZE;FREEZE_DRY,ACID;OXIDATION,DENSITY;FILTRATION,RAMAN;PYGCMS,50.0,70.0,0.17,48.0,0.45,1.0,PTFE,count+mass,9.79,reported,yes,PVC;PA66;PMMA,,,identified,,0,6,10,occurrence,additional,2026-09-27-merged-v2
SID0308,Liu 2023,2023,10.1016/j.scitotenv.2022.158699,"Detection of various microplastics in placentas, meconium, infant feces, breastmilk and infant formula: A pilot prospective study",biomonitoring,HUMAN,Human,FECES;MILK;REPRODUCTIVE,FECAL;LIPID_FLUID;PROTEIN,,,CHN,,ACID,FILTRATION,FTIR,95.0,95.0,3.0,48.0,13.0,13.0,STEEL,count,20.0,reported,no,PA;PU;PE;PET;PP;PVC;POM;EVA;PTFE;PE-CL;PB;PC;PS;PMMA;PLA;PSU,,,identified,,6,5,143,occurrence,additional,2026-09-27-merged-v2
SID0309,Liu 2024,2024,10.1016/j.jhazmat.2024.135054,Percutaneous coronary intervention leads to microplastics entering the blood: Interventional devices are a major source,biomonitoring,HUMAN,Human,BLOOD,BLOOD,,,CHN,,ACID,FILTRATION,SEM;FTIR,,,,,,,,count,20.13,reported,no,PA;PE;PU;PET;OTHER,,,identified,,10,1,7,occurrence,additional,2026-09-27-merged-v2
SID0310,Ma 2025,2025,10.1016/j.jhazmat.2025.139981,Association between microplastic exposure and macrolide resistance in mycoplasma pneumoniae pneumonia among younger children: A cross-sectional study in China,biomonitoring,HUMAN,Human,BODY_FLUID,AQUEOUS,,,CHN,,ACID,,PYGCMS;SEM,90.0,90.0,48.0,48.0,,,,mass,,,no,PA66;PE;PVC;PS;PMMA;PP,,,identified,,9,3,22,occurrence,additional,2026-09-27-merged-v2
SID0311,Marfella 2026,2026,10.1016/j.lanepe.2026.101804,Microplastics in human lung tissue from autopsy samples collected in 1991 and 2024: a comparative post-mortem study,biomonitoring,HUMAN,Human,ORGAN,PROTEIN,,,ITA,,ALKALI;OXIDATION;ENZYME,FILTRATION,PYGCMS;SEM;FTIR,38.0,60.0,24.0,72.0,0.7,0.8,GLASS_FIBRE;GOLD,count+mass,10.0,reported,no,PE;PP;PET;PVC;PS,,,identified,,18,2,13,occurrence,additional,2026-09-27-merged-v2
SID0312,Massie 2025,2025,10.1016/j.jvssci.2025.100393,Micro- and nanoplastics are elevated in femoral atherosclerotic plaques compared with undiseased arteries,biomonitoring,HUMAN,Human,CARDIOVASCULAR,PROTEIN,,,USA,HOMOGENIZE,ALKALI,,PYGCMS,40.0,60.0,72.0,120.0,,,,mass,,,no,PE;PVC;PA66;PC;SBR,,,identified,,0,3,12,occurrence,additional,2026-09-27-merged-v2
SID0313,Momeni 2025,2025,10.1016/j.envpol.2024.125389,"Isolation and characterization of microplastics from the human respiratory system: Sputum, broncho-alveolar lavage fluid, and pleural fluid simultaneously",biomonitoring,HUMAN,Human,BODY_FLUID,AQUEOUS,,,IRN,,ACID,DENSITY;FILTRATION,RAMAN;SEM,,,,,0.45,0.45,CELLULOSE,count,,,no,,,,none_reported,,0,3,16,occurrence,additional,2026-09-27-merged-v2
SID0314,Montano 2025,2025,10.1016/j.ecoenv.2025.117868,First evidence of microplastics in human ovarian follicular fluid: An emerging threat to female fertility,biomonitoring,HUMAN,Human,BODY_FLUID,AQUEOUS,,,ITA,NONE,NONE,NONE,SEM,,,,,,,,count,3.18,reported,no,,,,none_reported,,1,1,3,occurrence,additional,2026-09-27-merged-v2
SID0315,Nardella 2025,2025,10.1186/s43591-025-00152-7,Advancing pyrolysis-gas chromatography-mass spectrometry for the accurate quantification of micro- and nanoplastics in human blood,method_development,HUMAN,Human,BLOOD,BLOOD,,,NLD,,ENZ_CHEM;ENZYME;OXIDATION,FILTRATION,PYGCMS,20.0,60.0,0.33,12,0.7,0.7,GLASS_FIBRE,mass,,,no,PVC;PP;PMMA,,,identified,,6,1,15,occurrence,additional,2026-09-27-merged-v2
SID0316,Qin 2024,2024,10.1021/acs.est.4c01541,"Features, Potential Invasion Pathways, and Reproductive Health Risks of Microplastics Detected in Human Uterus",biomonitoring,HUMAN,Human,REPRODUCTIVE,PROTEIN,,,CHN,FREEZE_DRY,ALKALI,FILTRATION,RAMAN;UFTIR,45.0,45.0,48.0,48.0,1.6,20.0,GLASS_FIBRE,,1.95,reported,no,,,,none_reported,,0,1,9,occurrence,additional,2026-09-27-merged-v2
SID0317,Qiu 2023,2023,10.1021/acs.est.2c06880,Evidence of Microplastics in Bronchoalveolar Lavage Fluid among Never-Smokers: A Prospective Case Series,biomonitoring,HUMAN,Human,BODY_FLUID,AQUEOUS,,,CHN,,ACID,FILTRATION,UFTIR;SEM,95.0,95.0,3.0,48.0,13.0,13.0,STEEL,count,20.0,reported,no,PE;PET;PU;PP;PS;PC;PVC;PSU;ACR;OTHER;PTFE;PMMA,,,identified,,3,1,21,occurrence,additional,2026-09-27-merged-v2
SID0318,Radu 2026,2026,10.3390/life16081315,Screening for Suspected Microplastic-like Particles in Post-Mortem Human Liver: Correlating Histopathological Alterations with Clinical Profiles,biomonitoring,HUMAN,Human,ORGAN,PROTEIN,,,ROU,NONE,OXIDATION,FILTRATION,FLUOR,40.0,40.0,168.0,168.0,1.0,1.0,,count,56.21,reported,no,,,,none_reported,,3,1,2,occurrence,additional,2026-09-27-merged-v2
SID0319,Rodríguez-Gutiérrez 2026,2026,10.1016/j.envpol.2026.128688,"First study on the toxicokinetic approach of MNPs in an environmentally exposed human population, through their evaluation in blood and urine samples by Pyr-GC-MS and multivariate analysis",biomonitoring,HUMAN,Human,BLOOD;BODY_FLUID,BLOOD;AQUEOUS,,,MEX,,ENZ_CHEM;ENZYME;OXIDATION;ACID,FILTRATION,PYGCMS,50.0,60.0,0.33,2.0,0.7,0.7,GLASS_FIBRE,mass,4.0,reported,no,PMMA;PA66;NBR;ABS;PE;PS;PVC;PC,PP(contamination_qualified);PVC(contamination_qualified);PET(contamination_qualified),,identified,,0,2,50,occurrence,additional,2026-09-27-merged-v2
SID0320,Rotchell 2024,2024,10.1016/j.ecoenv.2024.116208,Microplastics in human urine: Characterisation using μFTIR and sampling challenges using healthy donors and endometriosis participants,biomonitoring,HUMAN,Human,BODY_FLUID,AQUEOUS,,,GBR,,OXIDATION,FILTRATION,SEM;UFTIR,60.0,60.0,168.0,168.0,0.02,0.02,ALUMINA,count,10.0,reported,no,PE;PS;EP;PP;PTFE,,,identified,,0,2,12,occurrence,additional,2026-09-27-merged-v2
SID0321,Safdari 2026,2026,10.1016/j.wasman.2026.115646,Microplastic inhalation in waste management workers: evidence from nasal lavage and sputum analysis in a municipal landfill setting,biomonitoring,HUMAN,Human,BODY_FLUID,AQUEOUS,,,IRN,,OXIDATION,DENSITY;FILTRATION,RAMAN;SEM,10.0,50.0,0.17,24.0,8.0,12.0,CELLULOSE,count,20.0,reported,no,,,,none_reported,,0,16,57,occurrence,additional,2026-09-27-merged-v2
SID0322,Shen 2026,2026,10.1016/j.ecoenv.2025.119572,Impact of placental microplastics on birth anthropometrics: A cross-sectional study,biomonitoring,HUMAN,Human,REPRODUCTIVE,PROTEIN,,,CHN,HOMOGENIZE,ALKALI,DENSITY;FILTRATION,FTIR,50.0,50.0,72.0,72.0,10.0,10.0,STEEL,count,10.0,reported,no,PVC;PP;OTHER;PET,,,identified,,1,3,31,occurrence,additional,2026-09-27-merged-v2
SID0323,Sun 2024,2024,10.1016/j.ecoenv.2024.117300,"Microplastics in maternal blood, fetal appendages, and umbilical vein blood",biomonitoring,HUMAN,Human,BLOOD;BODY_FLUID;REPRODUCTIVE,BLOOD;AQUEOUS;PROTEIN,,,CHN,,ACID,FILTRATION,FTIR,60.0,60.0,24.0,48.0,13.0,13.0,STEEL,count,20.0,reported,no,PA;PU;PET;PE-CL;PE;PMMA;ACR;PP;FKM;PS;PVC;PB,,,identified,,0,6,77,occurrence,additional,2026-09-27-merged-v2
SID0324,Teng 2026,2026,10.1016/j.ecoenv.2026.120567,Association between placental microplastic burden and intrapartum fetal heart rate abnormalities,biomonitoring,HUMAN,Human,REPRODUCTIVE,PROTEIN,,,CHN,HOMOGENIZE,ALKALI,DENSITY;FILTRATION,FTIR,50.0,50.0,72.0,72.0,10.0,10.0,STEEL,count,10.0,reported,no,PVC;PET;PP;OTHER,,,identified,,0,1,15,occurrence,additional,2026-09-27-merged-v2
SID0325,Tu 2026,2025,10.1021/acs.est.5c07946,What Drives Microplastic Exposure in Human Blood and Feces? Machine Learning Reveals Potential Key Influencing Factors,biomonitoring,HUMAN,Human,BLOOD;FECES,BLOOD;FECAL,,,CHN,,NONE,,PYGCMS,,,,,,,,mass,,,no,PS;PE;PP;PMMA;PVC;PET;PA66,,,identified,,22,2,8,occurrence,additional,2026-09-27-merged-v2
SID0326,Wang 2023,2023,10.3390/toxics11090759,Microplastics in the Lung Tissues Associated with Blood Test Index,biomonitoring,HUMAN,Human,ORGAN,PROTEIN,,,CHN,HOMOGENIZE,ACID,FILTRATION,SEM;FTIR,25.0,95.0,3.0,48.0,13.0,13.0,STEEL,count,20.0,reported,no,,,,none_reported,,3,3,15,occurrence,additional,2026-09-27-merged-v2
SID0327,Wang 2025,2025,10.1016/j.jhazmat.2025.139897,Integrated analysis of microplastics in human gallbladder and bile using multimodal detection techniques,biomonitoring,HUMAN,Human,BODY_FLUID;ORGAN,AQUEOUS;PROTEIN,,,CHN,,ACID;ENZYME,FILTRATION,PYGCMS;SEM;FTIR,60.0,110.0,3.0,72.0,0.45,500.0,,count+mass,20.0,reported,no,PE;PA66;PVC;PP,EVA(tentative);PET(tentative);PP(tentative);PS(tentative);ABS(tentative);OTHER(tentative);PLA(tentative);PIB(tentative);SBR(tentative);PU(tentative),,identified,,4,2,23,occurrence,additional,2026-09-27-merged-v2
SID0328,Wang 2025,2025,10.1016/j.ecoenv.2025.118099,Exposure to microplastics during pregnancy and fetal liver function,biomonitoring,HUMAN,Human,REPRODUCTIVE,PROTEIN,,,CHN,HOMOGENIZE,ALKALI,DENSITY;FILTRATION,FTIR,50.0,50.0,72.0,72.0,10.0,10.0,STEEL,count,10.0,reported,no,PVC;PP;OTHER,,,identified,,8,1,10,occurrence,additional,2026-09-27-merged-v2
SID0329,Wang 2025,2025,10.1016/j.jhazmat.2025.137635,Identification of microplastics in human tear fluid and meibum: Implications for dry eye disease pathogenesis,biomonitoring,HUMAN,Human,BODY_FLUID,AQUEOUS,,,CHN,,ACID,FILTRATION,PYGCMS;SEM;FTIR,95.0,95.0,3.0,3.0,13.0,13.0,STEEL,mass,,,no,,,,none_confirmed,,22,2,24,occurrence,additional,2026-09-27-merged-v2
SID0330,Wang 2026,2026,10.1016/j.ecoenv.2025.119614,Detection of micro- and nanoplastics in cerebrospinal fluid and blood: Implications for brain diseases,biomonitoring,HUMAN,Human,BLOOD;BODY_FLUID,BLOOD;AQUEOUS,,,CHN,,ACID,,PYGCMS,48.0,110.0,3.0,48.0,,,,mass,,,no,PVC;PA66;PE;PP;PS,,,identified,,65,6,108,occurrence,additional,2026-09-27-merged-v2
SID0331,Wouters 2026,2026,10.1021/acsnano.6c12376,Hydrogel Transformation Reveals a Conventionally Inaccessible Sub-Micrometer Microplastic Fraction in Intact Human Tissues,method_development,HUMAN,Human,REPRODUCTIVE,PROTEIN,,,BEL,HOMOGENIZE,ENZYME,NONE,FLUOR,37.0,50.0,12,12,,,,count+mass,0.44,reported,yes,,,,none_reported,,0,1,4,occurrence,additional,2026-09-27-merged-v2
SID0332,Xie 2024,2024,10.1016/j.jhazmat.2024.136028,Blood-brain barrier damage accelerates the accumulation of micro- and nanoplastics in the human central nervous system,biomonitoring,HUMAN,Human,BODY_FLUID,AQUEOUS,,,CHN,,ACID;NONE,FILTRATION,PYGCMS;FTIR,42.0,42.0,3.0,42.0,13.0,13.0,PTFE,mass,20.0,reported,no,PS;PE;PP;PVC,,,identified,,11,1,16,occurrence,additional,2026-09-27-merged-v2
SID0333,Xu 2024,2024,10.1016/j.envpol.2024.124632,First identification of microplastics in human uterine fibroids and myometrium,biomonitoring,HUMAN,Human,REPRODUCTIVE,PROTEIN,,,CHN,HOMOGENIZE;RINSE,ALKALI;OXIDATION,FILTRATION,FLUOR;RAMAN;SEM,25.0,50.0,24.0,48.0,0.45,0.45,SILVER,count,4.86,reported,no,PE;PP;EPM;EVA;PA;ABS,,,identified,,4,4,27,occurrence,additional,2026-09-27-merged-v2
SID0334,Xu 2025,2025,10.1016/j.envpol.2025.126251,The role of microplastics in elevated risk and tissues metabolic alterations in uterine fibroid of female patients,biomonitoring,HUMAN,Human,BLOOD;REPRODUCTIVE,BLOOD;PROTEIN,,,CHN,HOMOGENIZE,ALKALI;OXIDATION;ENZYME;ACID,FILTRATION,RAMAN,25.0,60.0,4.0,4.0,0.45,0.45,SILVER,count,,,no,PE;PP;EPM;PS;PA;PVC;PU;EVA;PET,,,identified,,0,4,71,occurrence,additional,2026-09-27-merged-v2
SID0335,Xue 2024,2024,10.1016/j.scitotenv.2024.171044,Microplastics in maternal amniotic fluid and their associations with gestational age,biomonitoring,HUMAN,Human,BODY_FLUID,AQUEOUS,,,CHN,,ACID,FILTRATION,FTIR,95.0,95.0,3.0,3.0,13.0,13.0,STEEL,count,20.34,reported,no,PE;PE-CL;PA;PU;PP;EVA;OTHER;PET;PVC,,,identified,,0,1,37,occurrence,additional,2026-09-27-merged-v2
SID0336,Yang 2023,2023,10.1021/acs.est.2c07179,Detection of Various Microplastics in Patients Undergoing Cardiac Surgery,biomonitoring,HUMAN,Human,ADIPOSE;BLOOD;ORGAN,LIPID;BLOOD;PROTEIN,,,CHN,,ACID;OXIDATION;ALKALI,FILTRATION,SEM,10.0,10.0,12.0,480.0,0.1,1.0,PTFE,count,20.0,reported,no,PET;PS;PE;PA;PC;PVC;PU;PP;PMMA,,,identified,,0,6,67,occurrence,additional,2026-09-27-merged-v2
SID0337,Yang 2024,2024,10.1007/s11356-024-32832-x,Atlas and source of the microplastics of male reproductive system in human and mice,biomonitoring,HUMAN;MAMMAL,Human;Mammal (non-human),BODY_FLUID;ORGAN,AQUEOUS;PROTEIN,,,CHN,,ACID,,PYGCMS,48.0,110.0,1.0,48.0,,,,mass,,,no,PE;PVC;PA66;PS;PMMA,,,identified,,11,7,51,occurrence,additional,2026-09-27-merged-v2
SID0338,Yin 2025,2025,10.1016/j.ecoenv.2025.119318,Prenatal exposure to microplastics and biomarkers of renal dysfunction in umbilical cord blood: Evidence from a birth cohort in China,biomonitoring,HUMAN,Human,REPRODUCTIVE,PROTEIN,,,CHN,HOMOGENIZE,ALKALI,DENSITY;FILTRATION,,50.0,50.0,72.0,72.0,10.0,10.0,STEEL,count,10.0,reported,no,PVC;PP;OTHER,,,identified,,8,1,17,occurrence,additional,2026-09-27-merged-v2
SID0339,Yu 2024,2024,10.1016/j.jhazmat.2024.136211,Association between blood microplastic levels and severity of extracranial artery stenosis,biomonitoring,HUMAN,Human,BLOOD,BLOOD,,,CHN,,ACID,FILTRATION,PYGCMS;SEM,46.0,110.0,2.0,48.0,13.0,13.0,STEEL,count+mass,20.0,reported,no,PVC;PA66;PS;PP,PE(tentative);PU(tentative);PE-CL(tentative);PET(tentative);ACR(tentative);FKM(tentative);PVC(tentative);PMMA(tentative);PB(tentative),,identified,,9,3,41,occurrence,additional,2026-09-27-merged-v2
SID0340,Zhan 2026,2026,10.1016/j.ese.2026.100686,Microplastics accumulate in human bile and drive cholangiocyte senescence,biomonitoring,HUMAN,Human,BODY_FLUID,AQUEOUS,,,CHN,,ACID;NONE,FILTRATION,PYGCMS;SEM,12.0,60.0,3.0,12.0,13.0,13.0,STEEL,count+mass,20.34,reported,no,PE;PP;PVC;PET;PS;PA66;PA,PA(tentative);ACR(tentative);PE-CL(tentative);PU(tentative);PB(tentative);PET(tentative);PVC(tentative);FKM(tentative);PE(tentative);PLA(tentative);PMMA(tentative);PP(tentative);SBR(tentative);ABS(tentative);PSU(tentative),,identified,,0,3,44,occurrence,additional,2026-09-27-merged-v2
SID0341,Zhang 2021,2021,10.1021/acs.estlett.1c00559,Occurrence of Polyethylene Terephthalate and Polycarbonate Microplastics in Infant and Adult Feces,biomonitoring,HUMAN,Human,FECES,FECAL,,,USA,HOMOGENIZE;FREEZE_DRY;SIEVE,ALKALI,SPE,,,,0.5,0.5,,,,mass,,,no,PET;PC,,,identified,,2,3,6,occurrence,additional,2026-09-27-merged-v2
SID0342,Zhang 2025,2025,10.1016/j.isci.2025.112078,Identifying and analyzing the microplastics in human aqueous humor by pyrolysis-gas chromatography/mass spectrometry,biomonitoring,HUMAN,Human,BODY_FLUID,AQUEOUS,,,CHN,,,,PYGCMS,,,,,,,,mass,,,no,PE;PVC;PP;PA66;PS,,,identified,,11,3,36,occurrence,additional,2026-09-27-merged-v2
SID0343,Zhao 2023,2023,10.1016/j.scitotenv.2023.162713,Detection and characterization of microplastics in the human testis and semen,biomonitoring,HUMAN,Human,BODY_FLUID;REPRODUCTIVE,AQUEOUS;PROTEIN,,,CHN,,ACID;ENZYME,FILTRATION,PYGCMS;FTIR,60.0,60.0,8.0,72.0,0.45,0.45,,count+mass,21.76,reported,no,PS;PVC;PE;PP;PA;PET,,,identified,,0,3,27,occurrence,additional,2026-09-27-merged-v2
SID0344,Zhao 2024,2024,10.1016/j.ecoenv.2024.116818,Detection and quantification of microplastics in various types of human tumor tissues,biomonitoring,HUMAN,Human,TISSUE,PROTEIN,,,CHN,,ALKALI,FILTRATION,PYGCMS,20.0,20.0,336.0,336.0,1.6,1.6,GLASS_FIBRE,mass,,,no,PS;PE;PVC,,,identified,,0,6,18,occurrence,additional,2026-09-27-merged-v2
SID0345,Zhong 2024,2024,10.1016/j.scitotenv.2024.171109,Revealing new insights: Two-center evidence of microplastics in human vitreous humor and their implications for ocular health,biomonitoring,HUMAN,Human,BODY_FLUID,AQUEOUS,,,CHN,,ALKALI;ACID;OXIDATION,FILTRATION,PYGCMS;SEM,110.0,110.0,12.0,48.0,13.0,13.0,STEEL,count+mass,20.0,reported,no,PS;PE;PP;PMMA;PVC;PA66,,,identified,,7,8,37,occurrence,additional,2026-09-27-merged-v2
SID0346,Zhu 2024,2024,10.1021/acs.est.3c11054,Unveiling Small-Sized Plastic Particles Hidden behind Large-Sized Ones in Human Excretion and Their Potential Sources,biomonitoring,HUMAN,Human,BODY_FLUID;FECES,AQUEOUS;FECAL,,,CHN,,OXIDATION,DENSITY;FILTRATION,ATR_FTIR;PYGCMS,50.0,50.0,24.0,72.0,0.22,500.0,STEEL;GLASS_FIBRE,count+mass,0.22,reported,yes,PE;PVC;PP;PET;PS,,,identified,,12,10,52,occurrence,additional,2026-09-27-merged-v2
SID0347,Zhu 2026,2026,10.1016/j.envpol.2026.128705,Non-destructive extraction and characterization of human pulmonary microplastics and the associated endocrine disrupting chemicals,biomonitoring,HUMAN,Human,ORGAN,PROTEIN,,,CHN,HOMOGENIZE;FREEZE_DRY,NONE,DENSITY;FILTRATION,RAMAN;SEM,,,,,0.22,0.22,GLASS_FIBRE,count,2.0,reported,no,PA;PEST;PE;PP;PVC;PU,,,identified,,0,7,13,occurrence,additional,2026-09-27-merged-v2
SID0349,Chen 2023,2023,10.1021/acs.est.3c01771,"Microplastics in the Bronchoalveolar Lavage Fluid of Chinese Children: Associations with Age, City Development, and Disease Features",biomonitoring,HUMAN,Human,BODY_FLUID,AQUEOUS,,,CHN,,ALKALI,FILTRATION,RAMAN,60.0,60.0,48.0,48.0,0.45,0.45,SILVER,count,1.0,reported,no,PP;PE;PEST;PET,,,identified,,0,5,9,occurrence,additional,2026-09-27-merged-v2
SID0350,Deng 2024,2024,10.1016/j.ebiom.2024.105360,Identification and analysis of microplastics in para-tumor and tumor of human prostate,biomonitoring,HUMAN,Human,TISSUE,PROTEIN,,,CHN,HOMOGENIZE;RINSE,ACID,FILTRATION,PYGCMS;SEM;FTIR,16.0,16.0,3.0,16.0,13.0,13.0,,count+mass,20.0,reported,no,PP,,,identified,,0,4,14,occurrence,additional,2026-09-27-merged-v2
SID0351,Dimeas 2026,2026,10.3390/jcm15176503,Microplastics in Human Thoracic Tissues: Increased Burden in Patients with Lung Malignancy,biomonitoring,HUMAN,Human,ORGAN;TISSUE,PROTEIN,,,GRC,,ALKALI,FILTRATION,RAMAN,55.0,55.0,48.0,48.0,0.47,0.47,CELLULOSE,count,22.53,reported,no,,,,none_reported,,0,3,6,occurrence,additional,2026-09-27-merged-v2
SID0352,Ghasemi 2026,2026,10.1038/s41598-025-33204-2,"Detection and characterization of MPs in the human stool: an observational study in Bushehr, Iran",biomonitoring,HUMAN,Human,FECES,FECAL,,,IRN,,OXIDATION,DENSITY;FILTRATION,RAMAN;SEM,40.0,40.0,336.0,336.0,0.45,5.0,CELLULOSE;PTFE,count,50.0,reported,no,PP,,,identified,,0,1,9,occurrence,additional,2026-09-27-merged-v2
SID0353,Guan 2023,2023,10.1016/j.jhazmat.2022.130138,The landscape of micron-scale particles including microplastics in human enclosed body fluids,biomonitoring,HUMAN,Human,BLOOD;BODY_FLUID,BLOOD;AQUEOUS,,,CHN,,ALKALI;ENZ_CHEM;ENZYME,FILTRATION,RAMAN,37.0,50.0,12.0,48.0,0.7,0.7,GLASS_FIBRE,count,2.15,reported,no,,,,none_reported,,0,13,22,occurrence,additional,2026-09-27-merged-v2
SID0354,HassanMazandarani 2026,2026,10.1039/d5an00241a,Optical photothermal infrared spectroscopic assessment of microplastics in tissue models and non-digested human tissue sections,method_development,HUMAN,Human,SECTION,SECTION,,,USA,,NONE,NONE,UFTIR,,,,,,,,,3.0,reported,no,,PA(tentative);CELL(tentative);OTHER(identity_unresolved),,identified,,0,2,4,occurrence,additional,2026-09-27-merged-v2
SID0355,Huang 2022,2022,10.1021/acs.est.1c03859,Detection and Analysis of Microplastics in Human Sputum,biomonitoring,HUMAN,Human,BODY_FLUID,AQUEOUS,,,CHN,,ACID;ALKALI,DENSITY;FILTRATION,UFTIR,,,1.0,1.0,0.45,0.45,SILVER,count,20.0,reported,no,ACR;NBR;ALK;EVA;POM;PB;PEST;PE;PE-CL;OTHER;PMMA;PP;PSU;PU;PVOH;PVC;PDMS;PC;PTFE,,,identified,,8,1,24,occurrence,additional,2026-09-27-merged-v2
SID0356,Kovács 2026,2026,10.3389/fendo.2026.1856825,Microplastics in human ovarian follicular fluid: a pilot Raman spectroscopy study,biomonitoring,HUMAN,Human,BODY_FLUID,AQUEOUS,,,HUN,,ALKALI,FILTRATION,RAMAN,60.0,60.0,12,16.0,1.6,1.6,GLASS_FIBRE,count,3.0,reported,no,PET,,,identified,,0,1,7,occurrence,additional,2026-09-27-merged-v2
SID0357,Li 2024,2024,10.1016/j.jhazmat.2023.132640,Identification and analysis of microplastics in human lower limb joints,biomonitoring,HUMAN,Human,TISSUE,PROTEIN,,,CHN,HOMOGENIZE,OXIDATION,FILTRATION,RAMAN;SEM;UFTIR,65.0,65.0,48.0,48.0,5.0,5.0,CELLULOSE,count,11.0,reported,no,PET;PE;RAYON;PEST;PP;PA;PVC;PS;PC,,,identified,,0,7,16,occurrence,additional,2026-09-27-merged-v2
SID0358,Liu 2023,2022,10.1021/acs.est.2c04706,The Association Between Microplastics and Microbiota in Placentas and Meconium: The First Evidence in Humans,biomonitoring,HUMAN,Human,FECES;REPRODUCTIVE,FECAL;PROTEIN,,,CHN,HOMOGENIZE,ACID,FILTRATION,FTIR,95.0,95.0,3.0,48.0,13.0,13.0,STEEL,count,20.0,reported,no,PA;PU;PE;PET;PP;PVC;POM;EVA;PTFE;PE-CL;PB;PC;PS;PMMA;PLA;PSU,,,identified,,6,2,62,occurrence,additional,2026-09-27-merged-v2
SID0359,Liu 2025,2025,10.1016/j.jhazmat.2025.138517,Formation of metal-microplastic complexes in lung adenocarcinoma is associated with increased risk of cancer progression,biomonitoring,HUMAN,Human,ORGAN,PROTEIN,,,CHN,,ACID,FILTRATION,PYGCMS;ICPMS;SEM;FTIR,15.0,60.0,48.0,48.0,13.0,13.0,STEEL;PTFE,count+mass,20.34,reported,no,,,,none_reported,,0,2,14,occurrence,additional,2026-09-27-merged-v2
SID0360,Liu 2026,2026,10.1016/j.envint.2026.110164,Microplastic exposure and the role of dietary patterns in school-aged children,biomonitoring,HUMAN,Human,BODY_FLUID,AQUEOUS,,,CHN,,OXIDATION,FILTRATION,FTIR,50.0,50.0,72.0,72.0,10.0,10.0,STEEL,count,20.0,reported,no,PA;PTFE;PMMA;PP;PET;PS;PU;PVC;PE;PC;PLA;EVA;PE-HD;PE-CL;OTHER;PVOH;PSU;POM,,,identified,,0,1,21,occurrence,additional,2026-09-27-merged-v2
SID0361,Rotchell 2023,2023,10.1371/journal.pone.0280594,Detection of microplastics in human saphenous vein tissue using μFTIR: A pilot study,biomonitoring,HUMAN,Human,CARDIOVASCULAR,PROTEIN,,,GBR,,OXIDATION,FILTRATION,UFTIR,65.0,65.0,168.0,168.0,0.02,0.02,ALUMINA,count,5.0,reported,no,ALK;PVAC;OTHER;PU,,,identified,,0,1,10,occurrence,additional,2026-09-27-merged-v2
SID0362,Sharma 2026,2026,10.1016/j.impact.2026.100617,Human reproductive exposure to microplastics: A multi-technique analytical study of menstrual and amniotic fluids,biomonitoring,HUMAN,Human,BLOOD;BODY_FLUID,BLOOD;AQUEOUS,,,IND,,ALKALI,FILTRATION,RAMAN;ATR_FTIR;PYGCMS;AFM,RT,RT,24.0,24.0,0.25,1.0,CELLULOSE;GLASS_FIBRE,count,,,no,,,,none_reported,,0,2,6,occurrence,additional,2026-09-27-merged-v2
SID0363,Si 2026,2026,10.1016/j.jare.2026.01.074,Microplastics and nanoplastics in follicular fluid are associated with diminished ovarian reserve: clinical and molecular insights,biomonitoring,HUMAN;MAMMAL,Human;Mammal (non-human),BODY_FLUID;ORGAN,AQUEOUS;PROTEIN,,,CHN,,ACID,FILTRATION,PYGCMS,8.0,60.0,2.0,8.0,0.45,0.45,,count+mass,10.0,reported,no,PS;PVC;PA66;PMMA;PP;PA6,,,identified,,0,5,21,occurrence,additional,2026-09-27-merged-v2
SID0364,Sun 2026,2026,10.1007/s10495-026-02372-5,Differential distribution of microplastics in breast cancer and peritumoral tissues and relationship with clinical characteristics,biomonitoring,HUMAN,Human,ORGAN,PROTEIN,,,CHN,,ACID,FILTRATION,SEM;FTIR,RT,RT,3.0,42.0,13.0,13.0,STEEL,count,20.0,reported,no,,,,none_reported,,0,2,10,occurrence,additional,2026-09-27-merged-v2
SID0365,Wu 2025,2025,10.1016/j.envres.2025.121077,Microplastic accumulation in fibrotic intestinal tissue and mesenteric adipose tissue in Crohn’s disease patients,biomonitoring,HUMAN,Human,ADIPOSE;GI_TRACT,LIPID;GUT,,,CHN,,ALKALI,FILTRATION,FTIR,60.0,60.0,3.0,3.0,13.0,13.0,STEEL,count,20.0,reported,no,PE-CL;ACR;FKM;PU;PMMA;PS;PE;PP;PET;PVC;EVA;PB;OTHER,,,identified,,0,4,52,occurrence,additional,2026-09-27-merged-v2
SID0366,Yan 2022,2021,10.1021/acs.est.1c03924,Analysis of Microplastics in Human Feces Reveals a Correlation between Fecal Microplastics and Inflammatory Bowel Disease Status,biomonitoring,HUMAN,Human,FECES,FECAL,,,CHN,FREEZE_DRY,ACID;OXIDATION,FILTRATION,RAMAN,40.0,50.0,0.5,5.0,1.0,1.0,CELLULOSE;PTFE,count,1.7,reported,no,PET;PA;PP;PE;PC;PVC,,,identified,,0,2,20,occurrence,additional,2026-09-27-merged-v2
SID0367,Zhang 2022,2022,10.3389/fpubh.2022.1005535,Effect of microplastics on nasal and intestinal microbiota of the high-exposure population,biomonitoring,HUMAN,Human,FECES,FECAL,,,CHN,,ACID;ALKALI,FILTRATION,,,,,,500.0,500.0,,count,20.0,reported,no,PU;OTHER,,,identified,,0,2,6,occurrence,additional,2026-09-27-merged-v2
SID0368,Zhang 2024,2024,10.1016/j.jhazmat.2024.136069,Assessment of microplastic exposure in nasal lavage fluid and the influence of face masks,biomonitoring,HUMAN,Human,BODY_FLUID,AQUEOUS,,,CHN,,,FILTRATION,,,,,,,,,count,,,no,PC;PP;PA;PE;PS;PTFE;PET;PU;PVC;ALK,,,identified,,0,3,20,occurrence,additional,2026-09-27-merged-v2
SID0369,Zhang 2025,2025,10.1016/j.ecoenv.2025.118536,Exposure to placental microplastic and placental and umbilical cord blood telomere length,biomonitoring,HUMAN,Human,REPRODUCTIVE,PROTEIN,,,CHN,HOMOGENIZE,ALKALI,FILTRATION,UFTIR,50.0,50.0,72.0,72.0,10.0,10.0,STEEL,count,,,no,PVC;PP;OTHER,,,identified,,9,1,7,occurrence,additional,2026-09-27-merged-v2
SID0370,Gao 2025,2025,10.1016/j.ecoenv.2024.117497,Association between microplastics and the functionalities of human gut microbiome,biomonitoring,HUMAN,Human,BLOOD,BLOOD,,,CHN,,,FILTRATION,PYGCMS,,,,,,,PTFE,mass,,,no,PE;PVC;PS;PP;PA66,,,identified,,0,1,5,occurrence,additional,2026-09-27-merged-v2
SID0371,Hartmann 2024,2024,10.1016/j.scitotenv.2024.175825,Assessment of microplastics in human stool: A pilot study investigating the potential impact of diet-associated scenarios on oral microplastics exposure,biomonitoring,HUMAN,Human,FECES,FECAL,,,AUT,SIEVE,ENZ_CHEM;ENZYME;ALKALI;OXIDATION;ACID,FILTRATION,UFTIR,25.0,25.0,,,0.2,5000.0,ALUMINA;PTFE,count+mass,,,no,PE;PP;PVC;PS;PET;PA;PU;PMMA;POM,,,identified,,0,2,20,occurrence,additional,2026-09-27-merged-v2
SID0372,Horvatits 2022,2022,10.1016/j.ebiom.2022.104147,Microplastics detected in cirrhotic liver tissue,biomonitoring,HUMAN,Human,ORGAN,PROTEIN,,,DEU,RINSE,ENZ_CHEM;OXIDATION,FILTRATION,FLUOR;RAMAN,40.0,40.0,72.0,72.0,0.2,0.45,SILVER;ALUMINA,count,,,no,,,,none_reported,,0,4,12,occurrence,additional,2026-09-27-merged-v2
SID0373,Liu 2025,2025,10.1016/j.ecoenv.2025.118827,Prenatal microplastic exposure and umbilical cord blood androgenic and glucocorticoid hormones,biomonitoring,HUMAN,Human,REPRODUCTIVE,PROTEIN,,,CHN,HOMOGENIZE,ALKALI,FILTRATION,UFTIR,50.0,50.0,72.0,72.0,10.0,10.0,STEEL,count,,,no,PVC;PP;OTHER,,,identified,,9,1,7,occurrence,additional,2026-09-27-merged-v2
SID0374,Ma 2026,2026,10.1016/j.envint.2025.109928,A mixture analysis of urinary microplastic levels and risk of gestational diabetes,biomonitoring,HUMAN,Human,BODY_FLUID,AQUEOUS,,,CHN,NONE,OXIDATION,FILTRATION,SEM,50.0,50.0,0.5,24.0,0.45,0.45,PTFE,count,,,no,,PA(tentative);PP(tentative);PVC(tentative);PE(tentative),,identified,,0,1,5,occurrence,additional,2026-09-27-merged-v2
SID0375,Min 2024,2024,10.1002/alr.23427,Identification and characterization of microplastics in human nasal samples,biomonitoring,HUMAN,Human,BODY_FLUID;TISSUE,AQUEOUS;PROTEIN,,,KOR,,,,UFTIR,,,,,,,,count,,,no,PEST;PP;PE;ACR,,,identified,,0,6,10,occurrence,additional,2026-09-27-merged-v2
SID0376,Sarabia 2026,2026,10.1016/j.mex.2026.103841,Isolation and characterization of microplastics from human blood samples by confocal RAMAN microscopy,method_development,HUMAN,Human,BLOOD,BLOOD,,,ESP,NONE,ALKALI,FILTRATION,RAMAN,60.0,60.0,72.0,72.0,1.6,1.6,GLASS_FIBRE,count,3.0,reported,no,PS;EVA;PE,,,identified,,0,1,3,occurrence,additional,2026-09-27-merged-v2
SID0377,Schwenger 2024,2024,10.1016/j.scitotenv.2024.176153,Links between fecal microplastics and parameters related to metabolic dysfunction-associated steatotic liver disease (MASLD) in humans: An exploratory study,biomonitoring,HUMAN,Human,FECES,FECAL,,,CAN,,OXIDATION;ACID,FILTRATION,ATR_FTIR;UFTIR,40.0,40.0,2.0,252.0,1.0,10.0,CELLULOSE;STEEL;PTFE,count,,,no,PET;PP;PE,OTHER(identity_unresolved),,identified,,0,7,30,occurrence,additional,2026-09-27-merged-v2
SID0378,Shahsavaripour 2023,2023,10.1016/j.scitotenv.2023.163576,Human occupational exposure to microplastics: A cross-sectional study in a plastic products manufacturing plant,biomonitoring,HUMAN,Human,BODY_FLUID;TISSUE,AQUEOUS;PROTEIN,,,IRN,RINSE,,FILTRATION,RAMAN,,,,,2.0,2.0,CELLULOSE,count,,,no,PEST;PA;PET;PBT;PE-HD,,,identified,,0,9,14,occurrence,additional,2026-09-27-merged-v2
SID0379,Tsuji 2026,2026,10.1265/ehpm.25-00403,"Relationship between microplastics in stool, diet, and inflammatory markers in healthy Japanese individuals",biomonitoring,HUMAN,Human,FECES,FECAL,,,JPN,HOMOGENIZE,OXIDATION;ALKALI,FILTRATION,UFTIR,,,72.0,168.0,10.0,10.0,STEEL,count,20.0,reported,no,PE;PMMA;PP;PU;PVC,EAA(tentative);OTHER(tentative);EVA(tentative);PET(tentative);PS(tentative);PVS(tentative),,identified,,0,3,25,occurrence,additional,2026-09-27-merged-v2
SID0380,Wang 2025,2025,10.1016/j.envint.2024.109236,Polyethylene microplastic exposure adversely affects oocyte quality in human and mouse,biomonitoring,HUMAN;MAMMAL,Human;Mammal (non-human),BODY_FLUID;REPRODUCTIVE,AQUEOUS;PROTEIN,,,CHN,,ACID;ENZYME,FILTRATION,RAMAN,,,,,1.0,1.0,SILICON,count,1.0,reported,no,PE;PP;PET;PS;PA6;PMMA;PC;OTHER,,,identified,,0,2,16,occurrence,additional,2026-09-27-merged-v2
SID0381,Xu 2024,2024,10.1016/j.envres.2024.119498,Detection and analysis of microplastics in tissues and blood of human cervical cancer patients,biomonitoring,HUMAN,Human,BLOOD;REPRODUCTIVE,BLOOD;PROTEIN,,,CHN,RINSE,ALKALI;OXIDATION;ENZYME,FILTRATION,RAMAN;PYGCMS,25.0,60.0,0.5,48.0,0.45,0.45,SILVER,count,4.0,reported,no,PE;OTHER;PP;PU;PMMA;EVA;PEST;PVAC;PS;PPS;PA,,,identified,,0,3,27,occurrence,additional,2026-09-27-merged-v2
SID0382,Xu 2025,2025,10.1016/j.jhazmat.2025.139099,Associations between microplastics in human feces and colorectal cancer risk,biomonitoring,HUMAN,Human,FECES,FECAL,,,CHN,FREEZE_DRY,ACID;OXIDATION,FILTRATION,UFTIR,40.0,50.0,0.58,8.0,1.0,1.0,CELLULOSE;PTFE,count,7.9,reported,no,PET;PA;PE;PP;PC,,,identified,,0,2,12,occurrence,additional,2026-09-27-merged-v2
SID0383,Yang 2025,2025,10.1016/j.envint.2025.109316,"Microplastics in human skeletal tissues: Presence, distribution and health implications",biomonitoring,HUMAN,Human,SKELETAL;TISSUE,MINERAL;PROTEIN,,,CHN,HOMOGENIZE,ACID;OXIDATION,FILTRATION,RAMAN;FLUOR,40.0,70.0,0.17,5.0,0.45,0.45,PTFE,count,25.4,reported,no,PP;EVA;PS;PA;OTHER;PET;PC;PU,,,identified,,0,3,18,occurrence,additional,2026-09-27-merged-v2
SID0384,Yin 2025,2025,10.1016/j.ecoenv.2025.119405,First identification of microplastics in umbilical cord blood and their direct target proteins: A pioneering discovery,biomonitoring,HUMAN,Human,BLOOD,BLOOD,,,CHN,,ALKALI;ACID,FILTRATION,RAMAN;PYGCMS;SEM,40.0,70.0,0.17,48.0,,,PTFE,count+mass,1.17,reported,no,PE;PVC;PS;PP;PBAT,,,identified,,0,1,19,occurrence,additional,2026-09-27-merged-v2
SID0385,Zeng 2026,2026,10.1038/s41598-026-58045-5,Microplastics in nucleus pulposus tissue of humans revealed by Raman mosaic imaging screening,biomonitoring,HUMAN,Human,TISSUE,PROTEIN,,,CHN,,ALKALI,FILTRATION,RAMAN,60.0,60.0,48.0,48.0,0.45,0.45,GLASS_FIBRE,count,37.0,reported,no,PU;OTHER;EVA;ACR;EPM,,,identified,,0,1,6,occurrence,additional,2026-09-27-merged-v2
SID0386,Zhang 2024,2024,10.1016/j.jhazmat.2024.133631,Microplastics are detected in human gallstones and have the ability to form large cholesterol-microplastic heteroaggregates,biomonitoring,HUMAN,Human,SKELETAL,MINERAL,,,CHN,HOMOGENIZE,ACID,FILTRATION,PYGCMS;FTIR,,,,,,,,count+mass,20.0,reported,no,PS;PE;PP;PET;EVA,,,identified,,0,1,10,occurrence,additional,2026-09-27-merged-v2
SID0387,Zhang 2025,2025,10.1016/j.jhazmat.2025.138133,Cross-platform detection of microplastics in human biological tissues: Comparing spectroscopic and chromatographic approaches,biomonitoring,HUMAN,Human,BODY_FLUID;REPRODUCTIVE,AQUEOUS;PROTEIN,,,CHN,,ALKALI,FILTRATION,RAMAN;PYGCMS,60.0,60.0,24.0,24.0,,,,count+mass,1.23,reported,no,PS;OTHER;PVC;PE;PC;ABS,,,identified,,0,2,14,occurrence,additional,2026-09-27-merged-v2
SID0388,Zhang 2025,2025,10.1016/j.jhazmat.2025.137624,Microplastics and nanoplastics increase major adverse cardiac events in patients with myocardial infarction,biomonitoring,HUMAN,Human,BLOOD;CARDIOVASCULAR,BLOOD;PROTEIN,,,CHN,,ACID,,PYGCMS,110.0,110.0,48.0,48.0,0.1,0.45,,mass,,,no,PS;PE;PVC;PA66;PP,,,identified,,0,2,17,occurrence,additional,2026-09-27-merged-v2
SID0389,Zhang 2025,2025,10.1016/j.ecoenv.2025.119056,Placental microplastics contamination and its impact on thyroid function in newborns,biomonitoring,HUMAN,Human,REPRODUCTIVE,PROTEIN,,,CHN,HOMOGENIZE,ALKALI,FILTRATION,UFTIR,50.0,50.0,72.0,72.0,10.0,10.0,STEEL,count,10.0,reported,no,PVC;PP;OTHER,,,identified,,0,1,13,occurrence,additional,2026-09-27-merged-v2
SID0390,Zhang 2026,2026,10.1016/j.ecoenv.2026.120078,Identification and analysis of microplastics in main organs of human fetus,biomonitoring,HUMAN,Human,ORGAN;REPRODUCTIVE,PROTEIN,,,CHN,HOMOGENIZE,ACID,FILTRATION,RAMAN,50.0,50.0,12.0,72.0,1.0,1.0,SILICON,count,,,no,,,,none_reported,,1,8,25,occurrence,additional,2026-09-27-merged-v2
SID0391,Zheng 2025,2025,10.1016/j.ecoenv.2025.118532,Impact of urinary microplastic exposure on cognitive function in primary school children,biomonitoring,HUMAN,Human,BODY_FLUID,AQUEOUS,,,CHN,,OXIDATION,FILTRATION,SEM,50.0,50.0,0.5,24.0,0.45,0.45,PTFE,count,,,no,,,,none_reported,,0,1,4,occurrence,additional,2026-09-27-merged-v2
SID0392,Zhu 2024,2024,10.1016/j.scitotenv.2024.170004,Tissue accumulation of microplastics and potential health risks in human,biomonitoring,HUMAN,Human,ORGAN,PROTEIN,,,CHN,HOMOGENIZE,ALKALI,DENSITY;FILTRATION,,50.0,50.0,72.0,72.0,20.0,500.0,STEEL,count+mass,,,no,,,,none_reported,,2,4,17,occurrence,additional,2026-09-27-merged-v2
SID0393,Zurub 2024,2024,10.1016/j.envadv.2024.100555,Particulate contamination of human placenta: Plastic and non-plastic,biomonitoring,HUMAN,Human,REPRODUCTIVE,PROTEIN,,,CAN,RINSE,OXIDATION,FILTRATION,RAMAN,55.0,55.0,264.0,264.0,2.7,2.7,GLASS_FIBRE,count,,,no,PE;PS;PVC,OTHER(identity_unresolved),,identified,,0,1,9,occurrence,additional,2026-09-27-merged-v2
SID0394,Özgen Alpaydin 2024,2024,10.1016/j.envpol.2024.125054,"Microplastics, as a risk factor in the development of interstitial lung disease- a preliminary study",biomonitoring,HUMAN,Human,BLOOD;BODY_FLUID,BLOOD;AQUEOUS,,,TUR,,OXIDATION,FILTRATION,RAMAN,55.0,55.0,264.0,264.0,0.7,0.7,GLASS_FIBRE,count,,,no,PU;PVC;PA;PET;OTHER;PC;PE,,,identified,,0,4,14,occurrence,additional,2026-09-27-merged-v2
SID0395,Abbasi 2021,2021,10.1016/j.jhazmat.2020.123799,Human exposure to microplastics: A study in Iran,biomonitoring,HUMAN,Human,BODY_FLUID;TISSUE,AQUEOUS;PROTEIN,,,IRN,RINSE,OXIDATION,DENSITY;FILTRATION,FLUOR;RAMAN,80.0,80.0,12.0,240.0,2.0,2.0,CELLULOSE,count,,,no,PP;PS;PVC,OTHER(identity_unresolved),,identified,,0,9,19,occurrence,additional,2026-09-27-merged-v2
SID0396,Alizadehfard 2026,2026,10.1016/j.envpol.2026.128146,"Maternal plastic exposure, placental microplastics, and neonatal anthropometry outcomes: Evidence from a human placenta study",biomonitoring,HUMAN,Human,REPRODUCTIVE,PROTEIN,,,IRN,RINSE,OXIDATION,FILTRATION,RAMAN,60.0,60.0,1008.0,1344.0,1.0,20.0,CELLULOSE,count,,,no,PET;PE;PP;PS;PAN,,,identified,,0,1,10,occurrence,additional,2026-09-27-merged-v2
SID0397,Amiri 2025,2025,10.1007/s10661-025-14305-x,"Biomonitoring of microplastics in saliva and hands of young children in kindergartens: identification, quantification, and exposure assessment",biomonitoring,HUMAN,Human,BODY_FLUID;TISSUE,AQUEOUS;PROTEIN,,,IRN,RINSE,OXIDATION,FILTRATION,RAMAN,35.0,35.0,168.0,168.0,2.0,2.0,CELLULOSE,count,,,no,PS;PA;PE-LD,,,identified,,0,6,14,occurrence,additional,2026-09-27-merged-v2
SID0398,Arslan 2025,2025,10.55730/1300-0144.6043,Detection and quantification of microplastics in cerumen,biomonitoring,HUMAN,Human,BODY_FLUID,AQUEOUS,,,TUR,NONE,NONE,FILTRATION,,,,,,0.22,0.22,,count,,,no,,OTHER(tentative),,identified,,0,1,2,occurrence,additional,2026-09-27-merged-v2
SID0399,Braun 2021,2021,10.3390/pharmaceutics13070921,Detection of Microplastic in Human Placenta and Meconium in a Clinical Setting,biomonitoring,HUMAN,Human,FECES;REPRODUCTIVE,FECAL;PROTEIN,,,DEU,SIEVE,ENZ_CHEM;ALKALI;OXIDATION,FILTRATION,UFTIR,25.0,25.0,840.0,1176.0,0.2,50.0,ALUMINA,count+mass,,,no,PE;PP;PS,PU(contamination_qualified);PE(contamination_qualified);PS(contamination_qualified),,identified,,0,5,17,occurrence,additional,2026-09-27-merged-v2
SID0400,Cao 2026,2026,10.1016/j.xinn.2025.101031,Mapping the hidden journey of microplastics: Multi-organ deposition patterns and organ-specific health risks revealed by AI-driven analysis,biomonitoring,HUMAN,Human,GI_TRACT;ORGAN,GUT;PROTEIN,,,CHN,HOMOGENIZE,,,RAMAN,,,,,,,,count,,,no,PP;PBAT;PE;PS;PLA;PC;PET;OTHER,,,identified,,0,8,39,occurrence,additional,2026-09-27-merged-v2
SID0401,Codrington 2025,2024,10.1038/s41443-024-00930-6,Detection of microplastics in the human penis,biomonitoring,HUMAN,Human,REPRODUCTIVE,PROTEIN,,,USA,,ALKALI,FILTRATION,SEM,45.0,60.0,4.0,20.0,0.8,0.8,GOLD,count,,,no,OTHER;PET;PP;PMMA,,,identified,,0,2,5,occurrence,additional,2026-09-27-merged-v2
SID0402,Dzierżyński 2025,2025,10.1007/s00204-025-04092-2,Post-mortem evidence of microplastic bioaccumulation in human organs: insights from advanced imaging and spectroscopic analysis,biomonitoring,HUMAN,Human,MUSCLE;ORGAN,PROTEIN,,,POL,,OXIDATION,FILTRATION,SEM,50.0,50.0,336.0,336.0,0.02,0.02,ALUMINA,count,,,no,,,,none_reported,,0,7,40,occurrence,additional,2026-09-27-merged-v2
SID0403,Firouzsalari 2025,2025,10.1007/s40201-025-00961-1,Presence of microplastics in human’s respiratory system: bronchoalveolar and bronchial lavage fluid,biomonitoring,HUMAN,Human,BODY_FLUID,AQUEOUS,,,IRN,,OXIDATION,FILTRATION,RAMAN;SEM,50.0,60.0,48.0,48.0,0.22,0.22,CELLULOSE,count,,,no,PP;PC;PA,,,identified,,0,2,11,occurrence,additional,2026-09-27-merged-v2
SID0404,Gholami 2026,2026,10.1093/ajrccm/aamag081,Microplastic accumulation in the human lung: distinct signatures in lung cancer vs normal tissue,biomonitoring,HUMAN,Human,ORGAN,PROTEIN,,,USA,,ALKALI,DENSITY,RAMAN,40.0,40.0,72.0,96.0,,,,count,,,no,PP;PET,,,identified,,0,2,10,occurrence,additional,2026-09-27-merged-v2
SID0405,Gruber 2025,2025,10.1038/s41598-025-26751-1,Method for label-free &amp; non-destructive detection of microplastics in human formalin-fixed paraffin-embedded tissue sections,method_development,HUMAN,Human,SECTION,SECTION,,,AUT,,,,FTIR,,,,,,,,count,0.5,reported,yes,,,,none_reported,,0,3,6,occurrence,additional,2026-09-27-merged-v2
SID0406,Halfar 2023,2023,10.1016/j.chemosphere.2023.140301,Microplastics and additives in patients with preterm birth: The first evidence of their presence in both human amniotic fluid and placenta,biomonitoring,HUMAN,Human,BODY_FLUID;REPRODUCTIVE,AQUEOUS;PROTEIN,,,CZE,,ALKALI,FILTRATION,ATR_FTIR,22.0,37.0,2.0,24.0,1.0,1.0,GLASS_FIBRE,count,6.8,reported,no,PE;PE-CL;PE-HD;OTHER;PET;PEST,PU(identity_unresolved),,identified,,0,2,21,occurrence,additional,2026-09-27-merged-v2
SID0407,He 2025,2025,10.1016/j.reprotox.2024.108757,Detection and quantification of microplastics in endometrial polyps and their role in polyp formation,biomonitoring,HUMAN,Human,REPRODUCTIVE,PROTEIN,,,CHN,,,,UFTIR;PYGCMS,,,,,,,,count+mass,,,no,PS;PE;PVC,,,identified,,0,2,13,occurrence,additional,2026-09-27-merged-v2
SID0408,Ho 2022,2022,10.3390/toxics10080414,Preliminary Findings of the High Quantity of Microplastics in Faeces of Hong Kong Residents,biomonitoring,HUMAN,Human,FECES,FECAL,,,CHN,,OXIDATION;ALKALI,DENSITY,RAMAN,40.0,40.0,24.0,48.0,30.0,30.0,STEEL,count,30.0,reported,no,PS;PP;PE;PET;PVC,,,identified,,0,1,12,occurrence,additional,2026-09-27-merged-v2
SID0409,Ibrahim 2021,2020,10.1002/jgh3.12457,Detection of microplastics in human colectomy specimens,biomonitoring,HUMAN,Human,ORGAN,PROTEIN,,,MYS,,ALKALI,FILTRATION,ATR_FTIR;SEM,60.0,60.0,7.0,10.0,0.45,0.45,,count,800.0,reported,no,PC;PA;PP,,,identified,,0,1,6,occurrence,additional,2026-09-27-merged-v2
SID0410,Ilki 2025,2025,10.1007/s11255-025-04969-2,Increased seminal microplastic burden in men with varicocele: a controlled clinical study,biomonitoring,HUMAN,Human,BODY_FLUID,AQUEOUS,,,TUR,NONE,ALKALI,FILTRATION,,60.0,60.0,24.0,24.0,1.2,1.2,,count,30.0,reported,no,,,,none_reported,,0,2,16,occurrence,additional,2026-09-27-merged-v2
SID0411,Jahedi 2025,2025,10.1016/j.envres.2025.121278,"Microplastics in urine, sputum and lung lavage fluid from patients with respiratory illnesses",biomonitoring,HUMAN,Human,BODY_FLUID,AQUEOUS,,,IRN,,ALKALI;ACID,FILTRATION,RAMAN,95.0,95.0,3.0,48.0,0.45,13.0,GLASS_FIBRE,count,20.0,reported,no,PE;PP;PS;PA;PU;PVC;PET,,,identified,,0,3,30,occurrence,additional,2026-09-27-merged-v2
SID0412,Jain 2026,2026,10.6026/973206300222074,Identification of human exposure to airborne microplastics and its potential effects utilizing bronchoalveolar lavage (BAL) fluid,biomonitoring,HUMAN,Human,BODY_FLUID,AQUEOUS,,,IND,NONE,,FILTRATION,RAMAN;UFTIR,,,,,,,,,10.0,reported,no,,,,none_reported,,0,1,1,occurrence,additional,2026-09-27-merged-v2
SID0413,Massardo 2024,2024,10.1016/j.envint.2024.108444,MicroRaman spectroscopy detects the presence of microplastics in human urine and kidney tissue,biomonitoring,HUMAN,Human,BODY_FLUID;ORGAN,AQUEOUS;PROTEIN,,,ITA,HOMOGENIZE,ALKALI,FILTRATION,RAMAN,60.0,60.0,2.0,120.0,0.2,0.2,PTFE,count,1.0,reported,no,PE;PS,OTHER(tentative),,identified,,0,2,7,occurrence,additional,2026-09-27-merged-v2
SID0415,Padarya 2025,2025,10.4103/jpbs.jpbs_1095_25,Bronchoalveolar Lavage as a Diagnostic Window into Human Exposure to Microplastics and Associated Lung Changes,biomonitoring,HUMAN,Human,BODY_FLUID,AQUEOUS,,,IND,,ENZYME,FILTRATION,UFTIR,,,,,0.45,0.45,,count,,,no,PE;PP;PS,OTHER(identity_unresolved),,identified,,0,1,6,occurrence,additional,2026-09-27-merged-v2
SID0416,Pandey 2025,2025,10.4103/jpbs.jpbs_1088_25,Human Exposure to Airborne Microplastics: A Study on Detection and Potential Health Effects Using BAL Fluid,biomonitoring,HUMAN,Human,BODY_FLUID,AQUEOUS,,,IND,,,FILTRATION,UFTIR,,,,,,,,count,,,no,PE;PP;PS;PA,,,identified,,0,1,6,occurrence,additional,2026-09-27-merged-v2
SID0417,Pauly 1998,1998,no doi,Inhaled cellulosic and plastic fibers found in human lung tissue,biomonitoring,HUMAN,Human,ORGAN,PROTEIN,,,USA,HOMOGENIZE,NONE,,FLUOR,,,,,,,,count,,,no,,OTHER(identity_unresolved),,identified,,0,2,5,occurrence,additional,2026-09-27-merged-v2
SID0418,Ragusa 2021,2021,10.1016/j.envint.2020.106274,Plasticenta: First evidence of microplastics in human placenta,biomonitoring,HUMAN,Human,REPRODUCTIVE,PROTEIN,,,ITA,,ALKALI,FILTRATION,RAMAN,RT,RT,168.0,168.0,1.6,1.6,GLASS_FIBRE,count,,,no,PP,UNSPEC(identity_unresolved),,identified,,0,3,9,occurrence,additional,2026-09-27-merged-v2
SID0419,Ragusa 2022,2022,10.3390/ijerph191811593,Deeply in Plasticenta: Presence of Microplastics in the Intracellular Compartment of Human Placentas,biomonitoring,HUMAN,Human,REPRODUCTIVE,PROTEIN,,,ITA,HOMOGENIZE,NONE,,SEM,,,,,,,,count,2.1,reported,no,,UNSPEC(identity_unresolved),,identified,,0,1,2,occurrence,additional,2026-09-27-merged-v2
SID0420,Roslan 2025,2025,10.1111/jgh.70075,Comparative Analysis of Physical and Polymer Characteristics of Microplastics Detected in Human Colorectal Cancer Samples From the United States and Malaysia,biomonitoring,HUMAN,Human,GI_TRACT,GUT,,,USA;MYS,,ALKALI,FILTRATION,SEM;UFTIR,40.0,40.0,7.0,10.0,1.2,1.2,GLASS_FIBRE,count,,,no,,,,none_confirmed,,0,2,14,occurrence,additional,2026-09-27-merged-v2
SID0421,Taş 2024,2023,10.1002/lary.30926,Role of Microplastics in Chronic Rhinosinusitis Without Nasal Polyps,biomonitoring,HUMAN,Human,BODY_FLUID,AQUEOUS,,,TUR,,OXIDATION,FILTRATION,FLUOR,45.0,45.0,,,1.2,1.2,GLASS_FIBRE,count,,,no,,,,none_reported,,0,2,2,occurrence,additional,2026-09-27-merged-v2
SID0422,Taş 2026,2026,10.1007/s00405-026-10564-7,"Effect of nasal irrigation on microplastic clearance in children with adenoid hypertrophy, with or without otitis media with effusion",biomonitoring,HUMAN,Human,BODY_FLUID,AQUEOUS,,,TUR,,OXIDATION,FILTRATION,FLUOR,45.0,45.0,,,1.2,1.2,,count,,,no,,,,none_reported,,0,3,12,occurrence,additional,2026-09-27-merged-v2
SID0423,Tuna 2025,2025,10.1080/00016489.2025.2468396,Evaluation of nasal microplastic densities in patients with acute and chronic rhinitis,biomonitoring,HUMAN,Human,BODY_FLUID,AQUEOUS,,,TUR,,OXIDATION,FILTRATION,FLUOR,,,,,1.2,1.2,GLASS_FIBRE,count,,,no,,,,none_reported,,0,3,3,occurrence,additional,2026-09-27-merged-v2
SID0424,Voronine 2026,2026,10.1002/jbio.70357,Corundum Aggregates With Microplastics Revealed by Raman Scattering and Fluorescence Study of Children's Urine in Hospital Environment,biomonitoring,HUMAN,Human,BODY_FLUID,AQUEOUS,,,USA,,OXIDATION,FILTRATION,FLUOR;RAMAN,40.0,40.0,48.0,48.0,1.0,1.0,,count,,,no,PE;EPM,,,identified,,0,1,2,occurrence,additional,2026-09-27-merged-v2
SID0425,Wang 2026,2026,10.1016/j.envpol.2026.127875,First evidence of microplastic pollution in human trabecular meshwork and its association with intraocular pressure in glaucoma,biomonitoring,HUMAN,Human,ORGAN,PROTEIN,,,CHN,,ACID,FILTRATION,PYGCMS;SEM,25.0,25.0,3.0,42.0,13.0,13.0,STEEL,count+mass,,,no,ACR;FKM;EVA;EAA;PF;PC;PE;PET;PMMA;PSU;PU;OTHER;PVC;PA66;PP;PS,,,identified,,11,2,19,occurrence,additional,2026-09-27-merged-v2
SID0426,Wang 2025,2025,10.1016/j.scitotenv.2025.178815,Identification and analysis of microplastics in human penile cancer tissues,biomonitoring,HUMAN,Human,ORGAN,PROTEIN,,,CHN,,ACID,FILTRATION,,,,,,,,,count,,,no,,,,none_reported,,0,3,37,occurrence,additional,2026-09-27-merged-v2
SID0427,Weinstein 2026,2026,10.1002/jca.70135,Can Plasma Exchange Be Used to Lower the Circulating Burden of Microplastics in Human Patients?,other,HUMAN,Human,BLOOD,BLOOD,,,USA,,,,FLUOR,,,,,,,,count,,,no,,,,none_reported,,0,1,5,occurrence,additional,2026-09-27-merged-v2
SID0428,Xue 2026,2025,10.1177/01455613251374489,Preliminary Study of Microplastic in Allergic Rhinitis,biomonitoring,HUMAN,Human,BODY_FLUID,AQUEOUS,,,CHN,,ALKALI,FILTRATION,UFTIR,50.0,50.0,24.0,24.0,50.0,50.0,CELLULOSE;NYLON,count,,,no,,,,none_reported,,0,2,12,occurrence,additional,2026-09-27-merged-v2
SID0429,Yılmaz 2026,2026,10.3389/fpubh.2026.1812477,Detection of microplastics in bladder wash fluid obtained after cystoscopy in patients diagnosed with bladder cancer,biomonitoring,HUMAN,Human,BODY_FLUID,AQUEOUS,,,TUR,NONE,OXIDATION,FILTRATION,FLUOR,45.0,45.0,,,1.2,1.2,CELLULOSE,count,,,no,,,,none_reported,,0,4,4,occurrence,additional,2026-09-27-merged-v2
SID0430,Zakynthinos 2025,2025,10.7759/cureus.97632,Detection of Microplastics in Human Bronchoalveolar Lavage Fluid: Preliminary Evidence of Respiratory Exposure to Environmental Contaminants,biomonitoring,HUMAN,Human,BODY_FLUID,AQUEOUS,,,GRC,NONE,ALKALI,FILTRATION,,60.0,60.0,96.0,96.0,0.47,0.47,CELLULOSE,count,,,no,,,,none_reported,,0,1,5,occurrence,additional,2026-09-27-merged-v2
SID0431,Zhang 2021,2021,10.1016/j.scitotenv.2020.144345,You are what you eat: Microplastics in the feces of young men living in Beijing,biomonitoring,HUMAN,Human,FECES,FECAL,,,CHN,FREEZE_DRY,OXIDATION,FILTRATION,UFTIR,,,480.0,480.0,,,PC_TRACK,count+mass,,,no,PP;PET;PS;PE;PVC;PC;PA;PU,,,identified,,0,1,18,occurrence,additional,2026-09-27-merged-v2
SID0432,Özsoy 2024,2024,10.1016/j.forsciint.2024.112246,Presence of microplastics in human stomachs,biomonitoring,HUMAN,Human,GI_CONTENTS,GUT,,,TUR,,ALKALI,DENSITY,RAMAN,50.0,50.0,168.0,168.0,0.45,0.45,GLASS_FIBRE,count,,,no,,,,none_reported,,0,1,11,occurrence,additional,2026-09-27-merged-v2
SID0006,Staufer 2025,2025,10.1038/s42003-025-08709-1,Biodistribution of nanoplastics in mice: advancing analytical techniques using metal-doped plastics.,method_development,MAMMAL,Mammal (non-human),GI_CONTENTS;GI_TRACT;ORGAN;BLOOD;BODY_FLUID;FECES,GUT;PROTEIN;BLOOD;AQUEOUS;FECAL,,,CHE;DEU;AUT,,ACID,,ICPMS,,,0.5,0.5,,,,count+mass,0.2,model_particle,yes,,,PS,exposure_only,MULTI_METHOD,0,0,0,methods_only,original,2026-09-27-merged-v2
SID0012,Li 2023,2023,10.1016/j.talanta.2023.124837,Quantification of nanoplastics uptake and transport in lettuce by pyrolysis gas chromatography-mass spectrometry.,method_development,PLANT,Plant or alga,PLANT_TISSUE,PLANT,,,CHN,HOMOGENIZE;RINSE,ALKALI,,FLUOR;PYGCMS;ICPMS,,,24.0,24.0,,,,mass,0.05,model_particle,yes,,,PS,exposure_only,MULTI_METHOD,4,0,0,methods_only,original,2026-09-27-merged-v2
SID0017,Molina-Millán 2025,2025,10.1016/j.aquatox.2025.107253,Mass spectrometry imaging enables detection of MPs and their effects in Daphnia magna following acute exposure.,method_development,CRUSTACEAN,Crustacean,GI_TRACT;WHOLE_BODY;REPRODUCTIVE;SECTION,GUT;WHOLE_ORGANISM;PROTEIN;SECTION,,,NLD;ESP,,,,FLUOR;ATR_FTIR;OTHER_MS,,,,,,,,count+mass,20.0,reported,no,,,PE,exposure_only,MULTI_METHOD,0,0,0,methods_only,original,2026-09-27-merged-v2
SID0023,Babkiewicz 2025,2025,10.1021/acs.est.4c08909,Microplastic Passage through the Fish and Crayfish Digestive Tract Alters Particle Surface Properties.,spiked_validation,CRUSTACEAN;FISH,Crustacean;Fish,GI_TRACT;ORGAN;FECES,GUT;PROTEIN;FECAL,,,POL,HOMOGENIZE;RINSE,ALKALI,FILTRATION,FLUOR;ATR_FTIR;PYGCMS;SEM,40.0,100.0,0.17,48.0,1.0,20.0,,count+mass,,,no,,,,identified,MULTI_METHOD;MULTI_REAGENT,0,0,0,methods_only,original,2026-09-27-merged-v2
SID0025,Gao 2022,2022,10.1016/j.jhazmat.2021.127628,Tracking of realistic nanoplastics in complicated matrices by iridium element labeling and inductively coupled plasma mass spectroscopy.,method_development,MAMMAL,Mammal (non-human),GI_TRACT;ORGAN;BLOOD,GUT;PROTEIN;BLOOD,SEDIMENT,,CHN,FREEZE_DRY,ACID,,ICPMS;SEM,100.0,100.0,10.0,10.0,,,,mass,0.2,reported,yes,,,PET,exposure_only,MULTI_METHOD,0,0,0,methods_only,original,2026-09-27-merged-v2
SID0033,Tang 2025,2025,10.1016/j.jhazmat.2025.137357,Tracking the translocation of nanoplastics from soil to plant: Comparison of different analytical techniques.,method_development,PLANT,Plant or alga,PLANT_TISSUE,PLANT,,,USA,HOMOGENIZE,ACID;OXIDATION,FILTRATION,FLUOR;RAMAN;ICPMS;SEM,80.0,115.0,1.0,72.0,0.45,0.45,,count+mass,0.054,reported,yes,,,PS;PAN,exposure_only,MULTI_METHOD;MULTI_REAGENT,0,0,0,methods_only,original,2026-09-27-merged-v2
SID0036,Brunnbauer 2026,2026,10.1021/acs.analchem.5c07035,A Method for the Detection of Tire Wear Microplastics in Zebrafish Guts by Laterally Resolved LA-ICP-MS-Based Elemental Fingerprinting and Chemometrics.,method_development,FISH,Fish,GI_TRACT;WHOLE_BODY;SECTION,GUT;WHOLE_ORGANISM;SECTION,,,AUT;CZE,RINSE,,,ICPMS;SEM,,,,,,,,count+mass,14.0,reported,no,,,,identified,MULTI_METHOD,0,0,0,methods_only,original,2026-09-27-merged-v2
SID0045,Pascali 2026,2026,10.1002/dta.70024,A Robust Multistep Digestion Method for Microplastics Detection in Human Tissue by MicroRaman Analysis.,method_development,HUMAN,Human,MUSCLE;ORGAN;REPRODUCTIVE;ADIPOSE,PROTEIN;LIPID,,,ITA,HOMOGENIZE,ENZ_CHEM;ENZYME;OXIDATION,,RAMAN;OPTICAL;SEM,60.0,60.0,,,0.2,0.2,ALUMINA,count+mass,0.2,not_demonstrated,no,,,,identified,MULTI_METHOD;MULTI_REAGENT,0,0,0,methods_only,original,2026-09-27-merged-v2
SID0053,Aramendia 2024,2024,10.1016/j.scitotenv.2024.169960,Evidence of internalized microplastics in mussel tissues detected by volumetric Raman imaging.,spiked_validation,BIVALVE,Bivalve,GI_TRACT;SECTION,GUT;SECTION,,,ESP,HOMOGENIZE;RINSE,,,RAMAN;FLUOR,,,,,,,,count,1.0,reported,no,,,,identified,MULTI_METHOD,0,0,0,methods_only,original,2026-09-27-merged-v2
SID0058,Tuuri 2024,2024,10.1016/j.scitotenv.2024.174279,Efficacy of chemical digestion methods to reveal undamaged microplastics from planktonic samples.,method_development,CRUSTACEAN;ZOOPLANKTON,Crustacean;Other invertebrate,WHOLE_BODY,WHOLE_ORGANISM,,,AUS,FREEZE_DRY;SIEVE,ENZ_CHEM;OXIDATION;ENZYME;ALKALI,FILTRATION,RAMAN,22.0,60.0,0.42,48.0,0.45,0.45,,count,380.0,reported,no,,,,identified,MULTI_METHOD;MULTI_REAGENT,0,0,0,methods_only,original,2026-09-27-merged-v2
SID0064,Ryzhenko 2024,2024,10.1016/j.impact.2024.100526,Do nanoplastics impact Pb up-taking by Hordeum vulgare L.?,spiked_validation,PLANT,Plant or alga,PLANT_TISSUE,PLANT,,,FRA,HOMOGENIZE;FREEZE_DRY,ALKALI,FILTRATION,PYGCMS;SEM;ICPMS,45.0,45.0,0.12,0.12,,,,mass,0.04904,model_particle,yes,,,PS,exposure_only,MULTI_METHOD,0,0,0,methods_only,original,2026-09-27-merged-v2
SID0065,Tian 2022,2022,10.1016/j.jhazmat.2021.126892,Direct identification and visualisation of real-world contaminating microplastics using Raman spectral mapping with multivariate curve resolution-alternating least squares.,method_development,FISH;MAMMAL,Fish;Mammal (non-human),BLOOD;FECES,BLOOD;FECAL,,,CHN,SIEVE,,DENSITY,RAMAN;FTIR,,,,,,,,count,100.0,not_demonstrated,no,,,PE,exposure_only,MULTI_METHOD,0,0,0,methods_only,original,2026-09-27-merged-v2
SID0067,Peng 2023,2023,10.1021/acs.est.3c04406,Unveiling Fragmentation of Plastic Particles during Biodegradation of Polystyrene and Polyethylene Foams in Mealworms: Highly Sensitive Detection and Digestive Modeling Prediction.,spiked_validation,INSECT,Other invertebrate,FECES,FECAL,,,CHN,HOMOGENIZE,OXIDATION,FILTRATION,ATR_FTIR;PYGCMS;SEM,70.0,70.0,1.0,12.0,0.1,0.1,,count+mass,2.09,reported,no,,,,identified,MULTI_METHOD,0,0,0,methods_only,original,2026-09-27-merged-v2
SID0087,Tapia-Bahena 2026,2026,10.1007/s10661-026-15522-8,A fluorescent counterstaining technique to differentiate microplastics from chitin using Nile red and calcofluor white in edible grasshoppers.,method_development,INSECT,Other invertebrate,WHOLE_BODY,WHOLE_ORGANISM,,,MEX,HOMOGENIZE;RINSE;FREEZE_DRY,OXIDATION,DENSITY,FLUOR;ATR_FTIR,24.0,60.0,0.02,48.0,1.0,1.0,,,34.0,reported,no,,,,none_reported,MULTI_METHOD,0,0,0,methods_only,original,2026-09-27-merged-v2
SID0098,Peng 2022,2022,10.1016/j.ecoenv.2022.113586,Excretion characteristics of nylon microplastics and absorption risk of nanoplastics in rats.,spiked_validation,MAMMAL,Mammal (non-human),BLOOD;BODY_FLUID;FECES,BLOOD;AQUEOUS;FECAL,,,CHN,HOMOGENIZE;FREEZE_DRY;SIEVE,OXIDATION;ALKALI,FILTRATION,OPTICAL;UFTIR;LCMS;LDIR;SEM,40.0,80.0,0.5,12.0,0.1,10.0,PC_TRACK;PTFE,mass,0.1,not_demonstrated,yes,,,PA66,exposure_only,MULTI_METHOD;MULTI_REAGENT,9,0,0,methods_only,original,2026-09-27-merged-v2
SID0099,Odintsov 2023,2023,10.1007/s11356-022-23996-5,Degradation of micro-nano-sized polytetrafluoroethylene and acrylic fluorinated copolymer particles in the periwinkle digestive tract.,spiked_validation,GASTROPOD,Other invertebrate,FECES,FECAL,,,JPN,,,,RAMAN;OPTICAL;AFM,,,,,,,,count+mass,0.1,not_demonstrated,yes,,,PTFE;ACR,exposure_only,MULTI_METHOD,0,0,0,methods_only,original,2026-09-27-merged-v2
SID0100,Paul 2023,2023,10.1016/j.envint.2023.108172,"Complex intestinal and hepatic in vitro barrier models reveal information on uptake and impact of micro-, submicro- and nanoplastics.",spiked_validation,HUMAN;CELL_CULTURE,Human;Cell culture,CELLS,CELLS,,,DEU;TWN,,,,FLUOR,,,,,3.0,3.0,PC_TRACK,count+mass,0.025,not_demonstrated,yes,,,PLA;PMMA;MF,exposure_only,,0,0,0,methods_only,original,2026-09-27-merged-v2
SID0105,Prabhu 2024,2024,10.1016/j.scitotenv.2024.173173,In vitro digestion of microplastics in human digestive system: Insights into particle morphological changes and chemical leaching.,spiked_validation,MODEL_PARTICLES,Other,,,,yes,IND,HOMOGENIZE;RINSE,OXIDATION;ENZYME,FILTRATION,FLUOR;UFTIR;SEM,37.0,60.0,0.08,2.0,0.1,0.1,CELLULOSE,count+mass,20.0,reported,no,,,PE;PP;PS;PA;PE-LD,exposure_only,MULTI_METHOD,0,0,0,methods_only,original,2026-09-27-merged-v2
SID0107,Peng 2024,2024,10.1016/j.scitotenv.2023.168267,Bioenergetic effects of pristine and ultraviolet-weathered polydisperse polyethylene terephthalate and polystyrene nanoplastics on human intestinal Caco-2 cells.,spiked_validation,HUMAN;CELL_CULTURE,Human;Cell culture,CELLS,CELLS,,,BEL,HOMOGENIZE,,FILTRATION,FLUOR;ATR_FTIR;SEM,5.0,37.0,48.0,1273.0,0.8,20.0,CELLULOSE,count,0.1,model_particle,yes,,,PET;PS,exposure_only,MULTI_METHOD,0,0,0,methods_only,original,2026-09-27-merged-v2
SID0110,Park 2026,2026,10.1016/j.aca.2026.345253,Noncovalent radiolabeling of microplastics using a desferrioxamine-conjugated Nile Red derivative for quantitative in vivo tracking.,method_development,MAMMAL,Mammal (non-human),GI_TRACT;WHOLE_BODY;ORGAN;REPRODUCTIVE;BLOOD,GUT;WHOLE_ORGANISM;PROTEIN;BLOOD,,yes,KOR,RINSE,,SPE,FLUOR;UFTIR,37.0,70.0,0.03,72.0,,,,count+mass,0.1,reported,yes,,,PTFE,exposure_only,MULTI_METHOD,0,0,0,methods_only,original,2026-09-27-merged-v2
SID0111,Vargas 2026,2026,10.1002/anie.6528604,Spatial Detection of Microsphere Polystyrene Plastics and Molecular Remodeling within a Full-Body Mouse with MALDI Trapped Ion Mobility Mass Spectrometry Imaging.,method_development,MAMMAL,Mammal (non-human),GI_TRACT;WHOLE_BODY;ORGAN;SECTION,GUT;WHOLE_ORGANISM;PROTEIN;SECTION,,,USA,HOMOGENIZE,,FILTRATION,,21.0,50.0,1.0,1.0,,,,count+mass,0.96,model_particle,yes,,,PS,exposure_only,,0,0,0,methods_only,original,2026-09-27-merged-v2
SID0117,Pięta 2025,2025,10.1021/acsami.5c16048,Photothermal Infrared Imaging of Nanoplastics in Human Cells with Nanoscale Resolution.,method_development,HUMAN;CELL_CULTURE,Human;Cell culture,CELLS,CELLS,,,USA;POL,RINSE,,,FLUOR;RAMAN;UFTIR;ATR_FTIR;AFM,5.0,37.0,0.08,24.0,,,,count+mass,0.16,reported,yes,,,PS,exposure_only,MULTI_METHOD,0,0,0,methods_only,original,2026-09-27-merged-v2
SID0128,Meng 2025,2025,10.1016/j.jhazmat.2025.139003,Developing methods to quantify two luminescent polymer nanoparticles inside freshwater clam and fish models,method_development,BIVALVE;FISH,Bivalve;Fish,GI_TRACT;GILL;ORGAN;REPRODUCTIVE,GUT;PROTEIN,,,,HOMOGENIZE;RINSE,ALKALI,,FLUOR;UFTIR;SEM,40.0,80.0,0.02,24.0,,,,mass,0.08140000000000001,not_demonstrated,yes,,,,identified,MULTI_METHOD,0,0,0,methods_only,original,2026-09-27-merged-v2
SID0142,Ritchie 2023,2023,10.1093/conphys/coad052,"Quantifying microplastic ingestion, degradation and excretion in insects using fluorescent plastics",method_development,INSECT,Other invertebrate,GI_TRACT;FECES,GUT;FECAL,,,CAN,HOMOGENIZE;RINSE,ALKALI,FILTRATION,FLUOR,60.0,60.0,48.0,48.0,1.0,1.0,,count,10.0,not_demonstrated,no,,,,identified,,0,0,0,methods_only,original,2026-09-27-merged-v2
SID0154,Cattaneo 2023,2023,10.3390/ani13142256,Dietary Microplastic Administration during Zebrafish (Danio rerio) Development: A Comprehensive and Comparative Study between Larval and Juvenile Stages,spiked_validation,FISH,Fish,GI_TRACT;MUSCLE;WHOLE_BODY;ORGAN,GUT;PROTEIN;WHOLE_ORGANISM,,,ITA,HOMOGENIZE,ALKALI,FILTRATION,FLUOR,40.0,40.0,48.0,48.0,0.7,0.7,GLASS_FIBRE,count,5.0,not_demonstrated,no,,,,identified,,0,0,0,methods_only,original,2026-09-27-merged-v2
SID0163,Brouwer 2024,2024,10.1186/s12989-024-00563-z,The in vitro gastrointestinal digestion-associated protein corona of polystyrene nano- and microplastics increases their uptake by human THP-1-derived macrophages,spiked_validation,HUMAN;CELL_CULTURE,Human;Cell culture,CELLS,CELLS,,,NLD,,ENZYME;ACID,,FLUOR,37.0,37.0,0.08,2.0,,,,count+mass,0.05,model_particle,yes,,,PS,exposure_only,MULTI_REAGENT,0,0,0,methods_only,original,2026-09-27-merged-v2
SID0164,Gillings 2026,2026,10.1007/s10565-025-10135-2,"Nanoplastic toxicity and uptake in kidney cells: differential effects of concentration, particle size, and polymer type",spiked_validation,HUMAN;CELL_CULTURE,Human;Cell culture,CELLS,CELLS,,,AUS,,,,FLUOR;ATR_FTIR;SEM,5.0,37.0,24.0,24.0,,,,count+mass,0.015,model_particle,yes,,,PS;PMMA;PE;PE-HD,exposure_only,,0,0,0,methods_only,original,2026-09-27-merged-v2
SID0165,Bertelà 2023,2023,10.3390/polym15153245,Dye-Doped Polymeric Microplastics: Light Tools for Bioimaging in Test Organisms,method_development,INSECT;PLANT,Other invertebrate;Plant or alga,WHOLE_BODY;PLANT_TISSUE,WHOLE_ORGANISM;PLANT,,,ITA,RINSE,,,FLUOR;FTIR;SEM,25.0,25.0,24.0,672.0,,,,count+mass,0.7,reported,yes,,,PS-MMA,exposure_only,,0,0,0,methods_only,original,2026-09-27-merged-v2
SID0166,Procházková 2025,2025,10.1007/s10973-024-12985-0,Innovative approach for quantitative determination of ingested microplastics by Daphnia magna: use of differential scanning calorimetry and thermogravimetry,method_development,CRUSTACEAN,Crustacean,WHOLE_BODY,WHOLE_ORGANISM,,,CZE,RINSE,,,,,,,,,,,mass,1.85,reported,no,,,,identified,,0,0,0,methods_only,original,2026-09-27-merged-v2
SID0168,Attademo 2022,2022,10.1007/s10661-022-10322-2,Effect of microplastics on the activity of carboxylesterase and phosphatase enzymes in Scinax squalirostris tadpoles,spiked_validation,AMPHIBIAN,Other vertebrate,GI_CONTENTS;WHOLE_BODY,GUT;WHOLE_ORGANISM,,,ARG,,,,AFM,,,,,,,,,0.05,reported,no,,,,identified,,0,0,0,methods_only,original,2026-09-27-merged-v2
SID0177,Li 2022,2022,10.1016/j.envpol.2022.120267,Extraction and quantification of polystyrene nanoplastics from biological samples.,method_development,ANNELID;NEMATODE;ALGA;MICROBE,Other invertebrate;Plant or alga;Other,WHOLE_BODY;PLANT_TISSUE,WHOLE_ORGANISM;PLANT,,,CHN,HOMOGENIZE;FREEZE_DRY,ALKALI,,ICPMS;SEM,55.0,55.0,48.0,48.0,1.0,1.0,,count+mass,0.1,model_particle,yes,,,,identified,,0,0,0,methods_only,original,2026-09-27-merged-v2
SID0179,Schirinzi 2025,2025,10.3390/nano15020116,Exploring Nanoplastics Bioaccumulation in Freshwater Organisms: A Study Using Gold-Doped Polymeric Nanoparticles,spiked_validation,BIVALVE;CRUSTACEAN;ZOOPLANKTON;ALGA,Bivalve;Crustacean;Other invertebrate;Plant or alga,SOFT_TISSUE;WHOLE_BODY;PLANT_TISSUE;FECES,PROTEIN;WHOLE_ORGANISM;PLANT;FECAL,FRESHWATER,,ITA,HOMOGENIZE;FREEZE_DRY,ACID;OXIDATION,,SEM;ICPMS,80.0,80.0,0.5,2.5,,,,count+mass,0.05,reported,yes,,,PE;PP;PVC,exposure_only,MULTI_REAGENT,0,0,0,methods_only,original,2026-09-27-merged-v2
SID0186,Cassano 2023,2023,10.3390/nano13030594,Investigating the Cellular Uptake of Model Nanoplastics by Single-Cell ICP-MS,method_development,HUMAN;MAMMAL;CELL_CULTURE,Human;Mammal (non-human);Cell culture,CELLS,CELLS,,,ITA,RINSE,,,RAMAN;SEM;ICPMS,,,,,0.1,100.0,ALUMINA,count+mass,0.05,model_particle,yes,,,PE;PVC,exposure_only,,0,0,0,methods_only,original,2026-09-27-merged-v2
SID0201,Kiran 2025,2025,10.3390/ijms262311273,Polystyrene Micro- and Nanoplastic Exposure Triggers an Activation and Stress Response in Human Astrocytes,spiked_validation,HUMAN;CELL_CULTURE,Human;Cell culture,CELLS,CELLS,,,USA,RINSE,NONE;ACID,,FLUOR,,,,,,,,count+mass,0.025,model_particle,yes,,,PS,exposure_only,,0,0,0,methods_only,original,2026-09-27-merged-v2
SID0207,Pittura 2022,2022,10.3389/fmars.2022.981365,Cellular disturbance and thermal stress response in mussels exposed to synthetic and natural microfibers,spiked_validation,BIVALVE,Bivalve,GI_TRACT;GILL;FECES,GUT;PROTEIN;FECAL,,,ITA,RINSE,OXIDATION,,ATR_FTIR,40.0,40.0,24.0,24.0,0.22,0.22,,count+mass,11.0,reported,no,,,PEST;PA,exposure_only,,0,0,0,methods_only,original,2026-09-27-merged-v2
SID0215,AbdolahpurMonikh 2022,2022,10.1016/j.nantod.2022.101611,Quantifying the trophic transfer of sub-micron plastics in an assembled food chain,spiked_validation,FISH;INSECT;PLANT,Fish;Other invertebrate;Plant or alga,GI_TRACT;GILL;WHOLE_BODY;ORGAN;FECES;PLANT_TISSUE,GUT;PROTEIN;WHOLE_ORGANISM;FECAL;PLANT,SOIL,,FIN,HOMOGENIZE,ENZ_CHEM;OXIDATION;ALKALI,,ICPMS;SEM;RAMAN,70.0,70.0,1.0,1.0,,,,count+mass,0.25,model_particle,yes,,,PS;PVC,exposure_only,MULTI_REAGENT,0,0,0,methods_only,original,2026-09-27-merged-v2
SID0217,Akhatova 2022,2022,10.3390/ijms23020806,Nanomechanical Atomic Force Microscopy to Probe Cellular Microplastics Uptake and Distribution,method_development,HUMAN;CELL_CULTURE,Human;Cell culture,CELLS,CELLS,,,,RINSE,,,FLUOR;AFM,,,,,,,,count+mass,0.1,reported,yes,,,PS,exposure_only,,0,0,0,methods_only,original,2026-09-27-merged-v2
SID0226,Dehaut 2016,2016,10.1016/j.envpol.2016.05.018,Microplastics in seafood: Benchmark protocol for their extraction and characterization,method_development,BIVALVE;CRUSTACEAN;FISH,Bivalve;Crustacean;Fish,GI_TRACT;MUSCLE;SOFT_TISSUE;SKELETAL,GUT;PROTEIN;MINERAL,,yes,FRA,HOMOGENIZE;RINSE,ENZYME;ACID;ALKALI,FILTRATION,PYGCMS;RAMAN,21.0,65.0,2.0,504.0,1.6,1.6,GLASS_FIBRE,count+mass,500.0,reported,no,,,PE;PE-LD;PE-HD;PP;PS;PS-E;PA6;PTFE;PMMA;PET;PC;PA;PU;PVC;CA,exposure_only,MULTI_REAGENT,3,0,0,methods_only,original,2026-09-27-merged-v2
SID0229,Floess 2024,2024,10.1364/BOE.519561,Limits of the detection of microplastics in fish tissue using stimulated Raman scattering microscopy,method_development,FISH,Fish,MUSCLE;SECTION,PROTEIN;SECTION,,,DEU,HOMOGENIZE,,,RAMAN,,,,,,,,count+mass,0.2,reported,yes,,,,identified,,0,0,0,methods_only,original,2026-09-27-merged-v2
SID0243,Skawina 2024,2024,10.1016/j.scitotenv.2024.170468,Tracking the micro- and nanoplastics in the terrestrial-freshwater food webs. Bivalves as sentinel species,spiked_validation,BIVALVE;CRUSTACEAN;ANNELID,Bivalve;Crustacean;Other invertebrate,GI_TRACT;GILL;FECES;SECTION;REPRODUCTIVE,GUT;PROTEIN;FECAL;SECTION,,,POL,HOMOGENIZE,,,FLUOR;UFTIR;RAMAN;SEM,,,,,,,,count+mass,0.1,reported,yes,,,,identified,,0,0,0,methods_only,original,2026-09-27-merged-v2
SID0254,Park 2024,2024,10.1016/j.jhazmat.2024.136100,Polystyrene microplastics induce activation and cell death of neutrophils through strong adherence and engulfment,spiked_validation,HUMAN;MAMMAL,Human;Mammal (non-human),ORGAN;BLOOD;PRIMARY_CELLS,PROTEIN;BLOOD;CELLS,,,KOR,,,,FLUOR;FTIR;SEM,,,,,,,,count+mass,0.5,reported,no,,,,identified,,0,0,0,methods_only,original,2026-09-27-merged-v2
SID0257,ThorntonHampton 2023,2023,10.1016/j.chemosphere.2023.138875,The influence of complex matrices on method performance in extracting and monitoring for microplastics,validation,FISH,Fish,MUSCLE,PROTEIN,FRESHWATER;SEDIMENT,,USA;AUS;DEU;CAN;NOR;CHN,HOMOGENIZE;SIEVE,ALKALI,FILTRATION,RAMAN;ATR_FTIR;UFTIR,45.0,45.0,1.0,48.0,1.0,1.0,,count,3.0,model_particle,no,,,,none_reported,,4,0,0,methods_only,original,2026-09-27-merged-v2
SID0271,Dąbrowska 2025,2025,10.1016/j.ecoenv.2025.118159,Feasibility of Raman and FTIR spectroscopy for direct microplastic search in the human milk samples: Comparative qualitative study,spiked_validation,HUMAN,Human,MILK,LIPID_FLUID,,,HUN,,NONE,NONE,RAMAN;UFTIR,,,,,,,,,40.0,model_particle,no,,,,none_reported,,0,0,0,methods_only,additional,2026-09-27-merged-v2
SID0348,Zoutendijk 2025,2025,10.1093/etojnl/vgaf177,Development of a reliable preprocessing protocol for fluorescent micro- and nanoplastic analysis in human placental tissue,method_development,HUMAN,Human,REPRODUCTIVE,PROTEIN,,,NLD,HOMOGENIZE;RINSE,ENZYME;ACID,FILTRATION,FLUOR;SEM,37.0,70.0,48.0,48.0,0.375,1.6,GLASS_FIBRE,count,0.2,model_particle,yes,,,,none_reported,,9,0,0,methods_only,additional,2026-09-27-merged-v2
SID0414,Monteleone 2019,2019,10.3233/ch-199209,Validation of an extraction method for microplastics from human materials,method_development,HUMAN,Human,BLOOD,BLOOD,,,DEU,,ALKALI;ACID,FILTRATION,FLUOR;SEM;UFTIR;AFM,50.0,50.0,24.0,72.0,0.2,0.45,CELLULOSE;ALUMINA,,,,no,,,,none_reported,,14,0,0,methods_only,additional,2026-09-27-merged-v2
